uid,domain,rubric_source,n_items,n_subparts,subpart_kind,is_mcq,question_words,reference_words,items_per_subpart,weight_mass,weight_mass_per_criterion,paper_weight_mass,paper_weight_mass_per_criterion,n_subparts_scored,n_orphan_subparts,orphan_subpart_rate,mean_best_subpart_overlap,error,_family,n_criteria,n_question_anchors,generic_criterion_rate,generic_rate_permuted,specificity_lift,weight_mass_on_generic_raw,weight_mass_on_generic_paper,mean_anchors_per_criterion,weak_grounding_rate,recyclable_rate,mass_produced_title_rate,max_title_reuse,title_reuse_ge2_rate,subjective_rate,style_rate,subjective_or_style_rate,generic_and_subjective_rate,weight_mass_on_subjective,weight_mass_on_subjective_paper,mean_trigram_overlap_with_reference,criteria_with_ge50pct_trigram_overlap,criteria_with_ge30pct_trigram_overlap,mean_4gram_overlap_with_question,n_generic,n_criteria_scored,checks,compliance_rate,fully_compliant_rubric,item_count_ok,polarity_single_rate,negative_weight_rate,weight_order_violation_rate,weight_order_violation_pair_rate,pitfall_mirror_rate,n_pitfall_mirrors,max_pitfall_mirror_similarity,pitfall_fraction,weight_band_rate,unclassified_polarity_rate,check_item_count_7_20_rate,check_title_2_to_4_words_rate,check_description_single_sentence_rate,check_category_legal_rate,check_weight_in_range_rate,check_weight_matches_band_rate,check_pitfall_opener_rate,check_rar_keys_only_rate,check_no_verbatim_copy_rate,check_self_contained_rate,n_weight_order_pairs,pitfall_mirror_pairs
med-02a8056b1d15,rar_medicine,shipped,10.0,0.0,none,False,59.0,88.0,10.0,34.0,3.4,7.7,0.77,0.0,0.0,,,,adaptivity,,,,,,,,,,,,,,,,,,,,,,,,,,,,,,,,,,,,,,,,,,,,,,,,,,,
med-02a8056b1d15,rar_medicine,baseline,7.0,0.0,none,False,59.0,88.0,7.0,24.0,3.4285714285714284,5.3,0.7571428571428571,0.0,0.0,,,,adaptivity,,,,,,,,,,,,,,,,,,,,,,,,,,,,,,,,,,,,,,,,,,,,,,,,,,,
med-02a8056b1d15,rar_medicine,agentic,10.0,0.0,none,False,59.0,88.0,10.0,29.0,2.9,7.6,0.76,0.0,0.0,,,,adaptivity,,,,,,,,,,,,,,,,,,,,,,,,,,,,,,,,,,,,,,,,,,,,,,,,,,,
med-02a8056b1d15,rar_medicine,agentic-goldonly,10.0,0.0,none,False,59.0,88.0,10.0,32.0,3.2,6.8,0.6799999999999999,0.0,0.0,,,,adaptivity,,,,,,,,,,,,,,,,,,,,,,,,,,,,,,,,,,,,,,,,,,,,,,,,,,,
med-02a8056b1d15,rar_medicine,agentic-negonly,10.0,0.0,none,False,59.0,88.0,10.0,27.0,2.7,7.6,0.76,0.0,0.0,,,,adaptivity,,,,,,,,,,,,,,,,,,,,,,,,,,,,,,,,,,,,,,,,,,,,,,,,,,,
med-27bf6ad66800,rar_medicine,shipped,10.0,0.0,none,False,163.0,61.0,10.0,29.0,2.9,6.8,0.6799999999999999,0.0,0.0,,,,adaptivity,,,,,,,,,,,,,,,,,,,,,,,,,,,,,,,,,,,,,,,,,,,,,,,,,,,
med-27bf6ad66800,rar_medicine,baseline,10.0,0.0,none,False,163.0,61.0,10.0,30.0,3.0,7.0,0.7,0.0,0.0,,,,adaptivity,,,,,,,,,,,,,,,,,,,,,,,,,,,,,,,,,,,,,,,,,,,,,,,,,,,
med-27bf6ad66800,rar_medicine,agentic,12.0,0.0,none,False,163.0,61.0,12.0,36.0,3.0,8.299999999999999,0.6916666666666665,0.0,0.0,,,,adaptivity,,,,,,,,,,,,,,,,,,,,,,,,,,,,,,,,,,,,,,,,,,,,,,,,,,,
med-27bf6ad66800,rar_medicine,agentic-goldonly,7.0,0.0,none,False,163.0,61.0,7.0,23.0,3.2857142857142856,5.8,0.8285714285714285,0.0,0.0,,,,adaptivity,,,,,,,,,,,,,,,,,,,,,,,,,,,,,,,,,,,,,,,,,,,,,,,,,,,
med-27bf6ad66800,rar_medicine,agentic-negonly,12.0,0.0,none,False,163.0,61.0,12.0,35.0,2.9166666666666665,8.6,0.7166666666666667,0.0,0.0,,,,adaptivity,,,,,,,,,,,,,,,,,,,,,,,,,,,,,,,,,,,,,,,,,,,,,,,,,,,
med-3e58d5c52834,rar_medicine,shipped,10.0,0.0,none,False,15.0,139.0,10.0,29.0,2.9,6.8,0.6799999999999999,0.0,0.0,,,,adaptivity,,,,,,,,,,,,,,,,,,,,,,,,,,,,,,,,,,,,,,,,,,,,,,,,,,,
med-3e58d5c52834,rar_medicine,baseline,8.0,0.0,none,False,15.0,139.0,8.0,24.0,3.0,5.8,0.725,0.0,0.0,,,,adaptivity,,,,,,,,,,,,,,,,,,,,,,,,,,,,,,,,,,,,,,,,,,,,,,,,,,,
med-3e58d5c52834,rar_medicine,agentic,6.0,0.0,none,False,15.0,139.0,6.0,21.0,3.5,4.7,0.7833333333333333,0.0,0.0,,,,adaptivity,,,,,,,,,,,,,,,,,,,,,,,,,,,,,,,,,,,,,,,,,,,,,,,,,,,
med-3e58d5c52834,rar_medicine,agentic-goldonly,6.0,0.0,none,False,15.0,139.0,6.0,21.0,3.5,4.3999999999999995,0.7333333333333333,0.0,0.0,,,,adaptivity,,,,,,,,,,,,,,,,,,,,,,,,,,,,,,,,,,,,,,,,,,,,,,,,,,,
med-3e58d5c52834,rar_medicine,agentic-negonly,7.0,0.0,none,False,15.0,139.0,7.0,23.0,3.2857142857142856,5.1,0.7285714285714285,0.0,0.0,,,,adaptivity,,,,,,,,,,,,,,,,,,,,,,,,,,,,,,,,,,,,,,,,,,,,,,,,,,,
med-44131a7ca41d,rar_medicine,shipped,10.0,0.0,none,False,33.0,120.0,10.0,32.0,3.2,7.5,0.75,0.0,0.0,,,,adaptivity,,,,,,,,,,,,,,,,,,,,,,,,,,,,,,,,,,,,,,,,,,,,,,,,,,,
med-44131a7ca41d,rar_medicine,baseline,9.0,0.0,none,False,33.0,120.0,9.0,31.0,3.4444444444444446,7.2,0.8,0.0,0.0,,,,adaptivity,,,,,,,,,,,,,,,,,,,,,,,,,,,,,,,,,,,,,,,,,,,,,,,,,,,
med-44131a7ca41d,rar_medicine,agentic,15.0,0.0,none,False,33.0,120.0,15.0,42.0,2.8,9.4,0.6266666666666667,0.0,0.0,,,,adaptivity,,,,,,,,,,,,,,,,,,,,,,,,,,,,,,,,,,,,,,,,,,,,,,,,,,,
med-44131a7ca41d,rar_medicine,agentic-goldonly,15.0,0.0,none,False,33.0,120.0,15.0,50.0,3.3333333333333335,11.299999999999999,0.7533333333333333,0.0,0.0,,,,adaptivity,,,,,,,,,,,,,,,,,,,,,,,,,,,,,,,,,,,,,,,,,,,,,,,,,,,
med-44131a7ca41d,rar_medicine,agentic-negonly,15.0,0.0,none,False,33.0,120.0,15.0,36.0,2.4,10.4,0.6933333333333334,0.0,0.0,,,,adaptivity,,,,,,,,,,,,,,,,,,,,,,,,,,,,,,,,,,,,,,,,,,,,,,,,,,,
med-44c1b0452475,rar_medicine,shipped,9.0,0.0,none,False,28.0,64.0,9.0,28.0,3.111111111111111,6.3,0.7,0.0,0.0,,,,adaptivity,,,,,,,,,,,,,,,,,,,,,,,,,,,,,,,,,,,,,,,,,,,,,,,,,,,
med-44c1b0452475,rar_medicine,baseline,5.0,0.0,none,False,28.0,64.0,5.0,15.0,3.0,3.6,0.72,0.0,0.0,,,,adaptivity,,,,,,,,,,,,,,,,,,,,,,,,,,,,,,,,,,,,,,,,,,,,,,,,,,,
med-44c1b0452475,rar_medicine,agentic,7.0,0.0,none,False,28.0,64.0,7.0,23.0,3.2857142857142856,5.3,0.7571428571428571,0.0,0.0,,,,adaptivity,,,,,,,,,,,,,,,,,,,,,,,,,,,,,,,,,,,,,,,,,,,,,,,,,,,
med-44c1b0452475,rar_medicine,agentic-goldonly,6.0,0.0,none,False,28.0,64.0,6.0,22.0,3.6666666666666665,5.0,0.8333333333333334,0.0,0.0,,,,adaptivity,,,,,,,,,,,,,,,,,,,,,,,,,,,,,,,,,,,,,,,,,,,,,,,,,,,
med-44c1b0452475,rar_medicine,agentic-negonly,7.0,0.0,none,False,28.0,64.0,7.0,16.0,2.2857142857142856,4.3999999999999995,0.6285714285714284,0.0,0.0,,,,adaptivity,,,,,,,,,,,,,,,,,,,,,,,,,,,,,,,,,,,,,,,,,,,,,,,,,,,
med-45b65c37ae12,rar_medicine,shipped,10.0,0.0,none,False,31.0,90.0,10.0,34.0,3.4,6.7,0.67,0.0,0.0,,,,adaptivity,,,,,,,,,,,,,,,,,,,,,,,,,,,,,,,,,,,,,,,,,,,,,,,,,,,
med-45b65c37ae12,rar_medicine,baseline,9.0,0.0,none,False,31.0,90.0,9.0,30.0,3.3333333333333335,6.8999999999999995,0.7666666666666666,0.0,0.0,,,,adaptivity,,,,,,,,,,,,,,,,,,,,,,,,,,,,,,,,,,,,,,,,,,,,,,,,,,,
med-45b65c37ae12,rar_medicine,agentic,10.0,0.0,none,False,31.0,90.0,10.0,32.0,3.2,6.3,0.63,0.0,0.0,,,,adaptivity,,,,,,,,,,,,,,,,,,,,,,,,,,,,,,,,,,,,,,,,,,,,,,,,,,,
med-45b65c37ae12,rar_medicine,agentic-goldonly,10.0,0.0,none,False,31.0,90.0,10.0,28.0,2.8,6.3,0.63,0.0,0.0,,,,adaptivity,,,,,,,,,,,,,,,,,,,,,,,,,,,,,,,,,,,,,,,,,,,,,,,,,,,
med-45b65c37ae12,rar_medicine,agentic-negonly,10.0,0.0,none,False,31.0,90.0,10.0,29.0,2.9,6.3,0.63,0.0,0.0,,,,adaptivity,,,,,,,,,,,,,,,,,,,,,,,,,,,,,,,,,,,,,,,,,,,,,,,,,,,
med-53e3b6247ade,rar_medicine,shipped,10.0,0.0,none,False,62.0,133.0,10.0,28.0,2.8,6.3,0.63,0.0,0.0,,,,adaptivity,,,,,,,,,,,,,,,,,,,,,,,,,,,,,,,,,,,,,,,,,,,,,,,,,,,
med-53e3b6247ade,rar_medicine,baseline,9.0,0.0,none,False,62.0,133.0,9.0,26.0,2.888888888888889,6.2,0.6888888888888889,0.0,0.0,,,,adaptivity,,,,,,,,,,,,,,,,,,,,,,,,,,,,,,,,,,,,,,,,,,,,,,,,,,,
med-53e3b6247ade,rar_medicine,agentic,11.0,0.0,none,False,62.0,133.0,11.0,41.0,3.727272727272727,9.2,0.8363636363636363,0.0,0.0,,,,adaptivity,,,,,,,,,,,,,,,,,,,,,,,,,,,,,,,,,,,,,,,,,,,,,,,,,,,
med-53e3b6247ade,rar_medicine,agentic-goldonly,12.0,0.0,none,False,62.0,133.0,12.0,37.0,3.0833333333333335,9.2,0.7666666666666666,0.0,0.0,,,,adaptivity,,,,,,,,,,,,,,,,,,,,,,,,,,,,,,,,,,,,,,,,,,,,,,,,,,,
med-53e3b6247ade,rar_medicine,agentic-negonly,12.0,0.0,none,False,62.0,133.0,12.0,35.0,2.9166666666666665,8.8,0.7333333333333334,0.0,0.0,,,,adaptivity,,,,,,,,,,,,,,,,,,,,,,,,,,,,,,,,,,,,,,,,,,,,,,,,,,,
med-5a729ac36da6,rar_medicine,shipped,8.0,0.0,none,False,19.0,51.0,8.0,24.0,3.0,5.5,0.6875,0.0,0.0,,,,adaptivity,,,,,,,,,,,,,,,,,,,,,,,,,,,,,,,,,,,,,,,,,,,,,,,,,,,
med-5a729ac36da6,rar_medicine,baseline,10.0,0.0,none,False,19.0,51.0,10.0,36.0,3.6,8.5,0.85,0.0,0.0,,,,adaptivity,,,,,,,,,,,,,,,,,,,,,,,,,,,,,,,,,,,,,,,,,,,,,,,,,,,
med-5a729ac36da6,rar_medicine,agentic,6.0,0.0,none,False,19.0,51.0,6.0,22.0,3.6666666666666665,5.0,0.8333333333333334,0.0,0.0,,,,adaptivity,,,,,,,,,,,,,,,,,,,,,,,,,,,,,,,,,,,,,,,,,,,,,,,,,,,
med-5a729ac36da6,rar_medicine,agentic-goldonly,6.0,0.0,none,False,19.0,51.0,6.0,24.0,4.0,5.0,0.8333333333333334,0.0,0.0,,,,adaptivity,,,,,,,,,,,,,,,,,,,,,,,,,,,,,,,,,,,,,,,,,,,,,,,,,,,
med-5a729ac36da6,rar_medicine,agentic-negonly,8.0,0.0,none,False,19.0,51.0,8.0,21.0,2.625,4.8999999999999995,0.6124999999999999,0.0,0.0,,,,adaptivity,,,,,,,,,,,,,,,,,,,,,,,,,,,,,,,,,,,,,,,,,,,,,,,,,,,
med-5c4c1ea586d0,rar_medicine,shipped,10.0,0.0,none,False,25.0,83.0,10.0,27.0,2.7,6.5,0.65,0.0,0.0,,,,adaptivity,,,,,,,,,,,,,,,,,,,,,,,,,,,,,,,,,,,,,,,,,,,,,,,,,,,
med-5c4c1ea586d0,rar_medicine,baseline,9.0,0.0,none,False,25.0,83.0,9.0,27.0,3.0,7.2,0.8,0.0,0.0,,,,adaptivity,,,,,,,,,,,,,,,,,,,,,,,,,,,,,,,,,,,,,,,,,,,,,,,,,,,
med-5c4c1ea586d0,rar_medicine,agentic,10.0,0.0,none,False,25.0,83.0,10.0,32.0,3.2,7.3,0.73,0.0,0.0,,,,adaptivity,,,,,,,,,,,,,,,,,,,,,,,,,,,,,,,,,,,,,,,,,,,,,,,,,,,
med-5c4c1ea586d0,rar_medicine,agentic-goldonly,11.0,0.0,none,False,25.0,83.0,11.0,37.0,3.3636363636363638,9.0,0.8181818181818182,0.0,0.0,,,,adaptivity,,,,,,,,,,,,,,,,,,,,,,,,,,,,,,,,,,,,,,,,,,,,,,,,,,,
med-5c4c1ea586d0,rar_medicine,agentic-negonly,11.0,0.0,none,False,25.0,83.0,11.0,39.0,3.5454545454545454,9.0,0.8181818181818182,0.0,0.0,,,,adaptivity,,,,,,,,,,,,,,,,,,,,,,,,,,,,,,,,,,,,,,,,,,,,,,,,,,,
med-6c38d46aa8e9,rar_medicine,shipped,11.0,0.0,none,False,20.0,158.0,11.0,33.0,3.0,7.2,0.6545454545454545,0.0,0.0,,,,adaptivity,,,,,,,,,,,,,,,,,,,,,,,,,,,,,,,,,,,,,,,,,,,,,,,,,,,
med-6c38d46aa8e9,rar_medicine,baseline,10.0,0.0,none,False,20.0,158.0,10.0,35.0,3.5,8.2,0.82,0.0,0.0,,,,adaptivity,,,,,,,,,,,,,,,,,,,,,,,,,,,,,,,,,,,,,,,,,,,,,,,,,,,
med-6c38d46aa8e9,rar_medicine,agentic,12.0,0.0,none,False,20.0,158.0,12.0,37.0,3.0833333333333335,8.9,0.7416666666666667,0.0,0.0,,,,adaptivity,,,,,,,,,,,,,,,,,,,,,,,,,,,,,,,,,,,,,,,,,,,,,,,,,,,
med-6c38d46aa8e9,rar_medicine,agentic-goldonly,11.0,0.0,none,False,20.0,158.0,11.0,33.0,3.0,8.299999999999999,0.7545454545454544,0.0,0.0,,,,adaptivity,,,,,,,,,,,,,,,,,,,,,,,,,,,,,,,,,,,,,,,,,,,,,,,,,,,
med-6c38d46aa8e9,rar_medicine,agentic-negonly,11.0,0.0,none,False,20.0,158.0,11.0,31.0,2.8181818181818183,8.7,0.7909090909090909,0.0,0.0,,,,adaptivity,,,,,,,,,,,,,,,,,,,,,,,,,,,,,,,,,,,,,,,,,,,,,,,,,,,
med-75b39d0ce8c6,rar_medicine,shipped,10.0,0.0,none,False,27.0,64.0,10.0,26.0,2.6,6.4,0.64,0.0,0.0,,,,adaptivity,,,,,,,,,,,,,,,,,,,,,,,,,,,,,,,,,,,,,,,,,,,,,,,,,,,
med-75b39d0ce8c6,rar_medicine,baseline,7.0,0.0,none,False,27.0,64.0,7.0,19.0,2.7142857142857144,4.8,0.6857142857142857,0.0,0.0,,,,adaptivity,,,,,,,,,,,,,,,,,,,,,,,,,,,,,,,,,,,,,,,,,,,,,,,,,,,
med-75b39d0ce8c6,rar_medicine,agentic,11.0,0.0,none,False,27.0,64.0,11.0,35.0,3.1818181818181817,7.6,0.6909090909090909,0.0,0.0,,,,adaptivity,,,,,,,,,,,,,,,,,,,,,,,,,,,,,,,,,,,,,,,,,,,,,,,,,,,
med-75b39d0ce8c6,rar_medicine,agentic-goldonly,11.0,0.0,none,False,27.0,64.0,11.0,31.0,2.8181818181818183,7.6,0.6909090909090909,0.0,0.0,,,,adaptivity,,,,,,,,,,,,,,,,,,,,,,,,,,,,,,,,,,,,,,,,,,,,,,,,,,,
med-75b39d0ce8c6,rar_medicine,agentic-negonly,11.0,0.0,none,False,27.0,64.0,11.0,27.0,2.4545454545454546,6.8,0.6181818181818182,0.0,0.0,,,,adaptivity,,,,,,,,,,,,,,,,,,,,,,,,,,,,,,,,,,,,,,,,,,,,,,,,,,,
med-769d6769c7d8,rar_medicine,shipped,12.0,0.0,none,False,41.0,129.0,12.0,36.0,3.0,8.5,0.7083333333333334,0.0,0.0,,,,adaptivity,,,,,,,,,,,,,,,,,,,,,,,,,,,,,,,,,,,,,,,,,,,,,,,,,,,
med-769d6769c7d8,rar_medicine,baseline,8.0,0.0,none,False,41.0,129.0,8.0,29.0,3.625,6.6,0.825,0.0,0.0,,,,adaptivity,,,,,,,,,,,,,,,,,,,,,,,,,,,,,,,,,,,,,,,,,,,,,,,,,,,
med-769d6769c7d8,rar_medicine,agentic,15.0,0.0,none,False,41.0,129.0,15.0,59.0,3.933333333333333,13.2,0.88,0.0,0.0,,,,adaptivity,,,,,,,,,,,,,,,,,,,,,,,,,,,,,,,,,,,,,,,,,,,,,,,,,,,
med-769d6769c7d8,rar_medicine,agentic-goldonly,15.0,0.0,none,False,41.0,129.0,15.0,54.0,3.6,12.6,0.84,0.0,0.0,,,,adaptivity,,,,,,,,,,,,,,,,,,,,,,,,,,,,,,,,,,,,,,,,,,,,,,,,,,,
med-769d6769c7d8,rar_medicine,agentic-negonly,15.0,0.0,none,False,41.0,129.0,15.0,55.0,3.6666666666666665,12.9,0.86,0.0,0.0,,,,adaptivity,,,,,,,,,,,,,,,,,,,,,,,,,,,,,,,,,,,,,,,,,,,,,,,,,,,
med-8227a3f56ff4,rar_medicine,shipped,10.0,0.0,none,False,48.0,70.0,10.0,33.0,3.3,7.5,0.75,0.0,0.0,,,,adaptivity,,,,,,,,,,,,,,,,,,,,,,,,,,,,,,,,,,,,,,,,,,,,,,,,,,,
med-8227a3f56ff4,rar_medicine,baseline,8.0,0.0,none,False,48.0,70.0,8.0,25.0,3.125,6.2,0.775,0.0,0.0,,,,adaptivity,,,,,,,,,,,,,,,,,,,,,,,,,,,,,,,,,,,,,,,,,,,,,,,,,,,
med-8227a3f56ff4,rar_medicine,agentic,9.0,0.0,none,False,48.0,70.0,9.0,28.0,3.111111111111111,6.6,0.7333333333333333,0.0,0.0,,,,adaptivity,,,,,,,,,,,,,,,,,,,,,,,,,,,,,,,,,,,,,,,,,,,,,,,,,,,
med-8227a3f56ff4,rar_medicine,agentic-goldonly,10.0,0.0,none,False,48.0,70.0,10.0,26.0,2.6,6.5,0.65,0.0,0.0,,,,adaptivity,,,,,,,,,,,,,,,,,,,,,,,,,,,,,,,,,,,,,,,,,,,,,,,,,,,
med-8227a3f56ff4,rar_medicine,agentic-negonly,10.0,0.0,none,False,48.0,70.0,10.0,31.0,3.1,6.6,0.6599999999999999,0.0,0.0,,,,adaptivity,,,,,,,,,,,,,,,,,,,,,,,,,,,,,,,,,,,,,,,,,,,,,,,,,,,
med-82b936c85c28,rar_medicine,shipped,8.0,0.0,none,False,14.0,118.0,8.0,24.0,3.0,5.2,0.65,0.0,0.0,,,,adaptivity,,,,,,,,,,,,,,,,,,,,,,,,,,,,,,,,,,,,,,,,,,,,,,,,,,,
med-82b936c85c28,rar_medicine,baseline,9.0,0.0,none,False,14.0,118.0,9.0,30.0,3.3333333333333335,6.8999999999999995,0.7666666666666666,0.0,0.0,,,,adaptivity,,,,,,,,,,,,,,,,,,,,,,,,,,,,,,,,,,,,,,,,,,,,,,,,,,,
med-82b936c85c28,rar_medicine,agentic,12.0,0.0,none,False,14.0,118.0,12.0,35.0,2.9166666666666665,8.8,0.7333333333333334,0.0,0.0,,,,adaptivity,,,,,,,,,,,,,,,,,,,,,,,,,,,,,,,,,,,,,,,,,,,,,,,,,,,
med-82b936c85c28,rar_medicine,agentic-goldonly,12.0,0.0,none,False,14.0,118.0,12.0,35.0,2.9166666666666665,9.1,0.7583333333333333,0.0,0.0,,,,adaptivity,,,,,,,,,,,,,,,,,,,,,,,,,,,,,,,,,,,,,,,,,,,,,,,,,,,
med-82b936c85c28,rar_medicine,agentic-negonly,11.0,0.0,none,False,14.0,118.0,11.0,34.0,3.090909090909091,6.699999999999999,0.609090909090909,0.0,0.0,,,,adaptivity,,,,,,,,,,,,,,,,,,,,,,,,,,,,,,,,,,,,,,,,,,,,,,,,,,,
med-91ae4098e221,rar_medicine,shipped,10.0,0.0,none,False,26.0,63.0,10.0,26.0,2.6,5.8999999999999995,0.59,0.0,0.0,,,,adaptivity,,,,,,,,,,,,,,,,,,,,,,,,,,,,,,,,,,,,,,,,,,,,,,,,,,,
med-91ae4098e221,rar_medicine,baseline,9.0,0.0,none,False,26.0,63.0,9.0,27.0,3.0,6.5,0.7222222222222222,0.0,0.0,,,,adaptivity,,,,,,,,,,,,,,,,,,,,,,,,,,,,,,,,,,,,,,,,,,,,,,,,,,,
med-91ae4098e221,rar_medicine,agentic,7.0,0.0,none,False,26.0,63.0,7.0,25.0,3.5714285714285716,5.3999999999999995,0.7714285714285714,0.0,0.0,,,,adaptivity,,,,,,,,,,,,,,,,,,,,,,,,,,,,,,,,,,,,,,,,,,,,,,,,,,,
med-91ae4098e221,rar_medicine,agentic-goldonly,9.0,0.0,none,False,26.0,63.0,9.0,26.0,2.888888888888889,7.0,0.7777777777777778,0.0,0.0,,,,adaptivity,,,,,,,,,,,,,,,,,,,,,,,,,,,,,,,,,,,,,,,,,,,,,,,,,,,
med-91ae4098e221,rar_medicine,agentic-negonly,10.0,0.0,none,False,26.0,63.0,10.0,27.0,2.7,6.8999999999999995,0.69,0.0,0.0,,,,adaptivity,,,,,,,,,,,,,,,,,,,,,,,,,,,,,,,,,,,,,,,,,,,,,,,,,,,
med-931e7fb4de55,rar_medicine,shipped,10.0,0.0,none,False,47.0,92.0,10.0,32.0,3.2,7.5,0.75,0.0,0.0,,,,adaptivity,,,,,,,,,,,,,,,,,,,,,,,,,,,,,,,,,,,,,,,,,,,,,,,,,,,
med-931e7fb4de55,rar_medicine,baseline,7.0,0.0,none,False,47.0,92.0,7.0,25.0,3.5714285714285716,6.2,0.8857142857142858,0.0,0.0,,,,adaptivity,,,,,,,,,,,,,,,,,,,,,,,,,,,,,,,,,,,,,,,,,,,,,,,,,,,
med-931e7fb4de55,rar_medicine,agentic,10.0,0.0,none,False,47.0,92.0,10.0,32.0,3.2,7.2,0.72,0.0,0.0,,,,adaptivity,,,,,,,,,,,,,,,,,,,,,,,,,,,,,,,,,,,,,,,,,,,,,,,,,,,
med-931e7fb4de55,rar_medicine,agentic-goldonly,10.0,0.0,none,False,47.0,92.0,10.0,30.0,3.0,7.2,0.72,0.0,0.0,,,,adaptivity,,,,,,,,,,,,,,,,,,,,,,,,,,,,,,,,,,,,,,,,,,,,,,,,,,,
med-931e7fb4de55,rar_medicine,agentic-negonly,10.0,0.0,none,False,47.0,92.0,10.0,35.0,3.5,8.6,0.86,0.0,0.0,,,,adaptivity,,,,,,,,,,,,,,,,,,,,,,,,,,,,,,,,,,,,,,,,,,,,,,,,,,,
med-960f0934dd5d,rar_medicine,shipped,9.0,0.0,none,False,12.0,60.0,9.0,25.0,2.7777777777777777,5.6,0.6222222222222222,0.0,0.0,,,,adaptivity,,,,,,,,,,,,,,,,,,,,,,,,,,,,,,,,,,,,,,,,,,,,,,,,,,,
med-960f0934dd5d,rar_medicine,baseline,6.0,0.0,none,False,12.0,60.0,6.0,16.0,2.6666666666666665,4.5,0.75,0.0,0.0,,,,adaptivity,,,,,,,,,,,,,,,,,,,,,,,,,,,,,,,,,,,,,,,,,,,,,,,,,,,
med-960f0934dd5d,rar_medicine,agentic,7.0,0.0,none,False,12.0,60.0,7.0,21.0,3.0,4.9,0.7000000000000001,0.0,0.0,,,,adaptivity,,,,,,,,,,,,,,,,,,,,,,,,,,,,,,,,,,,,,,,,,,,,,,,,,,,
med-960f0934dd5d,rar_medicine,agentic-goldonly,7.0,0.0,none,False,12.0,60.0,7.0,19.0,2.7142857142857144,4.6,0.6571428571428571,0.0,0.0,,,,adaptivity,,,,,,,,,,,,,,,,,,,,,,,,,,,,,,,,,,,,,,,,,,,,,,,,,,,
med-960f0934dd5d,rar_medicine,agentic-negonly,6.0,0.0,none,False,12.0,60.0,6.0,18.0,3.0,4.3,0.7166666666666667,0.0,0.0,,,,adaptivity,,,,,,,,,,,,,,,,,,,,,,,,,,,,,,,,,,,,,,,,,,,,,,,,,,,
med-a5b48b2e083f,rar_medicine,shipped,9.0,0.0,none,False,54.0,69.0,9.0,27.0,3.0,5.8999999999999995,0.6555555555555554,0.0,0.0,,,,adaptivity,,,,,,,,,,,,,,,,,,,,,,,,,,,,,,,,,,,,,,,,,,,,,,,,,,,
med-a5b48b2e083f,rar_medicine,baseline,7.0,0.0,none,False,54.0,69.0,7.0,20.0,2.857142857142857,5.2,0.7428571428571429,0.0,0.0,,,,adaptivity,,,,,,,,,,,,,,,,,,,,,,,,,,,,,,,,,,,,,,,,,,,,,,,,,,,
med-a5b48b2e083f,rar_medicine,agentic,11.0,0.0,none,False,54.0,69.0,11.0,27.0,2.4545454545454546,6.3999999999999995,0.5818181818181818,0.0,0.0,,,,adaptivity,,,,,,,,,,,,,,,,,,,,,,,,,,,,,,,,,,,,,,,,,,,,,,,,,,,
med-a5b48b2e083f,rar_medicine,agentic-goldonly,10.0,0.0,none,False,54.0,69.0,10.0,31.0,3.1,7.6,0.76,0.0,0.0,,,,adaptivity,,,,,,,,,,,,,,,,,,,,,,,,,,,,,,,,,,,,,,,,,,,,,,,,,,,
med-a5b48b2e083f,rar_medicine,agentic-negonly,10.0,0.0,none,False,54.0,69.0,10.0,27.0,2.7,6.1,0.61,0.0,0.0,,,,adaptivity,,,,,,,,,,,,,,,,,,,,,,,,,,,,,,,,,,,,,,,,,,,,,,,,,,,
med-ac6f5e1f72e2,rar_medicine,shipped,10.0,0.0,none,False,54.0,62.0,10.0,31.0,3.1,7.0,0.7,0.0,0.0,,,,adaptivity,,,,,,,,,,,,,,,,,,,,,,,,,,,,,,,,,,,,,,,,,,,,,,,,,,,
med-ac6f5e1f72e2,rar_medicine,baseline,9.0,0.0,none,False,54.0,62.0,9.0,28.0,3.111111111111111,6.8999999999999995,0.7666666666666666,0.0,0.0,,,,adaptivity,,,,,,,,,,,,,,,,,,,,,,,,,,,,,,,,,,,,,,,,,,,,,,,,,,,
med-ac6f5e1f72e2,rar_medicine,agentic,10.0,0.0,none,False,54.0,62.0,10.0,27.0,2.7,7.3,0.73,0.0,0.0,,,,adaptivity,,,,,,,,,,,,,,,,,,,,,,,,,,,,,,,,,,,,,,,,,,,,,,,,,,,
med-ac6f5e1f72e2,rar_medicine,agentic-goldonly,10.0,0.0,none,False,54.0,62.0,10.0,30.0,3.0,6.8999999999999995,0.69,0.0,0.0,,,,adaptivity,,,,,,,,,,,,,,,,,,,,,,,,,,,,,,,,,,,,,,,,,,,,,,,,,,,
med-ac6f5e1f72e2,rar_medicine,agentic-negonly,10.0,0.0,none,False,54.0,62.0,10.0,26.0,2.6,6.8999999999999995,0.69,0.0,0.0,,,,adaptivity,,,,,,,,,,,,,,,,,,,,,,,,,,,,,,,,,,,,,,,,,,,,,,,,,,,
med-b2be91e4d044,rar_medicine,shipped,11.0,0.0,none,False,26.0,274.0,11.0,34.0,3.090909090909091,7.8,0.7090909090909091,0.0,0.0,,,,adaptivity,,,,,,,,,,,,,,,,,,,,,,,,,,,,,,,,,,,,,,,,,,,,,,,,,,,
med-b2be91e4d044,rar_medicine,baseline,12.0,0.0,none,False,26.0,274.0,12.0,43.0,3.5833333333333335,9.8,0.8166666666666668,0.0,0.0,,,,adaptivity,,,,,,,,,,,,,,,,,,,,,,,,,,,,,,,,,,,,,,,,,,,,,,,,,,,
med-b2be91e4d044,rar_medicine,agentic,16.0,0.0,none,False,26.0,274.0,16.0,55.0,3.4375,13.0,0.8125,0.0,0.0,,,,adaptivity,,,,,,,,,,,,,,,,,,,,,,,,,,,,,,,,,,,,,,,,,,,,,,,,,,,
med-b2be91e4d044,rar_medicine,agentic-goldonly,16.0,0.0,none,False,26.0,274.0,16.0,59.0,3.6875,13.6,0.85,0.0,0.0,,,,adaptivity,,,,,,,,,,,,,,,,,,,,,,,,,,,,,,,,,,,,,,,,,,,,,,,,,,,
med-b2be91e4d044,rar_medicine,agentic-negonly,16.0,0.0,none,False,26.0,274.0,16.0,55.0,3.4375,13.0,0.8125,0.0,0.0,,,,adaptivity,,,,,,,,,,,,,,,,,,,,,,,,,,,,,,,,,,,,,,,,,,,,,,,,,,,
med-ba0b7452f8cd,rar_medicine,shipped,8.0,0.0,none,False,12.0,72.0,8.0,24.0,3.0,4.8999999999999995,0.6124999999999999,0.0,0.0,,,,adaptivity,,,,,,,,,,,,,,,,,,,,,,,,,,,,,,,,,,,,,,,,,,,,,,,,,,,
med-ba0b7452f8cd,rar_medicine,baseline,8.0,0.0,none,False,12.0,72.0,8.0,26.0,3.25,5.6,0.7,0.0,0.0,,,,adaptivity,,,,,,,,,,,,,,,,,,,,,,,,,,,,,,,,,,,,,,,,,,,,,,,,,,,
med-ba0b7452f8cd,rar_medicine,agentic,13.0,0.0,none,False,12.0,72.0,13.0,36.0,2.769230769230769,9.9,0.7615384615384616,0.0,0.0,,,,adaptivity,,,,,,,,,,,,,,,,,,,,,,,,,,,,,,,,,,,,,,,,,,,,,,,,,,,
med-ba0b7452f8cd,rar_medicine,agentic-goldonly,11.0,0.0,none,False,12.0,72.0,11.0,36.0,3.272727272727273,8.6,0.7818181818181817,0.0,0.0,,,,adaptivity,,,,,,,,,,,,,,,,,,,,,,,,,,,,,,,,,,,,,,,,,,,,,,,,,,,
med-ba0b7452f8cd,rar_medicine,agentic-negonly,13.0,0.0,none,False,12.0,72.0,13.0,31.0,2.3846153846153846,8.5,0.6538461538461539,0.0,0.0,,,,adaptivity,,,,,,,,,,,,,,,,,,,,,,,,,,,,,,,,,,,,,,,,,,,,,,,,,,,
med-bbb832a8fec2,rar_medicine,shipped,11.0,0.0,none,False,32.0,109.0,11.0,35.0,3.1818181818181817,7.6,0.6909090909090909,0.0,0.0,,,,adaptivity,,,,,,,,,,,,,,,,,,,,,,,,,,,,,,,,,,,,,,,,,,,,,,,,,,,
med-bbb832a8fec2,rar_medicine,baseline,8.0,0.0,none,False,32.0,109.0,8.0,30.0,3.75,6.6,0.825,0.0,0.0,,,,adaptivity,,,,,,,,,,,,,,,,,,,,,,,,,,,,,,,,,,,,,,,,,,,,,,,,,,,
med-bbb832a8fec2,rar_medicine,agentic,11.0,0.0,none,False,32.0,109.0,11.0,36.0,3.272727272727273,9.6,0.8727272727272727,0.0,0.0,,,,adaptivity,,,,,,,,,,,,,,,,,,,,,,,,,,,,,,,,,,,,,,,,,,,,,,,,,,,
med-bbb832a8fec2,rar_medicine,agentic-goldonly,11.0,0.0,none,False,32.0,109.0,11.0,42.0,3.8181818181818183,9.0,0.8181818181818182,0.0,0.0,,,,adaptivity,,,,,,,,,,,,,,,,,,,,,,,,,,,,,,,,,,,,,,,,,,,,,,,,,,,
med-bbb832a8fec2,rar_medicine,agentic-negonly,11.0,0.0,none,False,32.0,109.0,11.0,33.0,3.0,8.6,0.7818181818181817,0.0,0.0,,,,adaptivity,,,,,,,,,,,,,,,,,,,,,,,,,,,,,,,,,,,,,,,,,,,,,,,,,,,
med-bf99d4ee36f1,rar_medicine,shipped,11.0,0.0,none,False,52.0,106.0,11.0,31.0,2.8181818181818183,7.1,0.6454545454545454,0.0,0.0,,,,adaptivity,,,,,,,,,,,,,,,,,,,,,,,,,,,,,,,,,,,,,,,,,,,,,,,,,,,
med-bf99d4ee36f1,rar_medicine,baseline,8.0,0.0,none,False,52.0,106.0,8.0,26.0,3.25,6.2,0.775,0.0,0.0,,,,adaptivity,,,,,,,,,,,,,,,,,,,,,,,,,,,,,,,,,,,,,,,,,,,,,,,,,,,
med-bf99d4ee36f1,rar_medicine,agentic,14.0,0.0,none,False,52.0,106.0,14.0,42.0,3.0,10.4,0.7428571428571429,0.0,0.0,,,,adaptivity,,,,,,,,,,,,,,,,,,,,,,,,,,,,,,,,,,,,,,,,,,,,,,,,,,,
med-bf99d4ee36f1,rar_medicine,agentic-goldonly,14.0,0.0,none,False,52.0,106.0,14.0,47.0,3.357142857142857,11.6,0.8285714285714285,0.0,0.0,,,,adaptivity,,,,,,,,,,,,,,,,,,,,,,,,,,,,,,,,,,,,,,,,,,,,,,,,,,,
med-bf99d4ee36f1,rar_medicine,agentic-negonly,14.0,0.0,none,False,52.0,106.0,14.0,34.0,2.4285714285714284,9.6,0.6857142857142857,0.0,0.0,,,,adaptivity,,,,,,,,,,,,,,,,,,,,,,,,,,,,,,,,,,,,,,,,,,,,,,,,,,,
med-c8812f74fcb4,rar_medicine,shipped,10.0,0.0,none,False,49.0,86.0,10.0,28.0,2.8,6.8,0.6799999999999999,0.0,0.0,,,,adaptivity,,,,,,,,,,,,,,,,,,,,,,,,,,,,,,,,,,,,,,,,,,,,,,,,,,,
med-c8812f74fcb4,rar_medicine,baseline,8.0,0.0,none,False,49.0,86.0,8.0,23.0,2.875,5.8,0.725,0.0,0.0,,,,adaptivity,,,,,,,,,,,,,,,,,,,,,,,,,,,,,,,,,,,,,,,,,,,,,,,,,,,
med-c8812f74fcb4,rar_medicine,agentic,15.0,0.0,none,False,49.0,86.0,15.0,47.0,3.1333333333333333,10.799999999999999,0.72,0.0,0.0,,,,adaptivity,,,,,,,,,,,,,,,,,,,,,,,,,,,,,,,,,,,,,,,,,,,,,,,,,,,
med-c8812f74fcb4,rar_medicine,agentic-goldonly,14.0,0.0,none,False,49.0,86.0,14.0,40.0,2.857142857142857,10.5,0.75,0.0,0.0,,,,adaptivity,,,,,,,,,,,,,,,,,,,,,,,,,,,,,,,,,,,,,,,,,,,,,,,,,,,
med-c8812f74fcb4,rar_medicine,agentic-negonly,15.0,0.0,none,False,49.0,86.0,15.0,42.0,2.8,10.1,0.6733333333333333,0.0,0.0,,,,adaptivity,,,,,,,,,,,,,,,,,,,,,,,,,,,,,,,,,,,,,,,,,,,,,,,,,,,
med-c98a2c1d81b2,rar_medicine,shipped,11.0,0.0,none,False,34.0,85.0,11.0,33.0,3.0,6.8999999999999995,0.6272727272727272,0.0,0.0,,,,adaptivity,,,,,,,,,,,,,,,,,,,,,,,,,,,,,,,,,,,,,,,,,,,,,,,,,,,
med-c98a2c1d81b2,rar_medicine,baseline,8.0,0.0,none,False,34.0,85.0,8.0,27.0,3.375,6.2,0.775,0.0,0.0,,,,adaptivity,,,,,,,,,,,,,,,,,,,,,,,,,,,,,,,,,,,,,,,,,,,,,,,,,,,
med-c98a2c1d81b2,rar_medicine,agentic,11.0,0.0,none,False,34.0,85.0,11.0,34.0,3.090909090909091,8.7,0.7909090909090909,0.0,0.0,,,,adaptivity,,,,,,,,,,,,,,,,,,,,,,,,,,,,,,,,,,,,,,,,,,,,,,,,,,,
med-c98a2c1d81b2,rar_medicine,agentic-goldonly,8.0,0.0,none,False,34.0,85.0,8.0,24.0,3.0,5.3999999999999995,0.6749999999999999,0.0,0.0,,,,adaptivity,,,,,,,,,,,,,,,,,,,,,,,,,,,,,,,,,,,,,,,,,,,,,,,,,,,
med-c98a2c1d81b2,rar_medicine,agentic-negonly,8.0,0.0,none,False,34.0,85.0,8.0,26.0,3.25,5.3999999999999995,0.6749999999999999,0.0,0.0,,,,adaptivity,,,,,,,,,,,,,,,,,,,,,,,,,,,,,,,,,,,,,,,,,,,,,,,,,,,
med-d9d6d0e87ecb,rar_medicine,shipped,9.0,0.0,none,False,41.0,103.0,9.0,25.0,2.7777777777777777,5.8999999999999995,0.6555555555555554,0.0,0.0,,,,adaptivity,,,,,,,,,,,,,,,,,,,,,,,,,,,,,,,,,,,,,,,,,,,,,,,,,,,
med-d9d6d0e87ecb,rar_medicine,baseline,6.0,0.0,none,False,41.0,103.0,6.0,22.0,3.6666666666666665,4.6,0.7666666666666666,0.0,0.0,,,,adaptivity,,,,,,,,,,,,,,,,,,,,,,,,,,,,,,,,,,,,,,,,,,,,,,,,,,,
med-d9d6d0e87ecb,rar_medicine,agentic,9.0,0.0,none,False,41.0,103.0,9.0,25.0,2.7777777777777777,6.8999999999999995,0.7666666666666666,0.0,0.0,,,,adaptivity,,,,,,,,,,,,,,,,,,,,,,,,,,,,,,,,,,,,,,,,,,,,,,,,,,,
med-d9d6d0e87ecb,rar_medicine,agentic-goldonly,11.0,0.0,none,False,41.0,103.0,11.0,35.0,3.1818181818181817,8.299999999999999,0.7545454545454544,0.0,0.0,,,,adaptivity,,,,,,,,,,,,,,,,,,,,,,,,,,,,,,,,,,,,,,,,,,,,,,,,,,,
med-d9d6d0e87ecb,rar_medicine,agentic-negonly,12.0,0.0,none,False,41.0,103.0,12.0,27.0,2.25,8.7,0.725,0.0,0.0,,,,adaptivity,,,,,,,,,,,,,,,,,,,,,,,,,,,,,,,,,,,,,,,,,,,,,,,,,,,
med-dc7957448669,rar_medicine,shipped,9.0,0.0,none,False,29.0,91.0,9.0,28.0,3.111111111111111,6.3,0.7,0.0,0.0,,,,adaptivity,,,,,,,,,,,,,,,,,,,,,,,,,,,,,,,,,,,,,,,,,,,,,,,,,,,
med-dc7957448669,rar_medicine,baseline,8.0,0.0,none,False,29.0,91.0,8.0,25.0,3.125,6.6,0.825,0.0,0.0,,,,adaptivity,,,,,,,,,,,,,,,,,,,,,,,,,,,,,,,,,,,,,,,,,,,,,,,,,,,
med-dc7957448669,rar_medicine,agentic,7.0,0.0,none,False,29.0,91.0,7.0,25.0,3.5714285714285716,5.199999999999999,0.7428571428571428,0.0,0.0,,,,adaptivity,,,,,,,,,,,,,,,,,,,,,,,,,,,,,,,,,,,,,,,,,,,,,,,,,,,
med-dc7957448669,rar_medicine,agentic-goldonly,12.0,0.0,none,False,29.0,91.0,12.0,34.0,2.8333333333333335,9.0,0.75,0.0,0.0,,,,adaptivity,,,,,,,,,,,,,,,,,,,,,,,,,,,,,,,,,,,,,,,,,,,,,,,,,,,
med-dc7957448669,rar_medicine,agentic-negonly,12.0,0.0,none,False,29.0,91.0,12.0,40.0,3.3333333333333335,9.0,0.75,0.0,0.0,,,,adaptivity,,,,,,,,,,,,,,,,,,,,,,,,,,,,,,,,,,,,,,,,,,,,,,,,,,,
med-e6c4ba1af357,rar_medicine,shipped,8.0,0.0,none,False,31.0,83.0,8.0,28.0,3.5,6.0,0.75,0.0,0.0,,,,adaptivity,,,,,,,,,,,,,,,,,,,,,,,,,,,,,,,,,,,,,,,,,,,,,,,,,,,
med-e6c4ba1af357,rar_medicine,baseline,8.0,0.0,none,False,31.0,83.0,8.0,22.0,2.75,5.6,0.7,0.0,0.0,,,,adaptivity,,,,,,,,,,,,,,,,,,,,,,,,,,,,,,,,,,,,,,,,,,,,,,,,,,,
med-e6c4ba1af357,rar_medicine,agentic,10.0,0.0,none,False,31.0,83.0,10.0,30.0,3.0,6.8999999999999995,0.69,0.0,0.0,,,,adaptivity,,,,,,,,,,,,,,,,,,,,,,,,,,,,,,,,,,,,,,,,,,,,,,,,,,,
med-e6c4ba1af357,rar_medicine,agentic-goldonly,10.0,0.0,none,False,31.0,83.0,10.0,33.0,3.3,7.3,0.73,0.0,0.0,,,,adaptivity,,,,,,,,,,,,,,,,,,,,,,,,,,,,,,,,,,,,,,,,,,,,,,,,,,,
med-e6c4ba1af357,rar_medicine,agentic-negonly,10.0,0.0,none,False,31.0,83.0,10.0,32.0,3.2,7.3,0.73,0.0,0.0,,,,adaptivity,,,,,,,,,,,,,,,,,,,,,,,,,,,,,,,,,,,,,,,,,,,,,,,,,,,
med-e9a2fe585dc6,rar_medicine,shipped,10.0,0.0,none,False,25.0,154.0,10.0,28.0,2.8,6.8,0.6799999999999999,0.0,0.0,,,,adaptivity,,,,,,,,,,,,,,,,,,,,,,,,,,,,,,,,,,,,,,,,,,,,,,,,,,,
med-e9a2fe585dc6,rar_medicine,baseline,7.0,0.0,none,False,25.0,154.0,7.0,26.0,3.7142857142857144,5.7,0.8142857142857143,0.0,0.0,,,,adaptivity,,,,,,,,,,,,,,,,,,,,,,,,,,,,,,,,,,,,,,,,,,,,,,,,,,,
med-e9a2fe585dc6,rar_medicine,agentic,13.0,0.0,none,False,25.0,154.0,13.0,29.0,2.230769230769231,8.9,0.6846153846153846,0.0,0.0,,,,adaptivity,,,,,,,,,,,,,,,,,,,,,,,,,,,,,,,,,,,,,,,,,,,,,,,,,,,
med-e9a2fe585dc6,rar_medicine,agentic-goldonly,13.0,0.0,none,False,25.0,154.0,13.0,35.0,2.6923076923076925,7.8999999999999995,0.6076923076923076,0.0,0.0,,,,adaptivity,,,,,,,,,,,,,,,,,,,,,,,,,,,,,,,,,,,,,,,,,,,,,,,,,,,
med-e9a2fe585dc6,rar_medicine,agentic-negonly,13.0,0.0,none,False,25.0,154.0,13.0,35.0,2.6923076923076925,9.1,0.7,0.0,0.0,,,,adaptivity,,,,,,,,,,,,,,,,,,,,,,,,,,,,,,,,,,,,,,,,,,,,,,,,,,,
med-f1727cd9627c,rar_medicine,shipped,10.0,0.0,none,False,29.0,82.0,10.0,26.0,2.6,6.5,0.65,0.0,0.0,,,,adaptivity,,,,,,,,,,,,,,,,,,,,,,,,,,,,,,,,,,,,,,,,,,,,,,,,,,,
med-f1727cd9627c,rar_medicine,baseline,8.0,0.0,none,False,29.0,82.0,8.0,24.0,3.0,5.8999999999999995,0.7374999999999999,0.0,0.0,,,,adaptivity,,,,,,,,,,,,,,,,,,,,,,,,,,,,,,,,,,,,,,,,,,,,,,,,,,,
med-f1727cd9627c,rar_medicine,agentic,9.0,0.0,none,False,29.0,82.0,9.0,29.0,3.2222222222222223,7.0,0.7777777777777778,0.0,0.0,,,,adaptivity,,,,,,,,,,,,,,,,,,,,,,,,,,,,,,,,,,,,,,,,,,,,,,,,,,,
med-f1727cd9627c,rar_medicine,agentic-goldonly,10.0,0.0,none,False,29.0,82.0,10.0,29.0,2.9,6.8999999999999995,0.69,0.0,0.0,,,,adaptivity,,,,,,,,,,,,,,,,,,,,,,,,,,,,,,,,,,,,,,,,,,,,,,,,,,,
med-f1727cd9627c,rar_medicine,agentic-negonly,13.0,0.0,none,False,29.0,82.0,13.0,33.0,2.5384615384615383,8.4,0.6461538461538462,0.0,0.0,,,,adaptivity,,,,,,,,,,,,,,,,,,,,,,,,,,,,,,,,,,,,,,,,,,,,,,,,,,,
med-fff27f593ee9,rar_medicine,shipped,13.0,0.0,none,False,34.0,262.0,13.0,42.0,3.230769230769231,9.299999999999999,0.7153846153846153,0.0,0.0,,,,adaptivity,,,,,,,,,,,,,,,,,,,,,,,,,,,,,,,,,,,,,,,,,,,,,,,,,,,
med-fff27f593ee9,rar_medicine,baseline,9.0,0.0,none,False,34.0,262.0,9.0,30.0,3.3333333333333335,6.8999999999999995,0.7666666666666666,0.0,0.0,,,,adaptivity,,,,,,,,,,,,,,,,,,,,,,,,,,,,,,,,,,,,,,,,,,,,,,,,,,,
med-fff27f593ee9,rar_medicine,agentic,13.0,0.0,none,False,34.0,262.0,13.0,32.0,2.4615384615384617,7.5,0.5769230769230769,0.0,0.0,,,,adaptivity,,,,,,,,,,,,,,,,,,,,,,,,,,,,,,,,,,,,,,,,,,,,,,,,,,,
med-fff27f593ee9,rar_medicine,agentic-goldonly,13.0,0.0,none,False,34.0,262.0,13.0,33.0,2.5384615384615383,7.199999999999999,0.5538461538461538,0.0,0.0,,,,adaptivity,,,,,,,,,,,,,,,,,,,,,,,,,,,,,,,,,,,,,,,,,,,,,,,,,,,
med-fff27f593ee9,rar_medicine,agentic-negonly,12.0,0.0,none,False,34.0,262.0,12.0,31.0,2.5833333333333335,7.5,0.625,0.0,0.0,,,,adaptivity,,,,,,,,,,,,,,,,,,,,,,,,,,,,,,,,,,,,,,,,,,,,,,,,,,,
sci-1074b372b376,rar_science,shipped,7.0,0.0,none,False,82.0,11.0,7.0,26.0,3.7142857142857144,5.3,0.7571428571428571,0.0,0.0,,,,adaptivity,,,,,,,,,,,,,,,,,,,,,,,,,,,,,,,,,,,,,,,,,,,,,,,,,,,
sci-1074b372b376,rar_science,baseline,10.0,0.0,none,False,82.0,11.0,10.0,32.0,3.2,7.2,0.72,0.0,0.0,,,,adaptivity,,,,,,,,,,,,,,,,,,,,,,,,,,,,,,,,,,,,,,,,,,,,,,,,,,,
sci-1074b372b376,rar_science,agentic,6.0,0.0,none,False,82.0,11.0,6.0,24.0,4.0,5.8,0.9666666666666667,0.0,0.0,,,,adaptivity,,,,,,,,,,,,,,,,,,,,,,,,,,,,,,,,,,,,,,,,,,,,,,,,,,,
sci-1074b372b376,rar_science,agentic-goldonly,15.0,0.0,none,False,82.0,11.0,15.0,44.0,2.933333333333333,10.6,0.7066666666666667,0.0,0.0,,,,adaptivity,,,,,,,,,,,,,,,,,,,,,,,,,,,,,,,,,,,,,,,,,,,,,,,,,,,
sci-1074b372b376,rar_science,agentic-negonly,15.0,0.0,none,False,82.0,11.0,15.0,43.0,2.8666666666666667,9.4,0.6266666666666667,0.0,0.0,,,,adaptivity,,,,,,,,,,,,,,,,,,,,,,,,,,,,,,,,,,,,,,,,,,,,,,,,,,,
sci-1cbb3e0b742d,rar_science,shipped,9.0,0.0,none,False,127.0,138.0,9.0,37.0,4.111111111111111,7.3,0.8111111111111111,0.0,0.0,,,,adaptivity,,,,,,,,,,,,,,,,,,,,,,,,,,,,,,,,,,,,,,,,,,,,,,,,,,,
sci-1cbb3e0b742d,rar_science,baseline,15.0,0.0,none,False,127.0,138.0,15.0,58.0,3.8666666666666667,12.5,0.8333333333333334,0.0,0.0,,,,adaptivity,,,,,,,,,,,,,,,,,,,,,,,,,,,,,,,,,,,,,,,,,,,,,,,,,,,
sci-1cbb3e0b742d,rar_science,agentic,15.0,0.0,none,False,127.0,138.0,15.0,57.0,3.8,12.2,0.8133333333333332,0.0,0.0,,,,adaptivity,,,,,,,,,,,,,,,,,,,,,,,,,,,,,,,,,,,,,,,,,,,,,,,,,,,
sci-1cbb3e0b742d,rar_science,agentic-goldonly,13.0,0.0,none,False,127.0,138.0,13.0,45.0,3.4615384615384617,10.5,0.8076923076923077,0.0,0.0,,,,adaptivity,,,,,,,,,,,,,,,,,,,,,,,,,,,,,,,,,,,,,,,,,,,,,,,,,,,
sci-1cbb3e0b742d,rar_science,agentic-negonly,15.0,0.0,none,False,127.0,138.0,15.0,50.0,3.3333333333333335,11.5,0.7666666666666667,0.0,0.0,,,,adaptivity,,,,,,,,,,,,,,,,,,,,,,,,,,,,,,,,,,,,,,,,,,,,,,,,,,,
sci-200bfdc23b84,rar_science,shipped,7.0,0.0,none,False,48.0,303.0,7.0,29.0,4.142857142857143,5.3999999999999995,0.7714285714285714,0.0,0.0,,,,adaptivity,,,,,,,,,,,,,,,,,,,,,,,,,,,,,,,,,,,,,,,,,,,,,,,,,,,
sci-200bfdc23b84,rar_science,baseline,12.0,0.0,none,False,48.0,303.0,12.0,52.0,4.333333333333333,10.6,0.8833333333333333,0.0,0.0,,,,adaptivity,,,,,,,,,,,,,,,,,,,,,,,,,,,,,,,,,,,,,,,,,,,,,,,,,,,
sci-200bfdc23b84,rar_science,agentic,14.0,0.0,none,False,48.0,303.0,14.0,48.0,3.4285714285714284,10.2,0.7285714285714285,0.0,0.0,,,,adaptivity,,,,,,,,,,,,,,,,,,,,,,,,,,,,,,,,,,,,,,,,,,,,,,,,,,,
sci-200bfdc23b84,rar_science,agentic-goldonly,14.0,0.0,none,False,48.0,303.0,14.0,51.0,3.642857142857143,10.799999999999999,0.7714285714285714,0.0,0.0,,,,adaptivity,,,,,,,,,,,,,,,,,,,,,,,,,,,,,,,,,,,,,,,,,,,,,,,,,,,
sci-200bfdc23b84,rar_science,agentic-negonly,15.0,0.0,none,False,48.0,303.0,15.0,50.0,3.3333333333333335,12.299999999999999,0.82,0.0,0.0,,,,adaptivity,,,,,,,,,,,,,,,,,,,,,,,,,,,,,,,,,,,,,,,,,,,,,,,,,,,
sci-2907ae60d945,rar_science,shipped,7.0,0.0,none,False,37.0,24.0,7.0,27.0,3.857142857142857,5.6,0.7999999999999999,0.0,0.0,,,,adaptivity,,,,,,,,,,,,,,,,,,,,,,,,,,,,,,,,,,,,,,,,,,,,,,,,,,,
sci-2907ae60d945,rar_science,baseline,8.0,0.0,none,False,37.0,24.0,8.0,26.0,3.25,6.2,0.775,0.0,0.0,,,,adaptivity,,,,,,,,,,,,,,,,,,,,,,,,,,,,,,,,,,,,,,,,,,,,,,,,,,,
sci-2907ae60d945,rar_science,agentic,6.0,0.0,none,False,37.0,24.0,6.0,14.0,2.3333333333333335,2.9,0.48333333333333334,0.0,0.0,,,,adaptivity,,,,,,,,,,,,,,,,,,,,,,,,,,,,,,,,,,,,,,,,,,,,,,,,,,,
sci-2907ae60d945,rar_science,agentic-goldonly,6.0,0.0,none,False,37.0,24.0,6.0,13.0,2.1666666666666665,2.9,0.48333333333333334,0.0,0.0,,,,adaptivity,,,,,,,,,,,,,,,,,,,,,,,,,,,,,,,,,,,,,,,,,,,,,,,,,,,
sci-2907ae60d945,rar_science,agentic-negonly,15.0,0.0,none,False,37.0,24.0,15.0,42.0,2.8,9.0,0.6,0.0,0.0,,,,adaptivity,,,,,,,,,,,,,,,,,,,,,,,,,,,,,,,,,,,,,,,,,,,,,,,,,,,
sci-2f3b45de3872,rar_science,shipped,7.0,0.0,none,False,53.0,15.0,7.0,26.0,3.7142857142857144,5.3,0.7571428571428571,0.0,0.0,,,,adaptivity,,,,,,,,,,,,,,,,,,,,,,,,,,,,,,,,,,,,,,,,,,,,,,,,,,,
sci-2f3b45de3872,rar_science,baseline,10.0,0.0,none,False,53.0,15.0,10.0,34.0,3.4,8.7,0.8699999999999999,0.0,0.0,,,,adaptivity,,,,,,,,,,,,,,,,,,,,,,,,,,,,,,,,,,,,,,,,,,,,,,,,,,,
sci-2f3b45de3872,rar_science,agentic,6.0,0.0,none,False,53.0,15.0,6.0,10.0,1.6666666666666667,5.0,0.8333333333333334,0.0,0.0,,,,adaptivity,,,,,,,,,,,,,,,,,,,,,,,,,,,,,,,,,,,,,,,,,,,,,,,,,,,
sci-2f3b45de3872,rar_science,agentic-goldonly,6.0,0.0,none,False,53.0,15.0,6.0,17.0,2.8333333333333335,5.0,0.8333333333333334,0.0,0.0,,,,adaptivity,,,,,,,,,,,,,,,,,,,,,,,,,,,,,,,,,,,,,,,,,,,,,,,,,,,
sci-2f3b45de3872,rar_science,agentic-negonly,15.0,0.0,none,False,53.0,15.0,15.0,54.0,3.6,12.0,0.8,0.0,0.0,,,,adaptivity,,,,,,,,,,,,,,,,,,,,,,,,,,,,,,,,,,,,,,,,,,,,,,,,,,,
sci-423a28946a42,rar_science,shipped,8.0,0.0,none,False,33.0,22.0,8.0,31.0,3.875,6.3,0.7875,0.0,0.0,,,,adaptivity,,,,,,,,,,,,,,,,,,,,,,,,,,,,,,,,,,,,,,,,,,,,,,,,,,,
sci-423a28946a42,rar_science,baseline,14.0,0.0,none,False,33.0,22.0,14.0,47.0,3.357142857142857,11.2,0.7999999999999999,0.0,0.0,,,,adaptivity,,,,,,,,,,,,,,,,,,,,,,,,,,,,,,,,,,,,,,,,,,,,,,,,,,,
sci-423a28946a42,rar_science,agentic,6.0,0.0,none,False,33.0,22.0,6.0,15.0,2.5,4.3,0.7166666666666667,0.0,0.0,,,,adaptivity,,,,,,,,,,,,,,,,,,,,,,,,,,,,,,,,,,,,,,,,,,,,,,,,,,,
sci-423a28946a42,rar_science,agentic-goldonly,6.0,0.0,none,False,33.0,22.0,6.0,15.0,2.5,3.1999999999999997,0.5333333333333333,0.0,0.0,,,,adaptivity,,,,,,,,,,,,,,,,,,,,,,,,,,,,,,,,,,,,,,,,,,,,,,,,,,,
sci-423a28946a42,rar_science,agentic-negonly,16.0,0.0,none,False,33.0,22.0,16.0,55.0,3.4375,12.799999999999999,0.7999999999999999,0.0,0.0,,,,adaptivity,,,,,,,,,,,,,,,,,,,,,,,,,,,,,,,,,,,,,,,,,,,,,,,,,,,
sci-4260e6a475a5,rar_science,shipped,8.0,0.0,mcq,True,46.0,28.0,8.0,28.0,3.5,5.2,0.65,0.0,0.0,,,,adaptivity,,,,,,,,,,,,,,,,,,,,,,,,,,,,,,,,,,,,,,,,,,,,,,,,,,,
sci-4260e6a475a5,rar_science,baseline,8.0,0.0,mcq,True,46.0,28.0,8.0,28.0,3.5,5.7,0.7125,0.0,0.0,,,,adaptivity,,,,,,,,,,,,,,,,,,,,,,,,,,,,,,,,,,,,,,,,,,,,,,,,,,,
sci-4260e6a475a5,rar_science,agentic,14.0,0.0,mcq,True,46.0,28.0,14.0,41.0,2.9285714285714284,11.6,0.8285714285714285,0.0,0.0,,,,adaptivity,,,,,,,,,,,,,,,,,,,,,,,,,,,,,,,,,,,,,,,,,,,,,,,,,,,
sci-4260e6a475a5,rar_science,agentic-goldonly,12.0,0.0,mcq,True,46.0,28.0,12.0,39.0,3.25,9.5,0.7916666666666666,0.0,0.0,,,,adaptivity,,,,,,,,,,,,,,,,,,,,,,,,,,,,,,,,,,,,,,,,,,,,,,,,,,,
sci-4260e6a475a5,rar_science,agentic-negonly,12.0,0.0,mcq,True,46.0,28.0,12.0,42.0,3.5,9.0,0.75,0.0,0.0,,,,adaptivity,,,,,,,,,,,,,,,,,,,,,,,,,,,,,,,,,,,,,,,,,,,,,,,,,,,
sci-4430faf0f105,rar_science,shipped,7.0,0.0,none,False,51.0,9.0,7.0,26.0,3.7142857142857144,5.3,0.7571428571428571,0.0,0.0,,,,adaptivity,,,,,,,,,,,,,,,,,,,,,,,,,,,,,,,,,,,,,,,,,,,,,,,,,,,
sci-4430faf0f105,rar_science,baseline,12.0,0.0,none,False,51.0,9.0,12.0,44.0,3.6666666666666665,10.4,0.8666666666666667,0.0,0.0,,,,adaptivity,,,,,,,,,,,,,,,,,,,,,,,,,,,,,,,,,,,,,,,,,,,,,,,,,,,
sci-4430faf0f105,rar_science,agentic,15.0,0.0,none,False,51.0,9.0,15.0,49.0,3.2666666666666666,11.5,0.7666666666666667,0.0,0.0,,,,adaptivity,,,,,,,,,,,,,,,,,,,,,,,,,,,,,,,,,,,,,,,,,,,,,,,,,,,
sci-4430faf0f105,rar_science,agentic-goldonly,15.0,0.0,none,False,51.0,9.0,15.0,55.0,3.6666666666666665,12.4,0.8266666666666667,0.0,0.0,,,,adaptivity,,,,,,,,,,,,,,,,,,,,,,,,,,,,,,,,,,,,,,,,,,,,,,,,,,,
sci-4430faf0f105,rar_science,agentic-negonly,13.0,0.0,none,False,51.0,9.0,13.0,40.0,3.076923076923077,9.2,0.7076923076923076,0.0,0.0,,,,adaptivity,,,,,,,,,,,,,,,,,,,,,,,,,,,,,,,,,,,,,,,,,,,,,,,,,,,
sci-46a70d998b40,rar_science,shipped,7.0,0.0,mcq,True,15.0,10.0,7.0,28.0,4.0,5.3,0.7571428571428571,0.0,0.0,,,,adaptivity,,,,,,,,,,,,,,,,,,,,,,,,,,,,,,,,,,,,,,,,,,,,,,,,,,,
sci-46a70d998b40,rar_science,baseline,9.0,0.0,mcq,True,15.0,10.0,9.0,27.0,3.0,7.1,0.7888888888888889,0.0,0.0,,,,adaptivity,,,,,,,,,,,,,,,,,,,,,,,,,,,,,,,,,,,,,,,,,,,,,,,,,,,
sci-46a70d998b40,rar_science,agentic,8.0,0.0,mcq,True,15.0,10.0,8.0,25.0,3.125,6.2,0.775,0.0,0.0,,,,adaptivity,,,,,,,,,,,,,,,,,,,,,,,,,,,,,,,,,,,,,,,,,,,,,,,,,,,
sci-46a70d998b40,rar_science,agentic-goldonly,8.0,0.0,mcq,True,15.0,10.0,8.0,26.0,3.25,6.3,0.7875,0.0,0.0,,,,adaptivity,,,,,,,,,,,,,,,,,,,,,,,,,,,,,,,,,,,,,,,,,,,,,,,,,,,
sci-46a70d998b40,rar_science,agentic-negonly,9.0,0.0,mcq,True,15.0,10.0,9.0,25.0,2.7777777777777777,6.6,0.7333333333333333,0.0,0.0,,,,adaptivity,,,,,,,,,,,,,,,,,,,,,,,,,,,,,,,,,,,,,,,,,,,,,,,,,,,
sci-4705912940bd,rar_science,shipped,8.0,0.0,mcq,True,114.0,30.0,8.0,27.0,3.375,6.2,0.775,0.0,0.0,,,,adaptivity,,,,,,,,,,,,,,,,,,,,,,,,,,,,,,,,,,,,,,,,,,,,,,,,,,,
sci-4705912940bd,rar_science,baseline,11.0,0.0,mcq,True,114.0,30.0,11.0,47.0,4.2727272727272725,10.5,0.9545454545454546,0.0,0.0,,,,adaptivity,,,,,,,,,,,,,,,,,,,,,,,,,,,,,,,,,,,,,,,,,,,,,,,,,,,
sci-4705912940bd,rar_science,agentic,7.0,0.0,mcq,True,114.0,30.0,7.0,25.0,3.5714285714285716,5.7,0.8142857142857143,0.0,0.0,,,,adaptivity,,,,,,,,,,,,,,,,,,,,,,,,,,,,,,,,,,,,,,,,,,,,,,,,,,,
sci-4705912940bd,rar_science,agentic-goldonly,10.0,0.0,mcq,True,114.0,30.0,10.0,37.0,3.7,9.6,0.96,0.0,0.0,,,,adaptivity,,,,,,,,,,,,,,,,,,,,,,,,,,,,,,,,,,,,,,,,,,,,,,,,,,,
sci-4705912940bd,rar_science,agentic-negonly,10.0,0.0,mcq,True,114.0,30.0,10.0,25.0,2.5,8.9,0.89,0.0,0.0,,,,adaptivity,,,,,,,,,,,,,,,,,,,,,,,,,,,,,,,,,,,,,,,,,,,,,,,,,,,
sci-530fc857ec78,rar_science,shipped,8.0,0.0,none,False,23.0,28.0,8.0,29.0,3.625,5.6,0.7,0.0,0.0,,,,adaptivity,,,,,,,,,,,,,,,,,,,,,,,,,,,,,,,,,,,,,,,,,,,,,,,,,,,
sci-530fc857ec78,rar_science,baseline,11.0,0.0,none,False,23.0,28.0,11.0,34.0,3.090909090909091,7.8999999999999995,0.7181818181818181,0.0,0.0,,,,adaptivity,,,,,,,,,,,,,,,,,,,,,,,,,,,,,,,,,,,,,,,,,,,,,,,,,,,
sci-530fc857ec78,rar_science,agentic,6.0,0.0,none,False,23.0,28.0,6.0,22.0,3.6666666666666665,5.0,0.8333333333333334,0.0,0.0,,,,adaptivity,,,,,,,,,,,,,,,,,,,,,,,,,,,,,,,,,,,,,,,,,,,,,,,,,,,
sci-530fc857ec78,rar_science,agentic-goldonly,6.0,0.0,none,False,23.0,28.0,6.0,20.0,3.3333333333333335,5.2,0.8666666666666667,0.0,0.0,,,,adaptivity,,,,,,,,,,,,,,,,,,,,,,,,,,,,,,,,,,,,,,,,,,,,,,,,,,,
sci-530fc857ec78,rar_science,agentic-negonly,13.0,0.0,none,False,23.0,28.0,13.0,49.0,3.769230769230769,9.7,0.7461538461538461,0.0,0.0,,,,adaptivity,,,,,,,,,,,,,,,,,,,,,,,,,,,,,,,,,,,,,,,,,,,,,,,,,,,
sci-5c5822f383a5,rar_science,shipped,8.0,0.0,none,False,55.0,88.0,8.0,31.0,3.875,5.9,0.7375,0.0,0.0,,,,adaptivity,,,,,,,,,,,,,,,,,,,,,,,,,,,,,,,,,,,,,,,,,,,,,,,,,,,
sci-5c5822f383a5,rar_science,baseline,13.0,0.0,none,False,55.0,88.0,13.0,45.0,3.4615384615384617,10.7,0.823076923076923,0.0,0.0,,,,adaptivity,,,,,,,,,,,,,,,,,,,,,,,,,,,,,,,,,,,,,,,,,,,,,,,,,,,
sci-5c5822f383a5,rar_science,agentic,15.0,0.0,none,False,55.0,88.0,15.0,47.0,3.1333333333333333,11.2,0.7466666666666666,0.0,0.0,,,,adaptivity,,,,,,,,,,,,,,,,,,,,,,,,,,,,,,,,,,,,,,,,,,,,,,,,,,,
sci-5c5822f383a5,rar_science,agentic-goldonly,13.0,0.0,none,False,55.0,88.0,13.0,50.0,3.8461538461538463,10.5,0.8076923076923077,0.0,0.0,,,,adaptivity,,,,,,,,,,,,,,,,,,,,,,,,,,,,,,,,,,,,,,,,,,,,,,,,,,,
sci-5c5822f383a5,rar_science,agentic-negonly,15.0,0.0,none,False,55.0,88.0,15.0,47.0,3.1333333333333333,11.2,0.7466666666666666,0.0,0.0,,,,adaptivity,,,,,,,,,,,,,,,,,,,,,,,,,,,,,,,,,,,,,,,,,,,,,,,,,,,
sci-615e52d990f9,rar_science,shipped,7.0,0.0,none,False,34.0,30.0,7.0,26.0,3.7142857142857144,5.6,0.7999999999999999,0.0,0.0,,,,adaptivity,,,,,,,,,,,,,,,,,,,,,,,,,,,,,,,,,,,,,,,,,,,,,,,,,,,
sci-615e52d990f9,rar_science,baseline,13.0,0.0,none,False,34.0,30.0,13.0,41.0,3.1538461538461537,9.5,0.7307692307692307,0.0,0.0,,,,adaptivity,,,,,,,,,,,,,,,,,,,,,,,,,,,,,,,,,,,,,,,,,,,,,,,,,,,
sci-615e52d990f9,rar_science,agentic,8.0,0.0,none,False,34.0,30.0,8.0,21.0,2.625,5.5,0.6875,0.0,0.0,,,,adaptivity,,,,,,,,,,,,,,,,,,,,,,,,,,,,,,,,,,,,,,,,,,,,,,,,,,,
sci-615e52d990f9,rar_science,agentic-goldonly,6.0,0.0,none,False,34.0,30.0,6.0,19.0,3.1666666666666665,4.1,0.6833333333333332,0.0,0.0,,,,adaptivity,,,,,,,,,,,,,,,,,,,,,,,,,,,,,,,,,,,,,,,,,,,,,,,,,,,
sci-615e52d990f9,rar_science,agentic-negonly,15.0,0.0,none,False,34.0,30.0,15.0,47.0,3.1333333333333333,10.299999999999999,0.6866666666666666,0.0,0.0,,,,adaptivity,,,,,,,,,,,,,,,,,,,,,,,,,,,,,,,,,,,,,,,,,,,,,,,,,,,
sci-6601b6700272,rar_science,shipped,8.0,0.0,none,False,55.0,7.0,8.0,25.0,3.125,5.6,0.7,0.0,0.0,,,,adaptivity,,,,,,,,,,,,,,,,,,,,,,,,,,,,,,,,,,,,,,,,,,,,,,,,,,,
sci-6601b6700272,rar_science,baseline,10.0,0.0,none,False,55.0,7.0,10.0,33.0,3.3,7.3,0.73,0.0,0.0,,,,adaptivity,,,,,,,,,,,,,,,,,,,,,,,,,,,,,,,,,,,,,,,,,,,,,,,,,,,
sci-6601b6700272,rar_science,agentic,15.0,0.0,none,False,55.0,7.0,15.0,46.0,3.066666666666667,10.299999999999999,0.6866666666666666,0.0,0.0,,,,adaptivity,,,,,,,,,,,,,,,,,,,,,,,,,,,,,,,,,,,,,,,,,,,,,,,,,,,
sci-6601b6700272,rar_science,agentic-goldonly,6.0,0.0,none,False,55.0,7.0,6.0,13.0,2.1666666666666665,3.0,0.5,0.0,0.0,,,,adaptivity,,,,,,,,,,,,,,,,,,,,,,,,,,,,,,,,,,,,,,,,,,,,,,,,,,,
sci-6601b6700272,rar_science,agentic-negonly,15.0,0.0,none,False,55.0,7.0,15.0,40.0,2.6666666666666665,10.3,0.6866666666666668,0.0,0.0,,,,adaptivity,,,,,,,,,,,,,,,,,,,,,,,,,,,,,,,,,,,,,,,,,,,,,,,,,,,
sci-674358162aab,rar_science,shipped,7.0,0.0,none,False,39.0,24.0,7.0,27.0,3.857142857142857,4.9,0.7000000000000001,0.0,0.0,,,,adaptivity,,,,,,,,,,,,,,,,,,,,,,,,,,,,,,,,,,,,,,,,,,,,,,,,,,,
sci-674358162aab,rar_science,baseline,17.0,0.0,none,False,39.0,24.0,17.0,51.0,3.0,12.7,0.7470588235294118,0.0,0.0,,,,adaptivity,,,,,,,,,,,,,,,,,,,,,,,,,,,,,,,,,,,,,,,,,,,,,,,,,,,
sci-674358162aab,rar_science,agentic,15.0,0.0,none,False,39.0,24.0,15.0,41.0,2.7333333333333334,9.5,0.6333333333333333,0.0,0.0,,,,adaptivity,,,,,,,,,,,,,,,,,,,,,,,,,,,,,,,,,,,,,,,,,,,,,,,,,,,
sci-674358162aab,rar_science,agentic-goldonly,13.0,0.0,none,False,39.0,24.0,13.0,40.0,3.076923076923077,8.1,0.6230769230769231,0.0,0.0,,,,adaptivity,,,,,,,,,,,,,,,,,,,,,,,,,,,,,,,,,,,,,,,,,,,,,,,,,,,
sci-674358162aab,rar_science,agentic-negonly,16.0,0.0,none,False,39.0,24.0,16.0,37.0,2.3125,10.4,0.65,0.0,0.0,,,,adaptivity,,,,,,,,,,,,,,,,,,,,,,,,,,,,,,,,,,,,,,,,,,,,,,,,,,,
sci-70db910e68ee,rar_science,shipped,7.0,0.0,none,False,29.0,42.0,7.0,25.0,3.5714285714285716,5.3,0.7571428571428571,0.0,0.0,,,,adaptivity,,,,,,,,,,,,,,,,,,,,,,,,,,,,,,,,,,,,,,,,,,,,,,,,,,,
sci-70db910e68ee,rar_science,baseline,12.0,0.0,none,False,29.0,42.0,12.0,41.0,3.4166666666666665,9.1,0.7583333333333333,0.0,0.0,,,,adaptivity,,,,,,,,,,,,,,,,,,,,,,,,,,,,,,,,,,,,,,,,,,,,,,,,,,,
sci-70db910e68ee,rar_science,agentic,15.0,0.0,none,False,29.0,42.0,15.0,38.0,2.533333333333333,12.2,0.8133333333333332,0.0,0.0,,,,adaptivity,,,,,,,,,,,,,,,,,,,,,,,,,,,,,,,,,,,,,,,,,,,,,,,,,,,
sci-70db910e68ee,rar_science,agentic-goldonly,15.0,0.0,none,False,29.0,42.0,15.0,39.0,2.6,11.4,0.76,0.0,0.0,,,,adaptivity,,,,,,,,,,,,,,,,,,,,,,,,,,,,,,,,,,,,,,,,,,,,,,,,,,,
sci-70db910e68ee,rar_science,agentic-negonly,15.0,0.0,none,False,29.0,42.0,15.0,36.0,2.4,10.5,0.7,0.0,0.0,,,,adaptivity,,,,,,,,,,,,,,,,,,,,,,,,,,,,,,,,,,,,,,,,,,,,,,,,,,,
sci-71c07f577946,rar_science,shipped,7.0,0.0,none,False,36.0,30.0,7.0,27.0,3.857142857142857,5.6,0.7999999999999999,0.0,0.0,,,,adaptivity,,,,,,,,,,,,,,,,,,,,,,,,,,,,,,,,,,,,,,,,,,,,,,,,,,,
sci-71c07f577946,rar_science,baseline,12.0,0.0,none,False,36.0,30.0,12.0,36.0,3.0,9.1,0.7583333333333333,0.0,0.0,,,,adaptivity,,,,,,,,,,,,,,,,,,,,,,,,,,,,,,,,,,,,,,,,,,,,,,,,,,,
sci-71c07f577946,rar_science,agentic,6.0,0.0,none,False,36.0,30.0,6.0,18.0,3.0,5.6,0.9333333333333332,0.0,0.0,,,,adaptivity,,,,,,,,,,,,,,,,,,,,,,,,,,,,,,,,,,,,,,,,,,,,,,,,,,,
sci-71c07f577946,rar_science,agentic-goldonly,6.0,0.0,none,False,36.0,30.0,6.0,24.0,4.0,5.8,0.9666666666666667,0.0,0.0,,,,adaptivity,,,,,,,,,,,,,,,,,,,,,,,,,,,,,,,,,,,,,,,,,,,,,,,,,,,
sci-71c07f577946,rar_science,agentic-negonly,15.0,0.0,none,False,36.0,30.0,15.0,45.0,3.0,10.1,0.6733333333333333,0.0,0.0,,,,adaptivity,,,,,,,,,,,,,,,,,,,,,,,,,,,,,,,,,,,,,,,,,,,,,,,,,,,
sci-78456e89e0b3,rar_science,shipped,7.0,0.0,mcq,True,22.0,0.0,7.0,25.0,3.5714285714285716,5.3,0.7571428571428571,0.0,0.0,,,,adaptivity,,,,,,,,,,,,,,,,,,,,,,,,,,,,,,,,,,,,,,,,,,,,,,,,,,,
sci-78456e89e0b3,rar_science,baseline,11.0,0.0,mcq,True,22.0,0.0,11.0,41.0,3.727272727272727,9.2,0.8363636363636363,0.0,0.0,,,,adaptivity,,,,,,,,,,,,,,,,,,,,,,,,,,,,,,,,,,,,,,,,,,,,,,,,,,,
sci-78456e89e0b3,rar_science,agentic,7.0,0.0,mcq,True,22.0,0.0,7.0,31.0,4.428571428571429,6.4,0.9142857142857144,0.0,0.0,,,,adaptivity,,,,,,,,,,,,,,,,,,,,,,,,,,,,,,,,,,,,,,,,,,,,,,,,,,,
sci-78456e89e0b3,rar_science,agentic-goldonly,10.0,0.0,mcq,True,22.0,0.0,10.0,40.0,4.0,9.5,0.95,0.0,0.0,,,,adaptivity,,,,,,,,,,,,,,,,,,,,,,,,,,,,,,,,,,,,,,,,,,,,,,,,,,,
sci-78456e89e0b3,rar_science,agentic-negonly,15.0,0.0,mcq,True,22.0,0.0,15.0,42.0,2.8,12.8,0.8533333333333334,0.0,0.0,,,,adaptivity,,,,,,,,,,,,,,,,,,,,,,,,,,,,,,,,,,,,,,,,,,,,,,,,,,,
sci-801539f7bca0,rar_science,shipped,8.0,0.0,none,False,60.0,25.0,8.0,29.0,3.625,5.6,0.7,0.0,0.0,,,,adaptivity,,,,,,,,,,,,,,,,,,,,,,,,,,,,,,,,,,,,,,,,,,,,,,,,,,,
sci-801539f7bca0,rar_science,baseline,10.0,0.0,none,False,60.0,25.0,10.0,32.0,3.2,7.8,0.78,0.0,0.0,,,,adaptivity,,,,,,,,,,,,,,,,,,,,,,,,,,,,,,,,,,,,,,,,,,,,,,,,,,,
sci-801539f7bca0,rar_science,agentic,6.0,0.0,none,False,60.0,25.0,6.0,22.0,3.6666666666666665,4.6,0.7666666666666666,0.0,0.0,,,,adaptivity,,,,,,,,,,,,,,,,,,,,,,,,,,,,,,,,,,,,,,,,,,,,,,,,,,,
sci-801539f7bca0,rar_science,agentic-goldonly,6.0,0.0,none,False,60.0,25.0,6.0,19.0,3.1666666666666665,3.9,0.65,0.0,0.0,,,,adaptivity,,,,,,,,,,,,,,,,,,,,,,,,,,,,,,,,,,,,,,,,,,,,,,,,,,,
sci-801539f7bca0,rar_science,agentic-negonly,14.0,0.0,none,False,60.0,25.0,14.0,34.0,2.4285714285714284,8.7,0.6214285714285713,0.0,0.0,,,,adaptivity,,,,,,,,,,,,,,,,,,,,,,,,,,,,,,,,,,,,,,,,,,,,,,,,,,,
sci-870a3c2acf5f,rar_science,shipped,9.0,0.0,none,False,59.0,45.0,9.0,31.0,3.4444444444444446,6.5,0.7222222222222222,0.0,0.0,,,,adaptivity,,,,,,,,,,,,,,,,,,,,,,,,,,,,,,,,,,,,,,,,,,,,,,,,,,,
sci-870a3c2acf5f,rar_science,baseline,9.0,0.0,none,False,59.0,45.0,9.0,32.0,3.5555555555555554,7.5,0.8333333333333334,0.0,0.0,,,,adaptivity,,,,,,,,,,,,,,,,,,,,,,,,,,,,,,,,,,,,,,,,,,,,,,,,,,,
sci-870a3c2acf5f,rar_science,agentic,6.0,0.0,none,False,59.0,45.0,6.0,19.0,3.1666666666666665,5.0,0.8333333333333334,0.0,0.0,,,,adaptivity,,,,,,,,,,,,,,,,,,,,,,,,,,,,,,,,,,,,,,,,,,,,,,,,,,,
sci-870a3c2acf5f,rar_science,agentic-goldonly,16.0,0.0,none,False,59.0,45.0,16.0,50.0,3.125,11.299999999999999,0.7062499999999999,0.0,0.0,,,,adaptivity,,,,,,,,,,,,,,,,,,,,,,,,,,,,,,,,,,,,,,,,,,,,,,,,,,,
sci-870a3c2acf5f,rar_science,agentic-negonly,15.0,0.0,none,False,59.0,45.0,15.0,52.0,3.466666666666667,11.1,0.74,0.0,0.0,,,,adaptivity,,,,,,,,,,,,,,,,,,,,,,,,,,,,,,,,,,,,,,,,,,,,,,,,,,,
sci-88a263c8039c,rar_science,shipped,8.0,0.0,none,False,51.0,31.0,8.0,29.0,3.625,5.6,0.7,0.0,0.0,,,,adaptivity,,,,,,,,,,,,,,,,,,,,,,,,,,,,,,,,,,,,,,,,,,,,,,,,,,,
sci-88a263c8039c,rar_science,baseline,12.0,0.0,none,False,51.0,31.0,12.0,44.0,3.6666666666666665,9.2,0.7666666666666666,0.0,0.0,,,,adaptivity,,,,,,,,,,,,,,,,,,,,,,,,,,,,,,,,,,,,,,,,,,,,,,,,,,,
sci-88a263c8039c,rar_science,agentic,15.0,0.0,none,False,51.0,31.0,15.0,45.0,3.0,10.1,0.6733333333333333,0.0,0.0,,,,adaptivity,,,,,,,,,,,,,,,,,,,,,,,,,,,,,,,,,,,,,,,,,,,,,,,,,,,
sci-88a263c8039c,rar_science,agentic-goldonly,15.0,0.0,none,False,51.0,31.0,15.0,43.0,2.8666666666666667,9.5,0.6333333333333333,0.0,0.0,,,,adaptivity,,,,,,,,,,,,,,,,,,,,,,,,,,,,,,,,,,,,,,,,,,,,,,,,,,,
sci-88a263c8039c,rar_science,agentic-negonly,15.0,0.0,none,False,51.0,31.0,15.0,40.0,2.6666666666666665,9.799999999999999,0.6533333333333332,0.0,0.0,,,,adaptivity,,,,,,,,,,,,,,,,,,,,,,,,,,,,,,,,,,,,,,,,,,,,,,,,,,,
sci-8c97efc18a60,rar_science,shipped,7.0,0.0,mcq,True,15.0,7.0,7.0,25.0,3.5714285714285716,4.6,0.6571428571428571,0.0,0.0,,,,adaptivity,,,,,,,,,,,,,,,,,,,,,,,,,,,,,,,,,,,,,,,,,,,,,,,,,,,
sci-8c97efc18a60,rar_science,baseline,8.0,0.0,mcq,True,15.0,7.0,8.0,25.0,3.125,5.8999999999999995,0.7374999999999999,0.0,0.0,,,,adaptivity,,,,,,,,,,,,,,,,,,,,,,,,,,,,,,,,,,,,,,,,,,,,,,,,,,,
sci-8c97efc18a60,rar_science,agentic,7.0,0.0,mcq,True,15.0,7.0,7.0,20.0,2.857142857142857,4.6,0.6571428571428571,0.0,0.0,,,,adaptivity,,,,,,,,,,,,,,,,,,,,,,,,,,,,,,,,,,,,,,,,,,,,,,,,,,,
sci-8c97efc18a60,rar_science,agentic-goldonly,8.0,0.0,mcq,True,15.0,7.0,8.0,22.0,2.75,5.8,0.725,0.0,0.0,,,,adaptivity,,,,,,,,,,,,,,,,,,,,,,,,,,,,,,,,,,,,,,,,,,,,,,,,,,,
sci-8c97efc18a60,rar_science,agentic-negonly,11.0,0.0,mcq,True,15.0,7.0,11.0,29.0,2.6363636363636362,8.299999999999999,0.7545454545454544,0.0,0.0,,,,adaptivity,,,,,,,,,,,,,,,,,,,,,,,,,,,,,,,,,,,,,,,,,,,,,,,,,,,
sci-96d4e5af66b6,rar_science,shipped,8.0,0.0,none,False,50.0,16.0,8.0,30.0,3.75,5.9,0.7375,0.0,0.0,,,,adaptivity,,,,,,,,,,,,,,,,,,,,,,,,,,,,,,,,,,,,,,,,,,,,,,,,,,,
sci-96d4e5af66b6,rar_science,baseline,13.0,0.0,none,False,50.0,16.0,13.0,41.0,3.1538461538461537,9.4,0.7230769230769231,0.0,0.0,,,,adaptivity,,,,,,,,,,,,,,,,,,,,,,,,,,,,,,,,,,,,,,,,,,,,,,,,,,,
sci-96d4e5af66b6,rar_science,agentic,8.0,0.0,none,False,50.0,16.0,8.0,24.0,3.0,5.7,0.7125,0.0,0.0,,,,adaptivity,,,,,,,,,,,,,,,,,,,,,,,,,,,,,,,,,,,,,,,,,,,,,,,,,,,
sci-96d4e5af66b6,rar_science,agentic-goldonly,14.0,0.0,none,False,50.0,16.0,14.0,41.0,2.9285714285714284,9.8,0.7000000000000001,0.0,0.0,,,,adaptivity,,,,,,,,,,,,,,,,,,,,,,,,,,,,,,,,,,,,,,,,,,,,,,,,,,,
sci-96d4e5af66b6,rar_science,agentic-negonly,16.0,0.0,none,False,50.0,16.0,16.0,46.0,2.875,9.9,0.61875,0.0,0.0,,,,adaptivity,,,,,,,,,,,,,,,,,,,,,,,,,,,,,,,,,,,,,,,,,,,,,,,,,,,
sci-9dd57081a4e1,rar_science,shipped,8.0,0.0,none,False,45.0,142.0,8.0,29.0,3.625,5.9,0.7375,0.0,0.0,,,,adaptivity,,,,,,,,,,,,,,,,,,,,,,,,,,,,,,,,,,,,,,,,,,,,,,,,,,,
sci-9dd57081a4e1,rar_science,baseline,10.0,0.0,none,False,45.0,142.0,10.0,35.0,3.5,7.9,0.79,0.0,0.0,,,,adaptivity,,,,,,,,,,,,,,,,,,,,,,,,,,,,,,,,,,,,,,,,,,,,,,,,,,,
sci-9dd57081a4e1,rar_science,agentic,14.0,0.0,none,False,45.0,142.0,14.0,47.0,3.357142857142857,10.799999999999999,0.7714285714285714,0.0,0.0,,,,adaptivity,,,,,,,,,,,,,,,,,,,,,,,,,,,,,,,,,,,,,,,,,,,,,,,,,,,
sci-9dd57081a4e1,rar_science,agentic-goldonly,14.0,0.0,none,False,45.0,142.0,14.0,52.0,3.7142857142857144,11.1,0.7928571428571428,0.0,0.0,,,,adaptivity,,,,,,,,,,,,,,,,,,,,,,,,,,,,,,,,,,,,,,,,,,,,,,,,,,,
sci-9dd57081a4e1,rar_science,agentic-negonly,14.0,0.0,none,False,45.0,142.0,14.0,43.0,3.0714285714285716,10.6,0.7571428571428571,0.0,0.0,,,,adaptivity,,,,,,,,,,,,,,,,,,,,,,,,,,,,,,,,,,,,,,,,,,,,,,,,,,,
sci-b89c9561e59a,rar_science,shipped,8.0,0.0,none,False,49.0,28.0,8.0,25.0,3.125,5.8,0.725,0.0,0.0,,,,adaptivity,,,,,,,,,,,,,,,,,,,,,,,,,,,,,,,,,,,,,,,,,,,,,,,,,,,
sci-b89c9561e59a,rar_science,baseline,11.0,0.0,none,False,49.0,28.0,11.0,39.0,3.5454545454545454,8.5,0.7727272727272727,0.0,0.0,,,,adaptivity,,,,,,,,,,,,,,,,,,,,,,,,,,,,,,,,,,,,,,,,,,,,,,,,,,,
sci-b89c9561e59a,rar_science,agentic,6.0,0.0,none,False,49.0,28.0,6.0,21.0,3.5,5.5,0.9166666666666666,0.0,0.0,,,,adaptivity,,,,,,,,,,,,,,,,,,,,,,,,,,,,,,,,,,,,,,,,,,,,,,,,,,,
sci-b89c9561e59a,rar_science,agentic-goldonly,15.0,0.0,none,False,49.0,28.0,15.0,45.0,3.0,10.6,0.7066666666666667,0.0,0.0,,,,adaptivity,,,,,,,,,,,,,,,,,,,,,,,,,,,,,,,,,,,,,,,,,,,,,,,,,,,
sci-b89c9561e59a,rar_science,agentic-negonly,15.0,0.0,none,False,49.0,28.0,15.0,43.0,2.8666666666666667,11.1,0.74,0.0,0.0,,,,adaptivity,,,,,,,,,,,,,,,,,,,,,,,,,,,,,,,,,,,,,,,,,,,,,,,,,,,
sci-c482b1d1dd52,rar_science,shipped,7.0,0.0,none,False,14.0,29.0,7.0,26.0,3.7142857142857144,5.3,0.7571428571428571,0.0,0.0,,,,adaptivity,,,,,,,,,,,,,,,,,,,,,,,,,,,,,,,,,,,,,,,,,,,,,,,,,,,
sci-c482b1d1dd52,rar_science,baseline,8.0,0.0,none,False,14.0,29.0,8.0,29.0,3.625,6.5,0.8125,0.0,0.0,,,,adaptivity,,,,,,,,,,,,,,,,,,,,,,,,,,,,,,,,,,,,,,,,,,,,,,,,,,,
sci-c482b1d1dd52,rar_science,agentic,8.0,0.0,none,False,14.0,29.0,8.0,27.0,3.375,6.8,0.85,0.0,0.0,,,,adaptivity,,,,,,,,,,,,,,,,,,,,,,,,,,,,,,,,,,,,,,,,,,,,,,,,,,,
sci-c482b1d1dd52,rar_science,agentic-goldonly,9.0,0.0,none,False,14.0,29.0,9.0,29.0,3.2222222222222223,7.1,0.7888888888888889,0.0,0.0,,,,adaptivity,,,,,,,,,,,,,,,,,,,,,,,,,,,,,,,,,,,,,,,,,,,,,,,,,,,
sci-c482b1d1dd52,rar_science,agentic-negonly,11.0,0.0,none,False,14.0,29.0,11.0,29.0,2.6363636363636362,7.6,0.6909090909090909,0.0,0.0,,,,adaptivity,,,,,,,,,,,,,,,,,,,,,,,,,,,,,,,,,,,,,,,,,,,,,,,,,,,
sci-cd724737b87b,rar_science,shipped,7.0,0.0,none,False,66.0,16.0,7.0,29.0,4.142857142857143,5.6,0.7999999999999999,0.0,0.0,,,,adaptivity,,,,,,,,,,,,,,,,,,,,,,,,,,,,,,,,,,,,,,,,,,,,,,,,,,,
sci-cd724737b87b,rar_science,baseline,11.0,0.0,none,False,66.0,16.0,11.0,35.0,3.1818181818181817,8.5,0.7727272727272727,0.0,0.0,,,,adaptivity,,,,,,,,,,,,,,,,,,,,,,,,,,,,,,,,,,,,,,,,,,,,,,,,,,,
sci-cd724737b87b,rar_science,agentic,11.0,0.0,none,False,66.0,16.0,11.0,37.0,3.3636363636363638,8.9,0.8090909090909091,0.0,0.0,,,,adaptivity,,,,,,,,,,,,,,,,,,,,,,,,,,,,,,,,,,,,,,,,,,,,,,,,,,,
sci-cd724737b87b,rar_science,agentic-goldonly,13.0,0.0,none,False,66.0,16.0,13.0,41.0,3.1538461538461537,10.6,0.8153846153846154,0.0,0.0,,,,adaptivity,,,,,,,,,,,,,,,,,,,,,,,,,,,,,,,,,,,,,,,,,,,,,,,,,,,
sci-cd724737b87b,rar_science,agentic-negonly,15.0,0.0,none,False,66.0,16.0,15.0,48.0,3.2,10.7,0.7133333333333333,0.0,0.0,,,,adaptivity,,,,,,,,,,,,,,,,,,,,,,,,,,,,,,,,,,,,,,,,,,,,,,,,,,,
sci-ce709b73231a,rar_science,shipped,7.0,2.0,subquestions,False,93.0,143.0,3.5,25.0,3.5714285714285716,4.9,0.7000000000000001,2.0,0.0,0.0,0.19849740504453728,,adaptivity,,,,,,,,,,,,,,,,,,,,,,,,,,,,,,,,,,,,,,,,,,,,,,,,,,,
sci-ce709b73231a,rar_science,baseline,13.0,2.0,subquestions,False,93.0,143.0,6.5,46.0,3.5384615384615383,10.7,0.823076923076923,2.0,0.0,0.0,0.3407055579667494,,adaptivity,,,,,,,,,,,,,,,,,,,,,,,,,,,,,,,,,,,,,,,,,,,,,,,,,,,
sci-ce709b73231a,rar_science,agentic,14.0,2.0,subquestions,False,93.0,143.0,7.0,45.0,3.2142857142857144,11.1,0.7928571428571428,2.0,0.0,0.0,0.4369816554210486,,adaptivity,,,,,,,,,,,,,,,,,,,,,,,,,,,,,,,,,,,,,,,,,,,,,,,,,,,
sci-ce709b73231a,rar_science,agentic-goldonly,15.0,2.0,subquestions,False,93.0,143.0,7.5,52.0,3.466666666666667,12.5,0.8333333333333334,2.0,0.0,0.0,0.4369816554210486,,adaptivity,,,,,,,,,,,,,,,,,,,,,,,,,,,,,,,,,,,,,,,,,,,,,,,,,,,
sci-ce709b73231a,rar_science,agentic-negonly,15.0,2.0,subquestions,False,93.0,143.0,7.5,52.0,3.466666666666667,11.7,0.7799999999999999,2.0,0.0,0.0,0.4369816554210486,,adaptivity,,,,,,,,,,,,,,,,,,,,,,,,,,,,,,,,,,,,,,,,,,,,,,,,,,,
sci-d0020349f91f,rar_science,shipped,9.0,0.0,none,False,50.0,30.0,9.0,35.0,3.888888888888889,6.6,0.7333333333333333,0.0,0.0,,,,adaptivity,,,,,,,,,,,,,,,,,,,,,,,,,,,,,,,,,,,,,,,,,,,,,,,,,,,
sci-d0020349f91f,rar_science,baseline,10.0,0.0,none,False,50.0,30.0,10.0,34.0,3.4,8.2,0.82,0.0,0.0,,,,adaptivity,,,,,,,,,,,,,,,,,,,,,,,,,,,,,,,,,,,,,,,,,,,,,,,,,,,
sci-d0020349f91f,rar_science,agentic,6.0,0.0,none,False,50.0,30.0,6.0,13.0,2.1666666666666665,4.6,0.7666666666666666,0.0,0.0,,,,adaptivity,,,,,,,,,,,,,,,,,,,,,,,,,,,,,,,,,,,,,,,,,,,,,,,,,,,
sci-d0020349f91f,rar_science,agentic-goldonly,6.0,0.0,none,False,50.0,30.0,6.0,16.0,2.6666666666666665,5.3,0.8833333333333333,0.0,0.0,,,,adaptivity,,,,,,,,,,,,,,,,,,,,,,,,,,,,,,,,,,,,,,,,,,,,,,,,,,,
sci-d0020349f91f,rar_science,agentic-negonly,15.0,0.0,none,False,50.0,30.0,15.0,48.0,3.2,10.5,0.7,0.0,0.0,,,,adaptivity,,,,,,,,,,,,,,,,,,,,,,,,,,,,,,,,,,,,,,,,,,,,,,,,,,,
sci-debd831207ba,rar_science,shipped,7.0,0.0,none,False,43.0,36.0,7.0,25.0,3.5714285714285716,4.9,0.7000000000000001,0.0,0.0,,,,adaptivity,,,,,,,,,,,,,,,,,,,,,,,,,,,,,,,,,,,,,,,,,,,,,,,,,,,
sci-debd831207ba,rar_science,baseline,14.0,0.0,none,False,43.0,36.0,14.0,48.0,3.4285714285714284,10.5,0.75,0.0,0.0,,,,adaptivity,,,,,,,,,,,,,,,,,,,,,,,,,,,,,,,,,,,,,,,,,,,,,,,,,,,
sci-debd831207ba,rar_science,agentic,6.0,0.0,none,False,43.0,36.0,6.0,17.0,2.8333333333333335,4.1,0.6833333333333332,0.0,0.0,,,,adaptivity,,,,,,,,,,,,,,,,,,,,,,,,,,,,,,,,,,,,,,,,,,,,,,,,,,,
sci-debd831207ba,rar_science,agentic-goldonly,6.0,0.0,none,False,43.0,36.0,6.0,15.0,2.5,4.0,0.6666666666666666,0.0,0.0,,,,adaptivity,,,,,,,,,,,,,,,,,,,,,,,,,,,,,,,,,,,,,,,,,,,,,,,,,,,
sci-debd831207ba,rar_science,agentic-negonly,16.0,0.0,none,False,43.0,36.0,16.0,57.0,3.5625,11.7,0.73125,0.0,0.0,,,,adaptivity,,,,,,,,,,,,,,,,,,,,,,,,,,,,,,,,,,,,,,,,,,,,,,,,,,,
sci-e86ea8cb138a,rar_science,shipped,7.0,0.0,none,False,58.0,18.0,7.0,24.0,3.4285714285714284,4.9,0.7000000000000001,0.0,0.0,,,,adaptivity,,,,,,,,,,,,,,,,,,,,,,,,,,,,,,,,,,,,,,,,,,,,,,,,,,,
sci-e86ea8cb138a,rar_science,baseline,12.0,0.0,none,False,58.0,18.0,12.0,39.0,3.25,8.8,0.7333333333333334,0.0,0.0,,,,adaptivity,,,,,,,,,,,,,,,,,,,,,,,,,,,,,,,,,,,,,,,,,,,,,,,,,,,
sci-e86ea8cb138a,rar_science,agentic,6.0,0.0,none,False,58.0,18.0,6.0,14.0,2.3333333333333335,3.9,0.65,0.0,0.0,,,,adaptivity,,,,,,,,,,,,,,,,,,,,,,,,,,,,,,,,,,,,,,,,,,,,,,,,,,,
sci-e86ea8cb138a,rar_science,agentic-goldonly,6.0,0.0,none,False,58.0,18.0,6.0,13.0,2.1666666666666665,3.5,0.5833333333333334,0.0,0.0,,,,adaptivity,,,,,,,,,,,,,,,,,,,,,,,,,,,,,,,,,,,,,,,,,,,,,,,,,,,
sci-e86ea8cb138a,rar_science,agentic-negonly,14.0,0.0,none,False,58.0,18.0,14.0,31.0,2.2142857142857144,8.1,0.5785714285714285,0.0,0.0,,,,adaptivity,,,,,,,,,,,,,,,,,,,,,,,,,,,,,,,,,,,,,,,,,,,,,,,,,,,
med-02a8056b1d15,rar_medicine,shipped,,,,,62.0,90.0,,,,,,,,,,,grounding,10.0,25.0,0.2,1.0,0.8,0.14705882352941177,0.12987012987012986,2.0,0.2,0.0,0.0,2.0,0.1,0.1,0.1,0.1,0.1,0.058823529411764705,0.03896103896103896,0.15523809523809523,0.1,0.2,0.06785714285714287,2.0,10.0,,,,,,,,,,,,,,,,,,,,,,,,,,
med-02a8056b1d15,rar_medicine,baseline,,,,,62.0,90.0,,,,,,,,,,,grounding,7.0,25.0,0.0,1.0,1.0,0.0,0.0,2.857142857142857,0.2857142857142857,0.0,0.0,1.0,0.0,0.0,0.0,0.0,0.0,0.0,0.0,0.24285714285714285,0.14285714285714285,0.2857142857142857,0.0,0.0,7.0,,,,,,,,,,,,,,,,,,,,,,,,,,
med-02a8056b1d15,rar_medicine,agentic,,,,,62.0,90.0,,,,,,,,,,,grounding,10.0,25.0,0.0,1.0,1.0,0.0,0.0,2.5,0.4,0.0,0.0,1.0,0.0,0.0,0.0,0.0,0.0,0.0,0.0,0.21805555555555553,0.2,0.2,0.03333333333333333,0.0,10.0,,,,,,,,,,,,,,,,,,,,,,,,,,
med-02a8056b1d15,rar_medicine,agentic-goldonly,,,,,62.0,90.0,,,,,,,,,,,grounding,10.0,25.0,0.0,1.0,1.0,0.0,0.0,2.1,0.3,0.0,0.0,1.0,0.0,0.0,0.0,0.0,0.0,0.0,0.0,0.2936111111111111,0.3,0.4,0.03333333333333333,0.0,10.0,,,,,,,,,,,,,,,,,,,,,,,,,,
med-02a8056b1d15,rar_medicine,agentic-negonly,,,,,62.0,90.0,,,,,,,,,,,grounding,10.0,25.0,0.0,1.0,1.0,0.0,0.0,2.3,0.4,0.0,0.0,1.0,0.0,0.0,0.0,0.0,0.0,0.0,0.0,0.2702020202020202,0.2,0.4,0.03333333333333333,0.0,10.0,,,,,,,,,,,,,,,,,,,,,,,,,,
med-27bf6ad66800,rar_medicine,shipped,,,,,175.0,65.0,,,,,,,,,,,grounding,10.0,61.0,0.2,1.0,0.8,0.10344827586206896,0.17647058823529413,1.7,0.4,0.0,0.0,1.0,0.0,0.0,0.1,0.1,0.0,0.10344827586206896,0.10294117647058823,0.075,0.1,0.1,0.0,2.0,10.0,,,,,,,,,,,,,,,,,,,,,,,,,,
med-27bf6ad66800,rar_medicine,baseline,,,,,175.0,65.0,,,,,,,,,,,grounding,10.0,61.0,0.3,1.0,0.7,0.26666666666666666,0.2857142857142857,2.4,0.3,0.0,0.0,6.0,0.1,0.2,0.2,0.3,0.2,0.3,0.2857142857142857,0.050793650793650794,0.0,0.0,0.016666666666666666,3.0,10.0,,,,,,,,,,,,,,,,,,,,,,,,,,
med-27bf6ad66800,rar_medicine,agentic,,,,,175.0,65.0,,,,,,,,,,,grounding,12.0,61.0,0.0,1.0,1.0,0.0,0.0,3.5833333333333335,0.08333333333333333,0.0,0.0,1.0,0.0,0.08333333333333333,0.0,0.08333333333333333,0.0,0.05555555555555555,0.03614457831325301,0.04834656084656084,0.0,0.0,0.030723905723905723,0.0,12.0,,,,,,,,,,,,,,,,,,,,,,,,,,
med-27bf6ad66800,rar_medicine,agentic-goldonly,,,,,175.0,65.0,,,,,,,,,,,grounding,7.0,61.0,0.0,1.0,1.0,0.0,0.0,2.4285714285714284,0.14285714285714285,0.0,0.0,2.0,0.2857142857142857,0.0,0.0,0.0,0.0,0.0,0.0,0.061224489795918366,0.0,0.0,0.023809523809523808,0.0,7.0,,,,,,,,,,,,,,,,,,,,,,,,,,
med-27bf6ad66800,rar_medicine,agentic-negonly,,,,,175.0,65.0,,,,,,,,,,,grounding,12.0,61.0,0.0,1.0,1.0,0.0,0.0,2.5833333333333335,0.25,0.0,0.0,1.0,0.0,0.0,0.08333333333333333,0.08333333333333333,0.0,0.05714285714285714,0.08139534883720928,0.03571428571428571,0.0,0.0,0.022222222222222223,0.0,12.0,,,,,,,,,,,,,,,,,,,,,,,,,,
med-3e58d5c52834,rar_medicine,shipped,,,,,15.0,140.0,,,,,,,,,,,grounding,10.0,43.0,0.2,0.9,0.7,0.1724137931034483,0.23529411764705882,2.3,0.3,0.0,0.0,1.0,0.0,0.5,0.0,0.5,0.2,0.5172413793103449,0.6176470588235293,0.1636904761904762,0.1,0.3,0.016666666666666666,2.0,10.0,,,,,,,,,,,,,,,,,,,,,,,,,,
med-3e58d5c52834,rar_medicine,baseline,,,,,15.0,140.0,,,,,,,,,,,grounding,8.0,43.0,0.0,1.0,1.0,0.0,0.0,3.5,0.0,0.0,0.0,1.0,0.0,0.0,0.0,0.0,0.0,0.0,0.0,0.1671626984126984,0.0,0.25,0.0,0.0,8.0,,,,,,,,,,,,,,,,,,,,,,,,,,
med-3e58d5c52834,rar_medicine,agentic,,,,,15.0,140.0,,,,,,,,,,,grounding,6.0,43.0,0.0,1.0,1.0,0.0,0.0,4.5,0.0,0.0,0.0,1.0,0.0,0.0,0.0,0.0,0.0,0.0,0.0,0.3416005291005291,0.16666666666666666,0.6666666666666666,0.018518518518518517,0.0,6.0,,,,,,,,,,,,,,,,,,,,,,,,,,
med-3e58d5c52834,rar_medicine,agentic-goldonly,,,,,15.0,140.0,,,,,,,,,,,grounding,6.0,43.0,0.0,1.0,1.0,0.0,0.0,4.5,0.0,0.0,0.0,1.0,0.0,0.0,0.0,0.0,0.0,0.0,0.0,0.3323412698412698,0.16666666666666666,0.6666666666666666,0.018518518518518517,0.0,6.0,,,,,,,,,,,,,,,,,,,,,,,,,,
med-3e58d5c52834,rar_medicine,agentic-negonly,,,,,15.0,140.0,,,,,,,,,,,grounding,7.0,43.0,0.0,1.0,1.0,0.0,0.0,3.7142857142857144,0.0,0.0,0.0,1.0,0.0,0.0,0.0,0.0,0.0,0.0,0.0,0.327891156462585,0.14285714285714285,0.5714285714285714,0.015873015873015872,0.0,7.0,,,,,,,,,,,,,,,,,,,,,,,,,,
med-44131a7ca41d,rar_medicine,shipped,,,,,35.0,121.0,,,,,,,,,,,grounding,10.0,30.0,0.1,1.0,0.9,0.03125,0.039999999999999994,1.4,0.6,0.0,0.0,2.0,0.1,0.0,0.0,0.0,0.0,0.0,0.0,0.16,0.2,0.2,0.014285714285714285,1.0,10.0,,,,,,,,,,,,,,,,,,,,,,,,,,
med-44131a7ca41d,rar_medicine,baseline,,,,,35.0,121.0,,,,,,,,,,,grounding,9.0,30.0,0.0,1.0,1.0,0.0,0.0,2.6666666666666665,0.3333333333333333,0.0,0.0,1.0,0.0,0.1111111111111111,0.0,0.1111111111111111,0.0,0.16129032258064516,0.1388888888888889,0.1815776815776816,0.1111111111111111,0.1111111111111111,0.03131313131313132,0.0,9.0,,,,,,,,,,,,,,,,,,,,,,,,,,
med-44131a7ca41d,rar_medicine,agentic,,,,,35.0,121.0,,,,,,,,,,,grounding,15.0,30.0,0.13333333333333333,1.0,0.8666666666666667,0.11904761904761904,0.10638297872340426,1.8666666666666667,0.4666666666666667,0.0,0.0,1.0,0.0,0.0,0.0,0.0,0.0,0.0,0.0,0.19601010101010102,0.13333333333333333,0.3333333333333333,0.02571428571428571,2.0,15.0,,,,,,,,,,,,,,,,,,,,,,,,,,
med-44131a7ca41d,rar_medicine,agentic-goldonly,,,,,35.0,121.0,,,,,,,,,,,grounding,15.0,30.0,0.06666666666666667,1.0,0.9333333333333333,0.04,0.026548672566371678,1.9333333333333333,0.5333333333333333,0.0,0.0,1.0,0.0,0.0,0.0,0.0,0.0,0.0,0.0,0.20365079365079364,0.13333333333333333,0.3333333333333333,0.046296296296296294,1.0,15.0,,,,,,,,,,,,,,,,,,,,,,,,,,
med-44131a7ca41d,rar_medicine,agentic-negonly,,,,,35.0,121.0,,,,,,,,,,,grounding,15.0,30.0,0.0,1.0,1.0,0.0,0.0,2.2666666666666666,0.4666666666666667,0.0,0.0,1.0,0.0,0.0,0.0,0.0,0.0,0.0,0.0,0.17650793650793653,0.06666666666666667,0.2,0.03433048433048433,0.0,15.0,,,,,,,,,,,,,,,,,,,,,,,,,,
med-44c1b0452475,rar_medicine,shipped,,,,,28.0,64.0,,,,,,,,,,,grounding,9.0,27.0,0.0,1.0,1.0,0.0,0.0,3.7777777777777777,0.0,0.0,0.0,1.0,0.0,0.1111111111111111,0.1111111111111111,0.1111111111111111,0.0,0.03571428571428571,0.047619047619047616,0.18333333333333332,0.1111111111111111,0.3333333333333333,0.05291005291005291,0.0,9.0,,,,,,,,,,,,,,,,,,,,,,,,,,
med-44c1b0452475,rar_medicine,baseline,,,,,28.0,64.0,,,,,,,,,,,grounding,5.0,27.0,0.2,1.0,0.8,0.06666666666666667,0.08333333333333334,4.2,0.4,0.0,0.0,6.0,0.4,0.2,0.2,0.2,0.2,0.06666666666666667,0.08333333333333334,0.17835497835497832,0.0,0.2,0.1,1.0,5.0,,,,,,,,,,,,,,,,,,,,,,,,,,
med-44c1b0452475,rar_medicine,agentic,,,,,28.0,64.0,,,,,,,,,,,grounding,7.0,27.0,0.0,1.0,1.0,0.0,0.0,6.285714285714286,0.0,0.0,0.0,2.0,0.2857142857142857,0.0,0.0,0.0,0.0,0.0,0.0,0.3415750915750916,0.2857142857142857,0.5714285714285714,0.20649350649350648,0.0,7.0,,,,,,,,,,,,,,,,,,,,,,,,,,
med-44c1b0452475,rar_medicine,agentic-goldonly,,,,,28.0,64.0,,,,,,,,,,,grounding,6.0,27.0,0.0,1.0,1.0,0.0,0.0,6.5,0.0,0.0,0.0,2.0,0.3333333333333333,0.0,0.0,0.0,0.0,0.0,0.0,0.2665343915343915,0.0,0.3333333333333333,0.20949883449883452,0.0,6.0,,,,,,,,,,,,,,,,,,,,,,,,,,
med-44c1b0452475,rar_medicine,agentic-negonly,,,,,28.0,64.0,,,,,,,,,,,grounding,7.0,27.0,0.0,1.0,1.0,0.0,0.0,4.428571428571429,0.0,0.0,0.0,1.0,0.0,0.0,0.0,0.0,0.0,0.0,0.0,0.29166666666666663,0.2857142857142857,0.5714285714285714,0.07792207792207792,0.0,7.0,,,,,,,,,,,,,,,,,,,,,,,,,,
med-45b65c37ae12,rar_medicine,shipped,,,,,32.0,90.0,,,,,,,,,,,grounding,10.0,17.0,0.2,1.0,0.8,0.17647058823529413,0.1940298507462687,2.3,0.4,0.0,0.0,2.0,0.1,0.2,0.1,0.2,0.2,0.17647058823529413,0.1940298507462687,0.08214285714285714,0.1,0.1,0.07575757575757576,2.0,10.0,,,,,,,,,,,,,,,,,,,,,,,,,,
med-45b65c37ae12,rar_medicine,baseline,,,,,32.0,90.0,,,,,,,,,,,grounding,9.0,17.0,0.3333333333333333,1.0,0.6666666666666667,0.3,0.31884057971014496,2.2222222222222223,0.3333333333333333,0.0,0.0,2.0,0.1111111111111111,0.2222222222222222,0.1111111111111111,0.2222222222222222,0.2222222222222222,0.23333333333333334,0.18840579710144928,0.17946127946127946,0.2222222222222222,0.3333333333333333,0.06349206349206349,3.0,9.0,,,,,,,,,,,,,,,,,,,,,,,,,,
med-45b65c37ae12,rar_medicine,agentic,,,,,32.0,90.0,,,,,,,,,,,grounding,10.0,17.0,0.1,1.0,0.9,0.0625,0.047619047619047616,1.8,0.5,0.0,0.0,1.0,0.0,0.0,0.0,0.0,0.0,0.0,0.0,0.25285714285714284,0.3,0.4,0.04,1.0,10.0,,,,,,,,,,,,,,,,,,,,,,,,,,
med-45b65c37ae12,rar_medicine,agentic-goldonly,,,,,32.0,90.0,,,,,,,,,,,grounding,10.0,17.0,0.1,1.0,0.9,0.03571428571428571,0.047619047619047616,1.8,0.5,0.0,0.0,1.0,0.0,0.0,0.0,0.0,0.0,0.0,0.0,0.25535714285714284,0.3,0.4,0.04,1.0,10.0,,,,,,,,,,,,,,,,,,,,,,,,,,
med-45b65c37ae12,rar_medicine,agentic-negonly,,,,,32.0,90.0,,,,,,,,,,,grounding,10.0,17.0,0.1,1.0,0.9,0.06896551724137931,0.047619047619047616,2.1,0.4,0.0,0.0,1.0,0.0,0.0,0.0,0.0,0.0,0.0,0.0,0.29293956043956043,0.3,0.5,0.09,1.0,10.0,,,,,,,,,,,,,,,,,,,,,,,,,,
med-53e3b6247ade,rar_medicine,shipped,,,,,64.0,137.0,,,,,,,,,,,grounding,10.0,34.0,0.2,1.0,0.8,0.07142857142857142,0.19047619047619047,2.8,0.3,0.0,0.0,2.0,0.1,0.2,0.1,0.2,0.1,0.07142857142857142,0.09523809523809523,0.13083333333333333,0.0,0.2,0.0,2.0,10.0,,,,,,,,,,,,,,,,,,,,,,,,,,
med-53e3b6247ade,rar_medicine,baseline,,,,,64.0,137.0,,,,,,,,,,,grounding,9.0,34.0,0.1111111111111111,1.0,0.8888888888888888,0.07692307692307693,0.14516129032258066,3.2222222222222223,0.3333333333333333,0.0,0.0,1.0,0.0,0.0,0.0,0.0,0.0,0.0,0.0,0.19832143165476498,0.1111111111111111,0.3333333333333333,0.0,1.0,9.0,,,,,,,,,,,,,,,,,,,,,,,,,,
med-53e3b6247ade,rar_medicine,agentic,,,,,64.0,137.0,,,,,,,,,,,grounding,11.0,34.0,0.0,1.0,1.0,0.0,0.0,4.454545454545454,0.09090909090909091,0.0,0.0,1.0,0.0,0.0,0.0,0.0,0.0,0.0,0.0,0.1906898656898657,0.09090909090909091,0.36363636363636365,0.055739210284664824,0.0,11.0,,,,,,,,,,,,,,,,,,,,,,,,,,
med-53e3b6247ade,rar_medicine,agentic-goldonly,,,,,64.0,137.0,,,,,,,,,,,grounding,12.0,34.0,0.0,0.9166666666666666,0.9166666666666666,0.0,0.0,4.166666666666667,0.08333333333333333,0.0,0.0,1.0,0.0,0.0,0.0,0.0,0.0,0.0,0.0,0.22173941798941801,0.16666666666666666,0.3333333333333333,0.043750000000000004,0.0,12.0,,,,,,,,,,,,,,,,,,,,,,,,,,
med-53e3b6247ade,rar_medicine,agentic-negonly,,,,,64.0,137.0,,,,,,,,,,,grounding,12.0,34.0,0.0,0.9166666666666666,0.9166666666666666,0.0,0.0,4.416666666666667,0.16666666666666666,0.0,0.0,1.0,0.0,0.0,0.0,0.0,0.0,0.0,0.0,0.19594979296066253,0.08333333333333333,0.4166666666666667,0.02988215488215488,0.0,12.0,,,,,,,,,,,,,,,,,,,,,,,,,,
med-5a729ac36da6,rar_medicine,shipped,,,,,19.0,53.0,,,,,,,,,,,grounding,8.0,16.0,0.125,1.0,0.875,0.08333333333333333,0.05454545454545454,2.125,0.375,0.0,0.0,5.0,0.125,0.375,0.125,0.375,0.125,0.4583333333333333,0.36363636363636365,0.022727272727272728,0.0,0.0,0.0125,1.0,8.0,,,,,,,,,,,,,,,,,,,,,,,,,,
med-5a729ac36da6,rar_medicine,baseline,,,,,19.0,53.0,,,,,,,,,,,grounding,10.0,16.0,0.2,1.0,0.8,0.05555555555555555,0.1411764705882353,1.4,0.5,0.0,0.0,6.0,0.1,0.6,0.1,0.6,0.1,0.6944444444444444,0.5882352941176471,0.0,0.0,0.0,0.0,2.0,10.0,,,,,,,,,,,,,,,,,,,,,,,,,,
med-5a729ac36da6,rar_medicine,agentic,,,,,19.0,53.0,,,,,,,,,,,grounding,6.0,16.0,0.0,1.0,1.0,0.0,0.0,5.0,0.0,0.0,0.0,2.0,0.3333333333333333,0.0,0.0,0.0,0.0,0.0,0.0,0.16262626262626262,0.0,0.3333333333333333,0.09999999999999999,0.0,6.0,,,,,,,,,,,,,,,,,,,,,,,,,,
med-5a729ac36da6,rar_medicine,agentic-goldonly,,,,,19.0,53.0,,,,,,,,,,,grounding,6.0,16.0,0.0,1.0,1.0,0.0,0.0,5.666666666666667,0.0,0.0,0.0,2.0,0.3333333333333333,0.0,0.0,0.0,0.0,0.0,0.0,0.17153891859774215,0.0,0.16666666666666666,0.08125,0.0,6.0,,,,,,,,,,,,,,,,,,,,,,,,,,
med-5a729ac36da6,rar_medicine,agentic-negonly,,,,,19.0,53.0,,,,,,,,,,,grounding,8.0,16.0,0.0,1.0,1.0,0.0,0.0,3.375,0.125,0.0,0.0,1.0,0.0,0.0,0.0,0.0,0.0,0.0,0.0,0.041666666666666664,0.0,0.0,0.0,0.0,8.0,,,,,,,,,,,,,,,,,,,,,,,,,,
med-5c4c1ea586d0,rar_medicine,shipped,,,,,27.0,88.0,,,,,,,,,,,grounding,10.0,24.0,0.3,1.0,0.7,0.14814814814814814,0.23076923076923078,1.7,0.4,0.0,0.0,2.0,0.1,0.2,0.2,0.2,0.2,0.1111111111111111,0.0923076923076923,0.09821428571428571,0.0,0.2,0.016666666666666666,3.0,10.0,,,,,,,,,,,,,,,,,,,,,,,,,,
med-5c4c1ea586d0,rar_medicine,baseline,,,,,27.0,88.0,,,,,,,,,,,grounding,9.0,24.0,0.2222222222222222,1.0,0.7777777777777778,0.14814814814814814,0.22222222222222224,2.0,0.3333333333333333,0.0,0.0,1.0,0.0,0.1111111111111111,0.1111111111111111,0.2222222222222222,0.1111111111111111,0.18518518518518517,0.19444444444444442,0.12777777777777777,0.0,0.2222222222222222,0.015873015873015872,2.0,9.0,,,,,,,,,,,,,,,,,,,,,,,,,,
med-5c4c1ea586d0,rar_medicine,agentic,,,,,27.0,88.0,,,,,,,,,,,grounding,10.0,24.0,0.0,1.0,1.0,0.0,0.0,3.6,0.1,0.0,0.0,1.0,0.0,0.0,0.0,0.0,0.0,0.0,0.0,0.15643523143523144,0.0,0.2,0.008333333333333333,0.0,10.0,,,,,,,,,,,,,,,,,,,,,,,,,,
med-5c4c1ea586d0,rar_medicine,agentic-goldonly,,,,,27.0,88.0,,,,,,,,,,,grounding,11.0,24.0,0.0,1.0,1.0,0.0,0.0,3.272727272727273,0.0,0.0,0.0,1.0,0.0,0.0,0.0,0.0,0.0,0.0,0.0,0.1737012987012987,0.18181818181818182,0.2727272727272727,0.06363636363636363,0.0,11.0,,,,,,,,,,,,,,,,,,,,,,,,,,
med-5c4c1ea586d0,rar_medicine,agentic-negonly,,,,,27.0,88.0,,,,,,,,,,,grounding,11.0,24.0,0.0,1.0,1.0,0.0,0.0,3.6363636363636362,0.0,0.0,0.0,1.0,0.0,0.0,0.0,0.0,0.0,0.0,0.0,0.18488455988455987,0.18181818181818182,0.2727272727272727,0.07208448117539028,0.0,11.0,,,,,,,,,,,,,,,,,,,,,,,,,,
med-6c38d46aa8e9,rar_medicine,shipped,,,,,22.0,166.0,,,,,,,,,,,grounding,11.0,37.0,0.0,1.0,1.0,0.0,0.0,3.3636363636363638,0.2727272727272727,0.0,0.0,1.0,0.0,0.2727272727272727,0.0,0.2727272727272727,0.0,0.21212121212121213,0.3055555555555555,0.12121212121212123,0.09090909090909091,0.09090909090909091,0.0,0.0,11.0,,,,,,,,,,,,,,,,,,,,,,,,,,
med-6c38d46aa8e9,rar_medicine,baseline,,,,,22.0,166.0,,,,,,,,,,,grounding,10.0,37.0,0.1,1.0,0.9,0.02857142857142857,0.03658536585365853,4.2,0.1,0.0,0.0,3.0,0.1,0.2,0.1,0.2,0.1,0.17142857142857143,0.15853658536585363,0.12833333333333333,0.0,0.1,0.026785714285714284,1.0,10.0,,,,,,,,,,,,,,,,,,,,,,,,,,
med-6c38d46aa8e9,rar_medicine,agentic,,,,,22.0,166.0,,,,,,,,,,,grounding,12.0,37.0,0.0,1.0,1.0,0.0,0.0,5.666666666666667,0.0,0.0,0.0,1.0,0.0,0.0,0.0,0.0,0.0,0.0,0.0,0.20066738816738816,0.08333333333333333,0.16666666666666666,0.037037037037037035,0.0,12.0,,,,,,,,,,,,,,,,,,,,,,,,,,
med-6c38d46aa8e9,rar_medicine,agentic-goldonly,,,,,22.0,166.0,,,,,,,,,,,grounding,11.0,37.0,0.0,1.0,1.0,0.0,0.0,5.818181818181818,0.0,0.0,0.0,1.0,0.0,0.0,0.0,0.0,0.0,0.0,0.0,0.22611832611832614,0.18181818181818182,0.2727272727272727,0.05176767676767677,0.0,11.0,,,,,,,,,,,,,,,,,,,,,,,,,,
med-6c38d46aa8e9,rar_medicine,agentic-negonly,,,,,22.0,166.0,,,,,,,,,,,grounding,11.0,37.0,0.0,1.0,1.0,0.0,0.0,6.454545454545454,0.0,0.0,0.0,1.0,0.0,0.0,0.0,0.0,0.0,0.0,0.0,0.23741736575961173,0.18181818181818182,0.2727272727272727,0.0404040404040404,0.0,11.0,,,,,,,,,,,,,,,,,,,,,,,,,,
med-75b39d0ce8c6,rar_medicine,shipped,,,,,27.0,65.0,,,,,,,,,,,grounding,10.0,22.0,0.2,1.0,0.8,0.11538461538461539,0.09374999999999999,2.9,0.3,0.0,0.0,5.0,0.2,0.2,0.1,0.2,0.1,0.23076923076923078,0.203125,0.08789682539682539,0.1,0.1,0.026785714285714284,2.0,10.0,,,,,,,,,,,,,,,,,,,,,,,,,,
med-75b39d0ce8c6,rar_medicine,baseline,,,,,27.0,65.0,,,,,,,,,,,grounding,7.0,22.0,0.14285714285714285,1.0,0.8571428571428572,0.05263157894736842,0.0625,3.857142857142857,0.14285714285714285,0.0,0.0,1.0,0.0,0.14285714285714285,0.14285714285714285,0.14285714285714285,0.14285714285714285,0.05263157894736842,0.0625,0.18911564625850338,0.14285714285714285,0.2857142857142857,0.0,1.0,7.0,,,,,,,,,,,,,,,,,,,,,,,,,,
med-75b39d0ce8c6,rar_medicine,agentic,,,,,27.0,65.0,,,,,,,,,,,grounding,11.0,22.0,0.09090909090909091,1.0,0.9090909090909091,0.05714285714285714,0.11842105263157894,3.1818181818181817,0.09090909090909091,0.0,0.0,1.0,0.0,0.0,0.0,0.0,0.0,0.0,0.0,0.18409090909090908,0.0,0.45454545454545453,0.0,1.0,11.0,,,,,,,,,,,,,,,,,,,,,,,,,,
med-75b39d0ce8c6,rar_medicine,agentic-goldonly,,,,,27.0,65.0,,,,,,,,,,,grounding,11.0,22.0,0.0,1.0,1.0,0.0,0.0,3.6363636363636362,0.18181818181818182,0.0,0.0,1.0,0.0,0.0,0.0,0.0,0.0,0.0,0.0,0.13837072018890198,0.18181818181818182,0.18181818181818182,0.006993006993006993,0.0,11.0,,,,,,,,,,,,,,,,,,,,,,,,,,
med-75b39d0ce8c6,rar_medicine,agentic-negonly,,,,,27.0,65.0,,,,,,,,,,,grounding,11.0,22.0,0.0,1.0,1.0,0.0,0.0,3.6363636363636362,0.18181818181818182,0.0,0.0,1.0,0.0,0.0,0.0,0.0,0.0,0.0,0.0,0.11412829594647776,0.09090909090909091,0.18181818181818182,0.0,0.0,11.0,,,,,,,,,,,,,,,,,,,,,,,,,,
med-769d6769c7d8,rar_medicine,shipped,,,,,42.0,131.0,,,,,,,,,,,grounding,12.0,39.0,0.08333333333333333,1.0,0.9166666666666666,0.027777777777777776,0.03529411764705882,2.75,0.25,0.0,0.0,1.0,0.0,0.16666666666666666,0.16666666666666666,0.25,0.08333333333333333,0.1388888888888889,0.15294117647058825,0.0863095238095238,0.0,0.0,0.0,1.0,12.0,,,,,,,,,,,,,,,,,,,,,,,,,,
med-769d6769c7d8,rar_medicine,baseline,,,,,42.0,131.0,,,,,,,,,,,grounding,8.0,39.0,0.125,1.0,0.875,0.034482758620689655,0.045454545454545456,3.375,0.25,0.0,0.0,6.0,0.125,0.125,0.125,0.125,0.125,0.034482758620689655,0.045454545454545456,0.15795454545454546,0.0,0.25,0.0,1.0,8.0,,,,,,,,,,,,,,,,,,,,,,,,,,
med-769d6769c7d8,rar_medicine,agentic,,,,,42.0,131.0,,,,,,,,,,,grounding,15.0,39.0,0.0,1.0,1.0,0.0,0.0,3.6666666666666665,0.06666666666666667,0.0,0.0,2.0,0.13333333333333333,0.0,0.26666666666666666,0.26666666666666666,0.0,0.22033898305084745,0.26515151515151514,0.22772486772486772,0.13333333333333333,0.26666666666666666,0.0,0.0,15.0,,,,,,,,,,,,,,,,,,,,,,,,,,
med-769d6769c7d8,rar_medicine,agentic-goldonly,,,,,42.0,131.0,,,,,,,,,,,grounding,15.0,39.0,0.0,1.0,1.0,0.0,0.0,3.8666666666666667,0.0,0.0,0.0,2.0,0.13333333333333333,0.0,0.2,0.2,0.0,0.18518518518518517,0.20634920634920637,0.17931216931216928,0.06666666666666667,0.3333333333333333,0.0,0.0,15.0,,,,,,,,,,,,,,,,,,,,,,,,,,
med-769d6769c7d8,rar_medicine,agentic-negonly,,,,,42.0,131.0,,,,,,,,,,,grounding,15.0,39.0,0.0,1.0,1.0,0.0,0.0,4.0,0.0,0.0,0.0,2.0,0.13333333333333333,0.0,0.13333333333333333,0.13333333333333333,0.0,0.12727272727272726,0.14728682170542634,0.22785714285714284,0.13333333333333333,0.3333333333333333,0.0,0.0,15.0,,,,,,,,,,,,,,,,,,,,,,,,,,
med-8227a3f56ff4,rar_medicine,shipped,,,,,52.0,71.0,,,,,,,,,,,grounding,10.0,18.0,0.3,1.0,0.7,0.3333333333333333,0.26666666666666666,1.7,0.5,0.0,0.0,2.0,0.1,0.4,0.1,0.4,0.2,0.5151515151515151,0.44,0.13611111111111113,0.1,0.2,0.05833333333333333,3.0,10.0,,,,,,,,,,,,,,,,,,,,,,,,,,
med-8227a3f56ff4,rar_medicine,baseline,,,,,52.0,71.0,,,,,,,,,,,grounding,8.0,18.0,0.125,1.0,0.875,0.04,0.048387096774193554,1.625,0.625,0.0,0.0,1.0,0.0,0.5,0.125,0.5,0.125,0.48,0.467741935483871,0.11785714285714285,0.125,0.125,0.0,1.0,8.0,,,,,,,,,,,,,,,,,,,,,,,,,,
med-8227a3f56ff4,rar_medicine,agentic,,,,,52.0,71.0,,,,,,,,,,,grounding,9.0,18.0,0.0,1.0,1.0,0.0,0.0,2.888888888888889,0.1111111111111111,0.0,0.0,1.0,0.0,0.0,0.0,0.0,0.0,0.0,0.0,0.0564373897707231,0.0,0.0,0.022222222222222223,0.0,9.0,,,,,,,,,,,,,,,,,,,,,,,,,,
med-8227a3f56ff4,rar_medicine,agentic-goldonly,,,,,52.0,71.0,,,,,,,,,,,grounding,10.0,18.0,0.0,1.0,1.0,0.0,0.0,2.6,0.1,0.0,0.0,1.0,0.0,0.0,0.0,0.0,0.0,0.0,0.0,0.09681318681318682,0.1,0.1,0.0,0.0,10.0,,,,,,,,,,,,,,,,,,,,,,,,,,
med-8227a3f56ff4,rar_medicine,agentic-negonly,,,,,52.0,71.0,,,,,,,,,,,grounding,10.0,18.0,0.0,1.0,1.0,0.0,0.0,2.4,0.1,0.0,0.0,1.0,0.0,0.0,0.0,0.0,0.0,0.0,0.0,0.03,0.0,0.1,0.0,0.0,10.0,,,,,,,,,,,,,,,,,,,,,,,,,,
med-82b936c85c28,rar_medicine,shipped,,,,,14.0,118.0,,,,,,,,,,,grounding,8.0,30.0,0.25,0.875,0.625,0.125,0.23076923076923078,2.0,0.375,0.0,0.0,3.0,0.125,0.125,0.75,0.75,0.25,0.75,0.8076923076923078,0.2424107142857143,0.25,0.375,0.0,2.0,8.0,,,,,,,,,,,,,,,,,,,,,,,,,,
med-82b936c85c28,rar_medicine,baseline,,,,,14.0,118.0,,,,,,,,,,,grounding,9.0,30.0,0.2222222222222222,1.0,0.7777777777777778,0.16666666666666666,0.14492753623188406,1.2222222222222223,0.6666666666666666,0.0,0.0,2.0,0.1111111111111111,0.1111111111111111,1.0,1.0,0.2222222222222222,1.0,1.0,0.21626984126984128,0.2222222222222222,0.2222222222222222,0.027777777777777776,2.0,9.0,,,,,,,,,,,,,,,,,,,,,,,,,,
med-82b936c85c28,rar_medicine,agentic,,,,,14.0,118.0,,,,,,,,,,,grounding,12.0,30.0,0.08333333333333333,0.9166666666666666,0.8333333333333333,0.02857142857142857,0.10227272727272727,2.5,0.25,0.0,0.0,1.0,0.0,0.0,0.5833333333333334,0.5833333333333334,0.08333333333333333,0.5714285714285714,0.5795454545454546,0.24609788359788362,0.25,0.4166666666666667,0.0,1.0,12.0,,,,,,,,,,,,,,,,,,,,,,,,,,
med-82b936c85c28,rar_medicine,agentic-goldonly,,,,,14.0,118.0,,,,,,,,,,,grounding,12.0,30.0,0.08333333333333333,1.0,0.9166666666666666,0.02857142857142857,0.09890109890109891,3.0833333333333335,0.16666666666666666,0.0,0.0,1.0,0.0,0.0,0.6666666666666666,0.6666666666666666,0.08333333333333333,0.7142857142857143,0.7362637362637363,0.32554713804713803,0.25,0.4166666666666667,0.0,1.0,12.0,,,,,,,,,,,,,,,,,,,,,,,,,,
med-82b936c85c28,rar_medicine,agentic-negonly,,,,,14.0,118.0,,,,,,,,,,,grounding,11.0,30.0,0.0,1.0,1.0,0.0,0.0,3.272727272727273,0.09090909090909091,0.0,0.0,1.0,0.0,0.0,0.6363636363636364,0.6363636363636364,0.0,0.6764705882352942,0.6417910447761195,0.3216253443526171,0.18181818181818182,0.45454545454545453,0.0,0.0,11.0,,,,,,,,,,,,,,,,,,,,,,,,,,
med-91ae4098e221,rar_medicine,shipped,,,,,27.0,65.0,,,,,,,,,,,grounding,10.0,10.0,0.1,1.0,0.9,0.07692307692307693,0.05084745762711865,2.2,0.2,0.0,0.0,1.0,0.0,0.3,0.8,0.8,0.1,0.8076923076923077,0.8305084745762712,0.23035714285714287,0.2,0.2,0.0,1.0,10.0,,,,,,,,,,,,,,,,,,,,,,,,,,
med-91ae4098e221,rar_medicine,baseline,,,,,27.0,65.0,,,,,,,,,,,grounding,9.0,10.0,0.1111111111111111,1.0,0.8888888888888888,0.037037037037037035,0.046153846153846156,2.3333333333333335,0.2222222222222222,0.0,0.0,3.0,0.1111111111111111,0.2222222222222222,0.7777777777777778,0.7777777777777778,0.1111111111111111,0.7407407407407407,0.8,0.15568783068783068,0.1111111111111111,0.3333333333333333,0.044444444444444446,1.0,9.0,,,,,,,,,,,,,,,,,,,,,,,,,,
med-91ae4098e221,rar_medicine,agentic,,,,,27.0,65.0,,,,,,,,,,,grounding,7.0,10.0,0.0,1.0,1.0,0.0,0.0,2.4285714285714284,0.14285714285714285,0.0,0.0,1.0,0.0,0.14285714285714285,0.42857142857142855,0.42857142857142855,0.0,0.44,0.3888888888888888,0.38061224489795914,0.42857142857142855,0.42857142857142855,0.03571428571428571,0.0,7.0,,,,,,,,,,,,,,,,,,,,,,,,,,
med-91ae4098e221,rar_medicine,agentic-goldonly,,,,,27.0,65.0,,,,,,,,,,,grounding,9.0,10.0,0.0,1.0,1.0,0.0,0.0,2.111111111111111,0.2222222222222222,0.0,0.0,1.0,0.0,0.1111111111111111,0.3333333333333333,0.3333333333333333,0.0,0.34615384615384615,0.29999999999999993,0.30714285714285716,0.3333333333333333,0.3333333333333333,0.0,0.0,9.0,,,,,,,,,,,,,,,,,,,,,,,,,,
med-91ae4098e221,rar_medicine,agentic-negonly,,,,,27.0,65.0,,,,,,,,,,,grounding,10.0,10.0,0.0,1.0,1.0,0.0,0.0,1.9,0.3,0.0,0.0,1.0,0.0,0.0,0.2,0.2,0.0,0.2222222222222222,0.2028985507246377,0.16642857142857143,0.1,0.1,0.025,0.0,10.0,,,,,,,,,,,,,,,,,,,,,,,,,,
med-931e7fb4de55,rar_medicine,shipped,,,,,53.0,95.0,,,,,,,,,,,grounding,10.0,37.0,0.3,1.0,0.7,0.1875,0.1733333333333333,2.6,0.4,0.0,0.0,5.0,0.2,0.1,0.2,0.2,0.2,0.09375,0.07999999999999999,0.1680952380952381,0.0,0.4,0.05555555555555556,3.0,10.0,,,,,,,,,,,,,,,,,,,,,,,,,,
med-931e7fb4de55,rar_medicine,baseline,,,,,53.0,95.0,,,,,,,,,,,grounding,7.0,37.0,0.0,1.0,1.0,0.0,0.0,2.7142857142857144,0.14285714285714285,0.0,0.0,1.0,0.0,0.0,0.0,0.0,0.0,0.0,0.0,0.047619047619047616,0.0,0.14285714285714285,0.05357142857142857,0.0,7.0,,,,,,,,,,,,,,,,,,,,,,,,,,
med-931e7fb4de55,rar_medicine,agentic,,,,,53.0,95.0,,,,,,,,,,,grounding,10.0,37.0,0.0,0.9,0.9,0.0,0.0,4.1,0.0,0.0,0.0,1.0,0.0,0.0,0.0,0.0,0.0,0.0,0.0,0.2081349206349207,0.1,0.3,0.02857142857142857,0.0,10.0,,,,,,,,,,,,,,,,,,,,,,,,,,
med-931e7fb4de55,rar_medicine,agentic-goldonly,,,,,53.0,95.0,,,,,,,,,,,grounding,10.0,37.0,0.0,1.0,1.0,0.0,0.0,3.6,0.1,0.0,0.0,1.0,0.0,0.0,0.0,0.0,0.0,0.0,0.0,0.24861111111111106,0.2,0.5,0.025,0.0,10.0,,,,,,,,,,,,,,,,,,,,,,,,,,
med-931e7fb4de55,rar_medicine,agentic-negonly,,,,,53.0,95.0,,,,,,,,,,,grounding,10.0,37.0,0.0,1.0,1.0,0.0,0.0,3.4,0.1,0.0,0.0,1.0,0.0,0.0,0.0,0.0,0.0,0.0,0.0,0.24416666666666664,0.2,0.4,0.02222222222222222,0.0,10.0,,,,,,,,,,,,,,,,,,,,,,,,,,
med-960f0934dd5d,rar_medicine,shipped,,,,,12.0,60.0,,,,,,,,,,,grounding,9.0,15.0,0.3333333333333333,1.0,0.6666666666666667,0.16,0.1607142857142857,2.4444444444444446,0.3333333333333333,0.0,0.0,2.0,0.1111111111111111,0.5555555555555556,0.1111111111111111,0.5555555555555556,0.1111111111111111,0.6,0.6428571428571428,0.14351851851851852,0.1111111111111111,0.2222222222222222,0.0,3.0,9.0,,,,,,,,,,,,,,,,,,,,,,,,,,
med-960f0934dd5d,rar_medicine,baseline,,,,,12.0,60.0,,,,,,,,,,,grounding,6.0,15.0,0.16666666666666666,1.0,0.8333333333333334,0.0625,0.06666666666666667,3.3333333333333335,0.3333333333333333,0.0,0.0,6.0,0.3333333333333333,0.8333333333333334,0.16666666666666666,0.8333333333333334,0.16666666666666666,0.9375,0.7999999999999999,0.11706349206349205,0.0,0.0,0.0,1.0,6.0,,,,,,,,,,,,,,,,,,,,,,,,,,
med-960f0934dd5d,rar_medicine,agentic,,,,,12.0,60.0,,,,,,,,,,,grounding,7.0,15.0,0.0,1.0,1.0,0.0,0.0,3.5714285714285716,0.0,0.0,0.0,1.0,0.0,0.0,0.0,0.0,0.0,0.0,0.0,0.2649659863945578,0.14285714285714285,0.2857142857142857,0.19047619047619047,0.0,7.0,,,,,,,,,,,,,,,,,,,,,,,,,,
med-960f0934dd5d,rar_medicine,agentic-goldonly,,,,,12.0,60.0,,,,,,,,,,,grounding,7.0,15.0,0.0,1.0,1.0,0.0,0.0,3.2857142857142856,0.0,0.0,0.0,1.0,0.0,0.14285714285714285,0.0,0.14285714285714285,0.0,0.05263157894736842,0.06521739130434782,0.3103174603174604,0.42857142857142855,0.42857142857142855,0.10119047619047618,0.0,7.0,,,,,,,,,,,,,,,,,,,,,,,,,,
med-960f0934dd5d,rar_medicine,agentic-negonly,,,,,12.0,60.0,,,,,,,,,,,grounding,6.0,15.0,0.0,1.0,1.0,0.0,0.0,3.6666666666666665,0.0,0.0,0.0,1.0,0.0,0.16666666666666666,0.0,0.16666666666666666,0.0,0.1111111111111111,0.1627906976744186,0.33568376068376066,0.3333333333333333,0.5,0.1111111111111111,0.0,6.0,,,,,,,,,,,,,,,,,,,,,,,,,,
med-a5b48b2e083f,rar_medicine,shipped,,,,,58.0,74.0,,,,,,,,,,,grounding,9.0,15.0,0.4444444444444444,1.0,0.5555555555555556,0.2962962962962963,0.3728813559322034,0.8888888888888888,0.7777777777777778,0.0,0.0,5.0,0.1111111111111111,0.1111111111111111,0.1111111111111111,0.1111111111111111,0.1111111111111111,0.07407407407407407,0.05084745762711864,0.06666666666666668,0.0,0.0,0.0,4.0,9.0,,,,,,,,,,,,,,,,,,,,,,,,,,
med-a5b48b2e083f,rar_medicine,baseline,,,,,58.0,74.0,,,,,,,,,,,grounding,7.0,15.0,0.2857142857142857,1.0,0.7142857142857143,0.2,0.3076923076923077,1.7142857142857142,0.42857142857142855,0.0,0.0,1.0,0.0,0.14285714285714285,0.0,0.14285714285714285,0.0,0.25,0.1923076923076923,0.12193877551020407,0.0,0.2857142857142857,0.0,2.0,7.0,,,,,,,,,,,,,,,,,,,,,,,,,,
med-a5b48b2e083f,rar_medicine,agentic,,,,,58.0,74.0,,,,,,,,,,,grounding,11.0,15.0,0.18181818181818182,1.0,0.8181818181818181,0.1111111111111111,0.09374999999999997,1.5454545454545454,0.45454545454545453,0.0,0.0,1.0,0.0,0.0,0.0,0.0,0.0,0.0,0.0,0.07121212121212121,0.0,0.09090909090909091,0.024793388429752063,2.0,11.0,,,,,,,,,,,,,,,,,,,,,,,,,,
med-a5b48b2e083f,rar_medicine,agentic-goldonly,,,,,58.0,74.0,,,,,,,,,,,grounding,10.0,15.0,0.0,1.0,1.0,0.0,0.0,1.4,0.6,0.0,0.0,2.0,0.2,0.0,0.0,0.0,0.0,0.0,0.0,0.12857142857142856,0.1,0.1,0.03333333333333333,0.0,10.0,,,,,,,,,,,,,,,,,,,,,,,,,,
med-a5b48b2e083f,rar_medicine,agentic-negonly,,,,,58.0,74.0,,,,,,,,,,,grounding,10.0,15.0,0.1,1.0,0.9,0.037037037037037035,0.04918032786885246,1.4,0.6,0.0,0.0,2.0,0.2,0.0,0.0,0.0,0.0,0.0,0.0,0.0738095238095238,0.0,0.0,0.03333333333333333,1.0,10.0,,,,,,,,,,,,,,,,,,,,,,,,,,
med-ac6f5e1f72e2,rar_medicine,shipped,,,,,56.0,63.0,,,,,,,,,,,grounding,10.0,21.0,0.2,1.0,0.8,0.12903225806451613,0.14285714285714285,2.4,0.3,0.0,0.0,5.0,0.2,0.3,0.1,0.3,0.2,0.22580645161290322,0.24285714285714285,0.17095238095238097,0.1,0.2,0.0,2.0,10.0,,,,,,,,,,,,,,,,,,,,,,,,,,
med-ac6f5e1f72e2,rar_medicine,baseline,,,,,56.0,63.0,,,,,,,,,,,grounding,9.0,21.0,0.1111111111111111,1.0,0.8888888888888888,0.03571428571428571,0.043478260869565216,2.7777777777777777,0.2222222222222222,0.0,0.0,2.0,0.1111111111111111,0.3333333333333333,0.2222222222222222,0.4444444444444444,0.1111111111111111,0.4642857142857143,0.3913043478260869,0.039316239316239315,0.0,0.0,0.009259259259259259,1.0,9.0,,,,,,,,,,,,,,,,,,,,,,,,,,
med-ac6f5e1f72e2,rar_medicine,agentic,,,,,56.0,63.0,,,,,,,,,,,grounding,10.0,21.0,0.0,1.0,1.0,0.0,0.0,3.5,0.0,0.0,0.0,1.0,0.0,0.0,0.0,0.0,0.0,0.0,0.0,0.13999999999999999,0.0,0.2,0.016666666666666666,0.0,10.0,,,,,,,,,,,,,,,,,,,,,,,,,,
med-ac6f5e1f72e2,rar_medicine,agentic-goldonly,,,,,56.0,63.0,,,,,,,,,,,grounding,10.0,21.0,0.0,1.0,1.0,0.0,0.0,3.5,0.0,0.0,0.0,1.0,0.0,0.0,0.0,0.0,0.0,0.0,0.0,0.1511111111111111,0.0,0.2,0.04583333333333333,0.0,10.0,,,,,,,,,,,,,,,,,,,,,,,,,,
med-ac6f5e1f72e2,rar_medicine,agentic-negonly,,,,,56.0,63.0,,,,,,,,,,,grounding,10.0,21.0,0.0,1.0,1.0,0.0,0.0,3.8,0.0,0.0,0.0,1.0,0.0,0.0,0.0,0.0,0.0,0.0,0.0,0.11857142857142858,0.0,0.2,0.0590909090909091,0.0,10.0,,,,,,,,,,,,,,,,,,,,,,,,,,
med-b2be91e4d044,rar_medicine,shipped,,,,,26.0,275.0,,,,,,,,,,,grounding,11.0,70.0,0.0,1.0,1.0,0.0,0.0,2.4545454545454546,0.2727272727272727,0.0,0.0,1.0,0.0,0.09090909090909091,0.09090909090909091,0.09090909090909091,0.0,0.058823529411764705,0.038461538461538464,0.1717171717171717,0.09090909090909091,0.36363636363636365,0.011363636363636364,0.0,11.0,,,,,,,,,,,,,,,,,,,,,,,,,,
med-b2be91e4d044,rar_medicine,baseline,,,,,26.0,275.0,,,,,,,,,,,grounding,12.0,70.0,0.08333333333333333,1.0,0.9166666666666666,0.11627906976744186,0.1020408163265306,2.5,0.4166666666666667,0.0,0.0,1.0,0.0,0.0,0.0,0.0,0.0,0.0,0.0,0.3179563492063492,0.3333333333333333,0.5,0.023237179487179488,1.0,12.0,,,,,,,,,,,,,,,,,,,,,,,,,,
med-b2be91e4d044,rar_medicine,agentic,,,,,26.0,275.0,,,,,,,,,,,grounding,16.0,70.0,0.0,1.0,1.0,0.0,0.0,4.3125,0.1875,0.0,0.0,1.0,0.0,0.0,0.0625,0.0625,0.0,0.07272727272727272,0.05384615384615384,0.24962277306027306,0.1875,0.375,0.015178571428571428,0.0,16.0,,,,,,,,,,,,,,,,,,,,,,,,,,
med-b2be91e4d044,rar_medicine,agentic-goldonly,,,,,26.0,275.0,,,,,,,,,,,grounding,16.0,70.0,0.0,1.0,1.0,0.0,0.0,3.5,0.0,0.0,0.0,1.0,0.0,0.0,0.0625,0.0625,0.0,0.05084745762711865,0.051470588235294115,0.17103174603174603,0.0625,0.3125,0.010416666666666666,0.0,16.0,,,,,,,,,,,,,,,,,,,,,,,,,,
med-b2be91e4d044,rar_medicine,agentic-negonly,,,,,26.0,275.0,,,,,,,,,,,grounding,16.0,70.0,0.0,1.0,1.0,0.0,0.0,4.3125,0.1875,0.0,0.0,1.0,0.0,0.0,0.0625,0.0625,0.0,0.07272727272727272,0.05384615384615384,0.24962277306027306,0.1875,0.375,0.015178571428571428,0.0,16.0,,,,,,,,,,,,,,,,,,,,,,,,,,
med-ba0b7452f8cd,rar_medicine,shipped,,,,,12.0,73.0,,,,,,,,,,,grounding,8.0,21.0,0.125,1.0,0.875,0.08333333333333333,0.06122448979591837,3.75,0.25,0.0,0.0,3.0,0.125,0.125,0.625,0.625,0.125,0.5416666666666666,0.46938775510204084,0.3263888888888889,0.375,0.5,0.011363636363636364,1.0,8.0,,,,,,,,,,,,,,,,,,,,,,,,,,
med-ba0b7452f8cd,rar_medicine,baseline,,,,,12.0,73.0,,,,,,,,,,,grounding,8.0,21.0,0.0,1.0,1.0,0.0,0.0,3.0,0.125,0.0,0.0,1.0,0.0,0.125,0.5,0.5,0.0,0.46153846153846156,0.4285714285714285,0.2818452380952381,0.125,0.25,0.0,0.0,8.0,,,,,,,,,,,,,,,,,,,,,,,,,,
med-ba0b7452f8cd,rar_medicine,agentic,,,,,12.0,73.0,,,,,,,,,,,grounding,13.0,21.0,0.0,1.0,1.0,0.0,0.0,2.8461538461538463,0.15384615384615385,0.0,0.0,1.0,0.0,0.0,0.46153846153846156,0.46153846153846156,0.0,0.4444444444444444,0.3838383838383838,0.1768009768009768,0.07692307692307693,0.23076923076923078,0.0,0.0,13.0,,,,,,,,,,,,,,,,,,,,,,,,,,
med-ba0b7452f8cd,rar_medicine,agentic-goldonly,,,,,12.0,73.0,,,,,,,,,,,grounding,11.0,21.0,0.0,1.0,1.0,0.0,0.0,3.090909090909091,0.09090909090909091,0.0,0.0,1.0,0.0,0.0,0.45454545454545453,0.45454545454545453,0.0,0.3888888888888889,0.3604651162790697,0.33874458874458874,0.36363636363636365,0.5454545454545454,0.0,0.0,11.0,,,,,,,,,,,,,,,,,,,,,,,,,,
med-ba0b7452f8cd,rar_medicine,agentic-negonly,,,,,12.0,73.0,,,,,,,,,,,grounding,13.0,21.0,0.0,1.0,1.0,0.0,0.0,3.076923076923077,0.23076923076923078,0.0,0.0,1.0,0.0,0.0,0.38461538461538464,0.38461538461538464,0.0,0.3548387096774194,0.3176470588235293,0.1940781440781441,0.07692307692307693,0.23076923076923078,0.0,0.0,13.0,,,,,,,,,,,,,,,,,,,,,,,,,,
med-bbb832a8fec2,rar_medicine,shipped,,,,,39.0,126.0,,,,,,,,,,,grounding,11.0,33.0,0.18181818181818182,0.9090909090909091,0.7272727272727273,0.08571428571428572,0.15789473684210525,2.1818181818181817,0.36363636363636365,0.0,0.0,1.0,0.0,0.2727272727272727,0.09090909090909091,0.2727272727272727,0.09090909090909091,0.22857142857142856,0.21052631578947367,0.01515151515151515,0.0,0.0,0.0,2.0,11.0,,,,,,,,,,,,,,,,,,,,,,,,,,
med-bbb832a8fec2,rar_medicine,baseline,,,,,39.0,126.0,,,,,,,,,,,grounding,8.0,33.0,0.0,1.0,1.0,0.0,0.0,2.75,0.125,0.0,0.0,1.0,0.0,0.0,0.0,0.0,0.0,0.0,0.0,0.10416666666666666,0.0,0.25,0.0,0.0,8.0,,,,,,,,,,,,,,,,,,,,,,,,,,
med-bbb832a8fec2,rar_medicine,agentic,,,,,39.0,126.0,,,,,,,,,,,grounding,11.0,33.0,0.09090909090909091,1.0,0.9090909090909091,0.1111111111111111,0.10416666666666667,3.0,0.09090909090909091,0.0,0.0,1.0,0.0,0.0,0.0,0.0,0.0,0.0,0.0,0.04772727272727273,0.0,0.09090909090909091,0.0,1.0,11.0,,,,,,,,,,,,,,,,,,,,,,,,,,
med-bbb832a8fec2,rar_medicine,agentic-goldonly,,,,,39.0,126.0,,,,,,,,,,,grounding,11.0,33.0,0.0,1.0,1.0,0.0,0.0,3.272727272727273,0.09090909090909091,0.0,0.0,1.0,0.0,0.0,0.0,0.0,0.0,0.0,0.0,0.09917355371900825,0.09090909090909091,0.09090909090909091,0.0,0.0,11.0,,,,,,,,,,,,,,,,,,,,,,,,,,
med-bbb832a8fec2,rar_medicine,agentic-negonly,,,,,39.0,126.0,,,,,,,,,,,grounding,11.0,33.0,0.09090909090909091,1.0,0.9090909090909091,0.09090909090909091,0.11627906976744184,3.4545454545454546,0.09090909090909091,0.0,0.0,1.0,0.0,0.0,0.0,0.0,0.0,0.0,0.0,0.0707070707070707,0.09090909090909091,0.09090909090909091,0.0,1.0,11.0,,,,,,,,,,,,,,,,,,,,,,,,,,
med-bf99d4ee36f1,rar_medicine,shipped,,,,,54.0,108.0,,,,,,,,,,,grounding,11.0,35.0,0.2727272727272727,1.0,0.7272727272727273,0.16129032258064516,0.12676056338028166,1.8181818181818181,0.45454545454545453,0.0,0.0,2.0,0.09090909090909091,0.09090909090909091,0.2727272727272727,0.2727272727272727,0.18181818181818182,0.16129032258064516,0.2112676056338028,0.03896103896103896,0.0,0.0,0.0,3.0,11.0,,,,,,,,,,,,,,,,,,,,,,,,,,
med-bf99d4ee36f1,rar_medicine,baseline,,,,,54.0,108.0,,,,,,,,,,,grounding,8.0,35.0,0.125,1.0,0.875,0.038461538461538464,0.048387096774193554,3.625,0.125,0.0,0.0,3.0,0.125,0.125,0.125,0.125,0.125,0.038461538461538464,0.048387096774193554,0.13257575757575757,0.125,0.25,0.015625,1.0,8.0,,,,,,,,,,,,,,,,,,,,,,,,,,
med-bf99d4ee36f1,rar_medicine,agentic,,,,,54.0,108.0,,,,,,,,,,,grounding,14.0,35.0,0.07142857142857142,1.0,0.9285714285714286,0.023809523809523808,0.028846153846153844,3.2857142857142856,0.2857142857142857,0.0,0.0,1.0,0.0,0.07142857142857142,0.0,0.07142857142857142,0.0,0.07142857142857142,0.0673076923076923,0.28174603174603174,0.2857142857142857,0.35714285714285715,0.0,1.0,14.0,,,,,,,,,,,,,,,,,,,,,,,,,,
med-bf99d4ee36f1,rar_medicine,agentic-goldonly,,,,,54.0,108.0,,,,,,,,,,,grounding,14.0,35.0,0.07142857142857142,1.0,0.9285714285714286,0.06382978723404255,0.06034482758620689,2.7857142857142856,0.21428571428571427,0.0,0.0,2.0,0.14285714285714285,0.07142857142857142,0.0,0.07142857142857142,0.0,0.06382978723404255,0.06034482758620689,0.21496598639455786,0.21428571428571427,0.2857142857142857,0.0,1.0,14.0,,,,,,,,,,,,,,,,,,,,,,,,,,
med-bf99d4ee36f1,rar_medicine,agentic-negonly,,,,,54.0,108.0,,,,,,,,,,,grounding,14.0,35.0,0.07142857142857142,1.0,0.9285714285714286,0.058823529411764705,0.07291666666666666,2.5714285714285716,0.21428571428571427,0.0,0.0,1.0,0.0,0.07142857142857142,0.0,0.07142857142857142,0.0,0.058823529411764705,0.07291666666666666,0.18095238095238095,0.21428571428571427,0.2857142857142857,0.03571428571428571,1.0,14.0,,,,,,,,,,,,,,,,,,,,,,,,,,
med-c8812f74fcb4,rar_medicine,shipped,,,,,54.0,89.0,,,,,,,,,,,grounding,10.0,29.0,0.2,1.0,0.8,0.10714285714285714,0.1764705882352941,2.0,0.4,0.0,0.0,2.0,0.2,0.3,0.1,0.3,0.0,0.35714285714285715,0.2941176470588235,0.06,0.1,0.1,0.0,2.0,10.0,,,,,,,,,,,,,,,,,,,,,,,,,,
med-c8812f74fcb4,rar_medicine,baseline,,,,,54.0,89.0,,,,,,,,,,,grounding,8.0,29.0,0.0,1.0,1.0,0.0,0.0,2.125,0.25,0.0,0.0,1.0,0.0,0.25,0.0,0.25,0.0,0.21739130434782608,0.27586206896551724,0.017857142857142856,0.0,0.0,0.0,0.0,8.0,,,,,,,,,,,,,,,,,,,,,,,,,,
med-c8812f74fcb4,rar_medicine,agentic,,,,,54.0,89.0,,,,,,,,,,,grounding,15.0,29.0,0.06666666666666667,1.0,0.9333333333333333,0.0425531914893617,0.06481481481481481,2.1333333333333333,0.3333333333333333,0.0,0.0,1.0,0.0,0.0,0.0,0.0,0.0,0.0,0.0,0.05,0.06666666666666667,0.06666666666666667,0.0,1.0,15.0,,,,,,,,,,,,,,,,,,,,,,,,,,
med-c8812f74fcb4,rar_medicine,agentic-goldonly,,,,,54.0,89.0,,,,,,,,,,,grounding,14.0,29.0,0.21428571428571427,1.0,0.7857142857142857,0.15,0.21904761904761907,1.6428571428571428,0.5714285714285714,0.0,0.0,1.0,0.0,0.0,0.0,0.0,0.0,0.0,0.0,0.03571428571428571,0.07142857142857142,0.07142857142857142,0.0,3.0,14.0,,,,,,,,,,,,,,,,,,,,,,,,,,
med-c8812f74fcb4,rar_medicine,agentic-negonly,,,,,54.0,89.0,,,,,,,,,,,grounding,15.0,29.0,0.06666666666666667,1.0,0.9333333333333333,0.047619047619047616,0.0693069306930693,2.1333333333333333,0.26666666666666666,0.0,0.0,1.0,0.0,0.0,0.0,0.0,0.0,0.0,0.0,0.03333333333333333,0.06666666666666667,0.06666666666666667,0.0,1.0,15.0,,,,,,,,,,,,,,,,,,,,,,,,,,
med-c98a2c1d81b2,rar_medicine,shipped,,,,,37.0,88.0,,,,,,,,,,,grounding,11.0,21.0,0.36363636363636365,1.0,0.6363636363636364,0.21212121212121213,0.26086956521739135,0.8181818181818182,0.8181818181818182,0.0,0.0,1.0,0.0,0.09090909090909091,0.36363636363636365,0.45454545454545453,0.18181818181818182,0.48484848484848486,0.43478260869565216,0.022727272727272728,0.0,0.0,0.0,4.0,11.0,,,,,,,,,,,,,,,,,,,,,,,,,,
med-c98a2c1d81b2,rar_medicine,baseline,,,,,37.0,88.0,,,,,,,,,,,grounding,8.0,21.0,0.25,0.875,0.625,0.14814814814814814,0.19354838709677422,1.125,0.625,0.0,0.0,1.0,0.0,0.25,0.25,0.375,0.0,0.4444444444444444,0.38709677419354843,0.021780303030303032,0.0,0.0,0.0125,2.0,8.0,,,,,,,,,,,,,,,,,,,,,,,,,,
med-c98a2c1d81b2,rar_medicine,agentic,,,,,37.0,88.0,,,,,,,,,,,grounding,11.0,21.0,0.18181818181818182,1.0,0.8181818181818181,0.11764705882352941,0.16091954022988506,1.5454545454545454,0.7272727272727273,0.0,0.0,1.0,0.0,0.0,0.18181818181818182,0.18181818181818182,0.0,0.2647058823529412,0.2298850574712644,0.055096418732782364,0.0,0.0,0.0,2.0,11.0,,,,,,,,,,,,,,,,,,,,,,,,,,
med-c98a2c1d81b2,rar_medicine,agentic-goldonly,,,,,37.0,88.0,,,,,,,,,,,grounding,8.0,21.0,0.375,1.0,0.625,0.3333333333333333,0.3888888888888888,1.375,0.5,0.0,0.0,1.0,0.0,0.0,0.0,0.0,0.0,0.0,0.0,0.07797619047619048,0.0,0.0,0.010416666666666666,3.0,8.0,,,,,,,,,,,,,,,,,,,,,,,,,,
med-c98a2c1d81b2,rar_medicine,agentic-negonly,,,,,37.0,88.0,,,,,,,,,,,grounding,8.0,21.0,0.25,1.0,0.75,0.23076923076923078,0.25925925925925924,1.5,0.375,0.0,0.0,1.0,0.0,0.0,0.125,0.125,0.0,0.11538461538461539,0.12962962962962962,0.10178571428571428,0.0,0.125,0.010416666666666666,2.0,8.0,,,,,,,,,,,,,,,,,,,,,,,,,,
med-d9d6d0e87ecb,rar_medicine,shipped,,,,,46.0,105.0,,,,,,,,,,,grounding,9.0,29.0,0.2222222222222222,1.0,0.7777777777777778,0.24,0.22033898305084745,1.7777777777777777,0.4444444444444444,0.0,0.0,5.0,0.2222222222222222,0.1111111111111111,0.1111111111111111,0.1111111111111111,0.1111111111111111,0.04,0.05084745762711864,0.11851851851851852,0.0,0.2222222222222222,0.0,2.0,9.0,,,,,,,,,,,,,,,,,,,,,,,,,,
med-d9d6d0e87ecb,rar_medicine,baseline,,,,,46.0,105.0,,,,,,,,,,,grounding,6.0,29.0,0.16666666666666666,1.0,0.8333333333333334,0.09090909090909091,0.19565217391304346,3.1666666666666665,0.3333333333333333,0.0,0.0,1.0,0.0,0.0,0.0,0.0,0.0,0.0,0.0,0.2923280423280423,0.3333333333333333,0.5,0.05555555555555555,1.0,6.0,,,,,,,,,,,,,,,,,,,,,,,,,,
med-d9d6d0e87ecb,rar_medicine,agentic,,,,,46.0,105.0,,,,,,,,,,,grounding,9.0,29.0,0.1111111111111111,1.0,0.8888888888888888,0.08,0.13043478260869568,3.111111111111111,0.3333333333333333,0.0,0.0,1.0,0.0,0.0,0.0,0.0,0.0,0.0,0.0,0.2785273368606702,0.2222222222222222,0.2222222222222222,0.0,1.0,9.0,,,,,,,,,,,,,,,,,,,,,,,,,,
med-d9d6d0e87ecb,rar_medicine,agentic-goldonly,,,,,46.0,105.0,,,,,,,,,,,grounding,11.0,29.0,0.09090909090909091,1.0,0.9090909090909091,0.05714285714285714,0.10843373493975902,3.6363636363636362,0.18181818181818182,0.0,0.0,1.0,0.0,0.0,0.0,0.0,0.0,0.0,0.0,0.33849206349206346,0.2727272727272727,0.36363636363636365,0.0,1.0,11.0,,,,,,,,,,,,,,,,,,,,,,,,,,
med-d9d6d0e87ecb,rar_medicine,agentic-negonly,,,,,46.0,105.0,,,,,,,,,,,grounding,12.0,29.0,0.0,1.0,1.0,0.0,0.0,3.3333333333333335,0.16666666666666666,0.0,0.0,1.0,0.0,0.0,0.0,0.0,0.0,0.0,0.0,0.1800294612794613,0.16666666666666666,0.16666666666666666,0.0,0.0,12.0,,,,,,,,,,,,,,,,,,,,,,,,,,
med-dc7957448669,rar_medicine,shipped,,,,,30.0,92.0,,,,,,,,,,,grounding,9.0,26.0,0.1111111111111111,1.0,0.8888888888888888,0.07142857142857142,0.047619047619047616,2.5555555555555554,0.2222222222222222,0.0,0.0,5.0,0.2222222222222222,0.1111111111111111,0.1111111111111111,0.1111111111111111,0.1111111111111111,0.07142857142857142,0.047619047619047616,0.08641975308641975,0.1111111111111111,0.1111111111111111,0.0,1.0,9.0,,,,,,,,,,,,,,,,,,,,,,,,,,
med-dc7957448669,rar_medicine,baseline,,,,,30.0,92.0,,,,,,,,,,,grounding,8.0,26.0,0.0,1.0,1.0,0.0,0.0,2.5,0.25,0.0,0.0,1.0,0.0,0.25,0.0,0.25,0.0,0.32,0.25757575757575757,0.013888888888888888,0.0,0.0,0.025,0.0,8.0,,,,,,,,,,,,,,,,,,,,,,,,,,
med-dc7957448669,rar_medicine,agentic,,,,,30.0,92.0,,,,,,,,,,,grounding,7.0,26.0,0.0,1.0,1.0,0.0,0.0,3.2857142857142856,0.14285714285714285,0.0,0.0,1.0,0.0,0.0,0.0,0.0,0.0,0.0,0.0,0.28061224489795916,0.14285714285714285,0.2857142857142857,0.0,0.0,7.0,,,,,,,,,,,,,,,,,,,,,,,,,,
med-dc7957448669,rar_medicine,agentic-goldonly,,,,,30.0,92.0,,,,,,,,,,,grounding,12.0,26.0,0.08333333333333333,1.0,0.9166666666666666,0.058823529411764705,0.1,3.1666666666666665,0.08333333333333333,0.0,0.0,1.0,0.0,0.0,0.0,0.0,0.0,0.0,0.0,0.2766203703703704,0.16666666666666666,0.3333333333333333,0.0,1.0,12.0,,,,,,,,,,,,,,,,,,,,,,,,,,
med-dc7957448669,rar_medicine,agentic-negonly,,,,,30.0,92.0,,,,,,,,,,,grounding,12.0,26.0,0.0,1.0,1.0,0.0,0.0,3.1666666666666665,0.16666666666666666,0.0,0.0,1.0,0.0,0.0,0.0,0.0,0.0,0.0,0.0,0.2687289562289562,0.25,0.25,0.008333333333333333,0.0,12.0,,,,,,,,,,,,,,,,,,,,,,,,,,
med-e6c4ba1af357,rar_medicine,shipped,,,,,35.0,90.0,,,,,,,,,,,grounding,8.0,17.0,0.25,0.625,0.375,0.14285714285714285,0.19999999999999998,2.75,0.375,0.0,0.0,1.0,0.0,0.125,0.125,0.125,0.125,0.07142857142857142,0.049999999999999996,0.3852678571428571,0.375,0.625,0.09134615384615385,2.0,8.0,,,,,,,,,,,,,,,,,,,,,,,,,,
med-e6c4ba1af357,rar_medicine,baseline,,,,,35.0,90.0,,,,,,,,,,,grounding,8.0,17.0,0.375,0.875,0.5,0.18181818181818182,0.26785714285714285,1.75,0.5,0.0,0.0,2.0,0.125,0.25,0.125,0.25,0.25,0.09090909090909091,0.10714285714285715,0.21738782051282052,0.125,0.375,0.05555555555555555,3.0,8.0,,,,,,,,,,,,,,,,,,,,,,,,,,
med-e6c4ba1af357,rar_medicine,agentic,,,,,35.0,90.0,,,,,,,,,,,grounding,10.0,17.0,0.0,0.6,0.6,0.0,0.0,2.6,0.2,0.0,0.0,1.0,0.0,0.0,0.0,0.0,0.0,0.0,0.0,0.2438888888888889,0.2,0.5,0.038461538461538464,0.0,10.0,,,,,,,,,,,,,,,,,,,,,,,,,,
med-e6c4ba1af357,rar_medicine,agentic-goldonly,,,,,35.0,90.0,,,,,,,,,,,grounding,10.0,17.0,0.3,0.7,0.39999999999999997,0.24242424242424243,0.2602739726027397,1.8,0.4,0.0,0.0,1.0,0.0,0.0,0.0,0.0,0.0,0.0,0.0,0.26536796536796536,0.2,0.3,0.0375,3.0,10.0,,,,,,,,,,,,,,,,,,,,,,,,,,
med-e6c4ba1af357,rar_medicine,agentic-negonly,,,,,35.0,90.0,,,,,,,,,,,grounding,10.0,17.0,0.1,0.6,0.5,0.0625,0.0410958904109589,2.3,0.2,0.0,0.0,1.0,0.0,0.0,0.0,0.0,0.0,0.0,0.0,0.2984126984126984,0.3,0.4,0.04444444444444444,1.0,10.0,,,,,,,,,,,,,,,,,,,,,,,,,,
med-e9a2fe585dc6,rar_medicine,shipped,,,,,27.0,158.0,,,,,,,,,,,grounding,10.0,35.0,0.2,1.0,0.8,0.10714285714285714,0.1764705882352941,1.4,0.6,0.0,0.0,1.0,0.0,0.1,0.1,0.2,0.1,0.10714285714285714,0.08823529411764705,0.060119047619047614,0.0,0.1,0.0,2.0,10.0,,,,,,,,,,,,,,,,,,,,,,,,,,
med-e9a2fe585dc6,rar_medicine,baseline,,,,,27.0,158.0,,,,,,,,,,,grounding,7.0,35.0,0.0,1.0,1.0,0.0,0.0,1.8571428571428572,0.42857142857142855,0.0,0.0,1.0,0.0,0.0,0.0,0.0,0.0,0.0,0.0,0.13010204081632654,0.0,0.14285714285714285,0.0,0.0,7.0,,,,,,,,,,,,,,,,,,,,,,,,,,
med-e9a2fe585dc6,rar_medicine,agentic,,,,,27.0,158.0,,,,,,,,,,,grounding,13.0,35.0,0.07692307692307693,1.0,0.9230769230769231,0.034482758620689655,0.03370786516853932,3.076923076923077,0.23076923076923078,0.0,0.0,1.0,0.0,0.0,0.0,0.0,0.0,0.0,0.0,0.20877782348370583,0.15384615384615385,0.15384615384615385,0.0,1.0,13.0,,,,,,,,,,,,,,,,,,,,,,,,,,
med-e9a2fe585dc6,rar_medicine,agentic-goldonly,,,,,27.0,158.0,,,,,,,,,,,grounding,13.0,35.0,0.07692307692307693,1.0,0.9230769230769231,0.02857142857142857,0.03797468354430379,3.3076923076923075,0.15384615384615385,0.0,0.0,1.0,0.0,0.0,0.0,0.0,0.0,0.0,0.0,0.17263986013986013,0.15384615384615385,0.23076923076923078,0.0,1.0,13.0,,,,,,,,,,,,,,,,,,,,,,,,,,
med-e9a2fe585dc6,rar_medicine,agentic-negonly,,,,,27.0,158.0,,,,,,,,,,,grounding,13.0,35.0,0.15384615384615385,1.0,0.8461538461538461,0.08571428571428572,0.13186813186813184,2.6923076923076925,0.23076923076923078,0.0,0.0,1.0,0.0,0.0,0.0,0.0,0.0,0.0,0.0,0.22115604355423363,0.15384615384615385,0.15384615384615385,0.0,2.0,13.0,,,,,,,,,,,,,,,,,,,,,,,,,,
med-f1727cd9627c,rar_medicine,shipped,,,,,31.0,89.0,,,,,,,,,,,grounding,10.0,16.0,0.1,1.0,0.9,0.038461538461538464,0.13846153846153847,1.9,0.5,0.0,0.0,5.0,0.1,0.1,0.2,0.2,0.1,0.11538461538461539,0.1846153846153846,0.04857142857142857,0.0,0.0,0.0,1.0,10.0,,,,,,,,,,,,,,,,,,,,,,,,,,
med-f1727cd9627c,rar_medicine,baseline,,,,,31.0,89.0,,,,,,,,,,,grounding,8.0,16.0,0.25,1.0,0.75,0.125,0.2033898305084746,1.625,0.5,0.0,0.0,6.0,0.125,0.125,0.125,0.125,0.125,0.041666666666666664,0.05084745762711865,0.08571428571428572,0.0,0.0,0.0,2.0,8.0,,,,,,,,,,,,,,,,,,,,,,,,,,
med-f1727cd9627c,rar_medicine,agentic,,,,,31.0,89.0,,,,,,,,,,,grounding,9.0,16.0,0.1111111111111111,1.0,0.8888888888888888,0.06896551724137931,0.1285714285714286,2.4444444444444446,0.2222222222222222,0.0,0.0,1.0,0.0,0.0,0.0,0.0,0.0,0.0,0.0,0.1977818477818478,0.1111111111111111,0.3333333333333333,0.009259259259259259,1.0,9.0,,,,,,,,,,,,,,,,,,,,,,,,,,
med-f1727cd9627c,rar_medicine,agentic-goldonly,,,,,31.0,89.0,,,,,,,,,,,grounding,10.0,16.0,0.0,1.0,1.0,0.0,0.0,2.5,0.1,0.0,0.0,1.0,0.0,0.0,0.0,0.0,0.0,0.0,0.0,0.12297619047619049,0.0,0.2,0.0,0.0,10.0,,,,,,,,,,,,,,,,,,,,,,,,,,
med-f1727cd9627c,rar_medicine,agentic-negonly,,,,,31.0,89.0,,,,,,,,,,,grounding,13.0,16.0,0.0,1.0,1.0,0.0,0.0,2.3076923076923075,0.3076923076923077,0.0,0.0,1.0,0.0,0.0,0.0,0.0,0.0,0.0,0.0,0.15634920634920635,0.0,0.3076923076923077,0.0,0.0,13.0,,,,,,,,,,,,,,,,,,,,,,,,,,
med-fff27f593ee9,rar_medicine,shipped,,,,,36.0,272.0,,,,,,,,,,,grounding,13.0,73.0,0.07692307692307693,0.9230769230769231,0.8461538461538463,0.023809523809523808,0.03225806451612903,3.3076923076923075,0.23076923076923078,0.0,0.0,1.0,0.0,0.3076923076923077,0.23076923076923078,0.38461538461538464,0.07692307692307693,0.42857142857142855,0.3978494623655915,0.017094017094017092,0.0,0.0,0.0,1.0,13.0,,,,,,,,,,,,,,,,,,,,,,,,,,
med-fff27f593ee9,rar_medicine,baseline,,,,,36.0,272.0,,,,,,,,,,,grounding,9.0,73.0,0.0,0.8888888888888888,0.8888888888888888,0.0,0.0,5.0,0.0,0.0,0.0,1.0,0.0,0.3333333333333333,0.1111111111111111,0.3333333333333333,0.0,0.23333333333333334,0.27536231884057966,0.22778579445246117,0.2222222222222222,0.3333333333333333,0.0,0.0,9.0,,,,,,,,,,,,,,,,,,,,,,,,,,
med-fff27f593ee9,rar_medicine,agentic,,,,,36.0,272.0,,,,,,,,,,,grounding,13.0,73.0,0.0,1.0,1.0,0.0,0.0,5.3076923076923075,0.0,0.0,0.0,1.0,0.0,0.0,0.15384615384615385,0.15384615384615385,0.0,0.1875,0.17333333333333334,0.21103341103341103,0.07692307692307693,0.3076923076923077,0.023232323232323233,0.0,13.0,,,,,,,,,,,,,,,,,,,,,,,,,,
med-fff27f593ee9,rar_medicine,agentic-goldonly,,,,,36.0,272.0,,,,,,,,,,,grounding,13.0,73.0,0.0,0.9230769230769231,0.9230769230769231,0.0,0.0,5.6923076923076925,0.0,0.0,0.0,1.0,0.0,0.0,0.23076923076923078,0.23076923076923078,0.0,0.30303030303030304,0.2777777777777778,0.23496503496503493,0.15384615384615385,0.38461538461538464,0.023232323232323233,0.0,13.0,,,,,,,,,,,,,,,,,,,,,,,,,,
med-fff27f593ee9,rar_medicine,agentic-negonly,,,,,36.0,272.0,,,,,,,,,,,grounding,12.0,73.0,0.0,1.0,1.0,0.0,0.0,5.416666666666667,0.0,0.0,0.0,1.0,0.0,0.0,0.16666666666666666,0.16666666666666666,0.0,0.16129032258064516,0.13333333333333336,0.13944573944573943,0.0,0.16666666666666666,0.017592592592592594,0.0,12.0,,,,,,,,,,,,,,,,,,,,,,,,,,
sci-1074b372b376,rar_science,shipped,,,,,87.0,13.0,,,,,,,,,,,grounding,7.0,21.0,0.14285714285714285,1.0,0.8571428571428572,0.11538461538461539,0.05660377358490565,2.142857142857143,0.42857142857142855,0.0,0.0,2.0,0.14285714285714285,0.14285714285714285,0.0,0.14285714285714285,0.0,0.19230769230769232,0.18867924528301885,0.0,0.0,0.0,0.06277056277056277,1.0,7.0,,,,,,,,,,,,,,,,,,,,,,,,,,
sci-1074b372b376,rar_science,baseline,,,,,87.0,13.0,,,,,,,,,,,grounding,10.0,21.0,0.4,1.0,0.6,0.28125,0.3055555555555555,1.2,0.7,0.0,0.0,1.0,0.0,0.0,0.0,0.0,0.0,0.0,0.0,0.02857142857142857,0.0,0.0,0.04,4.0,10.0,,,,,,,,,,,,,,,,,,,,,,,,,,
sci-1074b372b376,rar_science,agentic,,,,,87.0,13.0,,,,,,,,,,,grounding,6.0,21.0,0.5,1.0,0.5,0.5,0.5,0.6666666666666666,0.8333333333333334,0.0,0.0,1.0,0.0,0.0,0.0,0.0,0.0,0.0,0.0,0.09523809523809523,0.0,0.0,0.0,3.0,6.0,,,,,,,,,,,,,,,,,,,,,,,,,,
sci-1074b372b376,rar_science,agentic-goldonly,,,,,87.0,13.0,,,,,,,,,,,grounding,15.0,21.0,0.4,1.0,0.6,0.3409090909090909,0.3584905660377358,1.0,0.6666666666666666,0.0,0.0,1.0,0.0,0.0,0.0,0.0,0.0,0.0,0.0,0.019047619047619046,0.0,0.0,0.0,6.0,15.0,,,,,,,,,,,,,,,,,,,,,,,,,,
sci-1074b372b376,rar_science,agentic-negonly,,,,,87.0,13.0,,,,,,,,,,,grounding,15.0,21.0,0.2,1.0,0.8,0.18604651162790697,0.24468085106382975,1.4666666666666666,0.6666666666666666,0.0,0.0,1.0,0.0,0.0,0.0,0.0,0.0,0.0,0.0,0.016666666666666666,0.0,0.0,0.041388888888888885,3.0,15.0,,,,,,,,,,,,,,,,,,,,,,,,,,
sci-1cbb3e0b742d,rar_science,shipped,,,,,160.0,230.0,,,,,,,,,,,grounding,9.0,46.0,0.0,1.0,1.0,0.0,0.0,2.2222222222222223,0.3333333333333333,0.0,0.0,1.0,0.0,0.1111111111111111,0.1111111111111111,0.2222222222222222,0.0,0.21621621621621623,0.1780821917808219,0.008547008547008548,0.0,0.0,0.0,0.0,9.0,,,,,,,,,,,,,,,,,,,,,,,,,,
sci-1cbb3e0b742d,rar_science,baseline,,,,,160.0,230.0,,,,,,,,,,,grounding,15.0,46.0,0.2,1.0,0.8,0.1896551724137931,0.208,2.2666666666666666,0.4,0.0,0.0,1.0,0.0,0.06666666666666667,0.0,0.06666666666666667,0.0,0.034482758620689655,0.023999999999999997,0.035555555555555556,0.0,0.06666666666666667,0.0,3.0,15.0,,,,,,,,,,,,,,,,,,,,,,,,,,
sci-1cbb3e0b742d,rar_science,agentic,,,,,160.0,230.0,,,,,,,,,,,grounding,15.0,46.0,0.0,1.0,1.0,0.0,0.0,2.8666666666666667,0.13333333333333333,0.0,0.0,2.0,0.13333333333333333,0.0,0.0,0.0,0.0,0.0,0.0,0.01574074074074074,0.0,0.0,0.0,0.0,15.0,,,,,,,,,,,,,,,,,,,,,,,,,,
sci-1cbb3e0b742d,rar_science,agentic-goldonly,,,,,160.0,230.0,,,,,,,,,,,grounding,13.0,46.0,0.0,1.0,1.0,0.0,0.0,1.6923076923076923,0.5384615384615384,0.0,0.0,1.0,0.0,0.0,0.0,0.0,0.0,0.0,0.0,0.05347985347985348,0.0,0.0,0.006993006993006993,0.0,13.0,,,,,,,,,,,,,,,,,,,,,,,,,,
sci-1cbb3e0b742d,rar_science,agentic-negonly,,,,,160.0,230.0,,,,,,,,,,,grounding,15.0,46.0,0.0,1.0,1.0,0.0,0.0,2.066666666666667,0.26666666666666666,0.0,0.0,1.0,0.0,0.0,0.0,0.0,0.0,0.0,0.0,0.0350028918449971,0.0,0.0,0.0037037037037037034,0.0,15.0,,,,,,,,,,,,,,,,,,,,,,,,,,
sci-200bfdc23b84,rar_science,shipped,,,,,49.0,370.0,,,,,,,,,,,grounding,7.0,58.0,0.14285714285714285,1.0,0.8571428571428572,0.13793103448275862,0.12962962962962962,2.4285714285714284,0.2857142857142857,0.0,0.0,1.0,0.0,0.2857142857142857,0.0,0.2857142857142857,0.0,0.27586206896551724,0.24074074074074073,0.0,0.0,0.0,0.0,1.0,7.0,,,,,,,,,,,,,,,,,,,,,,,,,,
sci-200bfdc23b84,rar_science,baseline,,,,,49.0,370.0,,,,,,,,,,,grounding,12.0,58.0,0.0,1.0,1.0,0.0,0.0,2.6666666666666665,0.16666666666666666,0.0,0.0,1.0,0.0,0.25,0.0,0.25,0.0,0.2692307692307692,0.25471698113207547,0.11143162393162392,0.08333333333333333,0.16666666666666666,0.0,0.0,12.0,,,,,,,,,,,,,,,,,,,,,,,,,,
sci-200bfdc23b84,rar_science,agentic,,,,,49.0,370.0,,,,,,,,,,,grounding,14.0,58.0,0.0,1.0,1.0,0.0,0.0,3.642857142857143,0.21428571428571427,0.0,0.0,1.0,0.0,0.0,0.0,0.0,0.0,0.0,0.0,0.05598072562358276,0.0,0.07142857142857142,0.005952380952380952,0.0,14.0,,,,,,,,,,,,,,,,,,,,,,,,,,
sci-200bfdc23b84,rar_science,agentic-goldonly,,,,,49.0,370.0,,,,,,,,,,,grounding,14.0,58.0,0.0,1.0,1.0,0.0,0.0,3.642857142857143,0.14285714285714285,0.0,0.0,1.0,0.0,0.0,0.0,0.0,0.0,0.0,0.0,0.02142857142857143,0.0,0.0,0.039473684210526314,0.0,14.0,,,,,,,,,,,,,,,,,,,,,,,,,,
sci-200bfdc23b84,rar_science,agentic-negonly,,,,,49.0,370.0,,,,,,,,,,,grounding,15.0,58.0,0.0,1.0,1.0,0.0,0.0,3.466666666666667,0.06666666666666667,0.0,0.0,1.0,0.0,0.0,0.0,0.0,0.0,0.0,0.0,0.03452380952380952,0.0,0.0,0.0468013468013468,0.0,15.0,,,,,,,,,,,,,,,,,,,,,,,,,,
sci-2907ae60d945,rar_science,shipped,,,,,37.0,23.0,,,,,,,,,,,grounding,7.0,8.0,0.0,1.0,1.0,0.0,0.0,1.4285714285714286,0.5714285714285714,0.0,0.0,1.0,0.0,0.14285714285714285,0.14285714285714285,0.14285714285714285,0.0,0.1111111111111111,0.05357142857142856,0.0,0.0,0.0,0.028571428571428574,0.0,7.0,,,,,,,,,,,,,,,,,,,,,,,,,,
sci-2907ae60d945,rar_science,baseline,,,,,37.0,23.0,,,,,,,,,,,grounding,8.0,8.0,0.75,1.0,0.25,0.7692307692307693,0.7419354838709679,0.5,0.75,0.0,0.0,1.0,0.0,0.0,0.0,0.0,0.0,0.0,0.0,0.0125,0.0,0.0,0.0,6.0,8.0,,,,,,,,,,,,,,,,,,,,,,,,,,
sci-2907ae60d945,rar_science,agentic,,,,,37.0,23.0,,,,,,,,,,,grounding,6.0,8.0,0.3333333333333333,1.0,0.6666666666666667,0.2857142857142857,0.20689655172413796,1.1666666666666667,0.6666666666666666,0.0,0.0,1.0,0.0,0.0,0.0,0.0,0.0,0.0,0.0,0.0,0.0,0.0,0.03518518518518519,2.0,6.0,,,,,,,,,,,,,,,,,,,,,,,,,,
sci-2907ae60d945,rar_science,agentic-goldonly,,,,,37.0,23.0,,,,,,,,,,,grounding,6.0,8.0,0.3333333333333333,1.0,0.6666666666666667,0.23076923076923078,0.20689655172413796,1.0,0.6666666666666666,0.0,0.0,1.0,0.0,0.0,0.0,0.0,0.0,0.0,0.0,0.0,0.0,0.0,0.03518518518518519,2.0,6.0,,,,,,,,,,,,,,,,,,,,,,,,,,
sci-2907ae60d945,rar_science,agentic-negonly,,,,,37.0,23.0,,,,,,,,,,,grounding,15.0,8.0,0.3333333333333333,0.9333333333333333,0.6000000000000001,0.30952380952380953,0.3,1.2666666666666666,0.5333333333333333,0.0,0.0,1.0,0.0,0.0,0.0,0.0,0.0,0.0,0.0,0.0,0.0,0.0,0.006060606060606061,5.0,15.0,,,,,,,,,,,,,,,,,,,,,,,,,,
sci-2f3b45de3872,rar_science,shipped,,,,,61.0,15.0,,,,,,,,,,,grounding,7.0,20.0,0.0,0.5714285714285714,0.5714285714285714,0.0,0.0,3.0,0.0,0.0,0.0,1.0,0.0,0.42857142857142855,0.0,0.42857142857142855,0.0,0.46153846153846156,0.3773584905660377,0.0,0.0,0.0,0.07121212121212121,0.0,7.0,,,,,,,,,,,,,,,,,,,,,,,,,,
sci-2f3b45de3872,rar_science,baseline,,,,,61.0,15.0,,,,,,,,,,,grounding,10.0,20.0,0.2,0.6,0.39999999999999997,0.08823529411764706,0.1379310344827586,2.2,0.4,0.0,0.0,1.0,0.0,0.4,0.0,0.4,0.2,0.38235294117647056,0.36781609195402293,0.0,0.0,0.0,0.03339285714285715,2.0,10.0,,,,,,,,,,,,,,,,,,,,,,,,,,
sci-2f3b45de3872,rar_science,agentic,,,,,61.0,15.0,,,,,,,,,,,grounding,6.0,20.0,0.0,0.6666666666666666,0.6666666666666666,0.0,0.0,3.3333333333333335,0.3333333333333333,0.0,0.0,1.0,0.0,0.0,0.0,0.0,0.0,0.0,0.0,0.0,0.0,0.0,0.14460784313725492,0.0,6.0,,,,,,,,,,,,,,,,,,,,,,,,,,
sci-2f3b45de3872,rar_science,agentic-goldonly,,,,,61.0,15.0,,,,,,,,,,,grounding,6.0,20.0,0.0,1.0,1.0,0.0,0.0,4.333333333333333,0.0,0.0,0.0,2.0,0.3333333333333333,0.0,0.0,0.0,0.0,0.0,0.0,0.0,0.0,0.0,0.0746031746031746,0.0,6.0,,,,,,,,,,,,,,,,,,,,,,,,,,
sci-2f3b45de3872,rar_science,agentic-negonly,,,,,61.0,15.0,,,,,,,,,,,grounding,15.0,20.0,0.0,0.9333333333333333,0.9333333333333333,0.0,0.0,3.933333333333333,0.0,0.0,0.0,1.0,0.0,0.0,0.0,0.0,0.0,0.0,0.0,0.0,0.0,0.0,0.011461988304093566,0.0,15.0,,,,,,,,,,,,,,,,,,,,,,,,,,
sci-423a28946a42,rar_science,shipped,,,,,34.0,22.0,,,,,,,,,,,grounding,8.0,4.0,0.625,1.0,0.375,0.6451612903225806,0.5396825396825397,0.375,1.0,0.0,0.0,3.0,0.125,0.625,0.0,0.625,0.375,0.7096774193548387,0.6349206349206349,0.041666666666666664,0.0,0.125,0.020833333333333332,5.0,8.0,,,,,,,,,,,,,,,,,,,,,,,,,,
sci-423a28946a42,rar_science,baseline,,,,,34.0,22.0,,,,,,,,,,,grounding,14.0,4.0,0.9285714285714286,1.0,0.0714285714285714,0.8936170212765957,0.9107142857142857,0.14285714285714285,0.9285714285714286,0.0,0.0,1.0,0.0,0.14285714285714285,0.0,0.14285714285714285,0.14285714285714285,0.14893617021276595,0.12499999999999999,0.0,0.0,0.0,0.0,13.0,14.0,,,,,,,,,,,,,,,,,,,,,,,,,,
sci-423a28946a42,rar_science,agentic,,,,,34.0,22.0,,,,,,,,,,,grounding,6.0,4.0,0.6666666666666666,1.0,0.33333333333333337,0.6666666666666666,0.627906976744186,0.3333333333333333,1.0,0.0,0.0,2.0,0.6666666666666666,0.0,0.0,0.0,0.0,0.0,0.0,0.0,0.0,0.0,0.0,4.0,6.0,,,,,,,,,,,,,,,,,,,,,,,,,,
sci-423a28946a42,rar_science,agentic-goldonly,,,,,34.0,22.0,,,,,,,,,,,grounding,6.0,4.0,0.3333333333333333,1.0,0.6666666666666667,0.4,0.5,0.6666666666666666,1.0,0.0,0.0,1.0,0.0,0.16666666666666666,0.0,0.16666666666666666,0.16666666666666666,0.26666666666666666,0.21874999999999997,0.030303030303030304,0.0,0.0,0.0,2.0,6.0,,,,,,,,,,,,,,,,,,,,,,,,,,
sci-423a28946a42,rar_science,agentic-negonly,,,,,34.0,22.0,,,,,,,,,,,grounding,16.0,4.0,0.6875,0.875,0.1875,0.6727272727272727,0.7109374999999998,0.3125,1.0,0.0,0.0,1.0,0.0,0.0625,0.0,0.0625,0.0,0.07272727272727272,0.05468749999999999,0.023291925465838508,0.0,0.0,0.006944444444444444,11.0,16.0,,,,,,,,,,,,,,,,,,,,,,,,,,
sci-4260e6a475a5,rar_science,shipped,,,,,80.0,42.0,,,,,,,,,,,grounding,8.0,15.0,0.0,1.0,1.0,0.0,0.0,1.75,0.625,0.0,0.0,1.0,0.0,0.25,0.0,0.25,0.0,0.2857142857142857,0.25000000000000006,0.0,0.0,0.0,0.0,0.0,8.0,,,,,,,,,,,,,,,,,,,,,,,,,,
sci-4260e6a475a5,rar_science,baseline,,,,,80.0,42.0,,,,,,,,,,,grounding,8.0,15.0,0.0,1.0,1.0,0.0,0.0,1.5,0.625,0.0,0.0,1.0,0.0,0.0,0.0,0.0,0.0,0.0,0.0,0.0,0.0,0.0,0.0,0.0,8.0,,,,,,,,,,,,,,,,,,,,,,,,,,
sci-4260e6a475a5,rar_science,agentic,,,,,80.0,42.0,,,,,,,,,,,grounding,14.0,15.0,0.07142857142857142,1.0,0.9285714285714286,0.07317073170731707,0.08620689655172414,2.0,0.2857142857142857,0.0,0.0,1.0,0.0,0.0,0.0,0.0,0.0,0.0,0.0,0.0071428571428571435,0.0,0.0,0.0,1.0,14.0,,,,,,,,,,,,,,,,,,,,,,,,,,
sci-4260e6a475a5,rar_science,agentic-goldonly,,,,,80.0,42.0,,,,,,,,,,,grounding,12.0,15.0,0.0,1.0,1.0,0.0,0.0,1.8333333333333333,0.5,0.0,0.0,1.0,0.0,0.0,0.0,0.0,0.0,0.0,0.0,0.0,0.0,0.0,0.0,0.0,12.0,,,,,,,,,,,,,,,,,,,,,,,,,,
sci-4260e6a475a5,rar_science,agentic-negonly,,,,,80.0,42.0,,,,,,,,,,,grounding,12.0,15.0,0.0,1.0,1.0,0.0,0.0,1.5833333333333333,0.5,0.0,0.0,1.0,0.0,0.0,0.0,0.0,0.0,0.0,0.0,0.0,0.0,0.0,0.0,0.0,12.0,,,,,,,,,,,,,,,,,,,,,,,,,,
sci-4430faf0f105,rar_science,shipped,,,,,46.0,2.0,,,,,,,,,,,grounding,7.0,4.0,0.42857142857142855,1.0,0.5714285714285714,0.3076923076923077,0.35849056603773577,0.7142857142857143,0.8571428571428571,0.0,0.0,1.0,0.0,0.2857142857142857,0.0,0.2857142857142857,0.14285714285714285,0.3076923076923077,0.26415094339622636,0.0,0.0,0.0,0.0,3.0,7.0,,,,,,,,,,,,,,,,,,,,,,,,,,
sci-4430faf0f105,rar_science,baseline,,,,,46.0,2.0,,,,,,,,,,,grounding,12.0,4.0,0.5833333333333334,1.0,0.41666666666666663,0.5227272727272727,0.5576923076923077,0.4166666666666667,1.0,0.0,0.0,1.0,0.0,0.0,0.0,0.0,0.0,0.0,0.0,0.0,0.0,0.0,0.0,7.0,12.0,,,,,,,,,,,,,,,,,,,,,,,,,,
sci-4430faf0f105,rar_science,agentic,,,,,46.0,2.0,,,,,,,,,,,grounding,15.0,4.0,0.6,1.0,0.4,0.5510204081632653,0.6086956521739131,0.4666666666666667,0.9333333333333333,0.0,0.0,1.0,0.0,0.0,0.0,0.0,0.0,0.0,0.0,0.0,0.0,0.0,0.005555555555555555,9.0,15.0,,,,,,,,,,,,,,,,,,,,,,,,,,
sci-4430faf0f105,rar_science,agentic-goldonly,,,,,46.0,2.0,,,,,,,,,,,grounding,15.0,4.0,0.7333333333333333,1.0,0.2666666666666667,0.6909090909090909,0.7258064516129032,0.26666666666666666,1.0,0.0,0.0,1.0,0.0,0.0,0.0,0.0,0.0,0.0,0.0,0.0,0.0,0.0,0.0,11.0,15.0,,,,,,,,,,,,,,,,,,,,,,,,,,
sci-4430faf0f105,rar_science,agentic-negonly,,,,,46.0,2.0,,,,,,,,,,,grounding,13.0,4.0,0.6923076923076923,1.0,0.3076923076923077,0.7,0.7065217391304348,0.3076923076923077,1.0,0.0,0.0,1.0,0.0,0.0,0.0,0.0,0.0,0.0,0.0,0.0,0.0,0.0,0.0,9.0,13.0,,,,,,,,,,,,,,,,,,,,,,,,,,
sci-46a70d998b40,rar_science,shipped,,,,,35.0,13.0,,,,,,,,,,,grounding,7.0,11.0,0.2857142857142857,1.0,0.7142857142857143,0.25,0.18867924528301888,0.8571428571428571,0.8571428571428571,0.0,0.0,1.0,0.0,0.7142857142857143,0.42857142857142855,0.8571428571428571,0.2857142857142857,0.8214285714285714,0.8113207547169812,0.0,0.0,0.0,0.0,2.0,7.0,,,,,,,,,,,,,,,,,,,,,,,,,,
sci-46a70d998b40,rar_science,baseline,,,,,35.0,13.0,,,,,,,,,,,grounding,9.0,11.0,0.1111111111111111,0.8888888888888888,0.7777777777777777,0.07407407407407407,0.1267605633802817,2.6666666666666665,0.4444444444444444,0.0,0.0,1.0,0.0,0.0,0.1111111111111111,0.1111111111111111,0.0,0.07407407407407407,0.1267605633802817,0.0,0.0,0.0,0.0,1.0,9.0,,,,,,,,,,,,,,,,,,,,,,,,,,
sci-46a70d998b40,rar_science,agentic,,,,,35.0,13.0,,,,,,,,,,,grounding,8.0,11.0,0.0,0.75,0.75,0.0,0.0,3.125,0.125,0.0,0.0,1.0,0.0,0.0,0.125,0.125,0.0,0.08,0.14516129032258066,0.0,0.0,0.0,0.0,0.0,8.0,,,,,,,,,,,,,,,,,,,,,,,,,,
sci-46a70d998b40,rar_science,agentic-goldonly,,,,,35.0,13.0,,,,,,,,,,,grounding,8.0,11.0,0.125,0.75,0.625,0.07692307692307693,0.14285714285714288,2.875,0.125,0.0,0.0,1.0,0.0,0.0,0.125,0.125,0.125,0.07692307692307693,0.14285714285714288,0.0,0.0,0.0,0.0,1.0,8.0,,,,,,,,,,,,,,,,,,,,,,,,,,
sci-46a70d998b40,rar_science,agentic-negonly,,,,,35.0,13.0,,,,,,,,,,,grounding,9.0,11.0,0.0,0.8888888888888888,0.8888888888888888,0.0,0.0,3.0,0.1111111111111111,0.0,0.0,1.0,0.0,0.0,0.1111111111111111,0.1111111111111111,0.0,0.08,0.10606060606060606,0.0,0.0,0.0,0.0,0.0,9.0,,,,,,,,,,,,,,,,,,,,,,,,,,
sci-4705912940bd,rar_science,shipped,,,,,160.0,39.0,,,,,,,,,,,grounding,8.0,21.0,0.375,0.875,0.5,0.2962962962962963,0.3064516129032258,2.0,0.625,0.0,0.0,2.0,0.125,0.25,0.25,0.375,0.25,0.4074074074074074,0.2741935483870968,0.0,0.0,0.0,0.13161057692307693,3.0,8.0,,,,,,,,,,,,,,,,,,,,,,,,,,
sci-4705912940bd,rar_science,baseline,,,,,160.0,39.0,,,,,,,,,,,grounding,11.0,21.0,0.0,1.0,1.0,0.0,0.0,2.8181818181818183,0.18181818181818182,0.0,0.0,1.0,0.0,0.09090909090909091,0.09090909090909091,0.09090909090909091,0.0,0.06382978723404255,0.06666666666666667,0.0,0.0,0.0,0.012987012987012986,0.0,11.0,,,,,,,,,,,,,,,,,,,,,,,,,,
sci-4705912940bd,rar_science,agentic,,,,,160.0,39.0,,,,,,,,,,,grounding,7.0,21.0,0.0,1.0,1.0,0.0,0.0,1.5714285714285714,0.5714285714285714,0.0,0.0,1.0,0.0,0.0,0.0,0.0,0.0,0.0,0.0,0.0,0.0,0.0,0.09285714285714286,0.0,7.0,,,,,,,,,,,,,,,,,,,,,,,,,,
sci-4705912940bd,rar_science,agentic-goldonly,,,,,160.0,39.0,,,,,,,,,,,grounding,10.0,21.0,0.0,1.0,1.0,0.0,0.0,2.2,0.4,0.0,0.0,1.0,0.0,0.0,0.0,0.0,0.0,0.0,0.0,0.0,0.0,0.0,0.06666666666666667,0.0,10.0,,,,,,,,,,,,,,,,,,,,,,,,,,
sci-4705912940bd,rar_science,agentic-negonly,,,,,160.0,39.0,,,,,,,,,,,grounding,10.0,21.0,0.0,1.0,1.0,0.0,0.0,2.0,0.5,0.0,0.0,1.0,0.0,0.0,0.0,0.0,0.0,0.0,0.0,0.0,0.0,0.0,0.0742929292929293,0.0,10.0,,,,,,,,,,,,,,,,,,,,,,,,,,
sci-530fc857ec78,rar_science,shipped,,,,,23.0,28.0,,,,,,,,,,,grounding,8.0,6.0,0.5,1.0,0.5,0.4827586206896552,0.35714285714285715,0.5,1.0,0.0,0.0,1.0,0.0,0.375,0.0,0.375,0.125,0.41379310344827586,0.35714285714285715,0.0,0.0,0.0,0.0,4.0,8.0,,,,,,,,,,,,,,,,,,,,,,,,,,
sci-530fc857ec78,rar_science,baseline,,,,,23.0,28.0,,,,,,,,,,,grounding,11.0,6.0,0.9090909090909091,0.9090909090909091,0.0,0.9705882352941176,0.9620253164556962,0.09090909090909091,1.0,0.0,0.0,1.0,0.0,0.0,0.0,0.0,0.0,0.0,0.0,0.0,0.0,0.0,0.0,10.0,11.0,,,,,,,,,,,,,,,,,,,,,,,,,,
sci-530fc857ec78,rar_science,agentic,,,,,23.0,28.0,,,,,,,,,,,grounding,6.0,6.0,0.5,1.0,0.5,0.45454545454545453,0.45999999999999996,0.5,1.0,0.0,0.0,1.0,0.0,0.0,0.0,0.0,0.0,0.0,0.0,0.0,0.0,0.0,0.0,3.0,6.0,,,,,,,,,,,,,,,,,,,,,,,,,,
sci-530fc857ec78,rar_science,agentic-goldonly,,,,,23.0,28.0,,,,,,,,,,,grounding,6.0,6.0,0.3333333333333333,1.0,0.6666666666666667,0.3,0.3076923076923077,0.6666666666666666,1.0,0.0,0.0,1.0,0.0,0.0,0.0,0.0,0.0,0.0,0.0,0.0,0.0,0.0,0.0,2.0,6.0,,,,,,,,,,,,,,,,,,,,,,,,,,
sci-530fc857ec78,rar_science,agentic-negonly,,,,,23.0,28.0,,,,,,,,,,,grounding,13.0,6.0,0.15384615384615385,1.0,0.8461538461538461,0.16326530612244897,0.14432989690721648,0.8461538461538461,1.0,0.0,0.0,1.0,0.0,0.0,0.0,0.0,0.0,0.0,0.0,0.0,0.0,0.0,0.013986013986013986,2.0,13.0,,,,,,,,,,,,,,,,,,,,,,,,,,
sci-5c5822f383a5,rar_science,shipped,,,,,78.0,188.0,,,,,,,,,,,grounding,8.0,27.0,0.5,1.0,0.5,0.3870967741935484,0.3728813559322034,1.25,0.625,0.0,0.0,1.0,0.0,0.75,0.0,0.75,0.375,0.8064516129032258,0.6779661016949151,0.0,0.0,0.0,0.0,4.0,8.0,,,,,,,,,,,,,,,,,,,,,,,,,,
sci-5c5822f383a5,rar_science,baseline,,,,,78.0,188.0,,,,,,,,,,,grounding,13.0,27.0,0.38461538461538464,0.9230769230769231,0.5384615384615385,0.37777777777777777,0.3925233644859813,1.4615384615384615,0.5384615384615384,0.0,0.0,1.0,0.0,0.07692307692307693,0.0,0.07692307692307693,0.0,0.022222222222222223,0.02803738317757009,0.0,0.0,0.0,0.0,5.0,13.0,,,,,,,,,,,,,,,,,,,,,,,,,,
sci-5c5822f383a5,rar_science,agentic,,,,,78.0,188.0,,,,,,,,,,,grounding,15.0,27.0,0.13333333333333333,1.0,0.8666666666666667,0.10638297872340426,0.0892857142857143,2.066666666666667,0.3333333333333333,0.0,0.0,2.0,0.13333333333333333,0.0,0.0,0.0,0.0,0.0,0.0,0.0,0.0,0.0,0.0,2.0,15.0,,,,,,,,,,,,,,,,,,,,,,,,,,
sci-5c5822f383a5,rar_science,agentic-goldonly,,,,,78.0,188.0,,,,,,,,,,,grounding,13.0,27.0,0.15384615384615385,1.0,0.8461538461538461,0.14,0.13333333333333336,1.7692307692307692,0.38461538461538464,0.0,0.0,1.0,0.0,0.0,0.0,0.0,0.0,0.0,0.0,0.0,0.0,0.0,0.0,2.0,13.0,,,,,,,,,,,,,,,,,,,,,,,,,,
sci-5c5822f383a5,rar_science,agentic-negonly,,,,,78.0,188.0,,,,,,,,,,,grounding,15.0,27.0,0.13333333333333333,1.0,0.8666666666666667,0.10638297872340426,0.0892857142857143,2.066666666666667,0.3333333333333333,0.0,0.0,2.0,0.13333333333333333,0.0,0.0,0.0,0.0,0.0,0.0,0.0,0.0,0.0,0.0,2.0,15.0,,,,,,,,,,,,,,,,,,,,,,,,,,
sci-615e52d990f9,rar_science,shipped,,,,,37.0,31.0,,,,,,,,,,,grounding,7.0,9.0,0.5714285714285714,0.8571428571428571,0.2857142857142857,0.6538461538461539,0.6071428571428571,0.42857142857142855,1.0,0.0,0.0,1.0,0.0,0.42857142857142855,0.14285714285714285,0.42857142857142855,0.14285714285714285,0.46153846153846156,0.41071428571428564,0.05454545454545455,0.0,0.0,0.0,4.0,7.0,,,,,,,,,,,,,,,,,,,,,,,,,,
sci-615e52d990f9,rar_science,baseline,,,,,37.0,31.0,,,,,,,,,,,grounding,13.0,9.0,0.8461538461538461,1.0,0.15384615384615385,0.7560975609756098,0.7894736842105264,0.15384615384615385,1.0,0.0,0.0,2.0,0.07692307692307693,0.15384615384615385,0.38461538461538464,0.46153846153846156,0.38461538461538464,0.4634146341463415,0.38947368421052625,0.01183431952662722,0.0,0.0,0.0,11.0,13.0,,,,,,,,,,,,,,,,,,,,,,,,,,
sci-615e52d990f9,rar_science,agentic,,,,,37.0,31.0,,,,,,,,,,,grounding,8.0,9.0,0.75,1.0,0.25,0.6190476190476191,0.6909090909090909,0.5,0.875,0.0,0.0,1.0,0.0,0.0,0.375,0.375,0.25,0.38095238095238093,0.3818181818181818,0.125,0.125,0.125,0.0,6.0,8.0,,,,,,,,,,,,,,,,,,,,,,,,,,
sci-615e52d990f9,rar_science,agentic-goldonly,,,,,37.0,31.0,,,,,,,,,,,grounding,6.0,9.0,0.6666666666666666,1.0,0.33333333333333337,0.5789473684210527,0.5853658536585367,0.6666666666666666,0.8333333333333334,0.0,0.0,1.0,0.0,0.0,0.5,0.5,0.3333333333333333,0.47368421052631576,0.5121951219512195,0.15,0.16666666666666666,0.16666666666666666,0.0,4.0,6.0,,,,,,,,,,,,,,,,,,,,,,,,,,
sci-615e52d990f9,rar_science,agentic-negonly,,,,,37.0,31.0,,,,,,,,,,,grounding,15.0,9.0,0.8,1.0,0.19999999999999996,0.6808510638297872,0.7087378640776697,0.3333333333333333,0.9333333333333333,0.0,0.0,1.0,0.0,0.0,0.3333333333333333,0.3333333333333333,0.26666666666666666,0.3617021276595745,0.35922330097087374,0.031578947368421054,0.0,0.06666666666666667,0.0,12.0,15.0,,,,,,,,,,,,,,,,,,,,,,,,,,
sci-6601b6700272,rar_science,shipped,,,,,57.0,7.0,,,,,,,,,,,grounding,8.0,19.0,0.25,1.0,0.75,0.12,0.10714285714285715,1.75,0.375,0.0,0.0,1.0,0.0,0.5,0.25,0.625,0.25,0.64,0.5892857142857143,0.0,0.0,0.0,0.0,2.0,8.0,,,,,,,,,,,,,,,,,,,,,,,,,,
sci-6601b6700272,rar_science,baseline,,,,,57.0,7.0,,,,,,,,,,,grounding,10.0,19.0,0.0,1.0,1.0,0.0,0.0,1.7,0.5,0.0,0.0,1.0,0.0,0.0,0.0,0.0,0.0,0.0,0.0,0.0,0.0,0.0,0.0,0.0,10.0,,,,,,,,,,,,,,,,,,,,,,,,,,
sci-6601b6700272,rar_science,agentic,,,,,57.0,7.0,,,,,,,,,,,grounding,15.0,19.0,0.0,1.0,1.0,0.0,0.0,2.533333333333333,0.3333333333333333,0.0,0.0,1.0,0.0,0.0,0.0,0.0,0.0,0.0,0.0,0.0,0.0,0.0,0.0,0.0,15.0,,,,,,,,,,,,,,,,,,,,,,,,,,
sci-6601b6700272,rar_science,agentic-goldonly,,,,,57.0,7.0,,,,,,,,,,,grounding,6.0,19.0,0.0,1.0,1.0,0.0,0.0,2.3333333333333335,0.3333333333333333,0.0,0.0,1.0,0.0,0.0,0.0,0.0,0.0,0.0,0.0,0.0,0.0,0.0,0.0,0.0,6.0,,,,,,,,,,,,,,,,,,,,,,,,,,
sci-6601b6700272,rar_science,agentic-negonly,,,,,57.0,7.0,,,,,,,,,,,grounding,15.0,19.0,0.06666666666666667,1.0,0.9333333333333333,0.025,0.029126213592233007,2.2,0.3333333333333333,0.0,0.0,2.0,0.13333333333333333,0.0,0.0,0.0,0.0,0.0,0.0,0.0,0.0,0.0,0.0,1.0,15.0,,,,,,,,,,,,,,,,,,,,,,,,,,
sci-674358162aab,rar_science,shipped,,,,,40.0,27.0,,,,,,,,,,,grounding,7.0,13.0,0.14285714285714285,1.0,0.8571428571428572,0.18518518518518517,0.2040816326530612,2.142857142857143,0.5714285714285714,0.0,0.0,1.0,0.0,0.14285714285714285,0.0,0.14285714285714285,0.14285714285714285,0.18518518518518517,0.2040816326530612,0.05102040816326531,0.0,0.14285714285714285,0.023809523809523808,1.0,7.0,,,,,,,,,,,,,,,,,,,,,,,,,,
sci-674358162aab,rar_science,baseline,,,,,40.0,27.0,,,,,,,,,,,grounding,17.0,13.0,0.23529411764705882,1.0,0.7647058823529411,0.23529411764705882,0.1811023622047244,1.4705882352941178,0.7058823529411765,0.0,0.0,1.0,0.0,0.058823529411764705,0.11764705882352941,0.11764705882352941,0.11764705882352941,0.058823529411764705,0.047244094488188976,0.018922254216371864,0.0,0.0,0.00980392156862745,4.0,17.0,,,,,,,,,,,,,,,,,,,,,,,,,,
sci-674358162aab,rar_science,agentic,,,,,40.0,27.0,,,,,,,,,,,grounding,15.0,13.0,0.2,1.0,0.8,0.1951219512195122,0.1368421052631579,1.6666666666666667,0.6,0.0,0.0,1.0,0.0,0.0,0.06666666666666667,0.06666666666666667,0.0,0.04878048780487805,0.031578947368421054,0.08601010101010102,0.0,0.2,0.0,3.0,15.0,,,,,,,,,,,,,,,,,,,,,,,,,,
sci-674358162aab,rar_science,agentic-goldonly,,,,,40.0,27.0,,,,,,,,,,,grounding,13.0,13.0,0.3076923076923077,1.0,0.6923076923076923,0.25,0.2469135802469136,1.5384615384615385,0.7692307692307693,0.0,0.0,1.0,0.0,0.0,0.0,0.0,0.0,0.0,0.0,0.10576923076923077,0.0,0.23076923076923078,0.0,4.0,13.0,,,,,,,,,,,,,,,,,,,,,,,,,,
sci-674358162aab,rar_science,agentic-negonly,,,,,40.0,27.0,,,,,,,,,,,grounding,16.0,13.0,0.3125,1.0,0.6875,0.21621621621621623,0.2596153846153846,1.125,0.75,0.0,0.0,1.0,0.0,0.0,0.0,0.0,0.0,0.0,0.0,0.06666666666666667,0.0,0.1875,0.0,5.0,16.0,,,,,,,,,,,,,,,,,,,,,,,,,,
sci-70db910e68ee,rar_science,shipped,,,,,31.0,56.0,,,,,,,,,,,grounding,7.0,4.0,0.42857142857142855,1.0,0.5714285714285714,0.44,0.37735849056603776,0.5714285714285714,1.0,0.0,0.0,1.0,0.0,0.42857142857142855,0.0,0.42857142857142855,0.2857142857142857,0.44,0.37735849056603776,0.03373015873015873,0.0,0.0,0.0,3.0,7.0,,,,,,,,,,,,,,,,,,,,,,,,,,
sci-70db910e68ee,rar_science,baseline,,,,,31.0,56.0,,,,,,,,,,,grounding,12.0,4.0,0.75,1.0,0.25,0.6829268292682927,0.7362637362637363,0.25,1.0,0.0,0.0,1.0,0.0,0.0,0.0,0.0,0.0,0.0,0.0,0.03125,0.0,0.08333333333333333,0.023809523809523808,9.0,12.0,,,,,,,,,,,,,,,,,,,,,,,,,,
sci-70db910e68ee,rar_science,agentic,,,,,31.0,56.0,,,,,,,,,,,grounding,15.0,4.0,0.6,1.0,0.4,0.6052631578947368,0.5901639344262295,0.4,1.0,0.0,0.0,1.0,0.0,0.0,0.0,0.0,0.0,0.0,0.0,0.02222222222222222,0.0,0.06666666666666667,0.030000000000000002,9.0,15.0,,,,,,,,,,,,,,,,,,,,,,,,,,
sci-70db910e68ee,rar_science,agentic-goldonly,,,,,31.0,56.0,,,,,,,,,,,grounding,15.0,4.0,0.6666666666666666,1.0,0.33333333333333337,0.6923076923076923,0.6666666666666667,0.3333333333333333,1.0,0.0,0.0,1.0,0.0,0.0,0.0,0.0,0.0,0.0,0.0,0.03333333333333333,0.06666666666666667,0.06666666666666667,0.02666666666666667,10.0,15.0,,,,,,,,,,,,,,,,,,,,,,,,,,
sci-70db910e68ee,rar_science,agentic-negonly,,,,,31.0,56.0,,,,,,,,,,,grounding,15.0,4.0,0.4666666666666667,1.0,0.5333333333333333,0.5555555555555556,0.44761904761904764,0.5333333333333333,1.0,0.0,0.0,1.0,0.0,0.0,0.0,0.0,0.0,0.0,0.0,0.024848484848484845,0.0,0.0,0.013333333333333334,7.0,15.0,,,,,,,,,,,,,,,,,,,,,,,,,,
sci-71c07f577946,rar_science,shipped,,,,,36.0,31.0,,,,,,,,,,,grounding,7.0,11.0,0.14285714285714285,0.8571428571428571,0.7142857142857142,0.14814814814814814,0.12499999999999999,1.4285714285714286,0.5714285714285714,0.0,0.0,1.0,0.0,0.42857142857142855,0.5714285714285714,0.7142857142857143,0.0,0.8148148148148148,0.7142857142857142,0.05952380952380952,0.0,0.0,0.011904761904761904,1.0,7.0,,,,,,,,,,,,,,,,,,,,,,,,,,
sci-71c07f577946,rar_science,baseline,,,,,36.0,31.0,,,,,,,,,,,grounding,12.0,11.0,0.4166666666666667,1.0,0.5833333333333333,0.3333333333333333,0.31868131868131866,1.0833333333333333,0.75,0.0,0.0,1.0,0.0,0.16666666666666666,0.16666666666666666,0.25,0.08333333333333333,0.3055555555555556,0.28571428571428575,0.05555555555555555,0.0,0.16666666666666666,0.0,5.0,12.0,,,,,,,,,,,,,,,,,,,,,,,,,,
sci-71c07f577946,rar_science,agentic,,,,,36.0,31.0,,,,,,,,,,,grounding,6.0,11.0,0.0,1.0,1.0,0.0,0.0,2.5,0.16666666666666666,0.0,0.0,2.0,0.3333333333333333,0.0,0.0,0.0,0.0,0.0,0.0,0.25,0.3333333333333333,0.3333333333333333,0.0,0.0,6.0,,,,,,,,,,,,,,,,,,,,,,,,,,
sci-71c07f577946,rar_science,agentic-goldonly,,,,,36.0,31.0,,,,,,,,,,,grounding,6.0,11.0,0.0,1.0,1.0,0.0,0.0,3.3333333333333335,0.16666666666666666,0.0,0.0,2.0,0.6666666666666666,0.0,0.0,0.0,0.0,0.0,0.0,0.35327635327635326,0.3333333333333333,0.5,0.0,0.0,6.0,,,,,,,,,,,,,,,,,,,,,,,,,,
sci-71c07f577946,rar_science,agentic-negonly,,,,,36.0,31.0,,,,,,,,,,,grounding,15.0,11.0,0.3333333333333333,1.0,0.6666666666666667,0.3111111111111111,0.30693069306930687,1.4,0.5333333333333333,0.0,0.0,1.0,0.0,0.0,0.0,0.0,0.0,0.0,0.0,0.1,0.13333333333333333,0.13333333333333333,0.0,5.0,15.0,,,,,,,,,,,,,,,,,,,,,,,,,,
sci-78456e89e0b3,rar_science,shipped,,,,,30.0,10.0,,,,,,,,,,,grounding,7.0,11.0,0.42857142857142855,1.0,0.5714285714285714,0.28,0.3584905660377358,0.8571428571428571,0.7142857142857143,0.0,0.0,1.0,0.0,0.2857142857142857,0.14285714285714285,0.42857142857142855,0.2857142857142857,0.28,0.3584905660377358,0.0,0.0,0.0,0.0,3.0,7.0,,,,,,,,,,,,,,,,,,,,,,,,,,
sci-78456e89e0b3,rar_science,baseline,,,,,30.0,10.0,,,,,,,,,,,grounding,11.0,11.0,0.18181818181818182,1.0,0.8181818181818181,0.12195121951219512,0.10869565217391305,1.1818181818181819,0.6363636363636364,0.0,0.0,1.0,0.0,0.09090909090909091,0.09090909090909091,0.09090909090909091,0.09090909090909091,0.04878048780487805,0.03260869565217391,0.0,0.0,0.0,0.0,2.0,11.0,,,,,,,,,,,,,,,,,,,,,,,,,,
sci-78456e89e0b3,rar_science,agentic,,,,,30.0,10.0,,,,,,,,,,,grounding,7.0,11.0,0.0,1.0,1.0,0.0,0.0,1.8571428571428572,0.14285714285714285,0.0,0.0,1.0,0.0,0.0,0.0,0.0,0.0,0.0,0.0,0.0,0.0,0.0,0.0,0.0,7.0,,,,,,,,,,,,,,,,,,,,,,,,,,
sci-78456e89e0b3,rar_science,agentic-goldonly,,,,,30.0,10.0,,,,,,,,,,,grounding,10.0,11.0,0.1,1.0,0.9,0.075,0.07368421052631578,2.1,0.2,0.0,0.0,2.0,0.4,0.0,0.0,0.0,0.0,0.0,0.0,0.0,0.0,0.0,0.0,1.0,10.0,,,,,,,,,,,,,,,,,,,,,,,,,,
sci-78456e89e0b3,rar_science,agentic-negonly,,,,,30.0,10.0,,,,,,,,,,,grounding,15.0,11.0,0.13333333333333333,1.0,0.8666666666666667,0.09523809523809523,0.1015625,1.1333333333333333,0.7333333333333333,0.0,0.0,2.0,0.13333333333333333,0.0,0.0,0.0,0.0,0.0,0.0,0.0,0.0,0.0,0.0,2.0,15.0,,,,,,,,,,,,,,,,,,,,,,,,,,
sci-801539f7bca0,rar_science,shipped,,,,,62.0,25.0,,,,,,,,,,,grounding,8.0,28.0,0.125,1.0,0.875,0.10344827586206896,0.053571428571428575,3.125,0.25,0.0,0.0,1.0,0.0,0.25,0.125,0.25,0.125,0.27586206896551724,0.23214285714285718,0.020833333333333332,0.0,0.0,0.013888888888888888,1.0,8.0,,,,,,,,,,,,,,,,,,,,,,,,,,
sci-801539f7bca0,rar_science,baseline,,,,,62.0,25.0,,,,,,,,,,,grounding,10.0,28.0,0.1,0.9,0.8,0.03125,0.038461538461538464,3.7,0.1,0.0,0.0,2.0,0.1,0.1,0.1,0.1,0.1,0.03125,0.038461538461538464,0.02777777777777778,0.0,0.0,0.0,1.0,10.0,,,,,,,,,,,,,,,,,,,,,,,,,,
sci-801539f7bca0,rar_science,agentic,,,,,62.0,25.0,,,,,,,,,,,grounding,6.0,28.0,0.0,1.0,1.0,0.0,0.0,5.833333333333333,0.0,0.0,0.0,2.0,0.3333333333333333,0.0,0.0,0.0,0.0,0.0,0.0,0.17857142857142858,0.16666666666666666,0.3333333333333333,0.03333333333333333,0.0,6.0,,,,,,,,,,,,,,,,,,,,,,,,,,
sci-801539f7bca0,rar_science,agentic-goldonly,,,,,62.0,25.0,,,,,,,,,,,grounding,6.0,28.0,0.0,1.0,1.0,0.0,0.0,5.0,0.0,0.0,0.0,1.0,0.0,0.0,0.0,0.0,0.0,0.0,0.0,0.15476190476190477,0.16666666666666666,0.3333333333333333,0.03333333333333333,0.0,6.0,,,,,,,,,,,,,,,,,,,,,,,,,,
sci-801539f7bca0,rar_science,agentic-negonly,,,,,62.0,25.0,,,,,,,,,,,grounding,14.0,28.0,0.0,1.0,1.0,0.0,0.0,3.5,0.07142857142857142,0.0,0.0,1.0,0.0,0.0,0.0,0.0,0.0,0.0,0.0,0.0,0.0,0.0,0.023214285714285715,0.0,14.0,,,,,,,,,,,,,,,,,,,,,,,,,,
sci-870a3c2acf5f,rar_science,shipped,,,,,60.0,45.0,,,,,,,,,,,grounding,9.0,15.0,0.2222222222222222,1.0,0.7777777777777778,0.22580645161290322,0.15384615384615385,1.3333333333333333,0.6666666666666666,0.0,0.0,3.0,0.2222222222222222,0.3333333333333333,0.1111111111111111,0.3333333333333333,0.1111111111111111,0.3548387096774194,0.24615384615384617,0.022222222222222223,0.0,0.0,0.022222222222222223,2.0,9.0,,,,,,,,,,,,,,,,,,,,,,,,,,
sci-870a3c2acf5f,rar_science,baseline,,,,,60.0,45.0,,,,,,,,,,,grounding,9.0,15.0,0.3333333333333333,1.0,0.6666666666666667,0.25,0.3733333333333333,0.8888888888888888,0.7777777777777778,0.0,0.0,1.0,0.0,0.0,0.0,0.0,0.0,0.0,0.0,0.0,0.0,0.0,0.0,3.0,9.0,,,,,,,,,,,,,,,,,,,,,,,,,,
sci-870a3c2acf5f,rar_science,agentic,,,,,60.0,45.0,,,,,,,,,,,grounding,6.0,15.0,0.16666666666666666,1.0,0.8333333333333334,0.10526315789473684,0.13999999999999999,1.6666666666666667,0.5,0.0,0.0,1.0,0.0,0.0,0.16666666666666666,0.16666666666666666,0.0,0.15789473684210525,0.13999999999999999,0.0,0.0,0.0,0.0,1.0,6.0,,,,,,,,,,,,,,,,,,,,,,,,,,
sci-870a3c2acf5f,rar_science,agentic-goldonly,,,,,60.0,45.0,,,,,,,,,,,grounding,16.0,15.0,0.1875,1.0,0.8125,0.16,0.20353982300884954,1.4375,0.625,0.0,0.0,1.0,0.0,0.0,0.0,0.0,0.0,0.0,0.0,0.0196969696969697,0.0,0.0,0.0,3.0,16.0,,,,,,,,,,,,,,,,,,,,,,,,,,
sci-870a3c2acf5f,rar_science,agentic-negonly,,,,,60.0,45.0,,,,,,,,,,,grounding,15.0,15.0,0.4666666666666667,1.0,0.5333333333333333,0.4230769230769231,0.45045045045045046,0.8666666666666667,0.8,0.0,0.0,1.0,0.0,0.0,0.13333333333333333,0.13333333333333333,0.0,0.09615384615384616,0.0900900900900901,0.003508771929824561,0.0,0.0,0.0,7.0,15.0,,,,,,,,,,,,,,,,,,,,,,,,,,
sci-88a263c8039c,rar_science,shipped,,,,,54.0,32.0,,,,,,,,,,,grounding,8.0,37.0,0.0,1.0,1.0,0.0,0.0,5.75,0.0,0.0,0.0,3.0,0.125,0.5,0.25,0.625,0.0,0.6896551724137931,0.6071428571428571,0.013888888888888888,0.0,0.0,0.06474358974358975,0.0,8.0,,,,,,,,,,,,,,,,,,,,,,,,,,
sci-88a263c8039c,rar_science,baseline,,,,,54.0,32.0,,,,,,,,,,,grounding,12.0,37.0,0.08333333333333333,1.0,0.9166666666666666,0.09090909090909091,0.07608695652173914,3.5833333333333335,0.16666666666666666,0.0,0.0,1.0,0.0,0.25,0.0,0.25,0.0,0.3181818181818182,0.29347826086956524,0.011904761904761904,0.0,0.0,0.0,1.0,12.0,,,,,,,,,,,,,,,,,,,,,,,,,,
sci-88a263c8039c,rar_science,agentic,,,,,54.0,32.0,,,,,,,,,,,grounding,15.0,37.0,0.0,1.0,1.0,0.0,0.0,3.8,0.2,0.0,0.0,1.0,0.0,0.0,0.06666666666666667,0.06666666666666667,0.0,0.06666666666666667,0.06930693069306931,0.009523809523809523,0.0,0.0,0.048552188552188555,0.0,15.0,,,,,,,,,,,,,,,,,,,,,,,,,,
sci-88a263c8039c,rar_science,agentic-goldonly,,,,,54.0,32.0,,,,,,,,,,,grounding,15.0,37.0,0.13333333333333333,0.9333333333333333,0.8,0.09302325581395349,0.1263157894736842,3.066666666666667,0.26666666666666666,0.0,0.0,1.0,0.0,0.06666666666666667,0.06666666666666667,0.13333333333333333,0.0,0.11627906976744186,0.10526315789473682,0.02222222222222222,0.0,0.06666666666666667,0.020098039215686276,2.0,15.0,,,,,,,,,,,,,,,,,,,,,,,,,,
sci-88a263c8039c,rar_science,agentic-negonly,,,,,54.0,32.0,,,,,,,,,,,grounding,15.0,37.0,0.06666666666666667,1.0,0.9333333333333333,0.05,0.09183673469387754,3.8,0.2,0.0,0.0,1.0,0.0,0.0,0.0,0.0,0.0,0.0,0.0,0.016666666666666666,0.0,0.0,0.00784313725490196,1.0,15.0,,,,,,,,,,,,,,,,,,,,,,,,,,
sci-8c97efc18a60,rar_science,shipped,,,,,20.0,7.0,,,,,,,,,,,grounding,7.0,9.0,0.42857142857142855,1.0,0.5714285714285714,0.36,0.28260869565217395,1.1428571428571428,0.5714285714285714,0.0,0.0,2.0,0.14285714285714285,0.2857142857142857,0.2857142857142857,0.42857142857142855,0.2857142857142857,0.44,0.4347826086956522,0.0,0.0,0.0,0.0,3.0,7.0,,,,,,,,,,,,,,,,,,,,,,,,,,
sci-8c97efc18a60,rar_science,baseline,,,,,20.0,7.0,,,,,,,,,,,grounding,8.0,9.0,0.625,1.0,0.375,0.52,0.5932203389830509,0.625,0.875,0.0,0.0,1.0,0.0,0.0,0.0,0.0,0.0,0.0,0.0,0.0,0.0,0.0,0.03125,5.0,8.0,,,,,,,,,,,,,,,,,,,,,,,,,,
sci-8c97efc18a60,rar_science,agentic,,,,,20.0,7.0,,,,,,,,,,,grounding,7.0,9.0,0.0,1.0,1.0,0.0,0.0,1.5714285714285714,0.7142857142857143,0.0,0.0,1.0,0.0,0.0,0.0,0.0,0.0,0.0,0.0,0.0,0.0,0.0,0.017857142857142856,0.0,7.0,,,,,,,,,,,,,,,,,,,,,,,,,,
sci-8c97efc18a60,rar_science,agentic-goldonly,,,,,20.0,7.0,,,,,,,,,,,grounding,8.0,9.0,0.0,1.0,1.0,0.0,0.0,1.5,0.625,0.0,0.0,1.0,0.0,0.0,0.0,0.0,0.0,0.0,0.0,0.0,0.0,0.0,0.025,0.0,8.0,,,,,,,,,,,,,,,,,,,,,,,,,,
sci-8c97efc18a60,rar_science,agentic-negonly,,,,,20.0,7.0,,,,,,,,,,,grounding,11.0,9.0,0.0,1.0,1.0,0.0,0.0,2.090909090909091,0.18181818181818182,0.0,0.0,1.0,0.0,0.0,0.0,0.0,0.0,0.0,0.0,0.0,0.0,0.0,0.0,0.0,11.0,,,,,,,,,,,,,,,,,,,,,,,,,,
sci-96d4e5af66b6,rar_science,shipped,,,,,53.0,18.0,,,,,,,,,,,grounding,8.0,23.0,0.0,1.0,1.0,0.0,0.0,2.25,0.25,0.0,0.0,2.0,0.125,0.25,0.375,0.5,0.0,0.5666666666666667,0.5084745762711864,0.0,0.0,0.0,0.0,0.0,8.0,,,,,,,,,,,,,,,,,,,,,,,,,,
sci-96d4e5af66b6,rar_science,baseline,,,,,53.0,18.0,,,,,,,,,,,grounding,13.0,23.0,0.07692307692307693,1.0,0.9230769230769231,0.04878048780487805,0.031914893617021274,2.3076923076923075,0.46153846153846156,0.0,0.0,1.0,0.0,0.07692307692307693,0.23076923076923078,0.23076923076923078,0.0,0.21951219512195122,0.18085106382978722,0.0,0.0,0.0,0.0,1.0,13.0,,,,,,,,,,,,,,,,,,,,,,,,,,
sci-96d4e5af66b6,rar_science,agentic,,,,,53.0,18.0,,,,,,,,,,,grounding,8.0,23.0,0.0,1.0,1.0,0.0,0.0,3.25,0.0,0.0,0.0,1.0,0.0,0.0,0.125,0.125,0.0,0.20833333333333334,0.1754385964912281,0.0,0.0,0.0,0.0,0.0,8.0,,,,,,,,,,,,,,,,,,,,,,,,,,
sci-96d4e5af66b6,rar_science,agentic-goldonly,,,,,53.0,18.0,,,,,,,,,,,grounding,14.0,23.0,0.0,1.0,1.0,0.0,0.0,2.2857142857142856,0.2857142857142857,0.0,0.0,1.0,0.0,0.0,0.14285714285714285,0.14285714285714285,0.0,0.17073170731707318,0.14285714285714288,0.0,0.0,0.0,0.007936507936507936,0.0,14.0,,,,,,,,,,,,,,,,,,,,,,,,,,
sci-96d4e5af66b6,rar_science,agentic-negonly,,,,,53.0,18.0,,,,,,,,,,,grounding,16.0,23.0,0.0,1.0,1.0,0.0,0.0,3.0,0.0625,0.0,0.0,1.0,0.0,0.0,0.125,0.125,0.0,0.17391304347826086,0.1717171717171717,0.008928571428571428,0.0,0.0,0.0,0.0,16.0,,,,,,,,,,,,,,,,,,,,,,,,,,
sci-9dd57081a4e1,rar_science,shipped,,,,,109.0,140.0,,,,,,,,,,,grounding,8.0,68.0,0.375,1.0,0.625,0.20689655172413793,0.2542372881355932,1.75,0.5,0.0,0.0,3.0,0.125,0.375,0.125,0.375,0.25,0.3448275862068966,0.2711864406779661,0.0,0.0,0.0,0.0,3.0,8.0,,,,,,,,,,,,,,,,,,,,,,,,,,
sci-9dd57081a4e1,rar_science,baseline,,,,,109.0,140.0,,,,,,,,,,,grounding,10.0,68.0,0.1,1.0,0.9,0.02857142857142857,0.0379746835443038,3.5,0.2,0.0,0.0,1.0,0.0,0.0,0.0,0.0,0.0,0.0,0.0,0.0,0.0,0.0,0.0,1.0,10.0,,,,,,,,,,,,,,,,,,,,,,,,,,
sci-9dd57081a4e1,rar_science,agentic,,,,,109.0,140.0,,,,,,,,,,,grounding,14.0,68.0,0.0,0.9285714285714286,0.9285714285714286,0.0,0.0,4.642857142857143,0.0,0.0,0.0,1.0,0.0,0.0,0.0,0.0,0.0,0.0,0.0,0.011904761904761904,0.0,0.0,0.0,0.0,14.0,,,,,,,,,,,,,,,,,,,,,,,,,,
sci-9dd57081a4e1,rar_science,agentic-goldonly,,,,,109.0,140.0,,,,,,,,,,,grounding,14.0,68.0,0.0,0.9285714285714286,0.9285714285714286,0.0,0.0,4.642857142857143,0.0,0.0,0.0,1.0,0.0,0.0,0.0,0.0,0.0,0.0,0.0,0.011904761904761904,0.0,0.0,0.0,0.0,14.0,,,,,,,,,,,,,,,,,,,,,,,,,,
sci-9dd57081a4e1,rar_science,agentic-negonly,,,,,109.0,140.0,,,,,,,,,,,grounding,14.0,68.0,0.0,0.8571428571428571,0.8571428571428571,0.0,0.0,5.214285714285714,0.0,0.0,0.0,1.0,0.0,0.0,0.0,0.0,0.0,0.0,0.0,0.011904761904761904,0.0,0.0,0.0,0.0,14.0,,,,,,,,,,,,,,,,,,,,,,,,,,
sci-b89c9561e59a,rar_science,shipped,,,,,50.0,29.0,,,,,,,,,,,grounding,8.0,12.0,0.125,1.0,0.875,0.04,0.15517241379310345,1.875,0.5,0.0,0.0,1.0,0.0,0.25,0.125,0.375,0.0,0.52,0.396551724137931,0.020833333333333332,0.0,0.0,0.013888888888888888,1.0,8.0,,,,,,,,,,,,,,,,,,,,,,,,,,
sci-b89c9561e59a,rar_science,baseline,,,,,50.0,29.0,,,,,,,,,,,grounding,11.0,12.0,0.36363636363636365,1.0,0.6363636363636364,0.28205128205128205,0.3647058823529412,1.3636363636363635,0.5454545454545454,0.0,0.0,1.0,0.0,0.09090909090909091,0.18181818181818182,0.18181818181818182,0.18181818181818182,0.1794871794871795,0.15294117647058825,0.0,0.0,0.0,0.0,4.0,11.0,,,,,,,,,,,,,,,,,,,,,,,,,,
sci-b89c9561e59a,rar_science,agentic,,,,,50.0,29.0,,,,,,,,,,,grounding,6.0,12.0,0.0,1.0,1.0,0.0,0.0,3.1666666666666665,0.3333333333333333,0.0,0.0,1.0,0.0,0.0,0.16666666666666666,0.16666666666666666,0.0,0.19047619047619047,0.12727272727272723,0.43076923076923074,0.5,0.6666666666666666,0.0,0.0,6.0,,,,,,,,,,,,,,,,,,,,,,,,,,
sci-b89c9561e59a,rar_science,agentic-goldonly,,,,,50.0,29.0,,,,,,,,,,,grounding,15.0,12.0,0.06666666666666667,1.0,0.9333333333333333,0.06666666666666667,0.06603773584905659,2.3333333333333335,0.3333333333333333,0.0,0.0,1.0,0.0,0.0,0.3333333333333333,0.3333333333333333,0.0,0.35555555555555557,0.28301886792452824,0.09333333333333332,0.13333333333333333,0.13333333333333333,0.07793650793650794,1.0,15.0,,,,,,,,,,,,,,,,,,,,,,,,,,
sci-b89c9561e59a,rar_science,agentic-negonly,,,,,50.0,29.0,,,,,,,,,,,grounding,15.0,12.0,0.2,1.0,0.8,0.18604651162790697,0.18918918918918917,1.3333333333333333,0.6666666666666666,0.0,0.0,1.0,0.0,0.06666666666666667,0.13333333333333333,0.13333333333333333,0.06666666666666667,0.13953488372093023,0.12612612612612611,0.09333333333333332,0.13333333333333333,0.13333333333333333,0.0,3.0,15.0,,,,,,,,,,,,,,,,,,,,,,,,,,
sci-c482b1d1dd52,rar_science,shipped,,,,,14.0,29.0,,,,,,,,,,,grounding,7.0,14.0,0.14285714285714285,0.8571428571428571,0.7142857142857142,0.11538461538461539,0.05660377358490565,3.0,0.2857142857142857,0.0,0.0,2.0,0.14285714285714285,0.42857142857142855,0.42857142857142855,0.42857142857142855,0.14285714285714285,0.46153846153846156,0.3773584905660377,0.0715950715950716,0.0,0.14285714285714285,0.0,1.0,7.0,,,,,,,,,,,,,,,,,,,,,,,,,,
sci-c482b1d1dd52,rar_science,baseline,,,,,14.0,29.0,,,,,,,,,,,grounding,8.0,14.0,0.0,0.875,0.875,0.0,0.0,2.875,0.0,0.0,0.0,1.0,0.0,0.0,0.125,0.125,0.0,0.1724137931034483,0.15384615384615385,0.04563492063492063,0.0,0.0,0.0625,0.0,8.0,,,,,,,,,,,,,,,,,,,,,,,,,,
sci-c482b1d1dd52,rar_science,agentic,,,,,14.0,29.0,,,,,,,,,,,grounding,8.0,14.0,0.0,1.0,1.0,0.0,0.0,4.375,0.0,0.0,0.0,1.0,0.0,0.0,0.75,0.75,0.0,0.7407407407407407,0.7205882352941178,0.046875,0.0,0.0,0.1607142857142857,0.0,8.0,,,,,,,,,,,,,,,,,,,,,,,,,,
sci-c482b1d1dd52,rar_science,agentic-goldonly,,,,,14.0,29.0,,,,,,,,,,,grounding,9.0,14.0,0.0,1.0,1.0,0.0,0.0,3.888888888888889,0.1111111111111111,0.0,0.0,1.0,0.0,0.0,0.5555555555555556,0.5555555555555556,0.0,0.5517241379310345,0.5492957746478874,0.07341269841269842,0.0,0.0,0.11760461760461761,0.0,9.0,,,,,,,,,,,,,,,,,,,,,,,,,,
sci-c482b1d1dd52,rar_science,agentic-negonly,,,,,14.0,29.0,,,,,,,,,,,grounding,11.0,14.0,0.0,1.0,1.0,0.0,0.0,3.3636363636363638,0.0,0.0,0.0,1.0,0.0,0.09090909090909091,0.45454545454545453,0.5454545454545454,0.0,0.7241379310344828,0.6578947368421053,0.060064935064935064,0.0,0.0,0.07142857142857142,0.0,11.0,,,,,,,,,,,,,,,,,,,,,,,,,,
sci-cd724737b87b,rar_science,shipped,,,,,69.0,16.0,,,,,,,,,,,grounding,7.0,7.0,0.42857142857142855,1.0,0.5714285714285714,0.3103448275862069,0.33928571428571425,1.0,0.7142857142857143,0.0,0.0,2.0,0.14285714285714285,0.42857142857142855,0.0,0.42857142857142855,0.14285714285714285,0.4827586206896552,0.48214285714285715,0.03296703296703297,0.0,0.0,0.03571428571428571,3.0,7.0,,,,,,,,,,,,,,,,,,,,,,,,,,
sci-cd724737b87b,rar_science,baseline,,,,,69.0,16.0,,,,,,,,,,,grounding,11.0,7.0,0.5454545454545454,0.9090909090909091,0.36363636363636365,0.5142857142857142,0.4705882352941176,0.45454545454545453,1.0,0.0,0.0,1.0,0.0,0.09090909090909091,0.0,0.09090909090909091,0.09090909090909091,0.08571428571428572,0.08235294117647059,0.0,0.0,0.0,0.0,6.0,11.0,,,,,,,,,,,,,,,,,,,,,,,,,,
sci-cd724737b87b,rar_science,agentic,,,,,69.0,16.0,,,,,,,,,,,grounding,11.0,7.0,0.6363636363636364,1.0,0.36363636363636365,0.6216216216216216,0.6292134831460674,0.6363636363636364,0.9090909090909091,0.0,0.0,1.0,0.0,0.0,0.0,0.0,0.0,0.0,0.0,0.0303030303030303,0.0,0.09090909090909091,0.022727272727272728,7.0,11.0,,,,,,,,,,,,,,,,,,,,,,,,,,
sci-cd724737b87b,rar_science,agentic-goldonly,,,,,69.0,16.0,,,,,,,,,,,grounding,13.0,7.0,0.5384615384615384,1.0,0.46153846153846156,0.5121951219512195,0.5566037735849056,0.7692307692307693,0.8461538461538461,0.0,0.0,2.0,0.15384615384615385,0.0,0.0,0.0,0.0,0.0,0.0,0.02564102564102564,0.0,0.07692307692307693,0.019230769230769232,7.0,13.0,,,,,,,,,,,,,,,,,,,,,,,,,,
sci-cd724737b87b,rar_science,agentic-negonly,,,,,69.0,16.0,,,,,,,,,,,grounding,15.0,7.0,0.4666666666666667,1.0,0.5333333333333333,0.4166666666666667,0.4859813084112149,1.0,0.8,0.0,0.0,1.0,0.0,0.0,0.0,0.0,0.0,0.0,0.0,0.03666666666666667,0.0,0.06666666666666667,0.041750841750841754,7.0,15.0,,,,,,,,,,,,,,,,,,,,,,,,,,
sci-ce709b73231a,rar_science,shipped,,,,,105.0,232.0,,,,,,,,,,,grounding,7.0,45.0,0.0,0.8571428571428571,0.8571428571428571,0.0,0.0,3.4285714285714284,0.14285714285714285,0.0,0.0,1.0,0.0,0.14285714285714285,0.0,0.14285714285714285,0.0,0.12,0.06122448979591836,0.0,0.0,0.0,0.0,0.0,7.0,,,,,,,,,,,,,,,,,,,,,,,,,,
sci-ce709b73231a,rar_science,baseline,,,,,105.0,232.0,,,,,,,,,,,grounding,13.0,45.0,0.0,1.0,1.0,0.0,0.0,3.8461538461538463,0.0,0.0,0.0,1.0,0.0,0.0,0.0,0.0,0.0,0.0,0.0,0.0,0.0,0.0,0.0,0.0,13.0,,,,,,,,,,,,,,,,,,,,,,,,,,
sci-ce709b73231a,rar_science,agentic,,,,,105.0,232.0,,,,,,,,,,,grounding,14.0,45.0,0.0,1.0,1.0,0.0,0.0,4.214285714285714,0.14285714285714285,0.0,0.0,2.0,0.14285714285714285,0.0,0.0,0.0,0.0,0.0,0.0,0.008928571428571428,0.0,0.0,0.0,0.0,14.0,,,,,,,,,,,,,,,,,,,,,,,,,,
sci-ce709b73231a,rar_science,agentic-goldonly,,,,,105.0,232.0,,,,,,,,,,,grounding,15.0,45.0,0.0,1.0,1.0,0.0,0.0,4.333333333333333,0.13333333333333333,0.0,0.0,1.0,0.0,0.0,0.0,0.0,0.0,0.0,0.0,0.007407407407407407,0.0,0.0,0.0,0.0,15.0,,,,,,,,,,,,,,,,,,,,,,,,,,
sci-ce709b73231a,rar_science,agentic-negonly,,,,,105.0,232.0,,,,,,,,,,,grounding,15.0,45.0,0.0,1.0,1.0,0.0,0.0,4.733333333333333,0.06666666666666667,0.0,0.0,1.0,0.0,0.0,0.0,0.0,0.0,0.0,0.0,0.015000000000000001,0.0,0.0,0.0,0.0,15.0,,,,,,,,,,,,,,,,,,,,,,,,,,
sci-d0020349f91f,rar_science,shipped,,,,,52.0,30.0,,,,,,,,,,,grounding,9.0,15.0,0.4444444444444444,1.0,0.5555555555555556,0.3142857142857143,0.33333333333333337,1.6666666666666667,0.4444444444444444,0.0,0.0,3.0,0.2222222222222222,0.4444444444444444,0.6666666666666666,0.8888888888888888,0.3333333333333333,0.9428571428571428,0.8636363636363638,0.010101010101010102,0.0,0.0,0.10185185185185185,4.0,9.0,,,,,,,,,,,,,,,,,,,,,,,,,,
sci-d0020349f91f,rar_science,baseline,,,,,52.0,30.0,,,,,,,,,,,grounding,10.0,15.0,0.5,1.0,0.5,0.38235294117647056,0.4634146341463414,1.2,0.6,0.0,0.0,1.0,0.0,0.1,0.5,0.5,0.2,0.5,0.4512195121951219,0.039090909090909086,0.0,0.1,0.0,5.0,10.0,,,,,,,,,,,,,,,,,,,,,,,,,,
sci-d0020349f91f,rar_science,agentic,,,,,52.0,30.0,,,,,,,,,,,grounding,6.0,15.0,0.3333333333333333,1.0,0.6666666666666667,0.38461538461538464,0.3478260869565218,2.3333333333333335,0.3333333333333333,0.0,0.0,2.0,0.6666666666666666,0.0,0.5,0.5,0.0,0.38461538461538464,0.5,0.15277777777777776,0.16666666666666666,0.16666666666666666,0.0,2.0,6.0,,,,,,,,,,,,,,,,,,,,,,,,,,
sci-d0020349f91f,rar_science,agentic-goldonly,,,,,52.0,30.0,,,,,,,,,,,grounding,6.0,15.0,0.16666666666666666,1.0,0.8333333333333334,0.125,0.16981132075471697,2.3333333333333335,0.3333333333333333,0.0,0.0,2.0,0.3333333333333333,0.0,0.6666666666666666,0.6666666666666666,0.0,0.75,0.660377358490566,0.11805555555555554,0.0,0.3333333333333333,0.0,1.0,6.0,,,,,,,,,,,,,,,,,,,,,,,,,,
sci-d0020349f91f,rar_science,agentic-negonly,,,,,52.0,30.0,,,,,,,,,,,grounding,15.0,15.0,0.0,1.0,1.0,0.0,0.0,2.533333333333333,0.13333333333333333,0.0,0.0,1.0,0.0,0.0,0.6,0.6,0.0,0.6458333333333334,0.6476190476190476,0.054629629629629625,0.0,0.13333333333333333,0.0,0.0,15.0,,,,,,,,,,,,,,,,,,,,,,,,,,
sci-debd831207ba,rar_science,shipped,,,,,44.0,36.0,,,,,,,,,,,grounding,7.0,10.0,0.2857142857142857,1.0,0.7142857142857143,0.16,0.24489795918367344,2.2857142857142856,0.2857142857142857,0.0,0.0,3.0,0.14285714285714285,0.2857142857142857,0.14285714285714285,0.2857142857142857,0.14285714285714285,0.32,0.2653061224489796,0.026077097505668934,0.0,0.0,0.0,2.0,7.0,,,,,,,,,,,,,,,,,,,,,,,,,,
sci-debd831207ba,rar_science,baseline,,,,,44.0,36.0,,,,,,,,,,,grounding,14.0,10.0,0.14285714285714285,1.0,0.8571428571428572,0.1875,0.13333333333333333,1.5714285714285714,0.5714285714285714,0.0,0.0,1.0,0.0,0.07142857142857142,0.14285714285714285,0.21428571428571427,0.0,0.125,0.14285714285714285,0.010596546310832025,0.0,0.0,0.0,2.0,14.0,,,,,,,,,,,,,,,,,,,,,,,,,,
sci-debd831207ba,rar_science,agentic,,,,,44.0,36.0,,,,,,,,,,,grounding,6.0,10.0,0.0,1.0,1.0,0.0,0.0,1.8333333333333333,0.5,0.0,0.0,1.0,0.0,0.0,0.0,0.0,0.0,0.0,0.0,0.008333333333333333,0.0,0.0,0.0,0.0,6.0,,,,,,,,,,,,,,,,,,,,,,,,,,
sci-debd831207ba,rar_science,agentic-goldonly,,,,,44.0,36.0,,,,,,,,,,,grounding,6.0,10.0,0.0,1.0,1.0,0.0,0.0,1.8333333333333333,0.3333333333333333,0.0,0.0,1.0,0.0,0.0,0.0,0.0,0.0,0.0,0.0,0.0,0.0,0.0,0.0,0.0,6.0,,,,,,,,,,,,,,,,,,,,,,,,,,
sci-debd831207ba,rar_science,agentic-negonly,,,,,44.0,36.0,,,,,,,,,,,grounding,16.0,10.0,0.0625,1.0,0.9375,0.03508771929824561,0.02564102564102564,1.9375,0.3125,0.0,0.0,1.0,0.0,0.0,0.0,0.0,0.0,0.0,0.0,0.0,0.0,0.0,0.0,1.0,16.0,,,,,,,,,,,,,,,,,,,,,,,,,,
sci-e86ea8cb138a,rar_science,shipped,,,,,63.0,20.0,,,,,,,,,,,grounding,7.0,12.0,0.14285714285714285,1.0,0.8571428571428572,0.125,0.06122448979591836,1.4285714285714286,0.5714285714285714,0.0,0.0,1.0,0.0,0.14285714285714285,0.14285714285714285,0.2857142857142857,0.0,0.2916666666666667,0.2653061224489796,0.02806122448979592,0.0,0.0,0.0,1.0,7.0,,,,,,,,,,,,,,,,,,,,,,,,,,
sci-e86ea8cb138a,rar_science,baseline,,,,,63.0,20.0,,,,,,,,,,,grounding,12.0,12.0,0.5,1.0,0.5,0.41025641025641024,0.5,0.8333333333333334,0.8333333333333334,0.0,0.0,1.0,0.0,0.0,0.08333333333333333,0.08333333333333333,0.08333333333333333,0.05128205128205128,0.10227272727272727,0.04545454545454545,0.08333333333333333,0.08333333333333333,0.0,6.0,12.0,,,,,,,,,,,,,,,,,,,,,,,,,,
sci-e86ea8cb138a,rar_science,agentic,,,,,63.0,20.0,,,,,,,,,,,grounding,6.0,12.0,0.16666666666666666,1.0,0.8333333333333334,0.07142857142857142,0.07692307692307693,1.5,0.5,0.0,0.0,1.0,0.0,0.0,0.0,0.0,0.0,0.0,0.0,0.08333333333333333,0.16666666666666666,0.16666666666666666,0.0,1.0,6.0,,,,,,,,,,,,,,,,,,,,,,,,,,
sci-e86ea8cb138a,rar_science,agentic-goldonly,,,,,63.0,20.0,,,,,,,,,,,grounding,6.0,12.0,0.16666666666666666,1.0,0.8333333333333334,0.07692307692307693,0.08571428571428572,1.6666666666666667,0.5,0.0,0.0,1.0,0.0,0.0,0.0,0.0,0.0,0.0,0.0,0.08333333333333333,0.16666666666666666,0.16666666666666666,0.0,1.0,6.0,,,,,,,,,,,,,,,,,,,,,,,,,,
sci-e86ea8cb138a,rar_science,agentic-negonly,,,,,63.0,20.0,,,,,,,,,,,grounding,14.0,12.0,0.35714285714285715,1.0,0.6428571428571428,0.3870967741935484,0.33333333333333326,0.9285714285714286,0.8571428571428571,0.0,0.0,1.0,0.0,0.0,0.07142857142857142,0.07142857142857142,0.07142857142857142,0.03225806451612903,0.037037037037037035,0.03571428571428571,0.07142857142857142,0.07142857142857142,0.0,5.0,14.0,,,,,,,,,,,,,,,,,,,,,,,,,,
med-02a8056b1d15,rar_medicine,shipped,10.0,,,,,,,,,,,,,,,,lint,,,,,,,,,,,,,,,,,,,,,,,,,,"{'item_count_7_20': {'name': 'item_count_7_20', 'applicable': True, 'passed': True, 'reason': ''}}",0.7,0.0,1.0,1.0,0.1,0.0,0.0,0.0,0.0,0.5908568501472473,0.1,1.0,0.1,1.0,1.0,1.0,1.0,1.0,1.0,0.0,1.0,0.8,1.0,23.0,[]
med-02a8056b1d15,rar_medicine,baseline,7.0,,,,,,,,,,,,,,,,lint,,,,,,,,,,,,,,,,,,,,,,,,,,"{'item_count_7_20': {'name': 'item_count_7_20', 'applicable': True, 'passed': True, 'reason': ''}}",0.8571428571428571,0.0,1.0,0.0,0.14285714285714285,0.0,0.0,1.0,1.0,0.7863122224807739,0.14285714285714285,1.0,0.0,1.0,1.0,1.0,1.0,1.0,1.0,1.0,1.0,0.8571428571428571,1.0,11.0,"[{'pitfall_index': 5, 'positive_index': 1, 'similarity': 0.7863122224807739}]"
med-02a8056b1d15,rar_medicine,agentic,10.0,,,,,,,,,,,,,,,,lint,,,,,,,,,,,,,,,,,,,,,,,,,,"{'item_count_7_20': {'name': 'item_count_7_20', 'applicable': True, 'passed': True, 'reason': ''}}",0.6,0.0,1.0,1.0,0.2,0.0,0.0,0.0,0.0,0.4841552972793579,0.2,1.0,0.0,1.0,1.0,1.0,1.0,1.0,1.0,0.0,1.0,0.8,1.0,17.0,[]
med-02a8056b1d15,rar_medicine,agentic-goldonly,10.0,,,,,,,,,,,,,,,,lint,,,,,,,,,,,,,,,,,,,,,,,,,,"{'item_count_7_20': {'name': 'item_count_7_20', 'applicable': True, 'passed': True, 'reason': ''}}",0.7,0.0,1.0,1.0,0.0,0.0,0.0,0.0,0.0,0.0,0.0,1.0,0.0,1.0,1.0,1.0,1.0,1.0,1.0,,1.0,0.7,1.0,28.0,[]
med-02a8056b1d15,rar_medicine,agentic-negonly,10.0,,,,,,,,,,,,,,,,lint,,,,,,,,,,,,,,,,,,,,,,,,,,"{'item_count_7_20': {'name': 'item_count_7_20', 'applicable': True, 'passed': True, 'reason': ''}}",0.5,0.0,1.0,1.0,0.2,0.0,0.0,0.0,0.0,0.4375634789466858,0.2,0.9,0.0,1.0,1.0,1.0,1.0,1.0,0.9,0.0,1.0,0.8,1.0,17.0,[]
med-27bf6ad66800,rar_medicine,shipped,10.0,,,,,,,,,,,,,,,,lint,,,,,,,,,,,,,,,,,,,,,,,,,,"{'item_count_7_20': {'name': 'item_count_7_20', 'applicable': True, 'passed': True, 'reason': ''}}",0.8,0.0,1.0,0.0,0.2,0.0,0.0,0.0,0.0,0.21559053659439087,0.2,1.0,0.0,1.0,0.9,1.0,1.0,1.0,1.0,1.0,1.0,0.9,1.0,21.0,[]
med-27bf6ad66800,rar_medicine,baseline,10.0,,,,,,,,,,,,,,,,lint,,,,,,,,,,,,,,,,,,,,,,,,,,"{'item_count_7_20': {'name': 'item_count_7_20', 'applicable': True, 'passed': True, 'reason': ''}}",0.7,0.0,1.0,1.0,0.1,1.0,0.041666666666666664,0.0,0.0,0.5142577886581421,0.1,0.9,0.0,1.0,0.9,1.0,1.0,1.0,0.9,0.0,1.0,1.0,1.0,24.0,[]
med-27bf6ad66800,rar_medicine,agentic,12.0,,,,,,,,,,,,,,,,lint,,,,,,,,,,,,,,,,,,,,,,,,,,"{'item_count_7_20': {'name': 'item_count_7_20', 'applicable': True, 'passed': True, 'reason': ''}}",0.75,0.0,1.0,1.0,0.16666666666666666,0.0,0.0,0.0,0.0,0.27598533034324646,0.16666666666666666,1.0,0.0,1.0,1.0,0.9166666666666666,1.0,1.0,1.0,0.0,1.0,1.0,1.0,23.0,[]
med-27bf6ad66800,rar_medicine,agentic-goldonly,7.0,,,,,,,,,,,,,,,,lint,,,,,,,,,,,,,,,,,,,,,,,,,,"{'item_count_7_20': {'name': 'item_count_7_20', 'applicable': True, 'passed': True, 'reason': ''}}",0.2857142857142857,0.0,1.0,1.0,0.2857142857142857,1.0,0.14285714285714285,0.0,0.0,0.46504995226860046,0.2857142857142857,0.8571428571428571,0.0,1.0,0.8571428571428571,0.7142857142857143,1.0,1.0,0.8571428571428571,0.0,1.0,1.0,1.0,7.0,[]
med-27bf6ad66800,rar_medicine,agentic-negonly,12.0,,,,,,,,,,,,,,,,lint,,,,,,,,,,,,,,,,,,,,,,,,,,"{'item_count_7_20': {'name': 'item_count_7_20', 'applicable': True, 'passed': True, 'reason': ''}}",0.5,0.0,1.0,1.0,0.16666666666666666,1.0,0.17857142857142858,0.0,0.0,0.42007502913475037,0.16666666666666666,0.75,0.0,1.0,0.9166666666666666,0.9166666666666666,1.0,1.0,0.75,0.0,1.0,1.0,1.0,28.0,[]
med-3e58d5c52834,rar_medicine,shipped,10.0,,,,,,,,,,,,,,,,lint,,,,,,,,,,,,,,,,,,,,,,,,,,"{'item_count_7_20': {'name': 'item_count_7_20', 'applicable': True, 'passed': True, 'reason': ''}}",0.8,0.0,1.0,0.0,0.2,0.0,0.0,0.0,0.0,0.20694942772388458,0.2,1.0,0.1,1.0,1.0,1.0,1.0,1.0,1.0,0.5,1.0,0.9,1.0,21.0,[]
med-3e58d5c52834,rar_medicine,baseline,8.0,,,,,,,,,,,,,,,,lint,,,,,,,,,,,,,,,,,,,,,,,,,,"{'item_count_7_20': {'name': 'item_count_7_20', 'applicable': True, 'passed': True, 'reason': ''}}",0.875,0.0,1.0,0.0,0.25,1.0,0.08333333333333333,1.0,2.0,0.7553166151046753,0.25,0.875,0.0,1.0,1.0,1.0,1.0,1.0,0.875,1.0,1.0,1.0,1.0,12.0,"[{'pitfall_index': 7, 'positive_index': 0, 'similarity': 0.7211569547653198}, {'pitfall_index': 7, 'positive_index': 4, 'similarity': 0.7553166151046753}]"
med-3e58d5c52834,rar_medicine,agentic,6.0,,,,,,,,,,,,,,,,lint,,,,,,,,,,,,,,,,,,,,,,,,,,"{'item_count_7_20': {'name': 'item_count_7_20', 'applicable': True, 'passed': False, 'reason': '6 items'}}",0.3333333333333333,0.0,0.0,1.0,0.0,0.0,0.0,0.0,0.0,0.0,0.0,0.6666666666666666,0.0,0.0,0.5,1.0,1.0,1.0,0.6666666666666666,,1.0,0.8333333333333334,1.0,11.0,[]
med-3e58d5c52834,rar_medicine,agentic-goldonly,6.0,,,,,,,,,,,,,,,,lint,,,,,,,,,,,,,,,,,,,,,,,,,,"{'item_count_7_20': {'name': 'item_count_7_20', 'applicable': True, 'passed': False, 'reason': '6 items'}}",0.6666666666666666,0.0,0.0,1.0,0.0,1.0,0.09090909090909091,0.0,0.0,0.0,0.0,0.8333333333333334,0.0,0.0,1.0,1.0,1.0,1.0,0.8333333333333334,,1.0,0.8333333333333334,1.0,11.0,[]
med-3e58d5c52834,rar_medicine,agentic-negonly,7.0,,,,,,,,,,,,,,,,lint,,,,,,,,,,,,,,,,,,,,,,,,,,"{'item_count_7_20': {'name': 'item_count_7_20', 'applicable': True, 'passed': True, 'reason': ''}}",0.5714285714285714,0.0,1.0,1.0,0.0,1.0,0.14285714285714285,0.0,0.0,0.0,0.0,0.7142857142857143,0.0,1.0,1.0,1.0,1.0,1.0,0.7142857142857143,,1.0,0.8571428571428571,1.0,14.0,[]
med-44131a7ca41d,rar_medicine,shipped,10.0,,,,,,,,,,,,,,,,lint,,,,,,,,,,,,,,,,,,,,,,,,,,"{'item_count_7_20': {'name': 'item_count_7_20', 'applicable': True, 'passed': True, 'reason': ''}}",0.8,0.0,1.0,0.0,0.2,0.0,0.0,0.0,0.0,0.34720486402511597,0.2,1.0,0.0,1.0,1.0,1.0,1.0,1.0,1.0,1.0,1.0,0.8,1.0,21.0,[]
med-44131a7ca41d,rar_medicine,baseline,9.0,,,,,,,,,,,,,,,,lint,,,,,,,,,,,,,,,,,,,,,,,,,,"{'item_count_7_20': {'name': 'item_count_7_20', 'applicable': True, 'passed': True, 'reason': ''}}",0.8888888888888888,0.0,1.0,0.0,0.2222222222222222,0.0,0.0,1.0,1.0,0.6188755631446838,0.2222222222222222,1.0,0.0,1.0,1.0,1.0,1.0,1.0,1.0,1.0,1.0,0.8888888888888888,1.0,15.0,"[{'pitfall_index': 7, 'positive_index': 1, 'similarity': 0.6188755631446838}]"
med-44131a7ca41d,rar_medicine,agentic,15.0,,,,,,,,,,,,,,,,lint,,,,,,,,,,,,,,,,,,,,,,,,,,"{'item_count_7_20': {'name': 'item_count_7_20', 'applicable': True, 'passed': True, 'reason': ''}}",0.8,0.0,1.0,1.0,0.06666666666666667,0.0,0.0,0.0,0.0,0.28459638357162476,0.06666666666666667,1.0,0.0,1.0,1.0,1.0,1.0,1.0,1.0,0.0,1.0,0.8666666666666667,1.0,49.0,[]
med-44131a7ca41d,rar_medicine,agentic-goldonly,15.0,,,,,,,,,,,,,,,,lint,,,,,,,,,,,,,,,,,,,,,,,,,,"{'item_count_7_20': {'name': 'item_count_7_20', 'applicable': True, 'passed': True, 'reason': ''}}",0.6666666666666666,0.0,1.0,1.0,0.13333333333333333,1.0,0.04,0.0,0.0,0.26372116804122925,0.13333333333333333,0.9333333333333333,0.0,1.0,1.0,1.0,1.0,1.0,0.9333333333333333,0.0,1.0,0.8666666666666667,1.0,50.0,[]
med-44131a7ca41d,rar_medicine,agentic-negonly,15.0,,,,,,,,,,,,,,,,lint,,,,,,,,,,,,,,,,,,,,,,,,,,"{'item_count_7_20': {'name': 'item_count_7_20', 'applicable': True, 'passed': True, 'reason': ''}}",0.3333333333333333,0.0,1.0,1.0,0.06666666666666667,1.0,0.05263157894736842,0.0,0.0,0.14927539229393005,0.06666666666666667,0.4666666666666667,0.0,1.0,1.0,1.0,1.0,1.0,0.4666666666666667,0.0,1.0,0.9333333333333333,1.0,57.0,[]
med-44c1b0452475,rar_medicine,shipped,9.0,,,,,,,,,,,,,,,,lint,,,,,,,,,,,,,,,,,,,,,,,,,,"{'item_count_7_20': {'name': 'item_count_7_20', 'applicable': True, 'passed': True, 'reason': ''}}",0.8888888888888888,0.0,1.0,0.0,0.1111111111111111,0.0,0.0,0.0,0.0,0.3857173025608063,0.1111111111111111,1.0,0.0,1.0,1.0,1.0,1.0,1.0,1.0,1.0,1.0,0.8888888888888888,1.0,20.0,[]
med-44c1b0452475,rar_medicine,baseline,5.0,,,,,,,,,,,,,,,,lint,,,,,,,,,,,,,,,,,,,,,,,,,,"{'item_count_7_20': {'name': 'item_count_7_20', 'applicable': True, 'passed': False, 'reason': '5 items'}}",0.6,0.0,0.0,0.0,0.2,0.0,0.0,0.0,0.0,0.4662662148475647,0.2,1.0,0.0,0.0,1.0,1.0,1.0,1.0,1.0,0.0,1.0,0.8,1.0,5.0,[]
med-44c1b0452475,rar_medicine,agentic,7.0,,,,,,,,,,,,,,,,lint,,,,,,,,,,,,,,,,,,,,,,,,,,"{'item_count_7_20': {'name': 'item_count_7_20', 'applicable': True, 'passed': True, 'reason': ''}}",0.42857142857142855,0.0,1.0,1.0,0.14285714285714285,0.0,0.0,1.0,2.0,0.9198886156082153,0.14285714285714285,0.8571428571428571,0.0,1.0,1.0,1.0,1.0,1.0,0.8571428571428571,0.0,1.0,0.42857142857142855,1.0,11.0,"[{'pitfall_index': 5, 'positive_index': 0, 'similarity': 0.8447785377502441}, {'pitfall_index': 5, 'positive_index': 6, 'similarity': 0.9198886156082153}]"
med-44c1b0452475,rar_medicine,agentic-goldonly,6.0,,,,,,,,,,,,,,,,lint,,,,,,,,,,,,,,,,,,,,,,,,,,"{'item_count_7_20': {'name': 'item_count_7_20', 'applicable': True, 'passed': False, 'reason': '6 items'}}",0.3333333333333333,0.0,0.0,1.0,0.16666666666666666,0.0,0.0,1.0,2.0,0.7568007111549377,0.16666666666666666,0.8333333333333334,0.0,0.0,1.0,1.0,1.0,1.0,0.8333333333333334,0.0,1.0,0.6666666666666666,1.0,6.0,"[{'pitfall_index': 3, 'positive_index': 0, 'similarity': 0.7331799268722534}, {'pitfall_index': 3, 'positive_index': 4, 'similarity': 0.7568007111549377}]"
med-44c1b0452475,rar_medicine,agentic-negonly,7.0,,,,,,,,,,,,,,,,lint,,,,,,,,,,,,,,,,,,,,,,,,,,"{'item_count_7_20': {'name': 'item_count_7_20', 'applicable': True, 'passed': True, 'reason': ''}}",0.2857142857142857,0.0,1.0,1.0,0.0,0.0,0.0,0.0,0.0,0.0,0.0,0.5714285714285714,0.0,1.0,1.0,1.0,1.0,1.0,0.5714285714285714,,1.0,0.5714285714285714,1.0,14.0,[]
med-45b65c37ae12,rar_medicine,shipped,10.0,,,,,,,,,,,,,,,,lint,,,,,,,,,,,,,,,,,,,,,,,,,,"{'item_count_7_20': {'name': 'item_count_7_20', 'applicable': True, 'passed': True, 'reason': ''}}",0.9,0.0,1.0,1.0,0.0,0.0,0.0,0.0,0.0,0.0,0.0,1.0,0.0,1.0,1.0,1.0,1.0,1.0,1.0,,1.0,0.9,1.0,33.0,[]
med-45b65c37ae12,rar_medicine,baseline,9.0,,,,,,,,,,,,,,,,lint,,,,,,,,,,,,,,,,,,,,,,,,,,"{'item_count_7_20': {'name': 'item_count_7_20', 'applicable': True, 'passed': True, 'reason': ''}}",0.7777777777777778,0.0,1.0,0.0,0.2222222222222222,0.0,0.0,0.0,0.0,0.5413109064102173,0.2222222222222222,1.0,0.0,1.0,1.0,1.0,1.0,1.0,1.0,1.0,1.0,0.7777777777777778,1.0,14.0,[]
med-45b65c37ae12,rar_medicine,agentic,10.0,,,,,,,,,,,,,,,,lint,,,,,,,,,,,,,,,,,,,,,,,,,,"{'item_count_7_20': {'name': 'item_count_7_20', 'applicable': True, 'passed': True, 'reason': ''}}",0.6,0.0,1.0,1.0,0.1,0.0,0.0,0.0,0.0,0.4725702702999115,0.1,1.0,0.0,1.0,1.0,1.0,1.0,1.0,1.0,0.0,1.0,0.7,1.0,23.0,[]
med-45b65c37ae12,rar_medicine,agentic-goldonly,10.0,,,,,,,,,,,,,,,,lint,,,,,,,,,,,,,,,,,,,,,,,,,,"{'item_count_7_20': {'name': 'item_count_7_20', 'applicable': True, 'passed': True, 'reason': ''}}",0.6,0.0,1.0,1.0,0.1,0.0,0.0,0.0,0.0,0.48156067728996277,0.1,1.0,0.0,1.0,1.0,1.0,1.0,1.0,1.0,0.0,1.0,0.7,1.0,23.0,[]
med-45b65c37ae12,rar_medicine,agentic-negonly,10.0,,,,,,,,,,,,,,,,lint,,,,,,,,,,,,,,,,,,,,,,,,,,"{'item_count_7_20': {'name': 'item_count_7_20', 'applicable': True, 'passed': True, 'reason': ''}}",0.5,0.0,1.0,1.0,0.1,0.0,0.0,0.0,0.0,0.3851504325866699,0.1,1.0,0.0,1.0,1.0,1.0,1.0,1.0,1.0,0.0,1.0,0.6,1.0,23.0,[]
med-53e3b6247ade,rar_medicine,shipped,10.0,,,,,,,,,,,,,,,,lint,,,,,,,,,,,,,,,,,,,,,,,,,,"{'item_count_7_20': {'name': 'item_count_7_20', 'applicable': True, 'passed': True, 'reason': ''}}",0.9,0.0,1.0,0.0,0.1,0.0,0.0,0.0,0.0,0.09780023992061615,0.1,1.0,0.0,1.0,1.0,1.0,1.0,1.0,1.0,0.0,1.0,1.0,1.0,23.0,[]
med-53e3b6247ade,rar_medicine,baseline,9.0,,,,,,,,,,,,,,,,lint,,,,,,,,,,,,,,,,,,,,,,,,,,"{'item_count_7_20': {'name': 'item_count_7_20', 'applicable': True, 'passed': True, 'reason': ''}}",0.8888888888888888,0.0,1.0,0.0,0.2222222222222222,0.0,0.0,0.0,0.0,0.48396098613739014,0.2222222222222222,1.0,0.0,1.0,1.0,1.0,1.0,1.0,1.0,1.0,1.0,0.8888888888888888,1.0,14.0,[]
med-53e3b6247ade,rar_medicine,agentic,11.0,,,,,,,,,,,,,,,,lint,,,,,,,,,,,,,,,,,,,,,,,,,,"{'item_count_7_20': {'name': 'item_count_7_20', 'applicable': True, 'passed': True, 'reason': ''}}",0.7272727272727273,0.0,1.0,1.0,0.18181818181818182,0.0,0.0,0.0,0.0,0.321611225605011,0.18181818181818182,1.0,0.0,1.0,1.0,1.0,1.0,1.0,1.0,0.0,1.0,0.9090909090909091,1.0,23.0,[]
med-53e3b6247ade,rar_medicine,agentic-goldonly,12.0,,,,,,,,,,,,,,,,lint,,,,,,,,,,,,,,,,,,,,,,,,,,"{'item_count_7_20': {'name': 'item_count_7_20', 'applicable': True, 'passed': True, 'reason': ''}}",0.4166666666666667,0.0,1.0,1.0,0.25,1.0,0.1,0.0,0.0,0.46472758054733276,0.25,0.9166666666666666,0.0,1.0,0.9166666666666666,1.0,1.0,1.0,0.9166666666666666,0.0,1.0,0.75,1.0,20.0,[]
med-53e3b6247ade,rar_medicine,agentic-negonly,12.0,,,,,,,,,,,,,,,,lint,,,,,,,,,,,,,,,,,,,,,,,,,,"{'item_count_7_20': {'name': 'item_count_7_20', 'applicable': True, 'passed': True, 'reason': ''}}",0.5833333333333334,0.0,1.0,1.0,0.25,1.0,0.08333333333333333,0.0,0.0,0.45982974767684937,0.25,0.9166666666666666,0.0,1.0,1.0,1.0,1.0,1.0,0.9166666666666666,0.0,1.0,0.9166666666666666,1.0,24.0,[]
med-5a729ac36da6,rar_medicine,shipped,8.0,,,,,,,,,,,,,,,,lint,,,,,,,,,,,,,,,,,,,,,,,,,,"{'item_count_7_20': {'name': 'item_count_7_20', 'applicable': True, 'passed': True, 'reason': ''}}",0.625,0.0,1.0,0.0,0.25,0.0,0.0,0.0,0.0,0.531375527381897,0.25,1.0,0.0,1.0,0.875,1.0,1.0,1.0,1.0,0.5,1.0,1.0,0.875,11.0,[]
med-5a729ac36da6,rar_medicine,baseline,10.0,,,,,,,,,,,,,,,,lint,,,,,,,,,,,,,,,,,,,,,,,,,,"{'item_count_7_20': {'name': 'item_count_7_20', 'applicable': True, 'passed': True, 'reason': ''}}",0.8,0.0,1.0,0.0,0.2,0.0,0.0,0.0,0.0,0.5603813529014587,0.2,1.0,0.0,1.0,1.0,1.0,1.0,1.0,1.0,0.0,1.0,1.0,1.0,17.0,[]
med-5a729ac36da6,rar_medicine,agentic,6.0,,,,,,,,,,,,,,,,lint,,,,,,,,,,,,,,,,,,,,,,,,,,"{'item_count_7_20': {'name': 'item_count_7_20', 'applicable': True, 'passed': False, 'reason': '6 items'}}",0.8333333333333334,0.0,0.0,1.0,0.16666666666666666,0.0,0.0,1.0,3.0,0.793571949005127,0.16666666666666666,1.0,0.0,0.0,1.0,1.0,1.0,1.0,1.0,0.0,1.0,1.0,1.0,6.0,"[{'pitfall_index': 4, 'positive_index': 0, 'similarity': 0.7703920602798462}, {'pitfall_index': 4, 'positive_index': 2, 'similarity': 0.6039992570877075}, {'pitfall_index': 4, 'positive_index': 5, 'similarity': 0.793571949005127}]"
med-5a729ac36da6,rar_medicine,agentic-goldonly,6.0,,,,,,,,,,,,,,,,lint,,,,,,,,,,,,,,,,,,,,,,,,,,"{'item_count_7_20': {'name': 'item_count_7_20', 'applicable': True, 'passed': False, 'reason': '6 items'}}",0.8333333333333334,0.0,0.0,1.0,0.16666666666666666,0.0,0.0,1.0,2.0,0.8582285642623901,0.16666666666666666,1.0,0.0,0.0,1.0,1.0,1.0,1.0,1.0,0.0,1.0,1.0,1.0,6.0,"[{'pitfall_index': 4, 'positive_index': 0, 'similarity': 0.8582285642623901}, {'pitfall_index': 4, 'positive_index': 3, 'similarity': 0.7647494673728943}]"
med-5a729ac36da6,rar_medicine,agentic-negonly,8.0,,,,,,,,,,,,,,,,lint,,,,,,,,,,,,,,,,,,,,,,,,,,"{'item_count_7_20': {'name': 'item_count_7_20', 'applicable': True, 'passed': True, 'reason': ''}}",0.875,0.0,1.0,1.0,0.125,0.0,0.0,1.0,1.0,0.8629534244537354,0.125,1.0,0.0,1.0,1.0,1.0,1.0,1.0,1.0,0.0,1.0,1.0,1.0,15.0,"[{'pitfall_index': 4, 'positive_index': 0, 'similarity': 0.8629534244537354}]"
med-5c4c1ea586d0,rar_medicine,shipped,10.0,,,,,,,,,,,,,,,,lint,,,,,,,,,,,,,,,,,,,,,,,,,,"{'item_count_7_20': {'name': 'item_count_7_20', 'applicable': True, 'passed': True, 'reason': ''}}",0.9,0.0,1.0,0.0,0.2,0.0,0.0,0.0,0.0,0.3069727420806885,0.2,1.0,0.1,1.0,1.0,1.0,1.0,1.0,1.0,0.5,1.0,1.0,1.0,19.0,[]
med-5c4c1ea586d0,rar_medicine,baseline,9.0,,,,,,,,,,,,,,,,lint,,,,,,,,,,,,,,,,,,,,,,,,,,"{'item_count_7_20': {'name': 'item_count_7_20', 'applicable': True, 'passed': True, 'reason': ''}}",0.6666666666666666,0.0,1.0,0.0,0.2222222222222222,1.0,0.06666666666666667,0.0,0.0,0.5481145977973938,0.2222222222222222,0.6666666666666666,0.0,1.0,1.0,1.0,1.0,1.0,0.6666666666666666,1.0,1.0,1.0,1.0,15.0,[]
med-5c4c1ea586d0,rar_medicine,agentic,10.0,,,,,,,,,,,,,,,,lint,,,,,,,,,,,,,,,,,,,,,,,,,,"{'item_count_7_20': {'name': 'item_count_7_20', 'applicable': True, 'passed': True, 'reason': ''}}",0.8,0.0,1.0,1.0,0.2,0.0,0.0,0.0,0.0,0.35190653800964355,0.2,1.0,0.0,1.0,1.0,1.0,1.0,1.0,1.0,0.0,1.0,1.0,1.0,13.0,[]
med-5c4c1ea586d0,rar_medicine,agentic-goldonly,11.0,,,,,,,,,,,,,,,,lint,,,,,,,,,,,,,,,,,,,,,,,,,,"{'item_count_7_20': {'name': 'item_count_7_20', 'applicable': True, 'passed': True, 'reason': ''}}",0.6363636363636364,0.0,1.0,1.0,0.18181818181818182,0.0,0.0,0.0,0.0,0.5512024164199829,0.18181818181818182,1.0,0.0,1.0,1.0,1.0,1.0,1.0,1.0,0.0,1.0,0.8181818181818182,1.0,18.0,[]
med-5c4c1ea586d0,rar_medicine,agentic-negonly,11.0,,,,,,,,,,,,,,,,lint,,,,,,,,,,,,,,,,,,,,,,,,,,"{'item_count_7_20': {'name': 'item_count_7_20', 'applicable': True, 'passed': True, 'reason': ''}}",0.6363636363636364,0.0,1.0,1.0,0.18181818181818182,0.0,0.0,0.0,0.0,0.5402593016624451,0.18181818181818182,1.0,0.0,1.0,1.0,1.0,1.0,1.0,1.0,0.0,1.0,0.8181818181818182,1.0,18.0,[]
med-6c38d46aa8e9,rar_medicine,shipped,11.0,,,,,,,,,,,,,,,,lint,,,,,,,,,,,,,,,,,,,,,,,,,,"{'item_count_7_20': {'name': 'item_count_7_20', 'applicable': True, 'passed': True, 'reason': ''}}",0.9090909090909091,0.0,1.0,0.0,0.09090909090909091,0.0,0.0,0.0,0.0,0.30182385444641113,0.09090909090909091,1.0,0.0,1.0,1.0,1.0,1.0,1.0,1.0,1.0,1.0,0.9090909090909091,1.0,33.0,[]
med-6c38d46aa8e9,rar_medicine,baseline,10.0,,,,,,,,,,,,,,,,lint,,,,,,,,,,,,,,,,,,,,,,,,,,"{'item_count_7_20': {'name': 'item_count_7_20', 'applicable': True, 'passed': True, 'reason': ''}}",0.9,0.0,1.0,0.0,0.2,0.0,0.0,1.0,1.0,0.6611118316650391,0.2,1.0,0.0,1.0,0.9,1.0,1.0,1.0,1.0,1.0,1.0,1.0,1.0,19.0,"[{'pitfall_index': 8, 'positive_index': 0, 'similarity': 0.6611118316650391}]"
med-6c38d46aa8e9,rar_medicine,agentic,12.0,,,,,,,,,,,,,,,,lint,,,,,,,,,,,,,,,,,,,,,,,,,,"{'item_count_7_20': {'name': 'item_count_7_20', 'applicable': True, 'passed': True, 'reason': ''}}",0.75,0.0,1.0,1.0,0.16666666666666666,1.0,0.03225806451612903,0.0,0.0,0.5736832618713379,0.16666666666666666,0.9166666666666666,0.0,1.0,0.9166666666666666,1.0,1.0,1.0,0.9166666666666666,0.0,1.0,0.9166666666666666,1.0,31.0,[]
med-6c38d46aa8e9,rar_medicine,agentic-goldonly,11.0,,,,,,,,,,,,,,,,lint,,,,,,,,,,,,,,,,,,,,,,,,,,"{'item_count_7_20': {'name': 'item_count_7_20', 'applicable': True, 'passed': True, 'reason': ''}}",0.5454545454545454,0.0,1.0,1.0,0.18181818181818182,1.0,0.1,1.0,1.0,0.6832331418991089,0.18181818181818182,0.8181818181818182,0.0,1.0,0.8181818181818182,1.0,1.0,1.0,0.8181818181818182,0.0,1.0,0.8181818181818182,1.0,20.0,"[{'pitfall_index': 9, 'positive_index': 0, 'similarity': 0.6832331418991089}]"
med-6c38d46aa8e9,rar_medicine,agentic-negonly,11.0,,,,,,,,,,,,,,,,lint,,,,,,,,,,,,,,,,,,,,,,,,,,"{'item_count_7_20': {'name': 'item_count_7_20', 'applicable': True, 'passed': True, 'reason': ''}}",0.36363636363636365,0.0,1.0,1.0,0.18181818181818182,0.0,0.0,0.0,0.0,0.4859616458415985,0.18181818181818182,0.6363636363636364,0.0,1.0,0.9090909090909091,1.0,1.0,1.0,0.6363636363636364,0.0,1.0,0.8181818181818182,1.0,14.0,[]
med-75b39d0ce8c6,rar_medicine,shipped,10.0,,,,,,,,,,,,,,,,lint,,,,,,,,,,,,,,,,,,,,,,,,,,"{'item_count_7_20': {'name': 'item_count_7_20', 'applicable': True, 'passed': True, 'reason': ''}}",0.7,0.0,1.0,0.0,0.2,0.0,0.0,0.0,0.0,0.543989896774292,0.2,1.0,0.0,1.0,0.9,1.0,1.0,1.0,1.0,0.5,1.0,0.9,1.0,20.0,[]
med-75b39d0ce8c6,rar_medicine,baseline,7.0,,,,,,,,,,,,,,,,lint,,,,,,,,,,,,,,,,,,,,,,,,,,"{'item_count_7_20': {'name': 'item_count_7_20', 'applicable': True, 'passed': True, 'reason': ''}}",0.8571428571428571,0.0,1.0,0.0,0.2857142857142857,0.0,0.0,1.0,1.0,0.7429300546646118,0.2857142857142857,1.0,0.0,1.0,1.0,1.0,1.0,1.0,1.0,1.0,1.0,0.8571428571428571,1.0,8.0,"[{'pitfall_index': 6, 'positive_index': 2, 'similarity': 0.7429300546646118}]"
med-75b39d0ce8c6,rar_medicine,agentic,11.0,,,,,,,,,,,,,,,,lint,,,,,,,,,,,,,,,,,,,,,,,,,,"{'item_count_7_20': {'name': 'item_count_7_20', 'applicable': True, 'passed': True, 'reason': ''}}",0.7272727272727273,0.0,1.0,1.0,0.18181818181818182,1.0,0.05,0.0,0.0,0.4869396388530731,0.18181818181818182,0.9090909090909091,0.0,1.0,0.9090909090909091,1.0,1.0,1.0,0.9090909090909091,0.0,1.0,1.0,1.0,20.0,[]
med-75b39d0ce8c6,rar_medicine,agentic-goldonly,11.0,,,,,,,,,,,,,,,,lint,,,,,,,,,,,,,,,,,,,,,,,,,,"{'item_count_7_20': {'name': 'item_count_7_20', 'applicable': True, 'passed': True, 'reason': ''}}",0.6363636363636364,0.0,1.0,1.0,0.18181818181818182,0.0,0.0,1.0,1.0,0.6439603567123413,0.18181818181818182,1.0,0.0,1.0,1.0,1.0,1.0,1.0,1.0,0.0,1.0,0.8181818181818182,1.0,20.0,"[{'pitfall_index': 9, 'positive_index': 2, 'similarity': 0.6439603567123413}]"
med-75b39d0ce8c6,rar_medicine,agentic-negonly,11.0,,,,,,,,,,,,,,,,lint,,,,,,,,,,,,,,,,,,,,,,,,,,"{'item_count_7_20': {'name': 'item_count_7_20', 'applicable': True, 'passed': True, 'reason': ''}}",0.7272727272727273,0.0,1.0,1.0,0.18181818181818182,0.0,0.0,1.0,1.0,0.636405348777771,0.18181818181818182,1.0,0.0,1.0,1.0,1.0,1.0,1.0,1.0,0.0,1.0,0.9090909090909091,1.0,24.0,"[{'pitfall_index': 9, 'positive_index': 3, 'similarity': 0.636405348777771}]"
med-769d6769c7d8,rar_medicine,shipped,12.0,,,,,,,,,,,,,,,,lint,,,,,,,,,,,,,,,,,,,,,,,,,,"{'item_count_7_20': {'name': 'item_count_7_20', 'applicable': True, 'passed': True, 'reason': ''}}",0.9166666666666666,0.0,1.0,0.0,0.16666666666666666,0.0,0.0,1.0,1.0,0.6087509989738464,0.16666666666666666,1.0,0.08333333333333333,1.0,1.0,1.0,1.0,1.0,1.0,0.5,1.0,1.0,1.0,33.0,"[{'pitfall_index': 10, 'positive_index': 3, 'similarity': 0.6087509989738464}]"
med-769d6769c7d8,rar_medicine,baseline,8.0,,,,,,,,,,,,,,,,lint,,,,,,,,,,,,,,,,,,,,,,,,,,"{'item_count_7_20': {'name': 'item_count_7_20', 'applicable': True, 'passed': True, 'reason': ''}}",0.875,0.0,1.0,0.0,0.125,1.0,0.07142857142857142,0.0,0.0,0.28404805064201355,0.125,0.875,0.0,1.0,1.0,1.0,1.0,1.0,0.875,1.0,1.0,1.0,1.0,14.0,[]
med-769d6769c7d8,rar_medicine,agentic,15.0,,,,,,,,,,,,,,,,lint,,,,,,,,,,,,,,,,,,,,,,,,,,"{'item_count_7_20': {'name': 'item_count_7_20', 'applicable': True, 'passed': True, 'reason': ''}}",0.6666666666666666,0.0,1.0,1.0,0.2,0.0,0.0,1.0,1.0,0.6362628936767578,0.2,1.0,0.0,1.0,1.0,1.0,1.0,1.0,1.0,0.0,1.0,0.8666666666666667,1.0,35.0,"[{'pitfall_index': 12, 'positive_index': 5, 'similarity': 0.6362628936767578}]"
med-769d6769c7d8,rar_medicine,agentic-goldonly,15.0,,,,,,,,,,,,,,,,lint,,,,,,,,,,,,,,,,,,,,,,,,,,"{'item_count_7_20': {'name': 'item_count_7_20', 'applicable': True, 'passed': True, 'reason': ''}}",0.7333333333333333,0.0,1.0,1.0,0.2,0.0,0.0,0.0,0.0,0.46299508213996887,0.2,1.0,0.0,1.0,1.0,1.0,1.0,1.0,1.0,0.0,1.0,0.9333333333333333,1.0,35.0,[]
med-769d6769c7d8,rar_medicine,agentic-negonly,15.0,,,,,,,,,,,,,,,,lint,,,,,,,,,,,,,,,,,,,,,,,,,,"{'item_count_7_20': {'name': 'item_count_7_20', 'applicable': True, 'passed': True, 'reason': ''}}",0.5333333333333333,0.0,1.0,1.0,0.2,1.0,0.16666666666666666,0.0,0.0,0.44490212202072144,0.2,0.8666666666666667,0.0,1.0,0.9333333333333333,1.0,1.0,1.0,0.8666666666666667,0.0,1.0,0.8666666666666667,1.0,36.0,[]
med-8227a3f56ff4,rar_medicine,shipped,10.0,,,,,,,,,,,,,,,,lint,,,,,,,,,,,,,,,,,,,,,,,,,,"{'item_count_7_20': {'name': 'item_count_7_20', 'applicable': True, 'passed': True, 'reason': ''}}",0.8,0.0,1.0,0.0,0.2,0.0,0.0,0.0,0.0,0.5915743112564087,0.2,1.0,0.0,1.0,0.9,1.0,1.0,1.0,1.0,1.0,1.0,0.8,1.0,21.0,[]
med-8227a3f56ff4,rar_medicine,baseline,8.0,,,,,,,,,,,,,,,,lint,,,,,,,,,,,,,,,,,,,,,,,,,,"{'item_count_7_20': {'name': 'item_count_7_20', 'applicable': True, 'passed': True, 'reason': ''}}",0.875,0.0,1.0,0.0,0.25,0.0,0.0,1.0,1.0,0.7798876762390137,0.25,1.0,0.0,1.0,1.0,1.0,1.0,1.0,1.0,1.0,1.0,0.875,1.0,11.0,"[{'pitfall_index': 7, 'positive_index': 3, 'similarity': 0.7798876762390137}]"
med-8227a3f56ff4,rar_medicine,agentic,9.0,,,,,,,,,,,,,,,,lint,,,,,,,,,,,,,,,,,,,,,,,,,,"{'item_count_7_20': {'name': 'item_count_7_20', 'applicable': True, 'passed': True, 'reason': ''}}",0.7777777777777778,0.0,1.0,1.0,0.2222222222222222,0.0,0.0,0.0,0.0,0.41624078154563904,0.2222222222222222,1.0,0.0,1.0,1.0,1.0,1.0,1.0,1.0,0.0,1.0,1.0,1.0,11.0,[]
med-8227a3f56ff4,rar_medicine,agentic-goldonly,10.0,,,,,,,,,,,,,,,,lint,,,,,,,,,,,,,,,,,,,,,,,,,,"{'item_count_7_20': {'name': 'item_count_7_20', 'applicable': True, 'passed': True, 'reason': ''}}",0.7,0.0,1.0,1.0,0.2,0.0,0.0,0.0,0.0,0.5821154117584229,0.2,1.0,0.0,1.0,0.9,1.0,1.0,1.0,1.0,0.0,1.0,0.9,1.0,19.0,[]
med-8227a3f56ff4,rar_medicine,agentic-negonly,10.0,,,,,,,,,,,,,,,,lint,,,,,,,,,,,,,,,,,,,,,,,,,,"{'item_count_7_20': {'name': 'item_count_7_20', 'applicable': True, 'passed': True, 'reason': ''}}",0.9,0.0,1.0,1.0,0.1,0.0,0.0,0.0,0.0,0.5042391419410706,0.1,1.0,0.0,1.0,1.0,1.0,1.0,1.0,1.0,0.0,1.0,1.0,1.0,26.0,[]
med-82b936c85c28,rar_medicine,shipped,8.0,,,,,,,,,,,,,,,,lint,,,,,,,,,,,,,,,,,,,,,,,,,,"{'item_count_7_20': {'name': 'item_count_7_20', 'applicable': True, 'passed': True, 'reason': ''}}",0.75,0.0,1.0,0.0,0.125,0.0,0.0,0.0,0.0,0.25240615010261536,0.125,1.0,0.0,1.0,1.0,1.0,1.0,1.0,1.0,1.0,1.0,0.75,1.0,16.0,[]
med-82b936c85c28,rar_medicine,baseline,9.0,,,,,,,,,,,,,,,,lint,,,,,,,,,,,,,,,,,,,,,,,,,,"{'item_count_7_20': {'name': 'item_count_7_20', 'applicable': True, 'passed': True, 'reason': ''}}",0.5555555555555556,0.0,1.0,0.0,0.2222222222222222,0.0,0.0,1.0,3.0,0.8607019782066345,0.2222222222222222,1.0,0.1111111111111111,1.0,0.8888888888888888,1.0,1.0,1.0,1.0,0.5,1.0,0.7777777777777778,1.0,14.0,"[{'pitfall_index': 7, 'positive_index': 0, 'similarity': 0.7909192442893982}, {'pitfall_index': 7, 'positive_index': 1, 'similarity': 0.8607019782066345}, {'pitfall_index': 8, 'positive_index': 1, 'similarity': 0.7263486385345459}]"
med-82b936c85c28,rar_medicine,agentic,12.0,,,,,,,,,,,,,,,,lint,,,,,,,,,,,,,,,,,,,,,,,,,,"{'item_count_7_20': {'name': 'item_count_7_20', 'applicable': True, 'passed': True, 'reason': ''}}",0.5,0.0,1.0,1.0,0.25,0.0,0.0,0.0,0.0,0.5533638000488281,0.25,1.0,0.0,1.0,1.0,1.0,1.0,1.0,1.0,0.0,1.0,0.75,1.0,24.0,[]
med-82b936c85c28,rar_medicine,agentic-goldonly,12.0,,,,,,,,,,,,,,,,lint,,,,,,,,,,,,,,,,,,,,,,,,,,"{'item_count_7_20': {'name': 'item_count_7_20', 'applicable': True, 'passed': True, 'reason': ''}}",0.4166666666666667,0.0,1.0,1.0,0.25,1.0,0.07692307692307693,1.0,3.0,0.688610315322876,0.25,0.9166666666666666,0.0,1.0,1.0,1.0,1.0,1.0,0.9166666666666666,0.0,1.0,0.75,1.0,26.0,"[{'pitfall_index': 9, 'positive_index': 0, 'similarity': 0.688610315322876}, {'pitfall_index': 9, 'positive_index': 1, 'similarity': 0.621513843536377}, {'pitfall_index': 10, 'positive_index': 1, 'similarity': 0.6322385668754578}]"
med-82b936c85c28,rar_medicine,agentic-negonly,11.0,,,,,,,,,,,,,,,,lint,,,,,,,,,,,,,,,,,,,,,,,,,,"{'item_count_7_20': {'name': 'item_count_7_20', 'applicable': True, 'passed': True, 'reason': ''}}",0.8181818181818182,0.0,1.0,1.0,0.0,0.0,0.0,0.0,0.0,0.0,0.0,1.0,0.0,1.0,1.0,1.0,1.0,1.0,1.0,,1.0,0.8181818181818182,1.0,38.0,[]
med-91ae4098e221,rar_medicine,shipped,10.0,,,,,,,,,,,,,,,,lint,,,,,,,,,,,,,,,,,,,,,,,,,,"{'item_count_7_20': {'name': 'item_count_7_20', 'applicable': True, 'passed': True, 'reason': ''}}",0.8,0.0,1.0,0.0,0.1,0.0,0.0,0.0,0.0,0.31150496006011963,0.1,1.0,0.0,1.0,1.0,1.0,1.0,1.0,1.0,1.0,1.0,0.8,1.0,24.0,[]
med-91ae4098e221,rar_medicine,baseline,9.0,,,,,,,,,,,,,,,,lint,,,,,,,,,,,,,,,,,,,,,,,,,,"{'item_count_7_20': {'name': 'item_count_7_20', 'applicable': True, 'passed': True, 'reason': ''}}",0.7777777777777778,0.0,1.0,0.0,0.2222222222222222,0.0,0.0,0.0,0.0,0.5562017560005188,0.2222222222222222,1.0,0.0,1.0,1.0,1.0,1.0,1.0,1.0,1.0,1.0,0.7777777777777778,1.0,16.0,[]
med-91ae4098e221,rar_medicine,agentic,7.0,,,,,,,,,,,,,,,,lint,,,,,,,,,,,,,,,,,,,,,,,,,,"{'item_count_7_20': {'name': 'item_count_7_20', 'applicable': True, 'passed': True, 'reason': ''}}",0.42857142857142855,0.0,1.0,1.0,0.14285714285714285,0.0,0.0,1.0,1.0,0.6011267304420471,0.14285714285714285,1.0,0.0,1.0,1.0,1.0,1.0,1.0,1.0,0.0,1.0,0.5714285714285714,1.0,5.0,"[{'pitfall_index': 5, 'positive_index': 0, 'similarity': 0.6011267304420471}]"
med-91ae4098e221,rar_medicine,agentic-goldonly,9.0,,,,,,,,,,,,,,,,lint,,,,,,,,,,,,,,,,,,,,,,,,,,"{'item_count_7_20': {'name': 'item_count_7_20', 'applicable': True, 'passed': True, 'reason': ''}}",0.3333333333333333,0.0,1.0,1.0,0.2222222222222222,0.0,0.0,0.0,0.0,0.5811470150947571,0.2222222222222222,0.8888888888888888,0.0,1.0,0.6666666666666666,1.0,1.0,1.0,0.8888888888888888,0.0,1.0,0.6666666666666666,1.0,6.0,[]
med-91ae4098e221,rar_medicine,agentic-negonly,10.0,,,,,,,,,,,,,,,,lint,,,,,,,,,,,,,,,,,,,,,,,,,,"{'item_count_7_20': {'name': 'item_count_7_20', 'applicable': True, 'passed': True, 'reason': ''}}",0.7,0.0,1.0,1.0,0.2,0.0,0.0,1.0,1.0,0.677885890007019,0.2,1.0,0.0,1.0,1.0,1.0,1.0,1.0,1.0,0.0,1.0,0.9,1.0,17.0,"[{'pitfall_index': 6, 'positive_index': 0, 'similarity': 0.677885890007019}]"
med-931e7fb4de55,rar_medicine,shipped,10.0,,,,,,,,,,,,,,,,lint,,,,,,,,,,,,,,,,,,,,,,,,,,"{'item_count_7_20': {'name': 'item_count_7_20', 'applicable': True, 'passed': True, 'reason': ''}}",1.0,1.0,1.0,0.0,0.2,0.0,0.0,1.0,1.0,0.6541001796722412,0.2,1.0,0.0,1.0,1.0,1.0,1.0,1.0,1.0,1.0,1.0,1.0,1.0,21.0,"[{'pitfall_index': 8, 'positive_index': 2, 'similarity': 0.6541001796722412}]"
med-931e7fb4de55,rar_medicine,baseline,7.0,,,,,,,,,,,,,,,,lint,,,,,,,,,,,,,,,,,,,,,,,,,,"{'item_count_7_20': {'name': 'item_count_7_20', 'applicable': True, 'passed': True, 'reason': ''}}",1.0,1.0,1.0,0.0,0.2857142857142857,0.0,0.0,0.0,0.0,0.48578721284866333,0.2857142857142857,1.0,0.0,1.0,1.0,1.0,1.0,1.0,1.0,1.0,1.0,1.0,1.0,6.0,[]
med-931e7fb4de55,rar_medicine,agentic,10.0,,,,,,,,,,,,,,,,lint,,,,,,,,,,,,,,,,,,,,,,,,,,"{'item_count_7_20': {'name': 'item_count_7_20', 'applicable': True, 'passed': True, 'reason': ''}}",0.5,0.0,1.0,1.0,0.2,1.0,0.25,0.0,0.0,0.43394947052001953,0.2,0.8,0.0,1.0,1.0,1.0,1.0,1.0,0.8,0.0,1.0,0.9,1.0,20.0,[]
med-931e7fb4de55,rar_medicine,agentic-goldonly,10.0,,,,,,,,,,,,,,,,lint,,,,,,,,,,,,,,,,,,,,,,,,,,"{'item_count_7_20': {'name': 'item_count_7_20', 'applicable': True, 'passed': True, 'reason': ''}}",0.6,0.0,1.0,1.0,0.2,0.0,0.0,0.0,0.0,0.46014004945755005,0.2,1.0,0.0,1.0,1.0,1.0,1.0,1.0,1.0,0.0,1.0,0.8,1.0,20.0,[]
med-931e7fb4de55,rar_medicine,agentic-negonly,10.0,,,,,,,,,,,,,,,,lint,,,,,,,,,,,,,,,,,,,,,,,,,,"{'item_count_7_20': {'name': 'item_count_7_20', 'applicable': True, 'passed': True, 'reason': ''}}",0.5,0.0,1.0,1.0,0.2,1.0,0.0625,0.0,0.0,0.39710378646850586,0.2,0.8,0.0,1.0,1.0,1.0,1.0,1.0,0.8,0.0,1.0,0.8,1.0,16.0,[]
med-960f0934dd5d,rar_medicine,shipped,9.0,,,,,,,,,,,,,,,,lint,,,,,,,,,,,,,,,,,,,,,,,,,,"{'item_count_7_20': {'name': 'item_count_7_20', 'applicable': True, 'passed': True, 'reason': ''}}",0.7777777777777778,0.0,1.0,0.0,0.1111111111111111,0.0,0.0,1.0,1.0,0.6465189456939697,0.1111111111111111,1.0,0.0,1.0,0.8888888888888888,1.0,1.0,1.0,1.0,1.0,1.0,0.8888888888888888,1.0,19.0,"[{'pitfall_index': 8, 'positive_index': 0, 'similarity': 0.6465189456939697}]"
med-960f0934dd5d,rar_medicine,baseline,6.0,,,,,,,,,,,,,,,,lint,,,,,,,,,,,,,,,,,,,,,,,,,,"{'item_count_7_20': {'name': 'item_count_7_20', 'applicable': True, 'passed': False, 'reason': '6 items'}}",1.0,0.0,0.0,0.0,0.3333333333333333,0.0,0.0,0.0,0.0,0.5889244675636292,0.3333333333333333,1.0,0.0,0.0,1.0,1.0,1.0,1.0,1.0,1.0,1.0,1.0,1.0,5.0,[]
med-960f0934dd5d,rar_medicine,agentic,7.0,,,,,,,,,,,,,,,,lint,,,,,,,,,,,,,,,,,,,,,,,,,,"{'item_count_7_20': {'name': 'item_count_7_20', 'applicable': True, 'passed': True, 'reason': ''}}",0.2857142857142857,0.0,1.0,1.0,0.14285714285714285,1.0,0.08333333333333333,1.0,2.0,0.8256042003631592,0.14285714285714285,0.8571428571428571,0.0,1.0,1.0,1.0,1.0,1.0,0.8571428571428571,0.0,1.0,0.5714285714285714,1.0,12.0,"[{'pitfall_index': 5, 'positive_index': 0, 'similarity': 0.8256042003631592}, {'pitfall_index': 5, 'positive_index': 6, 'similarity': 0.8256042003631592}]"
med-960f0934dd5d,rar_medicine,agentic-goldonly,7.0,,,,,,,,,,,,,,,,lint,,,,,,,,,,,,,,,,,,,,,,,,,,"{'item_count_7_20': {'name': 'item_count_7_20', 'applicable': True, 'passed': True, 'reason': ''}}",0.42857142857142855,0.0,1.0,1.0,0.14285714285714285,0.0,0.0,1.0,1.0,0.7770974040031433,0.14285714285714285,1.0,0.0,1.0,1.0,1.0,1.0,1.0,1.0,0.0,1.0,0.5714285714285714,1.0,11.0,"[{'pitfall_index': 5, 'positive_index': 0, 'similarity': 0.7770974040031433}]"
med-960f0934dd5d,rar_medicine,agentic-negonly,6.0,,,,,,,,,,,,,,,,lint,,,,,,,,,,,,,,,,,,,,,,,,,,"{'item_count_7_20': {'name': 'item_count_7_20', 'applicable': True, 'passed': False, 'reason': '6 items'}}",0.3333333333333333,0.0,0.0,1.0,0.16666666666666666,0.0,0.0,1.0,1.0,0.7627567648887634,0.16666666666666666,0.8333333333333334,0.0,0.0,0.8333333333333334,1.0,1.0,1.0,0.8333333333333334,0.0,1.0,0.6666666666666666,1.0,7.0,"[{'pitfall_index': 4, 'positive_index': 0, 'similarity': 0.7627567648887634}]"
med-a5b48b2e083f,rar_medicine,shipped,9.0,,,,,,,,,,,,,,,,lint,,,,,,,,,,,,,,,,,,,,,,,,,,"{'item_count_7_20': {'name': 'item_count_7_20', 'applicable': True, 'passed': True, 'reason': ''}}",1.0,1.0,1.0,0.0,0.1111111111111111,0.0,0.0,0.0,0.0,0.2255873680114746,0.1111111111111111,1.0,0.0,1.0,1.0,1.0,1.0,1.0,1.0,1.0,1.0,1.0,1.0,21.0,[]
med-a5b48b2e083f,rar_medicine,baseline,7.0,,,,,,,,,,,,,,,,lint,,,,,,,,,,,,,,,,,,,,,,,,,,"{'item_count_7_20': {'name': 'item_count_7_20', 'applicable': True, 'passed': True, 'reason': ''}}",0.7142857142857143,0.0,1.0,0.0,0.2857142857142857,0.0,0.0,1.0,1.0,0.6325753927230835,0.2857142857142857,1.0,0.0,1.0,0.7142857142857143,1.0,1.0,1.0,1.0,1.0,1.0,1.0,1.0,7.0,"[{'pitfall_index': 6, 'positive_index': 0, 'similarity': 0.6325753927230835}]"
med-a5b48b2e083f,rar_medicine,agentic,11.0,,,,,,,,,,,,,,,,lint,,,,,,,,,,,,,,,,,,,,,,,,,,"{'item_count_7_20': {'name': 'item_count_7_20', 'applicable': True, 'passed': True, 'reason': ''}}",0.8181818181818182,0.0,1.0,1.0,0.18181818181818182,0.0,0.0,0.0,0.0,0.5288647413253784,0.18181818181818182,1.0,0.0,1.0,1.0,1.0,1.0,1.0,1.0,0.0,1.0,1.0,1.0,23.0,[]
med-a5b48b2e083f,rar_medicine,agentic-goldonly,10.0,,,,,,,,,,,,,,,,lint,,,,,,,,,,,,,,,,,,,,,,,,,,"{'item_count_7_20': {'name': 'item_count_7_20', 'applicable': True, 'passed': True, 'reason': ''}}",0.5,0.0,1.0,1.0,0.2,1.0,0.17647058823529413,0.0,0.0,0.47837764024734497,0.2,0.8,0.0,1.0,1.0,1.0,1.0,1.0,0.8,0.0,1.0,0.9,1.0,17.0,[]
med-a5b48b2e083f,rar_medicine,agentic-negonly,10.0,,,,,,,,,,,,,,,,lint,,,,,,,,,,,,,,,,,,,,,,,,,,"{'item_count_7_20': {'name': 'item_count_7_20', 'applicable': True, 'passed': True, 'reason': ''}}",0.7,0.0,1.0,1.0,0.2,1.0,0.05263157894736842,0.0,0.0,0.3864780366420746,0.2,0.9,0.0,1.0,1.0,1.0,1.0,1.0,0.9,0.0,1.0,1.0,1.0,19.0,[]
med-ac6f5e1f72e2,rar_medicine,shipped,10.0,,,,,,,,,,,,,,,,lint,,,,,,,,,,,,,,,,,,,,,,,,,,"{'item_count_7_20': {'name': 'item_count_7_20', 'applicable': True, 'passed': True, 'reason': ''}}",0.9,0.0,1.0,0.0,0.1,0.0,0.0,0.0,0.0,0.25595274567604065,0.1,1.0,0.0,1.0,1.0,1.0,1.0,1.0,1.0,1.0,1.0,0.9,1.0,24.0,[]
med-ac6f5e1f72e2,rar_medicine,baseline,9.0,,,,,,,,,,,,,,,,lint,,,,,,,,,,,,,,,,,,,,,,,,,,"{'item_count_7_20': {'name': 'item_count_7_20', 'applicable': True, 'passed': True, 'reason': ''}}",0.8888888888888888,0.0,1.0,0.0,0.2222222222222222,0.0,0.0,0.0,0.0,0.4113691449165344,0.2222222222222222,1.0,0.0,1.0,0.8888888888888888,1.0,1.0,1.0,1.0,1.0,1.0,1.0,1.0,14.0,[]
med-ac6f5e1f72e2,rar_medicine,agentic,10.0,,,,,,,,,,,,,,,,lint,,,,,,,,,,,,,,,,,,,,,,,,,,"{'item_count_7_20': {'name': 'item_count_7_20', 'applicable': True, 'passed': True, 'reason': ''}}",0.5,0.0,1.0,1.0,0.2,1.0,0.15384615384615385,0.0,0.0,0.4619557559490204,0.2,0.8,0.0,1.0,1.0,1.0,1.0,1.0,0.8,0.0,1.0,1.0,0.9,13.0,[]
med-ac6f5e1f72e2,rar_medicine,agentic-goldonly,10.0,,,,,,,,,,,,,,,,lint,,,,,,,,,,,,,,,,,,,,,,,,,,"{'item_count_7_20': {'name': 'item_count_7_20', 'applicable': True, 'passed': True, 'reason': ''}}",0.7,0.0,1.0,1.0,0.2,0.0,0.0,1.0,1.0,0.6020596027374268,0.2,1.0,0.0,1.0,0.9,1.0,1.0,1.0,1.0,0.0,1.0,1.0,1.0,17.0,"[{'pitfall_index': 6, 'positive_index': 3, 'similarity': 0.6020596027374268}]"
med-ac6f5e1f72e2,rar_medicine,agentic-negonly,10.0,,,,,,,,,,,,,,,,lint,,,,,,,,,,,,,,,,,,,,,,,,,,"{'item_count_7_20': {'name': 'item_count_7_20', 'applicable': True, 'passed': True, 'reason': ''}}",0.6,0.0,1.0,1.0,0.2,1.0,0.058823529411764705,0.0,0.0,0.3525426983833313,0.2,0.9,0.0,1.0,0.9,1.0,1.0,1.0,0.9,0.0,1.0,0.9,1.0,17.0,[]
med-b2be91e4d044,rar_medicine,shipped,11.0,,,,,,,,,,,,,,,,lint,,,,,,,,,,,,,,,,,,,,,,,,,,"{'item_count_7_20': {'name': 'item_count_7_20', 'applicable': True, 'passed': True, 'reason': ''}}",0.8181818181818182,0.0,1.0,0.0,0.18181818181818182,0.0,0.0,0.0,0.0,0.37517043948173523,0.18181818181818182,1.0,0.0,1.0,1.0,1.0,1.0,1.0,1.0,0.5,1.0,0.9090909090909091,1.0,27.0,[]
med-b2be91e4d044,rar_medicine,baseline,12.0,,,,,,,,,,,,,,,,lint,,,,,,,,,,,,,,,,,,,,,,,,,,"{'item_count_7_20': {'name': 'item_count_7_20', 'applicable': True, 'passed': True, 'reason': ''}}",0.6666666666666666,0.0,1.0,0.0,0.25,0.0,0.0,1.0,3.0,0.7823227047920227,0.25,1.0,0.0,1.0,1.0,1.0,1.0,1.0,1.0,1.0,1.0,0.6666666666666666,1.0,24.0,"[{'pitfall_index': 9, 'positive_index': 1, 'similarity': 0.7823227047920227}, {'pitfall_index': 10, 'positive_index': 2, 'similarity': 0.7049928903579712}, {'pitfall_index': 11, 'positive_index': 7, 'similarity': 0.6983023881912231}]"
med-b2be91e4d044,rar_medicine,agentic,16.0,,,,,,,,,,,,,,,,lint,,,,,,,,,,,,,,,,,,,,,,,,,,"{'item_count_7_20': {'name': 'item_count_7_20', 'applicable': True, 'passed': True, 'reason': ''}}",0.5,0.0,1.0,1.0,0.1875,1.0,0.2222222222222222,0.0,0.0,0.45216166973114014,0.1875,0.875,0.0,1.0,1.0,1.0,1.0,1.0,0.875,0.0,1.0,0.8125,1.0,36.0,[]
med-b2be91e4d044,rar_medicine,agentic-goldonly,16.0,,,,,,,,,,,,,,,,lint,,,,,,,,,,,,,,,,,,,,,,,,,,"{'item_count_7_20': {'name': 'item_count_7_20', 'applicable': True, 'passed': True, 'reason': ''}}",0.625,0.0,1.0,1.0,0.0,1.0,0.09375,0.0,0.0,0.0,0.0,0.625,0.0,1.0,0.875,1.0,1.0,1.0,0.625,,1.0,0.9375,1.0,64.0,[]
med-b2be91e4d044,rar_medicine,agentic-negonly,16.0,,,,,,,,,,,,,,,,lint,,,,,,,,,,,,,,,,,,,,,,,,,,"{'item_count_7_20': {'name': 'item_count_7_20', 'applicable': True, 'passed': True, 'reason': ''}}",0.5,0.0,1.0,1.0,0.1875,1.0,0.2222222222222222,0.0,0.0,0.4836111068725586,0.1875,0.875,0.0,1.0,1.0,1.0,1.0,1.0,0.875,0.0,1.0,0.8125,1.0,36.0,[]
med-ba0b7452f8cd,rar_medicine,shipped,8.0,,,,,,,,,,,,,,,,lint,,,,,,,,,,,,,,,,,,,,,,,,,,"{'item_count_7_20': {'name': 'item_count_7_20', 'applicable': True, 'passed': True, 'reason': ''}}",0.5,0.0,1.0,0.0,0.125,0.0,0.0,0.0,0.0,0.3185493052005768,0.125,1.0,0.0,1.0,0.875,1.0,1.0,1.0,1.0,1.0,1.0,0.625,1.0,15.0,[]
med-ba0b7452f8cd,rar_medicine,baseline,8.0,,,,,,,,,,,,,,,,lint,,,,,,,,,,,,,,,,,,,,,,,,,,"{'item_count_7_20': {'name': 'item_count_7_20', 'applicable': True, 'passed': True, 'reason': ''}}",0.875,0.0,1.0,0.0,0.125,0.0,0.0,1.0,2.0,0.6956621408462524,0.125,1.0,0.0,1.0,1.0,1.0,1.0,1.0,1.0,1.0,1.0,0.875,1.0,16.0,"[{'pitfall_index': 5, 'positive_index': 0, 'similarity': 0.6956621408462524}, {'pitfall_index': 5, 'positive_index': 1, 'similarity': 0.6956621408462524}]"
med-ba0b7452f8cd,rar_medicine,agentic,13.0,,,,,,,,,,,,,,,,lint,,,,,,,,,,,,,,,,,,,,,,,,,,"{'item_count_7_20': {'name': 'item_count_7_20', 'applicable': True, 'passed': True, 'reason': ''}}",0.5384615384615384,0.0,1.0,1.0,0.23076923076923078,1.0,0.2608695652173913,1.0,1.0,0.7773145437240601,0.23076923076923078,0.8461538461538461,0.0,1.0,1.0,1.0,1.0,1.0,0.8461538461538461,0.0,1.0,0.9230769230769231,1.0,23.0,"[{'pitfall_index': 10, 'positive_index': 1, 'similarity': 0.7773145437240601}]"
med-ba0b7452f8cd,rar_medicine,agentic-goldonly,11.0,,,,,,,,,,,,,,,,lint,,,,,,,,,,,,,,,,,,,,,,,,,,"{'item_count_7_20': {'name': 'item_count_7_20', 'applicable': True, 'passed': True, 'reason': ''}}",0.36363636363636365,0.0,1.0,1.0,0.18181818181818182,1.0,0.08695652173913043,1.0,2.0,0.777203381061554,0.18181818181818182,0.9090909090909091,0.0,1.0,1.0,1.0,1.0,1.0,0.9090909090909091,0.0,1.0,0.6363636363636364,1.0,23.0,"[{'pitfall_index': 8, 'positive_index': 1, 'similarity': 0.777203381061554}, {'pitfall_index': 8, 'positive_index': 5, 'similarity': 0.6733385920524597}]"
med-ba0b7452f8cd,rar_medicine,agentic-negonly,13.0,,,,,,,,,,,,,,,,lint,,,,,,,,,,,,,,,,,,,,,,,,,,"{'item_count_7_20': {'name': 'item_count_7_20', 'applicable': True, 'passed': True, 'reason': ''}}",0.6153846153846154,0.0,1.0,1.0,0.15384615384615385,1.0,0.10526315789473684,1.0,2.0,0.697039783000946,0.15384615384615385,0.8461538461538461,0.0,1.0,1.0,1.0,1.0,1.0,0.8461538461538461,0.0,1.0,0.9230769230769231,1.0,38.0,"[{'pitfall_index': 8, 'positive_index': 1, 'similarity': 0.697039783000946}, {'pitfall_index': 8, 'positive_index': 6, 'similarity': 0.6289651989936829}]"
med-bbb832a8fec2,rar_medicine,shipped,11.0,,,,,,,,,,,,,,,,lint,,,,,,,,,,,,,,,,,,,,,,,,,,"{'item_count_7_20': {'name': 'item_count_7_20', 'applicable': True, 'passed': True, 'reason': ''}}",0.9090909090909091,0.0,1.0,1.0,0.09090909090909091,0.0,0.0,0.0,0.0,0.273929625749588,0.09090909090909091,1.0,0.09090909090909091,1.0,1.0,1.0,1.0,1.0,1.0,0.0,1.0,1.0,1.0,33.0,[]
med-bbb832a8fec2,rar_medicine,baseline,8.0,,,,,,,,,,,,,,,,lint,,,,,,,,,,,,,,,,,,,,,,,,,,"{'item_count_7_20': {'name': 'item_count_7_20', 'applicable': True, 'passed': True, 'reason': ''}}",0.875,0.0,1.0,1.0,0.125,0.0,0.0,0.0,0.0,0.4440132975578308,0.125,1.0,0.0,1.0,1.0,1.0,1.0,1.0,1.0,0.0,1.0,1.0,1.0,14.0,[]
med-bbb832a8fec2,rar_medicine,agentic,11.0,,,,,,,,,,,,,,,,lint,,,,,,,,,,,,,,,,,,,,,,,,,,"{'item_count_7_20': {'name': 'item_count_7_20', 'applicable': True, 'passed': True, 'reason': ''}}",0.2727272727272727,0.0,1.0,1.0,0.18181818181818182,1.0,0.15,0.0,0.0,0.5305513143539429,0.18181818181818182,0.5454545454545454,0.0,1.0,0.9090909090909091,1.0,1.0,1.0,0.5454545454545454,0.0,1.0,1.0,1.0,20.0,[]
med-bbb832a8fec2,rar_medicine,agentic-goldonly,11.0,,,,,,,,,,,,,,,,lint,,,,,,,,,,,,,,,,,,,,,,,,,,"{'item_count_7_20': {'name': 'item_count_7_20', 'applicable': True, 'passed': True, 'reason': ''}}",0.7272727272727273,0.0,1.0,1.0,0.09090909090909091,0.0,0.0,1.0,1.0,0.6688339710235596,0.09090909090909091,1.0,0.0,1.0,0.9090909090909091,1.0,1.0,1.0,1.0,0.0,1.0,0.9090909090909091,1.0,29.0,"[{'pitfall_index': 8, 'positive_index': 1, 'similarity': 0.6688339710235596}]"
med-bbb832a8fec2,rar_medicine,agentic-negonly,11.0,,,,,,,,,,,,,,,,lint,,,,,,,,,,,,,,,,,,,,,,,,,,"{'item_count_7_20': {'name': 'item_count_7_20', 'applicable': True, 'passed': True, 'reason': ''}}",0.18181818181818182,0.0,1.0,1.0,0.09090909090909091,1.0,0.16129032258064516,1.0,1.0,0.8149928450584412,0.09090909090909091,0.5454545454545454,0.0,1.0,0.8181818181818182,1.0,1.0,1.0,0.5454545454545454,0.0,1.0,0.9090909090909091,1.0,31.0,"[{'pitfall_index': 8, 'positive_index': 1, 'similarity': 0.8149928450584412}]"
med-bf99d4ee36f1,rar_medicine,shipped,11.0,,,,,,,,,,,,,,,,lint,,,,,,,,,,,,,,,,,,,,,,,,,,"{'item_count_7_20': {'name': 'item_count_7_20', 'applicable': True, 'passed': True, 'reason': ''}}",1.0,1.0,1.0,0.0,0.18181818181818182,0.0,0.0,0.0,0.0,0.4781036972999573,0.18181818181818182,1.0,0.0,1.0,1.0,1.0,1.0,1.0,1.0,1.0,1.0,1.0,1.0,26.0,[]
med-bf99d4ee36f1,rar_medicine,baseline,8.0,,,,,,,,,,,,,,,,lint,,,,,,,,,,,,,,,,,,,,,,,,,,"{'item_count_7_20': {'name': 'item_count_7_20', 'applicable': True, 'passed': True, 'reason': ''}}",0.75,0.0,1.0,0.0,0.25,0.0,0.0,0.0,0.0,0.474698543548584,0.25,1.0,0.0,1.0,1.0,1.0,1.0,1.0,1.0,0.5,1.0,0.875,1.0,11.0,[]
med-bf99d4ee36f1,rar_medicine,agentic,14.0,,,,,,,,,,,,,,,,lint,,,,,,,,,,,,,,,,,,,,,,,,,,"{'item_count_7_20': {'name': 'item_count_7_20', 'applicable': True, 'passed': True, 'reason': ''}}",0.42857142857142855,0.0,1.0,1.0,0.21428571428571427,0.0,0.0,0.0,0.0,0.4984283447265625,0.21428571428571427,0.9285714285714286,0.0,1.0,1.0,1.0,1.0,1.0,0.9285714285714286,0.0,1.0,0.7142857142857143,0.9285714285714286,40.0,[]
med-bf99d4ee36f1,rar_medicine,agentic-goldonly,14.0,,,,,,,,,,,,,,,,lint,,,,,,,,,,,,,,,,,,,,,,,,,,"{'item_count_7_20': {'name': 'item_count_7_20', 'applicable': True, 'passed': True, 'reason': ''}}",0.5,0.0,1.0,1.0,0.21428571428571427,1.0,0.03571428571428571,1.0,1.0,0.6209604740142822,0.21428571428571427,0.9285714285714286,0.0,1.0,1.0,1.0,1.0,1.0,0.9285714285714286,0.0,1.0,0.7857142857142857,1.0,28.0,"[{'pitfall_index': 11, 'positive_index': 13, 'similarity': 0.6209604740142822}]"
med-bf99d4ee36f1,rar_medicine,agentic-negonly,14.0,,,,,,,,,,,,,,,,lint,,,,,,,,,,,,,,,,,,,,,,,,,,"{'item_count_7_20': {'name': 'item_count_7_20', 'applicable': True, 'passed': True, 'reason': ''}}",0.42857142857142855,0.0,1.0,1.0,0.14285714285714285,0.0,0.0,0.0,0.0,0.5570946931838989,0.14285714285714285,0.7142857142857143,0.0,1.0,1.0,1.0,1.0,1.0,0.7142857142857143,0.0,1.0,0.7857142857142857,1.0,41.0,[]
med-c8812f74fcb4,rar_medicine,shipped,10.0,,,,,,,,,,,,,,,,lint,,,,,,,,,,,,,,,,,,,,,,,,,,"{'item_count_7_20': {'name': 'item_count_7_20', 'applicable': True, 'passed': True, 'reason': ''}}",0.8,0.0,1.0,0.0,0.2,0.0,0.0,0.0,0.0,0.1360316276550293,0.2,1.0,0.1,1.0,1.0,1.0,1.0,1.0,1.0,0.5,1.0,0.9,1.0,21.0,[]
med-c8812f74fcb4,rar_medicine,baseline,8.0,,,,,,,,,,,,,,,,lint,,,,,,,,,,,,,,,,,,,,,,,,,,"{'item_count_7_20': {'name': 'item_count_7_20', 'applicable': True, 'passed': True, 'reason': ''}}",0.75,0.0,1.0,0.0,0.25,0.0,0.0,0.0,0.0,0.4899224042892456,0.25,1.0,0.125,1.0,1.0,1.0,1.0,1.0,1.0,0.0,1.0,1.0,1.0,12.0,[]
med-c8812f74fcb4,rar_medicine,agentic,15.0,,,,,,,,,,,,,,,,lint,,,,,,,,,,,,,,,,,,,,,,,,,,"{'item_count_7_20': {'name': 'item_count_7_20', 'applicable': True, 'passed': True, 'reason': ''}}",0.5333333333333333,0.0,1.0,1.0,0.2,1.0,0.17777777777777778,1.0,1.0,0.6696661710739136,0.2,0.8,0.0,1.0,1.0,1.0,1.0,1.0,0.8,0.0,1.0,0.9333333333333333,1.0,45.0,"[{'pitfall_index': 11, 'positive_index': 0, 'similarity': 0.6696661710739136}]"
med-c8812f74fcb4,rar_medicine,agentic-goldonly,14.0,,,,,,,,,,,,,,,,lint,,,,,,,,,,,,,,,,,,,,,,,,,,"{'item_count_7_20': {'name': 'item_count_7_20', 'applicable': True, 'passed': True, 'reason': ''}}",0.5714285714285714,0.0,1.0,1.0,0.21428571428571427,1.0,0.08333333333333333,1.0,1.0,0.6600943803787231,0.21428571428571427,0.8571428571428571,0.0,1.0,1.0,1.0,1.0,1.0,0.8571428571428571,0.0,1.0,0.9285714285714286,1.0,36.0,"[{'pitfall_index': 9, 'positive_index': 0, 'similarity': 0.6600943803787231}]"
med-c8812f74fcb4,rar_medicine,agentic-negonly,15.0,,,,,,,,,,,,,,,,lint,,,,,,,,,,,,,,,,,,,,,,,,,,"{'item_count_7_20': {'name': 'item_count_7_20', 'applicable': True, 'passed': True, 'reason': ''}}",0.6,0.0,1.0,1.0,0.2,1.0,0.09090909090909091,1.0,1.0,0.6493080854415894,0.2,0.8666666666666667,0.0,1.0,1.0,1.0,1.0,1.0,0.8666666666666667,0.0,1.0,0.9333333333333333,1.0,44.0,"[{'pitfall_index': 11, 'positive_index': 0, 'similarity': 0.6493080854415894}]"
med-c98a2c1d81b2,rar_medicine,shipped,11.0,,,,,,,,,,,,,,,,lint,,,,,,,,,,,,,,,,,,,,,,,,,,"{'item_count_7_20': {'name': 'item_count_7_20', 'applicable': True, 'passed': True, 'reason': ''}}",0.9090909090909091,0.0,1.0,0.0,0.09090909090909091,0.0,0.0,0.0,0.0,0.09052567183971405,0.09090909090909091,1.0,0.0,1.0,1.0,1.0,1.0,1.0,1.0,0.0,1.0,1.0,1.0,32.0,[]
med-c98a2c1d81b2,rar_medicine,baseline,8.0,,,,,,,,,,,,,,,,lint,,,,,,,,,,,,,,,,,,,,,,,,,,"{'item_count_7_20': {'name': 'item_count_7_20', 'applicable': True, 'passed': True, 'reason': ''}}",1.0,1.0,1.0,0.0,0.25,0.0,0.0,0.0,0.0,0.4172353148460388,0.25,1.0,0.0,1.0,1.0,1.0,1.0,1.0,1.0,1.0,1.0,1.0,1.0,11.0,[]
med-c98a2c1d81b2,rar_medicine,agentic,11.0,,,,,,,,,,,,,,,,lint,,,,,,,,,,,,,,,,,,,,,,,,,,"{'item_count_7_20': {'name': 'item_count_7_20', 'applicable': True, 'passed': True, 'reason': ''}}",0.45454545454545453,0.0,1.0,1.0,0.0,1.0,0.19444444444444445,0.0,0.0,0.0,0.0,0.45454545454545453,0.0,1.0,1.0,1.0,1.0,1.0,0.45454545454545453,,1.0,1.0,1.0,36.0,[]
med-c98a2c1d81b2,rar_medicine,agentic-goldonly,8.0,,,,,,,,,,,,,,,,lint,,,,,,,,,,,,,,,,,,,,,,,,,,"{'item_count_7_20': {'name': 'item_count_7_20', 'applicable': True, 'passed': True, 'reason': ''}}",0.875,0.0,1.0,1.0,0.0,1.0,0.05,0.0,0.0,0.0,0.0,0.875,0.0,1.0,1.0,1.0,1.0,1.0,0.875,,1.0,1.0,1.0,20.0,[]
med-c98a2c1d81b2,rar_medicine,agentic-negonly,8.0,,,,,,,,,,,,,,,,lint,,,,,,,,,,,,,,,,,,,,,,,,,,"{'item_count_7_20': {'name': 'item_count_7_20', 'applicable': True, 'passed': True, 'reason': ''}}",1.0,1.0,1.0,1.0,0.0,0.0,0.0,0.0,0.0,0.0,0.0,1.0,0.0,1.0,1.0,1.0,1.0,1.0,1.0,,1.0,1.0,1.0,20.0,[]
med-d9d6d0e87ecb,rar_medicine,shipped,9.0,,,,,,,,,,,,,,,,lint,,,,,,,,,,,,,,,,,,,,,,,,,,"{'item_count_7_20': {'name': 'item_count_7_20', 'applicable': True, 'passed': True, 'reason': ''}}",0.8888888888888888,0.0,1.0,0.0,0.1111111111111111,0.0,0.0,0.0,0.0,0.45064181089401245,0.1111111111111111,1.0,0.0,1.0,0.8888888888888888,1.0,1.0,1.0,1.0,1.0,1.0,1.0,1.0,21.0,[]
med-d9d6d0e87ecb,rar_medicine,baseline,6.0,,,,,,,,,,,,,,,,lint,,,,,,,,,,,,,,,,,,,,,,,,,,"{'item_count_7_20': {'name': 'item_count_7_20', 'applicable': True, 'passed': False, 'reason': '6 items'}}",0.6666666666666666,0.0,0.0,0.0,0.16666666666666666,0.0,0.0,0.0,0.0,0.2632211446762085,0.16666666666666666,1.0,0.0,0.0,1.0,1.0,1.0,1.0,1.0,1.0,1.0,0.6666666666666666,1.0,8.0,[]
med-d9d6d0e87ecb,rar_medicine,agentic,9.0,,,,,,,,,,,,,,,,lint,,,,,,,,,,,,,,,,,,,,,,,,,,"{'item_count_7_20': {'name': 'item_count_7_20', 'applicable': True, 'passed': True, 'reason': ''}}",0.3333333333333333,0.0,1.0,1.0,0.2222222222222222,0.0,0.0,0.0,0.0,0.5195138454437256,0.2222222222222222,0.7777777777777778,0.0,1.0,1.0,1.0,1.0,1.0,0.7777777777777778,0.0,1.0,0.7777777777777778,1.0,14.0,[]
med-d9d6d0e87ecb,rar_medicine,agentic-goldonly,11.0,,,,,,,,,,,,,,,,lint,,,,,,,,,,,,,,,,,,,,,,,,,,"{'item_count_7_20': {'name': 'item_count_7_20', 'applicable': True, 'passed': True, 'reason': ''}}",0.5454545454545454,0.0,1.0,1.0,0.18181818181818182,0.0,0.0,0.0,0.0,0.5385515093803406,0.18181818181818182,1.0,0.0,1.0,1.0,1.0,1.0,1.0,1.0,0.0,1.0,0.7272727272727273,1.0,20.0,[]
med-d9d6d0e87ecb,rar_medicine,agentic-negonly,12.0,,,,,,,,,,,,,,,,lint,,,,,,,,,,,,,,,,,,,,,,,,,,"{'item_count_7_20': {'name': 'item_count_7_20', 'applicable': True, 'passed': True, 'reason': ''}}",0.16666666666666666,0.0,1.0,1.0,0.16666666666666666,0.0,0.0,0.0,0.0,0.5408008098602295,0.16666666666666666,0.5,0.0,1.0,0.9166666666666666,1.0,1.0,1.0,0.5,0.0,1.0,0.8333333333333334,1.0,17.0,[]
med-dc7957448669,rar_medicine,shipped,9.0,,,,,,,,,,,,,,,,lint,,,,,,,,,,,,,,,,,,,,,,,,,,"{'item_count_7_20': {'name': 'item_count_7_20', 'applicable': True, 'passed': True, 'reason': ''}}",0.7777777777777778,0.0,1.0,0.0,0.1111111111111111,0.0,0.0,0.0,0.0,0.5307193398475647,0.1111111111111111,1.0,0.0,1.0,0.8888888888888888,1.0,1.0,1.0,1.0,1.0,1.0,0.8888888888888888,1.0,20.0,[]
med-dc7957448669,rar_medicine,baseline,8.0,,,,,,,,,,,,,,,,lint,,,,,,,,,,,,,,,,,,,,,,,,,,"{'item_count_7_20': {'name': 'item_count_7_20', 'applicable': True, 'passed': True, 'reason': ''}}",0.875,0.0,1.0,0.0,0.25,1.0,0.125,1.0,1.0,0.6261466145515442,0.25,0.875,0.0,1.0,1.0,1.0,1.0,1.0,0.875,1.0,1.0,1.0,1.0,8.0,"[{'pitfall_index': 7, 'positive_index': 4, 'similarity': 0.6261466145515442}]"
med-dc7957448669,rar_medicine,agentic,7.0,,,,,,,,,,,,,,,,lint,,,,,,,,,,,,,,,,,,,,,,,,,,"{'item_count_7_20': {'name': 'item_count_7_20', 'applicable': True, 'passed': True, 'reason': ''}}",0.8571428571428571,0.0,1.0,1.0,0.0,0.0,0.0,0.0,0.0,0.0,0.0,1.0,0.0,1.0,1.0,1.0,1.0,1.0,1.0,,1.0,0.8571428571428571,1.0,6.0,[]
med-dc7957448669,rar_medicine,agentic-goldonly,12.0,,,,,,,,,,,,,,,,lint,,,,,,,,,,,,,,,,,,,,,,,,,,"{'item_count_7_20': {'name': 'item_count_7_20', 'applicable': True, 'passed': True, 'reason': ''}}",0.3333333333333333,0.0,1.0,1.0,0.16666666666666666,1.0,0.17391304347826086,0.0,0.0,0.47035014629364014,0.16666666666666666,0.6666666666666666,0.0,1.0,0.8333333333333334,1.0,1.0,1.0,0.6666666666666666,0.0,1.0,0.8333333333333334,1.0,23.0,[]
med-dc7957448669,rar_medicine,agentic-negonly,12.0,,,,,,,,,,,,,,,,lint,,,,,,,,,,,,,,,,,,,,,,,,,,"{'item_count_7_20': {'name': 'item_count_7_20', 'applicable': True, 'passed': True, 'reason': ''}}",0.5,0.0,1.0,1.0,0.16666666666666666,0.0,0.0,0.0,0.0,0.520953357219696,0.16666666666666666,1.0,0.0,1.0,0.75,1.0,1.0,1.0,1.0,0.0,1.0,0.75,1.0,23.0,[]
med-e6c4ba1af357,rar_medicine,shipped,8.0,,,,,,,,,,,,,,,,lint,,,,,,,,,,,,,,,,,,,,,,,,,,"{'item_count_7_20': {'name': 'item_count_7_20', 'applicable': True, 'passed': True, 'reason': ''}}",0.625,0.0,1.0,0.0,0.125,0.0,0.0,0.0,0.0,0.1459316462278366,0.125,1.0,0.0,1.0,1.0,1.0,1.0,1.0,1.0,1.0,1.0,0.625,1.0,14.0,[]
med-e6c4ba1af357,rar_medicine,baseline,8.0,,,,,,,,,,,,,,,,lint,,,,,,,,,,,,,,,,,,,,,,,,,,"{'item_count_7_20': {'name': 'item_count_7_20', 'applicable': True, 'passed': True, 'reason': ''}}",0.75,0.0,1.0,0.0,0.125,0.0,0.0,0.0,0.0,0.4617030918598175,0.125,0.875,0.0,1.0,1.0,1.0,1.0,1.0,0.875,1.0,1.0,0.875,1.0,16.0,[]
med-e6c4ba1af357,rar_medicine,agentic,10.0,,,,,,,,,,,,,,,,lint,,,,,,,,,,,,,,,,,,,,,,,,,,"{'item_count_7_20': {'name': 'item_count_7_20', 'applicable': True, 'passed': True, 'reason': ''}}",0.6,0.0,1.0,1.0,0.2,0.0,0.0,0.0,0.0,0.43414807319641113,0.2,1.0,0.0,1.0,1.0,1.0,1.0,1.0,1.0,0.0,1.0,0.8,1.0,17.0,[]
med-e6c4ba1af357,rar_medicine,agentic-goldonly,10.0,,,,,,,,,,,,,,,,lint,,,,,,,,,,,,,,,,,,,,,,,,,,"{'item_count_7_20': {'name': 'item_count_7_20', 'applicable': True, 'passed': True, 'reason': ''}}",0.6,0.0,1.0,1.0,0.2,0.0,0.0,0.0,0.0,0.5178448557853699,0.2,1.0,0.0,1.0,1.0,1.0,1.0,1.0,1.0,0.0,1.0,0.8,1.0,13.0,[]
med-e6c4ba1af357,rar_medicine,agentic-negonly,10.0,,,,,,,,,,,,,,,,lint,,,,,,,,,,,,,,,,,,,,,,,,,,"{'item_count_7_20': {'name': 'item_count_7_20', 'applicable': True, 'passed': True, 'reason': ''}}",0.5,0.0,1.0,1.0,0.2,0.0,0.0,0.0,0.0,0.4627496600151062,0.2,1.0,0.0,1.0,0.9,1.0,1.0,1.0,1.0,0.0,1.0,0.7,1.0,13.0,[]
med-e9a2fe585dc6,rar_medicine,shipped,10.0,,,,,,,,,,,,,,,,lint,,,,,,,,,,,,,,,,,,,,,,,,,,"{'item_count_7_20': {'name': 'item_count_7_20', 'applicable': True, 'passed': True, 'reason': ''}}",0.9,0.0,1.0,0.0,0.2,0.0,0.0,0.0,0.0,0.4484236240386963,0.2,1.0,0.1,1.0,1.0,1.0,1.0,1.0,1.0,0.5,1.0,1.0,1.0,21.0,[]
med-e9a2fe585dc6,rar_medicine,baseline,7.0,,,,,,,,,,,,,,,,lint,,,,,,,,,,,,,,,,,,,,,,,,,,"{'item_count_7_20': {'name': 'item_count_7_20', 'applicable': True, 'passed': True, 'reason': ''}}",1.0,1.0,1.0,0.0,0.14285714285714285,0.0,0.0,0.0,0.0,0.47277891635894775,0.14285714285714285,1.0,0.0,1.0,1.0,1.0,1.0,1.0,1.0,1.0,1.0,1.0,1.0,8.0,[]
med-e9a2fe585dc6,rar_medicine,agentic,13.0,,,,,,,,,,,,,,,,lint,,,,,,,,,,,,,,,,,,,,,,,,,,"{'item_count_7_20': {'name': 'item_count_7_20', 'applicable': True, 'passed': True, 'reason': ''}}",0.38461538461538464,0.0,1.0,1.0,0.15384615384615385,1.0,0.08333333333333333,0.0,0.0,0.414459228515625,0.15384615384615385,0.6153846153846154,0.0,1.0,1.0,1.0,1.0,1.0,0.6153846153846154,0.0,1.0,0.8461538461538461,1.0,36.0,[]
med-e9a2fe585dc6,rar_medicine,agentic-goldonly,13.0,,,,,,,,,,,,,,,,lint,,,,,,,,,,,,,,,,,,,,,,,,,,"{'item_count_7_20': {'name': 'item_count_7_20', 'applicable': True, 'passed': True, 'reason': ''}}",0.6923076923076923,0.0,1.0,1.0,0.07692307692307693,0.0,0.0,0.0,0.0,0.4438464641571045,0.07692307692307693,0.9230769230769231,0.0,1.0,0.9230769230769231,1.0,1.0,1.0,0.9230769230769231,0.0,1.0,0.8461538461538461,1.0,45.0,[]
med-e9a2fe585dc6,rar_medicine,agentic-negonly,13.0,,,,,,,,,,,,,,,,lint,,,,,,,,,,,,,,,,,,,,,,,,,,"{'item_count_7_20': {'name': 'item_count_7_20', 'applicable': True, 'passed': True, 'reason': ''}}",0.46153846153846156,0.0,1.0,1.0,0.23076923076923078,1.0,0.03225806451612903,1.0,2.0,0.6673870086669922,0.23076923076923078,0.9230769230769231,0.0,1.0,0.6923076923076923,1.0,1.0,1.0,0.9230769230769231,0.0,1.0,0.8461538461538461,1.0,31.0,"[{'pitfall_index': 9, 'positive_index': 1, 'similarity': 0.6673870086669922}, {'pitfall_index': 9, 'positive_index': 11, 'similarity': 0.6568989753723145}]"
med-f1727cd9627c,rar_medicine,shipped,10.0,,,,,,,,,,,,,,,,lint,,,,,,,,,,,,,,,,,,,,,,,,,,"{'item_count_7_20': {'name': 'item_count_7_20', 'applicable': True, 'passed': True, 'reason': ''}}",0.8,0.0,1.0,0.0,0.2,0.0,0.0,0.0,0.0,0.2103061079978943,0.2,1.0,0.0,1.0,0.8,1.0,1.0,1.0,1.0,1.0,1.0,1.0,1.0,19.0,[]
med-f1727cd9627c,rar_medicine,baseline,8.0,,,,,,,,,,,,,,,,lint,,,,,,,,,,,,,,,,,,,,,,,,,,"{'item_count_7_20': {'name': 'item_count_7_20', 'applicable': True, 'passed': True, 'reason': ''}}",1.0,1.0,1.0,0.0,0.25,0.0,0.0,0.0,0.0,0.4572364091873169,0.25,1.0,0.0,1.0,1.0,1.0,1.0,1.0,1.0,1.0,1.0,1.0,1.0,9.0,[]
med-f1727cd9627c,rar_medicine,agentic,9.0,,,,,,,,,,,,,,,,lint,,,,,,,,,,,,,,,,,,,,,,,,,,"{'item_count_7_20': {'name': 'item_count_7_20', 'applicable': True, 'passed': True, 'reason': ''}}",0.6666666666666666,0.0,1.0,1.0,0.2222222222222222,0.0,0.0,0.0,0.0,0.2628992795944214,0.2222222222222222,1.0,0.0,1.0,1.0,1.0,1.0,1.0,1.0,0.0,1.0,0.8888888888888888,1.0,6.0,[]
med-f1727cd9627c,rar_medicine,agentic-goldonly,10.0,,,,,,,,,,,,,,,,lint,,,,,,,,,,,,,,,,,,,,,,,,,,"{'item_count_7_20': {'name': 'item_count_7_20', 'applicable': True, 'passed': True, 'reason': ''}}",0.8,0.0,1.0,1.0,0.2,0.0,0.0,0.0,0.0,0.4392424523830414,0.2,1.0,0.0,1.0,0.9,1.0,1.0,1.0,1.0,0.0,1.0,1.0,1.0,17.0,[]
med-f1727cd9627c,rar_medicine,agentic-negonly,13.0,,,,,,,,,,,,,,,,lint,,,,,,,,,,,,,,,,,,,,,,,,,,"{'item_count_7_20': {'name': 'item_count_7_20', 'applicable': True, 'passed': True, 'reason': ''}}",0.7692307692307693,0.0,1.0,1.0,0.23076923076923078,0.0,0.0,0.0,0.0,0.5306631922721863,0.23076923076923078,1.0,0.0,1.0,1.0,1.0,1.0,1.0,1.0,0.0,1.0,1.0,1.0,29.0,[]
med-fff27f593ee9,rar_medicine,shipped,13.0,,,,,,,,,,,,,,,,lint,,,,,,,,,,,,,,,,,,,,,,,,,,"{'item_count_7_20': {'name': 'item_count_7_20', 'applicable': True, 'passed': True, 'reason': ''}}",0.8461538461538461,0.0,1.0,1.0,0.07692307692307693,0.0,0.0,0.0,0.0,0.28915223479270935,0.07692307692307693,1.0,0.07692307692307693,1.0,0.9230769230769231,1.0,1.0,1.0,1.0,0.0,1.0,1.0,1.0,47.0,[]
med-fff27f593ee9,rar_medicine,baseline,9.0,,,,,,,,,,,,,,,,lint,,,,,,,,,,,,,,,,,,,,,,,,,,"{'item_count_7_20': {'name': 'item_count_7_20', 'applicable': True, 'passed': True, 'reason': ''}}",0.7777777777777778,0.0,1.0,0.0,0.2222222222222222,0.0,0.0,1.0,1.0,0.6262838840484619,0.2222222222222222,1.0,0.0,1.0,1.0,1.0,1.0,1.0,1.0,1.0,1.0,0.7777777777777778,1.0,14.0,"[{'pitfall_index': 8, 'positive_index': 6, 'similarity': 0.6262838840484619}]"
med-fff27f593ee9,rar_medicine,agentic,13.0,,,,,,,,,,,,,,,,lint,,,,,,,,,,,,,,,,,,,,,,,,,,"{'item_count_7_20': {'name': 'item_count_7_20', 'applicable': True, 'passed': True, 'reason': ''}}",0.8461538461538461,0.0,1.0,1.0,0.07692307692307693,0.0,0.0,0.0,0.0,0.3616372346878052,0.07692307692307693,1.0,0.0,1.0,1.0,1.0,1.0,1.0,1.0,0.0,1.0,0.9230769230769231,1.0,44.0,[]
med-fff27f593ee9,rar_medicine,agentic-goldonly,13.0,,,,,,,,,,,,,,,,lint,,,,,,,,,,,,,,,,,,,,,,,,,,"{'item_count_7_20': {'name': 'item_count_7_20', 'applicable': True, 'passed': True, 'reason': ''}}",0.7692307692307693,0.0,1.0,1.0,0.07692307692307693,0.0,0.0,0.0,0.0,0.3284245729446411,0.07692307692307693,1.0,0.0,1.0,1.0,1.0,1.0,1.0,1.0,0.0,1.0,0.8461538461538461,1.0,41.0,[]
med-fff27f593ee9,rar_medicine,agentic-negonly,12.0,,,,,,,,,,,,,,,,lint,,,,,,,,,,,,,,,,,,,,,,,,,,"{'item_count_7_20': {'name': 'item_count_7_20', 'applicable': True, 'passed': True, 'reason': ''}}",0.8333333333333334,0.0,1.0,1.0,0.16666666666666666,0.0,0.0,1.0,1.0,0.6401424407958984,0.16666666666666666,1.0,0.0,1.0,1.0,1.0,1.0,1.0,1.0,0.0,1.0,1.0,1.0,29.0,"[{'pitfall_index': 1, 'positive_index': 11, 'similarity': 0.6401424407958984}]"
sci-1074b372b376,rar_science,shipped,7.0,,,,,,,,,,,,,,,,lint,,,,,,,,,,,,,,,,,,,,,,,,,,"{'item_count_7_20': {'name': 'item_count_7_20', 'applicable': True, 'passed': True, 'reason': ''}}",1.0,1.0,1.0,1.0,0.14285714285714285,0.0,0.0,0.0,0.0,0.4398678243160248,0.14285714285714285,0.8571428571428571,0.0,1.0,1.0,1.0,1.0,1.0,,,1.0,1.0,1.0,11.0,[]
sci-1074b372b376,rar_science,baseline,10.0,,,,,,,,,,,,,,,,lint,,,,,,,,,,,,,,,,,,,,,,,,,,"{'item_count_7_20': {'name': 'item_count_7_20', 'applicable': True, 'passed': True, 'reason': ''}}",0.9,0.0,1.0,1.0,0.2,0.0,0.0,0.0,0.0,0.466113418340683,0.2,1.0,0.2,1.0,1.0,1.0,1.0,1.0,,,1.0,0.9,1.0,20.0,[]
sci-1074b372b376,rar_science,agentic,6.0,,,,,,,,,,,,,,,,lint,,,,,,,,,,,,,,,,,,,,,,,,,,"{'item_count_7_20': {'name': 'item_count_7_20', 'applicable': True, 'passed': False, 'reason': '6 items'}}",0.8333333333333334,0.0,0.0,1.0,0.3333333333333333,0.0,,0.0,0.0,0.0,0.3333333333333333,1.0,0.0,0.0,0.8333333333333334,1.0,1.0,1.0,,,1.0,1.0,1.0,0.0,[]
sci-1074b372b376,rar_science,agentic-goldonly,15.0,,,,,,,,,,,,,,,,lint,,,,,,,,,,,,,,,,,,,,,,,,,,"{'item_count_7_20': {'name': 'item_count_7_20', 'applicable': True, 'passed': True, 'reason': ''}}",1.0,1.0,1.0,1.0,0.2,0.0,0.0,0.0,0.0,0.3999600112438202,0.2,1.0,0.0,1.0,1.0,1.0,1.0,1.0,,,1.0,1.0,1.0,29.0,[]
sci-1074b372b376,rar_science,agentic-negonly,15.0,,,,,,,,,,,,,,,,lint,,,,,,,,,,,,,,,,,,,,,,,,,,"{'item_count_7_20': {'name': 'item_count_7_20', 'applicable': True, 'passed': True, 'reason': ''}}",0.8666666666666667,0.0,1.0,1.0,0.06666666666666667,0.0,0.0,0.0,0.0,0.31871864199638367,0.06666666666666667,1.0,0.0,1.0,0.9333333333333333,0.9333333333333333,1.0,1.0,,,1.0,1.0,1.0,49.0,[]
sci-1cbb3e0b742d,rar_science,shipped,9.0,,,,,,,,,,,,,,,,lint,,,,,,,,,,,,,,,,,,,,,,,,,,"{'item_count_7_20': {'name': 'item_count_7_20', 'applicable': True, 'passed': True, 'reason': ''}}",1.0,1.0,1.0,1.0,0.1111111111111111,1.0,0.2631578947368421,0.0,0.0,0.3466837406158447,0.1111111111111111,0.7777777777777778,0.1111111111111111,1.0,1.0,1.0,1.0,1.0,,,1.0,1.0,1.0,19.0,[]
sci-1cbb3e0b742d,rar_science,baseline,15.0,,,,,,,,,,,,,,,,lint,,,,,,,,,,,,,,,,,,,,,,,,,,"{'item_count_7_20': {'name': 'item_count_7_20', 'applicable': True, 'passed': True, 'reason': ''}}",1.0,1.0,1.0,0.0,0.2,0.0,0.0,0.0,0.0,0.47081470489501953,0.2,1.0,0.13333333333333333,1.0,1.0,1.0,1.0,1.0,,,1.0,1.0,1.0,41.0,[]
sci-1cbb3e0b742d,rar_science,agentic,15.0,,,,,,,,,,,,,,,,lint,,,,,,,,,,,,,,,,,,,,,,,,,,"{'item_count_7_20': {'name': 'item_count_7_20', 'applicable': True, 'passed': True, 'reason': ''}}",1.0,1.0,1.0,1.0,0.06666666666666667,0.0,0.0,0.0,0.0,0.47356846928596497,0.06666666666666667,1.0,0.0,1.0,1.0,1.0,1.0,1.0,,,1.0,1.0,1.0,45.0,[]
sci-1cbb3e0b742d,rar_science,agentic-goldonly,13.0,,,,,,,,,,,,,,,,lint,,,,,,,,,,,,,,,,,,,,,,,,,,"{'item_count_7_20': {'name': 'item_count_7_20', 'applicable': True, 'passed': True, 'reason': ''}}",0.9230769230769231,0.0,1.0,1.0,0.23076923076923078,1.0,0.10344827586206896,0.0,0.0,0.5153462886810303,0.23076923076923078,0.9230769230769231,0.0,1.0,0.9230769230769231,1.0,1.0,1.0,,,1.0,1.0,1.0,29.0,[]
sci-1cbb3e0b742d,rar_science,agentic-negonly,15.0,,,,,,,,,,,,,,,,lint,,,,,,,,,,,,,,,,,,,,,,,,,,"{'item_count_7_20': {'name': 'item_count_7_20', 'applicable': True, 'passed': True, 'reason': ''}}",1.0,1.0,1.0,1.0,0.2,1.0,0.36363636363636365,0.0,0.0,0.49124088883399963,0.2,0.7333333333333333,0.0,1.0,1.0,1.0,1.0,1.0,,,1.0,1.0,1.0,44.0,[]
sci-200bfdc23b84,rar_science,shipped,7.0,,,,,,,,,,,,,,,,lint,,,,,,,,,,,,,,,,,,,,,,,,,,"{'item_count_7_20': {'name': 'item_count_7_20', 'applicable': True, 'passed': True, 'reason': ''}}",1.0,1.0,1.0,1.0,0.0,1.0,0.06666666666666667,0.0,0.0,0.0,0.0,0.8571428571428571,0.0,1.0,1.0,1.0,1.0,1.0,,,1.0,1.0,1.0,15.0,[]
sci-200bfdc23b84,rar_science,baseline,12.0,,,,,,,,,,,,,,,,lint,,,,,,,,,,,,,,,,,,,,,,,,,,"{'item_count_7_20': {'name': 'item_count_7_20', 'applicable': True, 'passed': True, 'reason': ''}}",0.9166666666666666,0.0,1.0,1.0,0.08333333333333333,0.0,0.0,1.0,1.0,0.7010490894317627,0.08333333333333333,1.0,0.08333333333333333,1.0,1.0,1.0,1.0,1.0,,,1.0,0.9166666666666666,1.0,26.0,"[{'pitfall_index': 11, 'positive_index': 8, 'similarity': 0.7010490894317627}]"
sci-200bfdc23b84,rar_science,agentic,14.0,,,,,,,,,,,,,,,,lint,,,,,,,,,,,,,,,,,,,,,,,,,,"{'item_count_7_20': {'name': 'item_count_7_20', 'applicable': True, 'passed': True, 'reason': ''}}",1.0,1.0,1.0,1.0,0.0,1.0,0.07142857142857142,0.0,0.0,0.0,0.0,0.8571428571428571,0.0,1.0,1.0,1.0,1.0,1.0,,,1.0,1.0,1.0,56.0,[]
sci-200bfdc23b84,rar_science,agentic-goldonly,14.0,,,,,,,,,,,,,,,,lint,,,,,,,,,,,,,,,,,,,,,,,,,,"{'item_count_7_20': {'name': 'item_count_7_20', 'applicable': True, 'passed': True, 'reason': ''}}",0.9285714285714286,0.0,1.0,1.0,0.07142857142857142,0.0,0.0,0.0,0.0,0.38504424691200256,0.07142857142857142,1.0,0.0,1.0,1.0,1.0,1.0,1.0,,,1.0,0.9285714285714286,1.0,44.0,[]
sci-200bfdc23b84,rar_science,agentic-negonly,15.0,,,,,,,,,,,,,,,,lint,,,,,,,,,,,,,,,,,,,,,,,,,,"{'item_count_7_20': {'name': 'item_count_7_20', 'applicable': True, 'passed': True, 'reason': ''}}",0.8,0.0,1.0,1.0,0.13333333333333333,0.0,0.0,0.0,0.0,0.5841655731201172,0.13333333333333333,0.8,0.0,1.0,0.8666666666666667,1.0,1.0,1.0,,,1.0,0.9333333333333333,1.0,48.0,[]
sci-2907ae60d945,rar_science,shipped,7.0,,,,,,,,,,,,,,,,lint,,,,,,,,,,,,,,,,,,,,,,,,,,"{'item_count_7_20': {'name': 'item_count_7_20', 'applicable': True, 'passed': True, 'reason': ''}}",0.8571428571428571,0.0,1.0,0.0,0.14285714285714285,0.0,0.0,0.0,0.0,0.24988830089569092,0.14285714285714285,0.8571428571428571,0.0,1.0,1.0,1.0,1.0,1.0,,,1.0,1.0,0.8571428571428571,11.0,[]
sci-2907ae60d945,rar_science,baseline,8.0,,,,,,,,,,,,,,,,lint,,,,,,,,,,,,,,,,,,,,,,,,,,"{'item_count_7_20': {'name': 'item_count_7_20', 'applicable': True, 'passed': True, 'reason': ''}}",1.0,1.0,1.0,0.0,0.25,1.0,0.18181818181818182,1.0,1.0,0.6998330950737,0.25,0.875,0.125,1.0,1.0,1.0,1.0,1.0,,,1.0,1.0,1.0,11.0,"[{'pitfall_index': 7, 'positive_index': 3, 'similarity': 0.6998330950737}]"
sci-2907ae60d945,rar_science,agentic,6.0,,,,,,,,,,,,,,,,lint,,,,,,,,,,,,,,,,,,,,,,,,,,"{'item_count_7_20': {'name': 'item_count_7_20', 'applicable': True, 'passed': False, 'reason': '6 items'}}",0.8333333333333334,0.0,0.0,1.0,0.0,0.0,0.0,0.0,0.0,0.0,0.0,1.0,0.0,0.0,1.0,1.0,1.0,1.0,,,1.0,1.0,0.8333333333333334,9.0,[]
sci-2907ae60d945,rar_science,agentic-goldonly,6.0,,,,,,,,,,,,,,,,lint,,,,,,,,,,,,,,,,,,,,,,,,,,"{'item_count_7_20': {'name': 'item_count_7_20', 'applicable': True, 'passed': False, 'reason': '6 items'}}",0.8333333333333334,0.0,0.0,1.0,0.0,1.0,0.2222222222222222,0.0,0.0,0.0,0.0,0.8333333333333334,0.0,0.0,1.0,1.0,1.0,1.0,,,1.0,1.0,0.8333333333333334,9.0,[]
sci-2907ae60d945,rar_science,agentic-negonly,15.0,,,,,,,,,,,,,,,,lint,,,,,,,,,,,,,,,,,,,,,,,,,,"{'item_count_7_20': {'name': 'item_count_7_20', 'applicable': True, 'passed': True, 'reason': ''}}",0.9333333333333333,0.0,1.0,1.0,0.06666666666666667,1.0,0.2641509433962264,0.0,0.0,0.4124259650707245,0.06666666666666667,0.8,0.0,1.0,1.0,1.0,1.0,1.0,,,1.0,1.0,0.9333333333333333,53.0,[]
sci-2f3b45de3872,rar_science,shipped,7.0,,,,,,,,,,,,,,,,lint,,,,,,,,,,,,,,,,,,,,,,,,,,"{'item_count_7_20': {'name': 'item_count_7_20', 'applicable': True, 'passed': True, 'reason': ''}}",0.8571428571428571,0.0,1.0,1.0,0.14285714285714285,0.0,0.0,0.0,0.0,0.4618648886680603,0.14285714285714285,0.8571428571428571,0.0,1.0,0.8571428571428571,1.0,1.0,1.0,,,1.0,1.0,1.0,11.0,[]
sci-2f3b45de3872,rar_science,baseline,10.0,,,,,,,,,,,,,,,,lint,,,,,,,,,,,,,,,,,,,,,,,,,,"{'item_count_7_20': {'name': 'item_count_7_20', 'applicable': True, 'passed': True, 'reason': ''}}",1.0,1.0,1.0,0.0,0.3,1.0,0.18181818181818182,0.0,0.0,0.5353397130966187,0.3,0.8,0.1,1.0,1.0,1.0,1.0,1.0,,,1.0,1.0,1.0,11.0,[]
sci-2f3b45de3872,rar_science,agentic,6.0,,,,,,,,,,,,,,,,lint,,,,,,,,,,,,,,,,,,,,,,,,,,"{'item_count_7_20': {'name': 'item_count_7_20', 'applicable': True, 'passed': False, 'reason': '6 items'}}",0.8333333333333334,0.0,0.0,1.0,0.6666666666666666,0.0,,1.0,1.0,0.6429367661476135,0.6666666666666666,1.0,0.0,0.0,1.0,1.0,1.0,1.0,,,1.0,0.8333333333333334,1.0,0.0,"[{'pitfall_index': 4, 'positive_index': 1, 'similarity': 0.6429367661476135}]"
sci-2f3b45de3872,rar_science,agentic-goldonly,6.0,,,,,,,,,,,,,,,,lint,,,,,,,,,,,,,,,,,,,,,,,,,,"{'item_count_7_20': {'name': 'item_count_7_20', 'applicable': True, 'passed': False, 'reason': '6 items'}}",0.8333333333333334,0.0,0.0,1.0,0.16666666666666666,1.0,1.0,0.0,0.0,0.30871063470840454,0.16666666666666666,0.6666666666666666,0.0,0.0,0.8333333333333334,1.0,1.0,1.0,,,1.0,1.0,1.0,6.0,[]
sci-2f3b45de3872,rar_science,agentic-negonly,15.0,,,,,,,,,,,,,,,,lint,,,,,,,,,,,,,,,,,,,,,,,,,,"{'item_count_7_20': {'name': 'item_count_7_20', 'applicable': True, 'passed': True, 'reason': ''}}",0.9333333333333333,0.0,1.0,1.0,0.06666666666666667,1.0,0.3389830508474576,0.0,0.0,0.42094242572784424,0.06666666666666667,0.6666666666666666,0.0,1.0,0.9333333333333333,1.0,1.0,1.0,,,1.0,1.0,1.0,59.0,[]
sci-423a28946a42,rar_science,shipped,8.0,,,,,,,,,,,,,,,,lint,,,,,,,,,,,,,,,,,,,,,,,,,,"{'item_count_7_20': {'name': 'item_count_7_20', 'applicable': True, 'passed': True, 'reason': ''}}",1.0,1.0,1.0,0.0,0.125,0.0,0.0,0.0,0.0,0.0956302210688591,0.125,0.875,0.0,1.0,1.0,1.0,1.0,1.0,,,1.0,1.0,1.0,15.0,[]
sci-423a28946a42,rar_science,baseline,14.0,,,,,,,,,,,,,,,,lint,,,,,,,,,,,,,,,,,,,,,,,,,,"{'item_count_7_20': {'name': 'item_count_7_20', 'applicable': True, 'passed': True, 'reason': ''}}",1.0,1.0,1.0,0.0,0.21428571428571427,1.0,0.08823529411764706,0.0,0.0,0.4658391773700714,0.21428571428571427,0.9285714285714286,0.07142857142857142,1.0,1.0,1.0,1.0,1.0,,,1.0,1.0,1.0,34.0,[]
sci-423a28946a42,rar_science,agentic,6.0,,,,,,,,,,,,,,,,lint,,,,,,,,,,,,,,,,,,,,,,,,,,"{'item_count_7_20': {'name': 'item_count_7_20', 'applicable': True, 'passed': False, 'reason': '6 items'}}",1.0,0.0,0.0,1.0,0.16666666666666666,0.0,0.0,0.0,0.0,0.3209215998649597,0.16666666666666666,0.6666666666666666,0.0,0.0,1.0,1.0,1.0,1.0,,,1.0,1.0,1.0,7.0,[]
sci-423a28946a42,rar_science,agentic-goldonly,6.0,,,,,,,,,,,,,,,,lint,,,,,,,,,,,,,,,,,,,,,,,,,,"{'item_count_7_20': {'name': 'item_count_7_20', 'applicable': True, 'passed': False, 'reason': '6 items'}}",0.8333333333333334,0.0,0.0,1.0,0.16666666666666666,0.0,0.0,0.0,0.0,0.22794407606124878,0.16666666666666666,1.0,0.0,0.0,0.8333333333333334,1.0,1.0,1.0,,,1.0,1.0,1.0,6.0,[]
sci-423a28946a42,rar_science,agentic-negonly,16.0,,,,,,,,,,,,,,,,lint,,,,,,,,,,,,,,,,,,,,,,,,,,"{'item_count_7_20': {'name': 'item_count_7_20', 'applicable': True, 'passed': True, 'reason': ''}}",1.0,1.0,1.0,1.0,0.0625,1.0,0.45161290322580644,0.0,0.0,0.23501931130886078,0.0625,0.6875,0.0,1.0,1.0,1.0,1.0,1.0,,,1.0,1.0,1.0,62.0,[]
sci-4260e6a475a5,rar_science,shipped,8.0,,,,,,,,,,,,,,,,lint,,,,,,,,,,,,,,,,,,,,,,,,,,"{'item_count_7_20': {'name': 'item_count_7_20', 'applicable': True, 'passed': True, 'reason': ''}}",1.0,1.0,1.0,1.0,0.125,1.0,0.125,0.0,0.0,0.4412994682788849,0.125,0.625,0.0,1.0,1.0,1.0,1.0,1.0,,,1.0,1.0,1.0,16.0,[]
sci-4260e6a475a5,rar_science,baseline,8.0,,,,,,,,,,,,,,,,lint,,,,,,,,,,,,,,,,,,,,,,,,,,"{'item_count_7_20': {'name': 'item_count_7_20', 'applicable': True, 'passed': True, 'reason': ''}}",1.0,1.0,1.0,1.0,0.125,0.0,0.0,0.0,0.0,0.21691855788230896,0.125,1.0,0.125,1.0,1.0,1.0,1.0,1.0,,,1.0,1.0,1.0,11.0,[]
sci-4260e6a475a5,rar_science,agentic,14.0,,,,,,,,,,,,,,,,lint,,,,,,,,,,,,,,,,,,,,,,,,,,"{'item_count_7_20': {'name': 'item_count_7_20', 'applicable': True, 'passed': True, 'reason': ''}}",0.8571428571428571,0.0,1.0,1.0,0.21428571428571427,1.0,0.10714285714285714,0.0,0.0,0.4836125373840332,0.21428571428571427,0.6428571428571429,0.0,1.0,0.8571428571428571,1.0,1.0,1.0,,,1.0,1.0,1.0,28.0,[]
sci-4260e6a475a5,rar_science,agentic-goldonly,12.0,,,,,,,,,,,,,,,,lint,,,,,,,,,,,,,,,,,,,,,,,,,,"{'item_count_7_20': {'name': 'item_count_7_20', 'applicable': True, 'passed': True, 'reason': ''}}",1.0,1.0,1.0,1.0,0.25,0.0,0.0,0.0,0.0,0.5664057731628418,0.25,1.0,0.0,1.0,1.0,1.0,1.0,1.0,,,1.0,1.0,1.0,23.0,[]
sci-4260e6a475a5,rar_science,agentic-negonly,12.0,,,,,,,,,,,,,,,,lint,,,,,,,,,,,,,,,,,,,,,,,,,,"{'item_count_7_20': {'name': 'item_count_7_20', 'applicable': True, 'passed': True, 'reason': ''}}",0.9166666666666666,0.0,1.0,1.0,0.08333333333333333,1.0,0.05263157894736842,0.0,0.0,0.5783899426460266,0.08333333333333333,0.9166666666666666,0.0,1.0,0.9166666666666666,1.0,1.0,1.0,,,1.0,1.0,1.0,38.0,[]
sci-4430faf0f105,rar_science,shipped,7.0,,,,,,,,,,,,,,,,lint,,,,,,,,,,,,,,,,,,,,,,,,,,"{'item_count_7_20': {'name': 'item_count_7_20', 'applicable': True, 'passed': True, 'reason': ''}}",1.0,1.0,1.0,1.0,0.14285714285714285,0.0,0.0,0.0,0.0,0.2865433096885681,0.14285714285714285,0.8571428571428571,0.0,1.0,1.0,1.0,1.0,1.0,,,1.0,1.0,1.0,11.0,[]
sci-4430faf0f105,rar_science,baseline,12.0,,,,,,,,,,,,,,,,lint,,,,,,,,,,,,,,,,,,,,,,,,,,"{'item_count_7_20': {'name': 'item_count_7_20', 'applicable': True, 'passed': True, 'reason': ''}}",1.0,1.0,1.0,0.0,0.25,1.0,0.05,0.0,0.0,0.5341614484786987,0.25,0.9166666666666666,0.08333333333333333,1.0,1.0,1.0,1.0,1.0,,,1.0,1.0,1.0,20.0,[]
sci-4430faf0f105,rar_science,agentic,15.0,,,,,,,,,,,,,,,,lint,,,,,,,,,,,,,,,,,,,,,,,,,,"{'item_count_7_20': {'name': 'item_count_7_20', 'applicable': True, 'passed': True, 'reason': ''}}",1.0,1.0,1.0,1.0,0.13333333333333333,0.0,0.0,0.0,0.0,0.4223071038722992,0.13333333333333333,0.9333333333333333,0.0,1.0,1.0,1.0,1.0,1.0,,,1.0,1.0,1.0,22.0,[]
sci-4430faf0f105,rar_science,agentic-goldonly,15.0,,,,,,,,,,,,,,,,lint,,,,,,,,,,,,,,,,,,,,,,,,,,"{'item_count_7_20': {'name': 'item_count_7_20', 'applicable': True, 'passed': True, 'reason': ''}}",0.9333333333333333,0.0,1.0,1.0,0.13333333333333333,0.0,0.0,1.0,1.0,0.6197115182876587,0.13333333333333333,1.0,0.0,1.0,0.9333333333333333,1.0,1.0,1.0,,,1.0,1.0,1.0,40.0,"[{'pitfall_index': 12, 'positive_index': 0, 'similarity': 0.6197115182876587}]"
sci-4430faf0f105,rar_science,agentic-negonly,13.0,,,,,,,,,,,,,,,,lint,,,,,,,,,,,,,,,,,,,,,,,,,,"{'item_count_7_20': {'name': 'item_count_7_20', 'applicable': True, 'passed': True, 'reason': ''}}",0.8461538461538461,0.0,1.0,1.0,0.15384615384615385,1.0,0.07692307692307693,0.0,0.0,0.5161681771278381,0.15384615384615385,0.9230769230769231,0.0,1.0,0.8461538461538461,1.0,1.0,1.0,,,1.0,1.0,1.0,39.0,[]
sci-46a70d998b40,rar_science,shipped,7.0,,,,,,,,,,,,,,,,lint,,,,,,,,,,,,,,,,,,,,,,,,,,"{'item_count_7_20': {'name': 'item_count_7_20', 'applicable': True, 'passed': True, 'reason': ''}}",0.8571428571428571,0.0,1.0,1.0,0.14285714285714285,1.0,0.36363636363636365,0.0,0.0,0.34486478567123413,0.14285714285714285,0.5714285714285714,0.0,1.0,1.0,1.0,1.0,1.0,,,1.0,1.0,0.8571428571428571,11.0,[]
sci-46a70d998b40,rar_science,baseline,9.0,,,,,,,,,,,,,,,,lint,,,,,,,,,,,,,,,,,,,,,,,,,,"{'item_count_7_20': {'name': 'item_count_7_20', 'applicable': True, 'passed': True, 'reason': ''}}",1.0,1.0,1.0,1.0,0.3333333333333333,0.0,0.0,0.0,0.0,0.43656060099601746,0.3333333333333333,1.0,0.3333333333333333,1.0,1.0,1.0,1.0,1.0,,,1.0,1.0,1.0,11.0,[]
sci-46a70d998b40,rar_science,agentic,8.0,,,,,,,,,,,,,,,,lint,,,,,,,,,,,,,,,,,,,,,,,,,,"{'item_count_7_20': {'name': 'item_count_7_20', 'applicable': True, 'passed': True, 'reason': ''}}",1.0,1.0,1.0,1.0,0.25,0.0,0.0,0.0,0.0,0.45616012811660767,0.25,1.0,0.0,1.0,1.0,1.0,1.0,1.0,,,1.0,1.0,1.0,11.0,[]
sci-46a70d998b40,rar_science,agentic-goldonly,8.0,,,,,,,,,,,,,,,,lint,,,,,,,,,,,,,,,,,,,,,,,,,,"{'item_count_7_20': {'name': 'item_count_7_20', 'applicable': True, 'passed': True, 'reason': ''}}",1.0,1.0,1.0,1.0,0.25,0.0,0.0,0.0,0.0,0.423262357711792,0.25,1.0,0.0,1.0,1.0,1.0,1.0,1.0,,,1.0,1.0,1.0,5.0,[]
sci-46a70d998b40,rar_science,agentic-negonly,9.0,,,,,,,,,,,,,,,,lint,,,,,,,,,,,,,,,,,,,,,,,,,,"{'item_count_7_20': {'name': 'item_count_7_20', 'applicable': True, 'passed': True, 'reason': ''}}",0.8888888888888888,0.0,1.0,1.0,0.2222222222222222,1.0,0.09090909090909091,0.0,0.0,0.3897689878940582,0.2222222222222222,0.8888888888888888,0.0,1.0,0.8888888888888888,1.0,1.0,1.0,,,1.0,1.0,1.0,11.0,[]
sci-4705912940bd,rar_science,shipped,8.0,,,,,,,,,,,,,,,,lint,,,,,,,,,,,,,,,,,,,,,,,,,,"{'item_count_7_20': {'name': 'item_count_7_20', 'applicable': True, 'passed': True, 'reason': ''}}",0.75,0.0,1.0,1.0,0.25,0.0,0.0,0.0,0.0,0.41336023807525635,0.25,0.875,0.0,1.0,0.875,1.0,1.0,1.0,,,1.0,0.875,1.0,11.0,[]
sci-4705912940bd,rar_science,baseline,11.0,,,,,,,,,,,,,,,,lint,,,,,,,,,,,,,,,,,,,,,,,,,,"{'item_count_7_20': {'name': 'item_count_7_20', 'applicable': True, 'passed': True, 'reason': ''}}",1.0,1.0,1.0,0.0,0.18181818181818182,0.0,0.0,0.0,0.0,0.37303483486175537,0.18181818181818182,1.0,0.09090909090909091,1.0,1.0,1.0,1.0,1.0,,,1.0,1.0,1.0,8.0,[]
sci-4705912940bd,rar_science,agentic,7.0,,,,,,,,,,,,,,,,lint,,,,,,,,,,,,,,,,,,,,,,,,,,"{'item_count_7_20': {'name': 'item_count_7_20', 'applicable': True, 'passed': True, 'reason': ''}}",0.8571428571428571,0.0,1.0,1.0,0.14285714285714285,0.0,0.0,0.0,0.0,0.42558810114860535,0.14285714285714285,1.0,0.0,1.0,0.8571428571428571,1.0,1.0,1.0,,,1.0,1.0,1.0,8.0,[]
sci-4705912940bd,rar_science,agentic-goldonly,10.0,,,,,,,,,,,,,,,,lint,,,,,,,,,,,,,,,,,,,,,,,,,,"{'item_count_7_20': {'name': 'item_count_7_20', 'applicable': True, 'passed': True, 'reason': ''}}",0.9,0.0,1.0,1.0,0.1,0.0,0.0,0.0,0.0,0.3936057686805725,0.1,0.3,0.0,1.0,0.9,1.0,1.0,1.0,,,1.0,0.9,1.0,8.0,[]
sci-4705912940bd,rar_science,agentic-negonly,10.0,,,,,,,,,,,,,,,,lint,,,,,,,,,,,,,,,,,,,,,,,,,,"{'item_count_7_20': {'name': 'item_count_7_20', 'applicable': True, 'passed': True, 'reason': ''}}",1.0,1.0,1.0,1.0,0.2,0.0,0.0,0.0,0.0,0.5849568843841553,0.2,0.3,0.0,1.0,1.0,1.0,1.0,1.0,,,1.0,1.0,1.0,15.0,[]
sci-530fc857ec78,rar_science,shipped,8.0,,,,,,,,,,,,,,,,lint,,,,,,,,,,,,,,,,,,,,,,,,,,"{'item_count_7_20': {'name': 'item_count_7_20', 'applicable': True, 'passed': True, 'reason': ''}}",1.0,1.0,1.0,1.0,0.125,0.0,0.0,0.0,0.0,0.32086417078971863,0.125,0.75,0.0,1.0,1.0,1.0,1.0,1.0,,,1.0,1.0,1.0,16.0,[]
sci-530fc857ec78,rar_science,baseline,11.0,,,,,,,,,,,,,,,,lint,,,,,,,,,,,,,,,,,,,,,,,,,,"{'item_count_7_20': {'name': 'item_count_7_20', 'applicable': True, 'passed': True, 'reason': ''}}",1.0,1.0,1.0,0.0,0.18181818181818182,1.0,0.125,0.0,0.0,0.2576199173927307,0.18181818181818182,0.9090909090909091,0.09090909090909091,1.0,1.0,1.0,1.0,1.0,,,1.0,1.0,1.0,24.0,[]
sci-530fc857ec78,rar_science,agentic,6.0,,,,,,,,,,,,,,,,lint,,,,,,,,,,,,,,,,,,,,,,,,,,"{'item_count_7_20': {'name': 'item_count_7_20', 'applicable': True, 'passed': False, 'reason': '6 items'}}",0.8333333333333334,0.0,0.0,1.0,0.16666666666666666,1.0,0.5,0.0,0.0,0.18007966876029968,0.16666666666666666,0.6666666666666666,0.0,0.0,0.8333333333333334,1.0,1.0,1.0,,,1.0,1.0,1.0,6.0,[]
sci-530fc857ec78,rar_science,agentic-goldonly,6.0,,,,,,,,,,,,,,,,lint,,,,,,,,,,,,,,,,,,,,,,,,,,"{'item_count_7_20': {'name': 'item_count_7_20', 'applicable': True, 'passed': False, 'reason': '6 items'}}",0.8333333333333334,0.0,0.0,1.0,0.3333333333333333,1.0,0.25,0.0,0.0,0.4489157199859619,0.3333333333333333,0.8333333333333334,0.0,0.0,0.8333333333333334,1.0,1.0,1.0,,,1.0,1.0,1.0,4.0,[]
sci-530fc857ec78,rar_science,agentic-negonly,13.0,,,,,,,,,,,,,,,,lint,,,,,,,,,,,,,,,,,,,,,,,,,,"{'item_count_7_20': {'name': 'item_count_7_20', 'applicable': True, 'passed': True, 'reason': ''}}",0.7692307692307693,0.0,1.0,1.0,0.07692307692307693,0.0,0.0,0.0,0.0,0.5143263339996338,0.07692307692307693,1.0,0.0,1.0,0.7692307692307693,1.0,1.0,1.0,,,1.0,1.0,1.0,44.0,[]
sci-5c5822f383a5,rar_science,shipped,8.0,,,,,,,,,,,,,,,,lint,,,,,,,,,,,,,,,,,,,,,,,,,,"{'item_count_7_20': {'name': 'item_count_7_20', 'applicable': True, 'passed': True, 'reason': ''}}",1.0,1.0,1.0,0.0,0.125,1.0,0.1875,0.0,0.0,0.14051887392997742,0.125,0.625,0.0,1.0,1.0,1.0,1.0,1.0,,,1.0,1.0,1.0,16.0,[]
sci-5c5822f383a5,rar_science,baseline,13.0,,,,,,,,,,,,,,,,lint,,,,,,,,,,,,,,,,,,,,,,,,,,"{'item_count_7_20': {'name': 'item_count_7_20', 'applicable': True, 'passed': True, 'reason': ''}}",1.0,1.0,1.0,0.0,0.23076923076923078,1.0,0.07142857142857142,0.0,0.0,0.5384194850921631,0.23076923076923078,0.9230769230769231,0.15384615384615385,1.0,1.0,1.0,1.0,1.0,,,1.0,1.0,1.0,28.0,[]
sci-5c5822f383a5,rar_science,agentic,15.0,,,,,,,,,,,,,,,,lint,,,,,,,,,,,,,,,,,,,,,,,,,,"{'item_count_7_20': {'name': 'item_count_7_20', 'applicable': True, 'passed': True, 'reason': ''}}",0.8666666666666667,0.0,1.0,1.0,0.06666666666666667,0.0,0.0,0.0,0.0,0.3041340410709381,0.06666666666666667,0.6666666666666666,0.0,1.0,0.8666666666666667,1.0,1.0,1.0,,,1.0,1.0,1.0,43.0,[]
sci-5c5822f383a5,rar_science,agentic-goldonly,13.0,,,,,,,,,,,,,,,,lint,,,,,,,,,,,,,,,,,,,,,,,,,,"{'item_count_7_20': {'name': 'item_count_7_20', 'applicable': True, 'passed': True, 'reason': ''}}",1.0,1.0,1.0,1.0,0.07692307692307693,0.0,0.0,0.0,0.0,0.3737809658050537,0.07692307692307693,1.0,0.0,1.0,1.0,1.0,1.0,1.0,,,1.0,1.0,1.0,32.0,[]
sci-5c5822f383a5,rar_science,agentic-negonly,15.0,,,,,,,,,,,,,,,,lint,,,,,,,,,,,,,,,,,,,,,,,,,,"{'item_count_7_20': {'name': 'item_count_7_20', 'applicable': True, 'passed': True, 'reason': ''}}",0.8666666666666667,0.0,1.0,1.0,0.06666666666666667,0.0,0.0,0.0,0.0,0.29378074407577515,0.06666666666666667,0.6666666666666666,0.0,1.0,0.8666666666666667,1.0,1.0,1.0,,,1.0,1.0,1.0,43.0,[]
sci-615e52d990f9,rar_science,shipped,7.0,,,,,,,,,,,,,,,,lint,,,,,,,,,,,,,,,,,,,,,,,,,,"{'item_count_7_20': {'name': 'item_count_7_20', 'applicable': True, 'passed': True, 'reason': ''}}",1.0,1.0,1.0,1.0,0.14285714285714285,0.0,0.0,0.0,0.0,0.3523423671722412,0.14285714285714285,1.0,0.14285714285714285,1.0,1.0,1.0,1.0,1.0,,,1.0,1.0,1.0,11.0,[]
sci-615e52d990f9,rar_science,baseline,13.0,,,,,,,,,,,,,,,,lint,,,,,,,,,,,,,,,,,,,,,,,,,,"{'item_count_7_20': {'name': 'item_count_7_20', 'applicable': True, 'passed': True, 'reason': ''}}",0.9230769230769231,0.0,1.0,0.0,0.23076923076923078,0.0,0.0,0.0,0.0,0.3822915554046631,0.23076923076923078,1.0,0.15384615384615385,1.0,0.9230769230769231,1.0,1.0,1.0,,,1.0,1.0,1.0,28.0,[]
sci-615e52d990f9,rar_science,agentic,8.0,,,,,,,,,,,,,,,,lint,,,,,,,,,,,,,,,,,,,,,,,,,,"{'item_count_7_20': {'name': 'item_count_7_20', 'applicable': True, 'passed': True, 'reason': ''}}",0.875,0.0,1.0,1.0,0.0,0.0,0.0,0.0,0.0,0.0,0.0,0.625,0.0,1.0,1.0,1.0,1.0,1.0,,,1.0,0.875,1.0,13.0,[]
sci-615e52d990f9,rar_science,agentic-goldonly,6.0,,,,,,,,,,,,,,,,lint,,,,,,,,,,,,,,,,,,,,,,,,,,"{'item_count_7_20': {'name': 'item_count_7_20', 'applicable': True, 'passed': False, 'reason': '6 items'}}",0.8333333333333334,0.0,0.0,1.0,0.0,1.0,0.1111111111111111,0.0,0.0,0.0,0.0,0.8333333333333334,0.0,0.0,1.0,1.0,1.0,1.0,,,1.0,0.8333333333333334,1.0,9.0,[]
sci-615e52d990f9,rar_science,agentic-negonly,15.0,,,,,,,,,,,,,,,,lint,,,,,,,,,,,,,,,,,,,,,,,,,,"{'item_count_7_20': {'name': 'item_count_7_20', 'applicable': True, 'passed': True, 'reason': ''}}",0.9333333333333333,0.0,1.0,1.0,0.06666666666666667,0.0,0.0,0.0,0.0,0.23043444752693176,0.06666666666666667,1.0,0.0,1.0,0.9333333333333333,1.0,1.0,1.0,,,1.0,1.0,1.0,64.0,[]
sci-6601b6700272,rar_science,shipped,8.0,,,,,,,,,,,,,,,,lint,,,,,,,,,,,,,,,,,,,,,,,,,,"{'item_count_7_20': {'name': 'item_count_7_20', 'applicable': True, 'passed': True, 'reason': ''}}",1.0,1.0,1.0,1.0,0.125,0.0,0.0,0.0,0.0,0.24435800313949585,0.125,1.0,0.125,1.0,1.0,1.0,1.0,1.0,,,1.0,1.0,1.0,16.0,[]
sci-6601b6700272,rar_science,baseline,10.0,,,,,,,,,,,,,,,,lint,,,,,,,,,,,,,,,,,,,,,,,,,,"{'item_count_7_20': {'name': 'item_count_7_20', 'applicable': True, 'passed': True, 'reason': ''}}",1.0,1.0,1.0,0.0,0.1,0.0,0.0,0.0,0.0,0.2612208127975464,0.1,1.0,0.0,1.0,1.0,1.0,1.0,1.0,,,1.0,1.0,1.0,26.0,[]
sci-6601b6700272,rar_science,agentic,15.0,,,,,,,,,,,,,,,,lint,,,,,,,,,,,,,,,,,,,,,,,,,,"{'item_count_7_20': {'name': 'item_count_7_20', 'applicable': True, 'passed': True, 'reason': ''}}",1.0,1.0,1.0,1.0,0.06666666666666667,1.0,0.03125,0.0,0.0,0.392805278301239,0.06666666666666667,0.9333333333333333,0.0,1.0,1.0,1.0,1.0,1.0,,,1.0,1.0,1.0,64.0,[]
sci-6601b6700272,rar_science,agentic-goldonly,6.0,,,,,,,,,,,,,,,,lint,,,,,,,,,,,,,,,,,,,,,,,,,,"{'item_count_7_20': {'name': 'item_count_7_20', 'applicable': True, 'passed': False, 'reason': '6 items'}}",0.8333333333333334,0.0,0.0,1.0,0.0,1.0,0.2222222222222222,0.0,0.0,0.0,0.0,0.8333333333333334,0.0,0.0,0.8333333333333334,1.0,1.0,1.0,,,1.0,1.0,1.0,9.0,[]
sci-6601b6700272,rar_science,agentic-negonly,15.0,,,,,,,,,,,,,,,,lint,,,,,,,,,,,,,,,,,,,,,,,,,,"{'item_count_7_20': {'name': 'item_count_7_20', 'applicable': True, 'passed': True, 'reason': ''}}",0.8,0.0,1.0,1.0,0.2,1.0,0.0851063829787234,1.0,1.0,0.8078334331512451,0.2,0.7333333333333333,0.0,1.0,0.8,1.0,1.0,1.0,,,1.0,1.0,1.0,47.0,"[{'pitfall_index': 12, 'positive_index': 14, 'similarity': 0.8078334331512451}]"
sci-674358162aab,rar_science,shipped,7.0,,,,,,,,,,,,,,,,lint,,,,,,,,,,,,,,,,,,,,,,,,,,"{'item_count_7_20': {'name': 'item_count_7_20', 'applicable': True, 'passed': True, 'reason': ''}}",1.0,1.0,1.0,1.0,0.14285714285714285,1.0,0.3333333333333333,0.0,0.0,0.3791036605834961,0.14285714285714285,0.42857142857142855,0.14285714285714285,1.0,1.0,1.0,1.0,1.0,,,1.0,1.0,1.0,12.0,[]
sci-674358162aab,rar_science,baseline,17.0,,,,,,,,,,,,,,,,lint,,,,,,,,,,,,,,,,,,,,,,,,,,"{'item_count_7_20': {'name': 'item_count_7_20', 'applicable': True, 'passed': True, 'reason': ''}}",1.0,1.0,1.0,0.0,0.23529411764705882,1.0,0.1111111111111111,0.0,0.0,0.5333898067474365,0.23529411764705882,0.8823529411764706,0.11764705882352941,1.0,1.0,1.0,1.0,1.0,,,1.0,1.0,1.0,54.0,[]
sci-674358162aab,rar_science,agentic,15.0,,,,,,,,,,,,,,,,lint,,,,,,,,,,,,,,,,,,,,,,,,,,"{'item_count_7_20': {'name': 'item_count_7_20', 'applicable': True, 'passed': True, 'reason': ''}}",1.0,1.0,1.0,1.0,0.13333333333333333,1.0,0.019230769230769232,1.0,2.0,0.7092835903167725,0.13333333333333333,0.9333333333333333,0.0,1.0,1.0,1.0,1.0,1.0,,,1.0,1.0,1.0,52.0,"[{'pitfall_index': 12, 'positive_index': 3, 'similarity': 0.6075533628463745}, {'pitfall_index': 13, 'positive_index': 2, 'similarity': 0.7092835903167725}]"
sci-674358162aab,rar_science,agentic-goldonly,13.0,,,,,,,,,,,,,,,,lint,,,,,,,,,,,,,,,,,,,,,,,,,,"{'item_count_7_20': {'name': 'item_count_7_20', 'applicable': True, 'passed': True, 'reason': ''}}",1.0,1.0,1.0,1.0,0.0,0.0,0.0,0.0,0.0,0.0,0.0,1.0,0.0,1.0,1.0,1.0,1.0,1.0,,,1.0,1.0,1.0,50.0,[]
sci-674358162aab,rar_science,agentic-negonly,16.0,,,,,,,,,,,,,,,,lint,,,,,,,,,,,,,,,,,,,,,,,,,,"{'item_count_7_20': {'name': 'item_count_7_20', 'applicable': True, 'passed': True, 'reason': ''}}",0.9375,0.0,1.0,1.0,0.0625,1.0,0.016129032258064516,0.0,0.0,0.547533392906189,0.0625,0.5625,0.0,1.0,1.0,1.0,1.0,1.0,,,1.0,1.0,0.9375,62.0,[]
sci-70db910e68ee,rar_science,shipped,7.0,,,,,,,,,,,,,,,,lint,,,,,,,,,,,,,,,,,,,,,,,,,,"{'item_count_7_20': {'name': 'item_count_7_20', 'applicable': True, 'passed': True, 'reason': ''}}",1.0,1.0,1.0,1.0,0.14285714285714285,0.0,0.0,0.0,0.0,0.5167485475540161,0.14285714285714285,1.0,0.0,1.0,1.0,1.0,1.0,1.0,,,1.0,1.0,1.0,11.0,[]
sci-70db910e68ee,rar_science,baseline,12.0,,,,,,,,,,,,,,,,lint,,,,,,,,,,,,,,,,,,,,,,,,,,"{'item_count_7_20': {'name': 'item_count_7_20', 'applicable': True, 'passed': True, 'reason': ''}}",1.0,1.0,1.0,0.0,0.25,0.0,0.0,0.0,0.0,0.4862414002418518,0.25,0.9166666666666666,0.08333333333333333,1.0,1.0,1.0,1.0,1.0,,,1.0,1.0,1.0,26.0,[]
sci-70db910e68ee,rar_science,agentic,15.0,,,,,,,,,,,,,,,,lint,,,,,,,,,,,,,,,,,,,,,,,,,,"{'item_count_7_20': {'name': 'item_count_7_20', 'applicable': True, 'passed': True, 'reason': ''}}",1.0,1.0,1.0,1.0,0.2,1.0,0.024390243902439025,0.0,0.0,0.5802881121635437,0.2,0.4666666666666667,0.0,1.0,1.0,1.0,1.0,1.0,,,1.0,1.0,1.0,41.0,[]
sci-70db910e68ee,rar_science,agentic-goldonly,15.0,,,,,,,,,,,,,,,,lint,,,,,,,,,,,,,,,,,,,,,,,,,,"{'item_count_7_20': {'name': 'item_count_7_20', 'applicable': True, 'passed': True, 'reason': ''}}",0.9333333333333333,0.0,1.0,1.0,0.13333333333333333,0.0,0.0,0.0,0.0,0.41179436445236206,0.13333333333333333,0.5333333333333333,0.0,1.0,1.0,1.0,1.0,1.0,,,1.0,0.9333333333333333,1.0,39.0,[]
sci-70db910e68ee,rar_science,agentic-negonly,15.0,,,,,,,,,,,,,,,,lint,,,,,,,,,,,,,,,,,,,,,,,,,,"{'item_count_7_20': {'name': 'item_count_7_20', 'applicable': True, 'passed': True, 'reason': ''}}",1.0,1.0,1.0,1.0,0.0,1.0,0.27941176470588236,0.0,0.0,0.0,0.0,0.4666666666666667,0.0,1.0,1.0,1.0,1.0,1.0,,,1.0,1.0,1.0,68.0,[]
sci-71c07f577946,rar_science,shipped,7.0,,,,,,,,,,,,,,,,lint,,,,,,,,,,,,,,,,,,,,,,,,,,"{'item_count_7_20': {'name': 'item_count_7_20', 'applicable': True, 'passed': True, 'reason': ''}}",1.0,1.0,1.0,1.0,0.14285714285714285,0.0,0.0,0.0,0.0,0.28866827487945557,0.14285714285714285,0.8571428571428571,0.0,1.0,1.0,1.0,1.0,1.0,,,1.0,1.0,1.0,11.0,[]
sci-71c07f577946,rar_science,baseline,12.0,,,,,,,,,,,,,,,,lint,,,,,,,,,,,,,,,,,,,,,,,,,,"{'item_count_7_20': {'name': 'item_count_7_20', 'applicable': True, 'passed': True, 'reason': ''}}",1.0,1.0,1.0,0.0,0.25,0.0,0.0,0.0,0.0,0.5929045081138611,0.25,1.0,0.16666666666666666,1.0,1.0,1.0,1.0,1.0,,,1.0,1.0,1.0,26.0,[]
sci-71c07f577946,rar_science,agentic,6.0,,,,,,,,,,,,,,,,lint,,,,,,,,,,,,,,,,,,,,,,,,,,"{'item_count_7_20': {'name': 'item_count_7_20', 'applicable': True, 'passed': False, 'reason': '6 items'}}",0.5,0.0,0.0,1.0,0.6666666666666666,0.0,,0.0,0.0,0.4887494742870331,0.6666666666666666,1.0,0.0,0.0,0.8333333333333334,1.0,1.0,1.0,,,1.0,0.6666666666666666,1.0,0.0,[]
sci-71c07f577946,rar_science,agentic-goldonly,6.0,,,,,,,,,,,,,,,,lint,,,,,,,,,,,,,,,,,,,,,,,,,,"{'item_count_7_20': {'name': 'item_count_7_20', 'applicable': True, 'passed': False, 'reason': '6 items'}}",0.5,0.0,0.0,1.0,0.3333333333333333,0.0,,0.0,0.0,0.48974066972732544,0.3333333333333333,1.0,0.0,0.0,0.8333333333333334,1.0,1.0,1.0,,,1.0,0.6666666666666666,1.0,0.0,[]
sci-71c07f577946,rar_science,agentic-negonly,15.0,,,,,,,,,,,,,,,,lint,,,,,,,,,,,,,,,,,,,,,,,,,,"{'item_count_7_20': {'name': 'item_count_7_20', 'applicable': True, 'passed': True, 'reason': ''}}",0.6666666666666666,0.0,1.0,1.0,0.06666666666666667,1.0,0.39215686274509803,0.0,0.0,0.23071126639842987,0.06666666666666667,0.7333333333333333,0.0,1.0,0.8,1.0,1.0,1.0,,,1.0,0.8666666666666667,1.0,51.0,[]
sci-78456e89e0b3,rar_science,shipped,7.0,,,,,,,,,,,,,,,,lint,,,,,,,,,,,,,,,,,,,,,,,,,,"{'item_count_7_20': {'name': 'item_count_7_20', 'applicable': True, 'passed': True, 'reason': ''}}",0.8571428571428571,0.0,1.0,1.0,0.14285714285714285,0.0,0.0,0.0,0.0,0.20668360590934753,0.14285714285714285,1.0,0.0,1.0,1.0,1.0,1.0,1.0,,,1.0,1.0,0.8571428571428571,11.0,[]
sci-78456e89e0b3,rar_science,baseline,11.0,,,,,,,,,,,,,,,,lint,,,,,,,,,,,,,,,,,,,,,,,,,,"{'item_count_7_20': {'name': 'item_count_7_20', 'applicable': True, 'passed': True, 'reason': ''}}",0.9090909090909091,0.0,1.0,0.0,0.18181818181818182,0.0,0.0,0.0,0.0,0.5047825574874878,0.18181818181818182,1.0,0.09090909090909091,1.0,1.0,1.0,1.0,1.0,,,1.0,1.0,0.9090909090909091,23.0,[]
sci-78456e89e0b3,rar_science,agentic,7.0,,,,,,,,,,,,,,,,lint,,,,,,,,,,,,,,,,,,,,,,,,,,"{'item_count_7_20': {'name': 'item_count_7_20', 'applicable': True, 'passed': True, 'reason': ''}}",1.0,1.0,1.0,1.0,0.0,0.0,0.0,0.0,0.0,0.0,0.0,0.8571428571428571,0.0,1.0,1.0,1.0,1.0,1.0,,,1.0,1.0,1.0,10.0,[]
sci-78456e89e0b3,rar_science,agentic-goldonly,10.0,,,,,,,,,,,,,,,,lint,,,,,,,,,,,,,,,,,,,,,,,,,,"{'item_count_7_20': {'name': 'item_count_7_20', 'applicable': True, 'passed': True, 'reason': ''}}",1.0,1.0,1.0,1.0,0.2,0.0,0.0,0.0,0.0,0.5027716159820557,0.2,1.0,0.0,1.0,1.0,1.0,1.0,1.0,,,1.0,1.0,1.0,7.0,[]
sci-78456e89e0b3,rar_science,agentic-negonly,15.0,,,,,,,,,,,,,,,,lint,,,,,,,,,,,,,,,,,,,,,,,,,,"{'item_count_7_20': {'name': 'item_count_7_20', 'applicable': True, 'passed': True, 'reason': ''}}",1.0,1.0,1.0,1.0,0.2,0.0,0.0,0.0,0.0,0.5878704190254211,0.2,0.4666666666666667,0.0,1.0,1.0,1.0,1.0,1.0,,,1.0,1.0,1.0,39.0,[]
sci-801539f7bca0,rar_science,shipped,8.0,,,,,,,,,,,,,,,,lint,,,,,,,,,,,,,,,,,,,,,,,,,,"{'item_count_7_20': {'name': 'item_count_7_20', 'applicable': True, 'passed': True, 'reason': ''}}",1.0,1.0,1.0,1.0,0.125,0.0,0.0,0.0,0.0,0.4732834994792938,0.125,0.75,0.0,1.0,1.0,1.0,1.0,1.0,,,1.0,1.0,1.0,16.0,[]
sci-801539f7bca0,rar_science,baseline,10.0,,,,,,,,,,,,,,,,lint,,,,,,,,,,,,,,,,,,,,,,,,,,"{'item_count_7_20': {'name': 'item_count_7_20', 'applicable': True, 'passed': True, 'reason': ''}}",0.9,0.0,1.0,0.0,0.2,0.0,0.0,0.0,0.0,0.4135661721229553,0.2,1.0,0.1,1.0,0.9,1.0,1.0,1.0,,,1.0,1.0,1.0,20.0,[]
sci-801539f7bca0,rar_science,agentic,6.0,,,,,,,,,,,,,,,,lint,,,,,,,,,,,,,,,,,,,,,,,,,,"{'item_count_7_20': {'name': 'item_count_7_20', 'applicable': True, 'passed': False, 'reason': '6 items'}}",0.8333333333333334,0.0,0.0,1.0,0.0,0.0,0.0,0.0,0.0,0.0,0.0,0.8333333333333334,0.0,0.0,1.0,1.0,1.0,1.0,,,1.0,0.8333333333333334,1.0,8.0,[]
sci-801539f7bca0,rar_science,agentic-goldonly,6.0,,,,,,,,,,,,,,,,lint,,,,,,,,,,,,,,,,,,,,,,,,,,"{'item_count_7_20': {'name': 'item_count_7_20', 'applicable': True, 'passed': False, 'reason': '6 items'}}",0.5,0.0,0.0,1.0,0.0,0.0,0.0,0.0,0.0,0.0,0.0,1.0,0.0,0.0,0.6666666666666666,1.0,1.0,1.0,,,1.0,0.8333333333333334,1.0,9.0,[]
sci-801539f7bca0,rar_science,agentic-negonly,14.0,,,,,,,,,,,,,,,,lint,,,,,,,,,,,,,,,,,,,,,,,,,,"{'item_count_7_20': {'name': 'item_count_7_20', 'applicable': True, 'passed': True, 'reason': ''}}",1.0,1.0,1.0,1.0,0.0,1.0,0.09523809523809523,0.0,0.0,0.0,0.0,0.7142857142857143,0.0,1.0,1.0,1.0,1.0,1.0,,,1.0,1.0,1.0,63.0,[]
sci-870a3c2acf5f,rar_science,shipped,9.0,,,,,,,,,,,,,,,,lint,,,,,,,,,,,,,,,,,,,,,,,,,,"{'item_count_7_20': {'name': 'item_count_7_20', 'applicable': True, 'passed': True, 'reason': ''}}",1.0,1.0,1.0,1.0,0.2222222222222222,1.0,0.125,0.0,0.0,0.3516973555088043,0.2222222222222222,0.6666666666666666,0.1111111111111111,1.0,1.0,1.0,1.0,1.0,,,1.0,1.0,1.0,16.0,[]
sci-870a3c2acf5f,rar_science,baseline,9.0,,,,,,,,,,,,,,,,lint,,,,,,,,,,,,,,,,,,,,,,,,,,"{'item_count_7_20': {'name': 'item_count_7_20', 'applicable': True, 'passed': True, 'reason': ''}}",1.0,1.0,1.0,0.0,0.2222222222222222,1.0,0.07142857142857142,0.0,0.0,0.5201241970062256,0.2222222222222222,0.8888888888888888,0.1111111111111111,1.0,1.0,1.0,1.0,1.0,,,1.0,1.0,1.0,14.0,[]
sci-870a3c2acf5f,rar_science,agentic,6.0,,,,,,,,,,,,,,,,lint,,,,,,,,,,,,,,,,,,,,,,,,,,"{'item_count_7_20': {'name': 'item_count_7_20', 'applicable': True, 'passed': False, 'reason': '6 items'}}",1.0,0.0,0.0,1.0,0.16666666666666666,0.0,0.0,0.0,0.0,0.2899763584136963,0.16666666666666666,0.6666666666666666,0.0,0.0,1.0,1.0,1.0,1.0,,,1.0,1.0,1.0,6.0,[]
sci-870a3c2acf5f,rar_science,agentic-goldonly,16.0,,,,,,,,,,,,,,,,lint,,,,,,,,,,,,,,,,,,,,,,,,,,"{'item_count_7_20': {'name': 'item_count_7_20', 'applicable': True, 'passed': True, 'reason': ''}}",1.0,1.0,1.0,1.0,0.125,0.0,0.0,0.0,0.0,0.34204360842704773,0.125,1.0,0.0,1.0,1.0,1.0,1.0,1.0,,,1.0,1.0,1.0,57.0,[]
sci-870a3c2acf5f,rar_science,agentic-negonly,15.0,,,,,,,,,,,,,,,,lint,,,,,,,,,,,,,,,,,,,,,,,,,,"{'item_count_7_20': {'name': 'item_count_7_20', 'applicable': True, 'passed': True, 'reason': ''}}",1.0,1.0,1.0,1.0,0.06666666666666667,1.0,0.05357142857142857,0.0,0.0,0.2055739462375641,0.06666666666666667,0.9333333333333333,0.0,1.0,1.0,1.0,1.0,1.0,,,1.0,1.0,1.0,56.0,[]
sci-88a263c8039c,rar_science,shipped,8.0,,,,,,,,,,,,,,,,lint,,,,,,,,,,,,,,,,,,,,,,,,,,"{'item_count_7_20': {'name': 'item_count_7_20', 'applicable': True, 'passed': True, 'reason': ''}}",0.875,0.0,1.0,1.0,0.125,1.0,0.125,0.0,0.0,0.4696275591850281,0.125,0.75,0.0,1.0,1.0,1.0,1.0,1.0,,,1.0,0.875,1.0,16.0,[]
sci-88a263c8039c,rar_science,baseline,12.0,,,,,,,,,,,,,,,,lint,,,,,,,,,,,,,,,,,,,,,,,,,,"{'item_count_7_20': {'name': 'item_count_7_20', 'applicable': True, 'passed': True, 'reason': ''}}",1.0,1.0,1.0,0.0,0.16666666666666666,0.0,0.0,0.0,0.0,0.5352088212966919,0.16666666666666666,1.0,0.08333333333333333,1.0,1.0,1.0,1.0,1.0,,,1.0,1.0,1.0,32.0,[]
sci-88a263c8039c,rar_science,agentic,15.0,,,,,,,,,,,,,,,,lint,,,,,,,,,,,,,,,,,,,,,,,,,,"{'item_count_7_20': {'name': 'item_count_7_20', 'applicable': True, 'passed': True, 'reason': ''}}",0.8666666666666667,0.0,1.0,1.0,0.06666666666666667,1.0,0.0392156862745098,0.0,0.0,0.37392857670783997,0.06666666666666667,0.9333333333333333,0.0,1.0,0.9333333333333333,1.0,1.0,1.0,,,1.0,0.9333333333333333,1.0,51.0,[]
sci-88a263c8039c,rar_science,agentic-goldonly,15.0,,,,,,,,,,,,,,,,lint,,,,,,,,,,,,,,,,,,,,,,,,,,"{'item_count_7_20': {'name': 'item_count_7_20', 'applicable': True, 'passed': True, 'reason': ''}}",1.0,1.0,1.0,1.0,0.13333333333333333,1.0,0.038461538461538464,0.0,0.0,0.3232095241546631,0.13333333333333333,0.9333333333333333,0.0,1.0,1.0,1.0,1.0,1.0,,,1.0,1.0,1.0,52.0,[]
sci-88a263c8039c,rar_science,agentic-negonly,15.0,,,,,,,,,,,,,,,,lint,,,,,,,,,,,,,,,,,,,,,,,,,,"{'item_count_7_20': {'name': 'item_count_7_20', 'applicable': True, 'passed': True, 'reason': ''}}",0.9333333333333333,0.0,1.0,1.0,0.13333333333333333,0.0,0.0,0.0,0.0,0.5113679766654968,0.13333333333333333,0.8666666666666667,0.0,1.0,0.9333333333333333,1.0,1.0,1.0,,,1.0,1.0,1.0,55.0,[]
sci-8c97efc18a60,rar_science,shipped,7.0,,,,,,,,,,,,,,,,lint,,,,,,,,,,,,,,,,,,,,,,,,,,"{'item_count_7_20': {'name': 'item_count_7_20', 'applicable': True, 'passed': True, 'reason': ''}}",0.8571428571428571,0.0,1.0,1.0,0.14285714285714285,1.0,0.09090909090909091,1.0,1.0,0.6267448663711548,0.14285714285714285,0.7142857142857143,0.0,1.0,0.8571428571428571,1.0,1.0,1.0,,,1.0,1.0,1.0,11.0,"[{'pitfall_index': 6, 'positive_index': 0, 'similarity': 0.6267448663711548}]"
sci-8c97efc18a60,rar_science,baseline,8.0,,,,,,,,,,,,,,,,lint,,,,,,,,,,,,,,,,,,,,,,,,,,"{'item_count_7_20': {'name': 'item_count_7_20', 'applicable': True, 'passed': True, 'reason': ''}}",1.0,1.0,1.0,0.0,0.25,1.0,0.2222222222222222,0.0,0.0,0.3572521507740021,0.25,0.75,0.125,1.0,1.0,1.0,1.0,1.0,,,1.0,1.0,1.0,9.0,[]
sci-8c97efc18a60,rar_science,agentic,7.0,,,,,,,,,,,,,,,,lint,,,,,,,,,,,,,,,,,,,,,,,,,,"{'item_count_7_20': {'name': 'item_count_7_20', 'applicable': True, 'passed': True, 'reason': ''}}",0.8571428571428571,0.0,1.0,1.0,0.14285714285714285,0.0,0.0,0.0,0.0,0.4676291048526764,0.14285714285714285,1.0,0.0,1.0,1.0,1.0,1.0,1.0,,,1.0,1.0,0.8571428571428571,11.0,[]
sci-8c97efc18a60,rar_science,agentic-goldonly,8.0,,,,,,,,,,,,,,,,lint,,,,,,,,,,,,,,,,,,,,,,,,,,"{'item_count_7_20': {'name': 'item_count_7_20', 'applicable': True, 'passed': True, 'reason': ''}}",0.75,0.0,1.0,1.0,0.25,0.0,0.0,1.0,1.0,0.8799515962600708,0.25,0.875,0.0,1.0,0.875,1.0,1.0,1.0,,,1.0,1.0,0.875,12.0,"[{'pitfall_index': 4, 'positive_index': 7, 'similarity': 0.8799515962600708}]"
sci-8c97efc18a60,rar_science,agentic-negonly,11.0,,,,,,,,,,,,,,,,lint,,,,,,,,,,,,,,,,,,,,,,,,,,"{'item_count_7_20': {'name': 'item_count_7_20', 'applicable': True, 'passed': True, 'reason': ''}}",0.8181818181818182,0.0,1.0,1.0,0.18181818181818182,0.0,0.0,0.0,0.0,0.4611191749572754,0.18181818181818182,0.7272727272727273,0.0,1.0,0.9090909090909091,1.0,1.0,1.0,,,1.0,1.0,0.9090909090909091,20.0,[]
sci-96d4e5af66b6,rar_science,shipped,8.0,,,,,,,,,,,,,,,,lint,,,,,,,,,,,,,,,,,,,,,,,,,,"{'item_count_7_20': {'name': 'item_count_7_20', 'applicable': True, 'passed': True, 'reason': ''}}",1.0,1.0,1.0,1.0,0.125,0.0,0.0,0.0,0.0,0.20873454213142395,0.125,0.75,0.0,1.0,1.0,1.0,1.0,1.0,,,1.0,1.0,1.0,16.0,[]
sci-96d4e5af66b6,rar_science,baseline,13.0,,,,,,,,,,,,,,,,lint,,,,,,,,,,,,,,,,,,,,,,,,,,"{'item_count_7_20': {'name': 'item_count_7_20', 'applicable': True, 'passed': True, 'reason': ''}}",1.0,1.0,1.0,0.0,0.23076923076923078,0.0,0.0,0.0,0.0,0.40521302819252014,0.23076923076923078,1.0,0.07692307692307693,1.0,1.0,1.0,1.0,1.0,,,1.0,1.0,1.0,33.0,[]
sci-96d4e5af66b6,rar_science,agentic,8.0,,,,,,,,,,,,,,,,lint,,,,,,,,,,,,,,,,,,,,,,,,,,"{'item_count_7_20': {'name': 'item_count_7_20', 'applicable': True, 'passed': True, 'reason': ''}}",1.0,1.0,1.0,1.0,0.125,0.0,0.0,0.0,0.0,0.3200303316116333,0.125,0.875,0.0,1.0,1.0,1.0,1.0,1.0,,,1.0,1.0,1.0,11.0,[]
sci-96d4e5af66b6,rar_science,agentic-goldonly,14.0,,,,,,,,,,,,,,,,lint,,,,,,,,,,,,,,,,,,,,,,,,,,"{'item_count_7_20': {'name': 'item_count_7_20', 'applicable': True, 'passed': True, 'reason': ''}}",1.0,1.0,1.0,1.0,0.14285714285714285,1.0,0.020833333333333332,0.0,0.0,0.42329978942871094,0.14285714285714285,0.9285714285714286,0.0,1.0,1.0,1.0,1.0,1.0,,,1.0,1.0,1.0,48.0,[]
sci-96d4e5af66b6,rar_science,agentic-negonly,16.0,,,,,,,,,,,,,,,,lint,,,,,,,,,,,,,,,,,,,,,,,,,,"{'item_count_7_20': {'name': 'item_count_7_20', 'applicable': True, 'passed': True, 'reason': ''}}",1.0,1.0,1.0,1.0,0.0625,0.0,0.0,0.0,0.0,0.4194580316543579,0.0625,0.9375,0.0,1.0,1.0,1.0,1.0,1.0,,,1.0,1.0,1.0,72.0,[]
sci-9dd57081a4e1,rar_science,shipped,8.0,,,,,,,,,,,,,,,,lint,,,,,,,,,,,,,,,,,,,,,,,,,,"{'item_count_7_20': {'name': 'item_count_7_20', 'applicable': True, 'passed': True, 'reason': ''}}",1.0,1.0,1.0,1.0,0.125,1.0,0.25,0.0,0.0,0.056698814034461975,0.125,0.625,0.0,1.0,1.0,1.0,1.0,1.0,,,1.0,1.0,1.0,16.0,[]
sci-9dd57081a4e1,rar_science,baseline,10.0,,,,,,,,,,,,,,,,lint,,,,,,,,,,,,,,,,,,,,,,,,,,"{'item_count_7_20': {'name': 'item_count_7_20', 'applicable': True, 'passed': True, 'reason': ''}}",1.0,1.0,1.0,1.0,0.1,1.0,0.08333333333333333,1.0,1.0,0.652565062046051,0.1,0.8,0.1,1.0,1.0,1.0,1.0,1.0,,,1.0,1.0,1.0,24.0,"[{'pitfall_index': 9, 'positive_index': 1, 'similarity': 0.652565062046051}]"
sci-9dd57081a4e1,rar_science,agentic,14.0,,,,,,,,,,,,,,,,lint,,,,,,,,,,,,,,,,,,,,,,,,,,"{'item_count_7_20': {'name': 'item_count_7_20', 'applicable': True, 'passed': True, 'reason': ''}}",1.0,1.0,1.0,1.0,0.07142857142857142,1.0,0.06818181818181818,0.0,0.0,0.35990816354751587,0.07142857142857142,0.7857142857142857,0.0,1.0,1.0,1.0,1.0,1.0,,,1.0,1.0,1.0,44.0,[]
sci-9dd57081a4e1,rar_science,agentic-goldonly,14.0,,,,,,,,,,,,,,,,lint,,,,,,,,,,,,,,,,,,,,,,,,,,"{'item_count_7_20': {'name': 'item_count_7_20', 'applicable': True, 'passed': True, 'reason': ''}}",1.0,1.0,1.0,1.0,0.07142857142857142,1.0,0.06382978723404255,0.0,0.0,0.33171987533569336,0.07142857142857142,0.9285714285714286,0.0,1.0,1.0,1.0,1.0,1.0,,,1.0,1.0,1.0,47.0,[]
sci-9dd57081a4e1,rar_science,agentic-negonly,14.0,,,,,,,,,,,,,,,,lint,,,,,,,,,,,,,,,,,,,,,,,,,,"{'item_count_7_20': {'name': 'item_count_7_20', 'applicable': True, 'passed': True, 'reason': ''}}",1.0,1.0,1.0,1.0,0.14285714285714285,1.0,0.13636363636363635,0.0,0.0,0.4593849182128906,0.14285714285714285,0.7142857142857143,0.0,1.0,1.0,1.0,1.0,1.0,,,1.0,1.0,1.0,44.0,[]
sci-b89c9561e59a,rar_science,shipped,8.0,,,,,,,,,,,,,,,,lint,,,,,,,,,,,,,,,,,,,,,,,,,,"{'item_count_7_20': {'name': 'item_count_7_20', 'applicable': True, 'passed': True, 'reason': ''}}",1.0,1.0,1.0,1.0,0.25,0.0,0.0,0.0,0.0,0.3320292830467224,0.25,0.875,0.0,1.0,1.0,1.0,1.0,1.0,,,1.0,1.0,1.0,12.0,[]
sci-b89c9561e59a,rar_science,baseline,11.0,,,,,,,,,,,,,,,,lint,,,,,,,,,,,,,,,,,,,,,,,,,,"{'item_count_7_20': {'name': 'item_count_7_20', 'applicable': True, 'passed': True, 'reason': ''}}",1.0,1.0,1.0,0.0,0.18181818181818182,0.0,0.0,0.0,0.0,0.3587172031402588,0.18181818181818182,1.0,0.0,1.0,1.0,1.0,1.0,1.0,,,1.0,1.0,1.0,26.0,[]
sci-b89c9561e59a,rar_science,agentic,6.0,,,,,,,,,,,,,,,,lint,,,,,,,,,,,,,,,,,,,,,,,,,,"{'item_count_7_20': {'name': 'item_count_7_20', 'applicable': True, 'passed': False, 'reason': '6 items'}}",0.5,0.0,0.0,1.0,0.3333333333333333,0.0,0.0,0.0,0.0,0.26924699544906616,0.3333333333333333,1.0,0.0,0.0,1.0,1.0,1.0,1.0,,,1.0,0.5,1.0,3.0,[]
sci-b89c9561e59a,rar_science,agentic-goldonly,15.0,,,,,,,,,,,,,,,,lint,,,,,,,,,,,,,,,,,,,,,,,,,,"{'item_count_7_20': {'name': 'item_count_7_20', 'applicable': True, 'passed': True, 'reason': ''}}",0.5333333333333333,0.0,1.0,1.0,0.13333333333333333,0.0,0.0,1.0,1.0,0.6061867475509644,0.13333333333333333,1.0,0.0,1.0,0.8,1.0,1.0,1.0,,,1.0,0.7333333333333333,1.0,51.0,"[{'pitfall_index': 12, 'positive_index': 6, 'similarity': 0.6061867475509644}]"
sci-b89c9561e59a,rar_science,agentic-negonly,15.0,,,,,,,,,,,,,,,,lint,,,,,,,,,,,,,,,,,,,,,,,,,,"{'item_count_7_20': {'name': 'item_count_7_20', 'applicable': True, 'passed': True, 'reason': ''}}",0.8666666666666667,0.0,1.0,1.0,0.13333333333333333,0.0,0.0,0.0,0.0,0.5226027369499207,0.13333333333333333,0.8666666666666667,0.0,1.0,1.0,1.0,1.0,1.0,,,1.0,0.8666666666666667,1.0,32.0,[]
sci-c482b1d1dd52,rar_science,shipped,7.0,,,,,,,,,,,,,,,,lint,,,,,,,,,,,,,,,,,,,,,,,,,,"{'item_count_7_20': {'name': 'item_count_7_20', 'applicable': True, 'passed': True, 'reason': ''}}",1.0,1.0,1.0,1.0,0.14285714285714285,0.0,0.0,0.0,0.0,0.4265698790550232,0.14285714285714285,0.8571428571428571,0.14285714285714285,1.0,1.0,1.0,1.0,1.0,,,1.0,1.0,1.0,11.0,[]
sci-c482b1d1dd52,rar_science,baseline,8.0,,,,,,,,,,,,,,,,lint,,,,,,,,,,,,,,,,,,,,,,,,,,"{'item_count_7_20': {'name': 'item_count_7_20', 'applicable': True, 'passed': True, 'reason': ''}}",0.875,0.0,1.0,1.0,0.25,0.0,0.0,0.0,0.0,0.5594108700752258,0.25,1.0,0.25,1.0,1.0,1.0,1.0,1.0,,,1.0,0.875,1.0,11.0,[]
sci-c482b1d1dd52,rar_science,agentic,8.0,,,,,,,,,,,,,,,,lint,,,,,,,,,,,,,,,,,,,,,,,,,,"{'item_count_7_20': {'name': 'item_count_7_20', 'applicable': True, 'passed': True, 'reason': ''}}",0.75,0.0,1.0,1.0,0.25,0.0,0.0,0.0,0.0,0.446674644947052,0.25,1.0,0.0,1.0,1.0,1.0,1.0,1.0,,,1.0,0.75,1.0,9.0,[]
sci-c482b1d1dd52,rar_science,agentic-goldonly,9.0,,,,,,,,,,,,,,,,lint,,,,,,,,,,,,,,,,,,,,,,,,,,"{'item_count_7_20': {'name': 'item_count_7_20', 'applicable': True, 'passed': True, 'reason': ''}}",0.8888888888888888,0.0,1.0,1.0,0.2222222222222222,0.0,0.0,0.0,0.0,0.3282342851161957,0.2222222222222222,1.0,0.0,1.0,1.0,1.0,1.0,1.0,,,1.0,0.8888888888888888,1.0,14.0,[]
sci-c482b1d1dd52,rar_science,agentic-negonly,11.0,,,,,,,,,,,,,,,,lint,,,,,,,,,,,,,,,,,,,,,,,,,,"{'item_count_7_20': {'name': 'item_count_7_20', 'applicable': True, 'passed': True, 'reason': ''}}",0.9090909090909091,0.0,1.0,1.0,0.0,0.0,0.0,0.0,0.0,0.0,0.0,0.6363636363636364,0.0,1.0,1.0,1.0,1.0,1.0,,,1.0,0.9090909090909091,1.0,38.0,[]
sci-cd724737b87b,rar_science,shipped,7.0,,,,,,,,,,,,,,,,lint,,,,,,,,,,,,,,,,,,,,,,,,,,"{'item_count_7_20': {'name': 'item_count_7_20', 'applicable': True, 'passed': True, 'reason': ''}}",1.0,1.0,1.0,1.0,0.14285714285714285,1.0,0.2727272727272727,0.0,0.0,0.3736249804496765,0.14285714285714285,0.7142857142857143,0.0,1.0,1.0,1.0,1.0,1.0,,,1.0,1.0,1.0,11.0,[]
sci-cd724737b87b,rar_science,baseline,11.0,,,,,,,,,,,,,,,,lint,,,,,,,,,,,,,,,,,,,,,,,,,,"{'item_count_7_20': {'name': 'item_count_7_20', 'applicable': True, 'passed': True, 'reason': ''}}",1.0,1.0,1.0,0.0,0.2727272727272727,0.0,0.0,1.0,1.0,0.6135642528533936,0.2727272727272727,1.0,0.09090909090909091,1.0,1.0,1.0,1.0,1.0,,,1.0,1.0,1.0,17.0,"[{'pitfall_index': 8, 'positive_index': 0, 'similarity': 0.6135642528533936}]"
sci-cd724737b87b,rar_science,agentic,11.0,,,,,,,,,,,,,,,,lint,,,,,,,,,,,,,,,,,,,,,,,,,,"{'item_count_7_20': {'name': 'item_count_7_20', 'applicable': True, 'passed': True, 'reason': ''}}",0.9090909090909091,0.0,1.0,1.0,0.18181818181818182,1.0,0.5,0.0,0.0,0.4221709370613098,0.18181818181818182,0.6363636363636364,0.0,1.0,0.9090909090909091,1.0,1.0,1.0,,,1.0,1.0,1.0,24.0,[]
sci-cd724737b87b,rar_science,agentic-goldonly,13.0,,,,,,,,,,,,,,,,lint,,,,,,,,,,,,,,,,,,,,,,,,,,"{'item_count_7_20': {'name': 'item_count_7_20', 'applicable': True, 'passed': True, 'reason': ''}}",1.0,1.0,1.0,1.0,0.23076923076923078,1.0,0.19047619047619047,0.0,0.0,0.3009360432624817,0.23076923076923078,0.8461538461538461,0.0,1.0,1.0,1.0,1.0,1.0,,,1.0,1.0,1.0,21.0,[]
sci-cd724737b87b,rar_science,agentic-negonly,15.0,,,,,,,,,,,,,,,,lint,,,,,,,,,,,,,,,,,,,,,,,,,,"{'item_count_7_20': {'name': 'item_count_7_20', 'applicable': True, 'passed': True, 'reason': ''}}",1.0,1.0,1.0,1.0,0.13333333333333333,0.0,0.0,0.0,0.0,0.3937584459781647,0.13333333333333333,1.0,0.0,1.0,1.0,1.0,1.0,1.0,,,1.0,1.0,1.0,40.0,[]
sci-ce709b73231a,rar_science,shipped,7.0,,,,,,,,,,,,,,,,lint,,,,,,,,,,,,,,,,,,,,,,,,,,"{'item_count_7_20': {'name': 'item_count_7_20', 'applicable': True, 'passed': True, 'reason': ''}}",1.0,1.0,1.0,1.0,0.14285714285714285,0.0,0.0,0.0,0.0,0.2634560465812683,0.14285714285714285,0.7142857142857143,0.0,1.0,1.0,1.0,1.0,1.0,,,1.0,1.0,1.0,12.0,[]
sci-ce709b73231a,rar_science,baseline,13.0,,,,,,,,,,,,,,,,lint,,,,,,,,,,,,,,,,,,,,,,,,,,"{'item_count_7_20': {'name': 'item_count_7_20', 'applicable': True, 'passed': True, 'reason': ''}}",1.0,1.0,1.0,0.0,0.23076923076923078,1.0,0.07142857142857142,0.0,0.0,0.42614611983299255,0.23076923076923078,0.9230769230769231,0.15384615384615385,1.0,1.0,1.0,1.0,1.0,,,1.0,1.0,1.0,28.0,[]
sci-ce709b73231a,rar_science,agentic,14.0,,,,,,,,,,,,,,,,lint,,,,,,,,,,,,,,,,,,,,,,,,,,"{'item_count_7_20': {'name': 'item_count_7_20', 'applicable': True, 'passed': True, 'reason': ''}}",1.0,1.0,1.0,1.0,0.21428571428571427,0.0,0.0,1.0,1.0,0.6456750631332397,0.21428571428571427,1.0,0.0,1.0,1.0,1.0,1.0,1.0,,,1.0,1.0,1.0,38.0,"[{'pitfall_index': 11, 'positive_index': 6, 'similarity': 0.6456750631332397}]"
sci-ce709b73231a,rar_science,agentic-goldonly,15.0,,,,,,,,,,,,,,,,lint,,,,,,,,,,,,,,,,,,,,,,,,,,"{'item_count_7_20': {'name': 'item_count_7_20', 'applicable': True, 'passed': True, 'reason': ''}}",1.0,1.0,1.0,1.0,0.26666666666666666,0.0,0.0,1.0,1.0,0.6689090728759766,0.26666666666666666,1.0,0.0,1.0,1.0,1.0,1.0,1.0,,,1.0,1.0,1.0,28.0,"[{'pitfall_index': 13, 'positive_index': 9, 'similarity': 0.6689090728759766}]"
sci-ce709b73231a,rar_science,agentic-negonly,15.0,,,,,,,,,,,,,,,,lint,,,,,,,,,,,,,,,,,,,,,,,,,,"{'item_count_7_20': {'name': 'item_count_7_20', 'applicable': True, 'passed': True, 'reason': ''}}",0.9333333333333333,0.0,1.0,1.0,0.13333333333333333,0.0,0.0,0.0,0.0,0.3874351382255554,0.13333333333333333,1.0,0.0,1.0,0.9333333333333333,1.0,1.0,1.0,,,1.0,1.0,1.0,44.0,[]
sci-d0020349f91f,rar_science,shipped,9.0,,,,,,,,,,,,,,,,lint,,,,,,,,,,,,,,,,,,,,,,,,,,"{'item_count_7_20': {'name': 'item_count_7_20', 'applicable': True, 'passed': True, 'reason': ''}}",0.8888888888888888,0.0,1.0,1.0,0.1111111111111111,1.0,0.14285714285714285,0.0,0.0,0.28978824615478516,0.1111111111111111,0.7777777777777778,0.1111111111111111,1.0,1.0,1.0,1.0,1.0,,,1.0,0.8888888888888888,1.0,21.0,[]
sci-d0020349f91f,rar_science,baseline,10.0,,,,,,,,,,,,,,,,lint,,,,,,,,,,,,,,,,,,,,,,,,,,"{'item_count_7_20': {'name': 'item_count_7_20', 'applicable': True, 'passed': True, 'reason': ''}}",0.9,0.0,1.0,1.0,0.2,1.0,0.10526315789473684,1.0,1.0,0.6139539480209351,0.2,0.9,0.1,1.0,0.9,1.0,1.0,1.0,,,1.0,1.0,1.0,19.0,"[{'pitfall_index': 7, 'positive_index': 3, 'similarity': 0.6139539480209351}]"
sci-d0020349f91f,rar_science,agentic,6.0,,,,,,,,,,,,,,,,lint,,,,,,,,,,,,,,,,,,,,,,,,,,"{'item_count_7_20': {'name': 'item_count_7_20', 'applicable': True, 'passed': False, 'reason': '6 items'}}",0.8333333333333334,0.0,0.0,1.0,0.3333333333333333,0.0,,0.0,0.0,0.2791314721107483,0.3333333333333333,0.6666666666666666,0.0,0.0,1.0,1.0,1.0,1.0,,,1.0,0.8333333333333334,1.0,0.0,[]
sci-d0020349f91f,rar_science,agentic-goldonly,6.0,,,,,,,,,,,,,,,,lint,,,,,,,,,,,,,,,,,,,,,,,,,,"{'item_count_7_20': {'name': 'item_count_7_20', 'applicable': True, 'passed': False, 'reason': '6 items'}}",1.0,0.0,0.0,1.0,0.6666666666666666,0.0,0.0,0.0,0.0,0.39786189794540405,0.6666666666666666,1.0,0.0,0.0,1.0,1.0,1.0,1.0,,,1.0,1.0,1.0,1.0,[]
sci-d0020349f91f,rar_science,agentic-negonly,15.0,,,,,,,,,,,,,,,,lint,,,,,,,,,,,,,,,,,,,,,,,,,,"{'item_count_7_20': {'name': 'item_count_7_20', 'applicable': True, 'passed': True, 'reason': ''}}",0.9333333333333333,0.0,1.0,1.0,0.0,1.0,0.04411764705882353,0.0,0.0,0.0,0.0,0.8666666666666667,0.0,1.0,0.9333333333333333,1.0,1.0,1.0,,,1.0,1.0,1.0,68.0,[]
sci-debd831207ba,rar_science,shipped,7.0,,,,,,,,,,,,,,,,lint,,,,,,,,,,,,,,,,,,,,,,,,,,"{'item_count_7_20': {'name': 'item_count_7_20', 'applicable': True, 'passed': True, 'reason': ''}}",1.0,1.0,1.0,1.0,0.14285714285714285,0.0,0.0,0.0,0.0,0.24605807662010193,0.14285714285714285,0.7142857142857143,0.14285714285714285,1.0,1.0,1.0,1.0,1.0,,,1.0,1.0,1.0,12.0,[]
sci-debd831207ba,rar_science,baseline,14.0,,,,,,,,,,,,,,,,lint,,,,,,,,,,,,,,,,,,,,,,,,,,"{'item_count_7_20': {'name': 'item_count_7_20', 'applicable': True, 'passed': True, 'reason': ''}}",1.0,1.0,1.0,0.0,0.21428571428571427,1.0,0.08333333333333333,0.0,0.0,0.39236676692962646,0.21428571428571427,0.9285714285714286,0.14285714285714285,1.0,1.0,1.0,1.0,1.0,,,1.0,1.0,1.0,36.0,[]
sci-debd831207ba,rar_science,agentic,6.0,,,,,,,,,,,,,,,,lint,,,,,,,,,,,,,,,,,,,,,,,,,,"{'item_count_7_20': {'name': 'item_count_7_20', 'applicable': True, 'passed': False, 'reason': '6 items'}}",0.8333333333333334,0.0,0.0,1.0,0.0,1.0,0.1111111111111111,0.0,0.0,0.0,0.0,0.6666666666666666,0.0,0.0,0.8333333333333334,1.0,1.0,1.0,,,1.0,1.0,1.0,9.0,[]
sci-debd831207ba,rar_science,agentic-goldonly,6.0,,,,,,,,,,,,,,,,lint,,,,,,,,,,,,,,,,,,,,,,,,,,"{'item_count_7_20': {'name': 'item_count_7_20', 'applicable': True, 'passed': False, 'reason': '6 items'}}",1.0,0.0,0.0,1.0,0.0,0.0,0.0,0.0,0.0,0.0,0.0,0.5,0.0,0.0,1.0,1.0,1.0,1.0,,,1.0,1.0,1.0,12.0,[]
sci-debd831207ba,rar_science,agentic-negonly,16.0,,,,,,,,,,,,,,,,lint,,,,,,,,,,,,,,,,,,,,,,,,,,"{'item_count_7_20': {'name': 'item_count_7_20', 'applicable': True, 'passed': True, 'reason': ''}}",0.9375,0.0,1.0,1.0,0.0625,0.0,0.0,0.0,0.0,0.3278660476207733,0.0625,1.0,0.0,1.0,0.9375,1.0,1.0,1.0,,,1.0,1.0,1.0,71.0,[]
sci-e86ea8cb138a,rar_science,shipped,7.0,,,,,,,,,,,,,,,,lint,,,,,,,,,,,,,,,,,,,,,,,,,,"{'item_count_7_20': {'name': 'item_count_7_20', 'applicable': True, 'passed': True, 'reason': ''}}",1.0,1.0,1.0,1.0,0.14285714285714285,0.0,0.0,0.0,0.0,0.22598770260810852,0.14285714285714285,0.8571428571428571,0.0,1.0,1.0,1.0,1.0,1.0,,,1.0,1.0,1.0,12.0,[]
sci-e86ea8cb138a,rar_science,baseline,12.0,,,,,,,,,,,,,,,,lint,,,,,,,,,,,,,,,,,,,,,,,,,,"{'item_count_7_20': {'name': 'item_count_7_20', 'applicable': True, 'passed': True, 'reason': ''}}",0.9166666666666666,0.0,1.0,0.0,0.25,0.0,0.0,0.0,0.0,0.29094254970550537,0.25,1.0,0.16666666666666666,1.0,1.0,1.0,1.0,1.0,,,1.0,0.9166666666666666,1.0,24.0,[]
sci-e86ea8cb138a,rar_science,agentic,6.0,,,,,,,,,,,,,,,,lint,,,,,,,,,,,,,,,,,,,,,,,,,,"{'item_count_7_20': {'name': 'item_count_7_20', 'applicable': True, 'passed': False, 'reason': '6 items'}}",0.8333333333333334,0.0,0.0,1.0,0.16666666666666666,0.0,0.0,0.0,0.0,0.2266499549150467,0.16666666666666666,0.8333333333333334,0.0,0.0,1.0,1.0,1.0,1.0,,,1.0,0.8333333333333334,1.0,8.0,[]
sci-e86ea8cb138a,rar_science,agentic-goldonly,6.0,,,,,,,,,,,,,,,,lint,,,,,,,,,,,,,,,,,,,,,,,,,,"{'item_count_7_20': {'name': 'item_count_7_20', 'applicable': True, 'passed': False, 'reason': '6 items'}}",0.8333333333333334,0.0,0.0,1.0,0.16666666666666666,0.0,0.0,0.0,0.0,0.23239700496196747,0.16666666666666666,1.0,0.0,0.0,1.0,1.0,1.0,1.0,,,1.0,0.8333333333333334,1.0,7.0,[]
sci-e86ea8cb138a,rar_science,agentic-negonly,14.0,,,,,,,,,,,,,,,,lint,,,,,,,,,,,,,,,,,,,,,,,,,,"{'item_count_7_20': {'name': 'item_count_7_20', 'applicable': True, 'passed': True, 'reason': ''}}",0.8571428571428571,0.0,1.0,1.0,0.14285714285714285,1.0,0.04878048780487805,0.0,0.0,0.49307432770729065,0.14285714285714285,0.8571428571428571,0.0,1.0,1.0,1.0,1.0,1.0,,,1.0,0.8571428571428571,1.0,41.0,[]
