uid,domain,rubric_source,n_items,n_subparts,subpart_kind,is_mcq,question_words,reference_words,items_per_subpart,weight_mass,weight_mass_per_criterion,paper_weight_mass,paper_weight_mass_per_criterion,n_subparts_scored,n_orphan_subparts,orphan_subpart_rate,mean_best_subpart_overlap,error,_family,n_criteria,n_question_anchors,generic_criterion_rate,generic_rate_permuted,specificity_lift,weight_mass_on_generic_raw,weight_mass_on_generic_paper,mean_anchors_per_criterion,weak_grounding_rate,recyclable_rate,mass_produced_title_rate,max_title_reuse,title_reuse_ge2_rate,subjective_rate,style_rate,subjective_or_style_rate,generic_and_subjective_rate,weight_mass_on_subjective,weight_mass_on_subjective_paper,mean_trigram_overlap_with_reference,criteria_with_ge50pct_trigram_overlap,criteria_with_ge30pct_trigram_overlap,mean_4gram_overlap_with_question,n_generic,n_criteria_scored,checks,compliance_rate,fully_compliant_rubric,item_count_ok,polarity_single_rate,negative_weight_rate,weight_order_violation_rate,weight_order_violation_pair_rate,pitfall_mirror_rate,n_pitfall_mirrors,max_pitfall_mirror_similarity,pitfall_fraction,weight_band_rate,unclassified_polarity_rate,check_item_count_7_20_rate,check_title_2_to_4_words_rate,check_description_single_sentence_rate,check_category_legal_rate,check_weight_in_range_rate,check_weight_matches_band_rate,check_pitfall_opener_rate,check_rar_keys_only_rate,check_no_verbatim_copy_rate,check_self_contained_rate,n_weight_order_pairs,pitfall_mirror_pairs
med-02a8056b1d15,rar_medicine,shipped,10.0,0.0,none,False,59.0,88.0,10.0,34.0,3.4,7.7,0.77,0.0,0.0,,,,adaptivity,,,,,,,,,,,,,,,,,,,,,,,,,,,,,,,,,,,,,,,,,,,,,,,,,,,
med-02a8056b1d15,rar_medicine,baseline,7.0,0.0,none,False,59.0,88.0,7.0,24.0,3.4285714285714284,5.3,0.7571428571428571,0.0,0.0,,,,adaptivity,,,,,,,,,,,,,,,,,,,,,,,,,,,,,,,,,,,,,,,,,,,,,,,,,,,
med-02a8056b1d15,rar_medicine,agentic,10.0,0.0,none,False,59.0,88.0,10.0,29.0,2.9,7.6,0.76,0.0,0.0,,,,adaptivity,,,,,,,,,,,,,,,,,,,,,,,,,,,,,,,,,,,,,,,,,,,,,,,,,,,
med-02a8056b1d15,rar_medicine,agentic-tools,11.0,0.0,none,False,59.0,88.0,11.0,33.0,3.0,8.299999999999999,0.7545454545454544,0.0,0.0,,,,adaptivity,,,,,,,,,,,,,,,,,,,,,,,,,,,,,,,,,,,,,,,,,,,,,,,,,,,
med-27bf6ad66800,rar_medicine,shipped,10.0,0.0,none,False,163.0,61.0,10.0,29.0,2.9,6.8,0.6799999999999999,0.0,0.0,,,,adaptivity,,,,,,,,,,,,,,,,,,,,,,,,,,,,,,,,,,,,,,,,,,,,,,,,,,,
med-27bf6ad66800,rar_medicine,baseline,10.0,0.0,none,False,163.0,61.0,10.0,30.0,3.0,7.0,0.7,0.0,0.0,,,,adaptivity,,,,,,,,,,,,,,,,,,,,,,,,,,,,,,,,,,,,,,,,,,,,,,,,,,,
med-27bf6ad66800,rar_medicine,agentic,12.0,0.0,none,False,163.0,61.0,12.0,36.0,3.0,8.299999999999999,0.6916666666666665,0.0,0.0,,,,adaptivity,,,,,,,,,,,,,,,,,,,,,,,,,,,,,,,,,,,,,,,,,,,,,,,,,,,
med-27bf6ad66800,rar_medicine,agentic-tools,9.0,0.0,none,False,163.0,61.0,9.0,29.0,3.2222222222222223,7.1,0.7888888888888889,0.0,0.0,,,,adaptivity,,,,,,,,,,,,,,,,,,,,,,,,,,,,,,,,,,,,,,,,,,,,,,,,,,,
med-3e58d5c52834,rar_medicine,shipped,10.0,0.0,none,False,15.0,139.0,10.0,29.0,2.9,6.8,0.6799999999999999,0.0,0.0,,,,adaptivity,,,,,,,,,,,,,,,,,,,,,,,,,,,,,,,,,,,,,,,,,,,,,,,,,,,
med-3e58d5c52834,rar_medicine,baseline,8.0,0.0,none,False,15.0,139.0,8.0,24.0,3.0,5.8,0.725,0.0,0.0,,,,adaptivity,,,,,,,,,,,,,,,,,,,,,,,,,,,,,,,,,,,,,,,,,,,,,,,,,,,
med-3e58d5c52834,rar_medicine,agentic,6.0,0.0,none,False,15.0,139.0,6.0,21.0,3.5,4.7,0.7833333333333333,0.0,0.0,,,,adaptivity,,,,,,,,,,,,,,,,,,,,,,,,,,,,,,,,,,,,,,,,,,,,,,,,,,,
med-3e58d5c52834,rar_medicine,agentic-tools,8.0,0.0,none,False,15.0,139.0,8.0,26.0,3.25,5.3999999999999995,0.6749999999999999,0.0,0.0,,,,adaptivity,,,,,,,,,,,,,,,,,,,,,,,,,,,,,,,,,,,,,,,,,,,,,,,,,,,
med-44131a7ca41d,rar_medicine,shipped,10.0,0.0,none,False,33.0,120.0,10.0,32.0,3.2,7.5,0.75,0.0,0.0,,,,adaptivity,,,,,,,,,,,,,,,,,,,,,,,,,,,,,,,,,,,,,,,,,,,,,,,,,,,
med-44131a7ca41d,rar_medicine,baseline,9.0,0.0,none,False,33.0,120.0,9.0,31.0,3.4444444444444446,7.2,0.8,0.0,0.0,,,,adaptivity,,,,,,,,,,,,,,,,,,,,,,,,,,,,,,,,,,,,,,,,,,,,,,,,,,,
med-44131a7ca41d,rar_medicine,agentic,15.0,0.0,none,False,33.0,120.0,15.0,42.0,2.8,9.4,0.6266666666666667,0.0,0.0,,,,adaptivity,,,,,,,,,,,,,,,,,,,,,,,,,,,,,,,,,,,,,,,,,,,,,,,,,,,
med-44131a7ca41d,rar_medicine,agentic-tools,15.0,0.0,none,False,33.0,120.0,15.0,52.0,3.466666666666667,12.4,0.8266666666666667,0.0,0.0,,,,adaptivity,,,,,,,,,,,,,,,,,,,,,,,,,,,,,,,,,,,,,,,,,,,,,,,,,,,
med-44c1b0452475,rar_medicine,shipped,9.0,0.0,none,False,28.0,64.0,9.0,28.0,3.111111111111111,6.3,0.7,0.0,0.0,,,,adaptivity,,,,,,,,,,,,,,,,,,,,,,,,,,,,,,,,,,,,,,,,,,,,,,,,,,,
med-44c1b0452475,rar_medicine,baseline,5.0,0.0,none,False,28.0,64.0,5.0,15.0,3.0,3.6,0.72,0.0,0.0,,,,adaptivity,,,,,,,,,,,,,,,,,,,,,,,,,,,,,,,,,,,,,,,,,,,,,,,,,,,
med-44c1b0452475,rar_medicine,agentic,7.0,0.0,none,False,28.0,64.0,7.0,23.0,3.2857142857142856,5.3,0.7571428571428571,0.0,0.0,,,,adaptivity,,,,,,,,,,,,,,,,,,,,,,,,,,,,,,,,,,,,,,,,,,,,,,,,,,,
med-44c1b0452475,rar_medicine,agentic-tools,5.0,0.0,none,False,28.0,64.0,5.0,13.0,2.6,4.2,0.8400000000000001,0.0,0.0,,,,adaptivity,,,,,,,,,,,,,,,,,,,,,,,,,,,,,,,,,,,,,,,,,,,,,,,,,,,
med-45b65c37ae12,rar_medicine,shipped,10.0,0.0,none,False,31.0,90.0,10.0,34.0,3.4,6.7,0.67,0.0,0.0,,,,adaptivity,,,,,,,,,,,,,,,,,,,,,,,,,,,,,,,,,,,,,,,,,,,,,,,,,,,
med-45b65c37ae12,rar_medicine,baseline,9.0,0.0,none,False,31.0,90.0,9.0,30.0,3.3333333333333335,6.8999999999999995,0.7666666666666666,0.0,0.0,,,,adaptivity,,,,,,,,,,,,,,,,,,,,,,,,,,,,,,,,,,,,,,,,,,,,,,,,,,,
med-45b65c37ae12,rar_medicine,agentic,10.0,0.0,none,False,31.0,90.0,10.0,32.0,3.2,6.3,0.63,0.0,0.0,,,,adaptivity,,,,,,,,,,,,,,,,,,,,,,,,,,,,,,,,,,,,,,,,,,,,,,,,,,,
med-45b65c37ae12,rar_medicine,agentic-tools,10.0,0.0,none,False,31.0,90.0,10.0,29.0,2.9,6.8999999999999995,0.69,0.0,0.0,,,,adaptivity,,,,,,,,,,,,,,,,,,,,,,,,,,,,,,,,,,,,,,,,,,,,,,,,,,,
med-53e3b6247ade,rar_medicine,shipped,10.0,0.0,none,False,62.0,133.0,10.0,28.0,2.8,6.3,0.63,0.0,0.0,,,,adaptivity,,,,,,,,,,,,,,,,,,,,,,,,,,,,,,,,,,,,,,,,,,,,,,,,,,,
med-53e3b6247ade,rar_medicine,baseline,9.0,0.0,none,False,62.0,133.0,9.0,26.0,2.888888888888889,6.2,0.6888888888888889,0.0,0.0,,,,adaptivity,,,,,,,,,,,,,,,,,,,,,,,,,,,,,,,,,,,,,,,,,,,,,,,,,,,
med-53e3b6247ade,rar_medicine,agentic,11.0,0.0,none,False,62.0,133.0,11.0,41.0,3.727272727272727,9.2,0.8363636363636363,0.0,0.0,,,,adaptivity,,,,,,,,,,,,,,,,,,,,,,,,,,,,,,,,,,,,,,,,,,,,,,,,,,,
med-53e3b6247ade,rar_medicine,agentic-tools,12.0,0.0,none,False,62.0,133.0,12.0,44.0,3.6666666666666665,9.6,0.7999999999999999,0.0,0.0,,,,adaptivity,,,,,,,,,,,,,,,,,,,,,,,,,,,,,,,,,,,,,,,,,,,,,,,,,,,
med-5a729ac36da6,rar_medicine,shipped,8.0,0.0,none,False,19.0,51.0,8.0,24.0,3.0,5.5,0.6875,0.0,0.0,,,,adaptivity,,,,,,,,,,,,,,,,,,,,,,,,,,,,,,,,,,,,,,,,,,,,,,,,,,,
med-5a729ac36da6,rar_medicine,baseline,10.0,0.0,none,False,19.0,51.0,10.0,36.0,3.6,8.5,0.85,0.0,0.0,,,,adaptivity,,,,,,,,,,,,,,,,,,,,,,,,,,,,,,,,,,,,,,,,,,,,,,,,,,,
med-5a729ac36da6,rar_medicine,agentic,6.0,0.0,none,False,19.0,51.0,6.0,22.0,3.6666666666666665,5.0,0.8333333333333334,0.0,0.0,,,,adaptivity,,,,,,,,,,,,,,,,,,,,,,,,,,,,,,,,,,,,,,,,,,,,,,,,,,,
med-5a729ac36da6,rar_medicine,agentic-tools,9.0,0.0,none,False,19.0,51.0,9.0,20.0,2.2222222222222223,6.0,0.6666666666666666,0.0,0.0,,,,adaptivity,,,,,,,,,,,,,,,,,,,,,,,,,,,,,,,,,,,,,,,,,,,,,,,,,,,
med-5c4c1ea586d0,rar_medicine,shipped,10.0,0.0,none,False,25.0,83.0,10.0,27.0,2.7,6.5,0.65,0.0,0.0,,,,adaptivity,,,,,,,,,,,,,,,,,,,,,,,,,,,,,,,,,,,,,,,,,,,,,,,,,,,
med-5c4c1ea586d0,rar_medicine,baseline,9.0,0.0,none,False,25.0,83.0,9.0,27.0,3.0,7.2,0.8,0.0,0.0,,,,adaptivity,,,,,,,,,,,,,,,,,,,,,,,,,,,,,,,,,,,,,,,,,,,,,,,,,,,
med-5c4c1ea586d0,rar_medicine,agentic,10.0,0.0,none,False,25.0,83.0,10.0,32.0,3.2,7.3,0.73,0.0,0.0,,,,adaptivity,,,,,,,,,,,,,,,,,,,,,,,,,,,,,,,,,,,,,,,,,,,,,,,,,,,
med-5c4c1ea586d0,rar_medicine,agentic-tools,11.0,0.0,none,False,25.0,83.0,11.0,39.0,3.5454545454545454,8.2,0.7454545454545454,0.0,0.0,,,,adaptivity,,,,,,,,,,,,,,,,,,,,,,,,,,,,,,,,,,,,,,,,,,,,,,,,,,,
med-6c38d46aa8e9,rar_medicine,shipped,11.0,0.0,none,False,20.0,158.0,11.0,33.0,3.0,7.2,0.6545454545454545,0.0,0.0,,,,adaptivity,,,,,,,,,,,,,,,,,,,,,,,,,,,,,,,,,,,,,,,,,,,,,,,,,,,
med-6c38d46aa8e9,rar_medicine,baseline,10.0,0.0,none,False,20.0,158.0,10.0,35.0,3.5,8.2,0.82,0.0,0.0,,,,adaptivity,,,,,,,,,,,,,,,,,,,,,,,,,,,,,,,,,,,,,,,,,,,,,,,,,,,
med-6c38d46aa8e9,rar_medicine,agentic,12.0,0.0,none,False,20.0,158.0,12.0,37.0,3.0833333333333335,8.9,0.7416666666666667,0.0,0.0,,,,adaptivity,,,,,,,,,,,,,,,,,,,,,,,,,,,,,,,,,,,,,,,,,,,,,,,,,,,
med-6c38d46aa8e9,rar_medicine,agentic-tools,11.0,0.0,none,False,20.0,158.0,11.0,30.0,2.727272727272727,7.4,0.6727272727272727,0.0,0.0,,,,adaptivity,,,,,,,,,,,,,,,,,,,,,,,,,,,,,,,,,,,,,,,,,,,,,,,,,,,
med-75b39d0ce8c6,rar_medicine,shipped,10.0,0.0,none,False,27.0,64.0,10.0,26.0,2.6,6.4,0.64,0.0,0.0,,,,adaptivity,,,,,,,,,,,,,,,,,,,,,,,,,,,,,,,,,,,,,,,,,,,,,,,,,,,
med-75b39d0ce8c6,rar_medicine,baseline,7.0,0.0,none,False,27.0,64.0,7.0,19.0,2.7142857142857144,4.8,0.6857142857142857,0.0,0.0,,,,adaptivity,,,,,,,,,,,,,,,,,,,,,,,,,,,,,,,,,,,,,,,,,,,,,,,,,,,
med-75b39d0ce8c6,rar_medicine,agentic,11.0,0.0,none,False,27.0,64.0,11.0,35.0,3.1818181818181817,7.6,0.6909090909090909,0.0,0.0,,,,adaptivity,,,,,,,,,,,,,,,,,,,,,,,,,,,,,,,,,,,,,,,,,,,,,,,,,,,
med-75b39d0ce8c6,rar_medicine,agentic-tools,11.0,0.0,none,False,27.0,64.0,11.0,31.0,2.8181818181818183,7.5,0.6818181818181818,0.0,0.0,,,,adaptivity,,,,,,,,,,,,,,,,,,,,,,,,,,,,,,,,,,,,,,,,,,,,,,,,,,,
med-769d6769c7d8,rar_medicine,shipped,12.0,0.0,none,False,41.0,129.0,12.0,36.0,3.0,8.5,0.7083333333333334,0.0,0.0,,,,adaptivity,,,,,,,,,,,,,,,,,,,,,,,,,,,,,,,,,,,,,,,,,,,,,,,,,,,
med-769d6769c7d8,rar_medicine,baseline,8.0,0.0,none,False,41.0,129.0,8.0,29.0,3.625,6.6,0.825,0.0,0.0,,,,adaptivity,,,,,,,,,,,,,,,,,,,,,,,,,,,,,,,,,,,,,,,,,,,,,,,,,,,
med-769d6769c7d8,rar_medicine,agentic,15.0,0.0,none,False,41.0,129.0,15.0,59.0,3.933333333333333,13.2,0.88,0.0,0.0,,,,adaptivity,,,,,,,,,,,,,,,,,,,,,,,,,,,,,,,,,,,,,,,,,,,,,,,,,,,
med-769d6769c7d8,rar_medicine,agentic-tools,15.0,0.0,none,False,41.0,129.0,15.0,49.0,3.2666666666666666,11.7,0.7799999999999999,0.0,0.0,,,,adaptivity,,,,,,,,,,,,,,,,,,,,,,,,,,,,,,,,,,,,,,,,,,,,,,,,,,,
med-8227a3f56ff4,rar_medicine,shipped,10.0,0.0,none,False,48.0,70.0,10.0,33.0,3.3,7.5,0.75,0.0,0.0,,,,adaptivity,,,,,,,,,,,,,,,,,,,,,,,,,,,,,,,,,,,,,,,,,,,,,,,,,,,
med-8227a3f56ff4,rar_medicine,baseline,8.0,0.0,none,False,48.0,70.0,8.0,25.0,3.125,6.2,0.775,0.0,0.0,,,,adaptivity,,,,,,,,,,,,,,,,,,,,,,,,,,,,,,,,,,,,,,,,,,,,,,,,,,,
med-8227a3f56ff4,rar_medicine,agentic,9.0,0.0,none,False,48.0,70.0,9.0,28.0,3.111111111111111,6.6,0.7333333333333333,0.0,0.0,,,,adaptivity,,,,,,,,,,,,,,,,,,,,,,,,,,,,,,,,,,,,,,,,,,,,,,,,,,,
med-8227a3f56ff4,rar_medicine,agentic-tools,6.0,0.0,none,False,48.0,70.0,6.0,21.0,3.5,4.3,0.7166666666666667,0.0,0.0,,,,adaptivity,,,,,,,,,,,,,,,,,,,,,,,,,,,,,,,,,,,,,,,,,,,,,,,,,,,
med-82b936c85c28,rar_medicine,shipped,8.0,0.0,none,False,14.0,118.0,8.0,24.0,3.0,5.2,0.65,0.0,0.0,,,,adaptivity,,,,,,,,,,,,,,,,,,,,,,,,,,,,,,,,,,,,,,,,,,,,,,,,,,,
med-82b936c85c28,rar_medicine,baseline,9.0,0.0,none,False,14.0,118.0,9.0,30.0,3.3333333333333335,6.8999999999999995,0.7666666666666666,0.0,0.0,,,,adaptivity,,,,,,,,,,,,,,,,,,,,,,,,,,,,,,,,,,,,,,,,,,,,,,,,,,,
med-82b936c85c28,rar_medicine,agentic,12.0,0.0,none,False,14.0,118.0,12.0,35.0,2.9166666666666665,8.8,0.7333333333333334,0.0,0.0,,,,adaptivity,,,,,,,,,,,,,,,,,,,,,,,,,,,,,,,,,,,,,,,,,,,,,,,,,,,
med-82b936c85c28,rar_medicine,agentic-tools,10.0,0.0,none,False,14.0,118.0,10.0,33.0,3.3,7.6,0.76,0.0,0.0,,,,adaptivity,,,,,,,,,,,,,,,,,,,,,,,,,,,,,,,,,,,,,,,,,,,,,,,,,,,
med-91ae4098e221,rar_medicine,shipped,10.0,0.0,none,False,26.0,63.0,10.0,26.0,2.6,5.8999999999999995,0.59,0.0,0.0,,,,adaptivity,,,,,,,,,,,,,,,,,,,,,,,,,,,,,,,,,,,,,,,,,,,,,,,,,,,
med-91ae4098e221,rar_medicine,baseline,9.0,0.0,none,False,26.0,63.0,9.0,27.0,3.0,6.5,0.7222222222222222,0.0,0.0,,,,adaptivity,,,,,,,,,,,,,,,,,,,,,,,,,,,,,,,,,,,,,,,,,,,,,,,,,,,
med-91ae4098e221,rar_medicine,agentic,7.0,0.0,none,False,26.0,63.0,7.0,25.0,3.5714285714285716,5.3999999999999995,0.7714285714285714,0.0,0.0,,,,adaptivity,,,,,,,,,,,,,,,,,,,,,,,,,,,,,,,,,,,,,,,,,,,,,,,,,,,
med-91ae4098e221,rar_medicine,agentic-tools,9.0,0.0,none,False,26.0,63.0,9.0,26.0,2.888888888888889,6.2,0.6888888888888889,0.0,0.0,,,,adaptivity,,,,,,,,,,,,,,,,,,,,,,,,,,,,,,,,,,,,,,,,,,,,,,,,,,,
med-931e7fb4de55,rar_medicine,shipped,10.0,0.0,none,False,47.0,92.0,10.0,32.0,3.2,7.5,0.75,0.0,0.0,,,,adaptivity,,,,,,,,,,,,,,,,,,,,,,,,,,,,,,,,,,,,,,,,,,,,,,,,,,,
med-931e7fb4de55,rar_medicine,baseline,7.0,0.0,none,False,47.0,92.0,7.0,25.0,3.5714285714285716,6.2,0.8857142857142858,0.0,0.0,,,,adaptivity,,,,,,,,,,,,,,,,,,,,,,,,,,,,,,,,,,,,,,,,,,,,,,,,,,,
med-931e7fb4de55,rar_medicine,agentic,10.0,0.0,none,False,47.0,92.0,10.0,32.0,3.2,7.2,0.72,0.0,0.0,,,,adaptivity,,,,,,,,,,,,,,,,,,,,,,,,,,,,,,,,,,,,,,,,,,,,,,,,,,,
med-931e7fb4de55,rar_medicine,agentic-tools,8.0,0.0,none,False,47.0,92.0,8.0,22.0,2.75,5.8999999999999995,0.7374999999999999,0.0,0.0,,,,adaptivity,,,,,,,,,,,,,,,,,,,,,,,,,,,,,,,,,,,,,,,,,,,,,,,,,,,
med-960f0934dd5d,rar_medicine,shipped,9.0,0.0,none,False,12.0,60.0,9.0,25.0,2.7777777777777777,5.6,0.6222222222222222,0.0,0.0,,,,adaptivity,,,,,,,,,,,,,,,,,,,,,,,,,,,,,,,,,,,,,,,,,,,,,,,,,,,
med-960f0934dd5d,rar_medicine,baseline,6.0,0.0,none,False,12.0,60.0,6.0,16.0,2.6666666666666665,4.5,0.75,0.0,0.0,,,,adaptivity,,,,,,,,,,,,,,,,,,,,,,,,,,,,,,,,,,,,,,,,,,,,,,,,,,,
med-960f0934dd5d,rar_medicine,agentic,7.0,0.0,none,False,12.0,60.0,7.0,21.0,3.0,4.9,0.7000000000000001,0.0,0.0,,,,adaptivity,,,,,,,,,,,,,,,,,,,,,,,,,,,,,,,,,,,,,,,,,,,,,,,,,,,
med-960f0934dd5d,rar_medicine,agentic-tools,6.0,0.0,none,False,12.0,60.0,6.0,18.0,3.0,4.3,0.7166666666666667,0.0,0.0,,,,adaptivity,,,,,,,,,,,,,,,,,,,,,,,,,,,,,,,,,,,,,,,,,,,,,,,,,,,
med-a5b48b2e083f,rar_medicine,shipped,9.0,0.0,none,False,54.0,69.0,9.0,27.0,3.0,5.8999999999999995,0.6555555555555554,0.0,0.0,,,,adaptivity,,,,,,,,,,,,,,,,,,,,,,,,,,,,,,,,,,,,,,,,,,,,,,,,,,,
med-a5b48b2e083f,rar_medicine,baseline,7.0,0.0,none,False,54.0,69.0,7.0,20.0,2.857142857142857,5.2,0.7428571428571429,0.0,0.0,,,,adaptivity,,,,,,,,,,,,,,,,,,,,,,,,,,,,,,,,,,,,,,,,,,,,,,,,,,,
med-a5b48b2e083f,rar_medicine,agentic,11.0,0.0,none,False,54.0,69.0,11.0,27.0,2.4545454545454546,6.3999999999999995,0.5818181818181818,0.0,0.0,,,,adaptivity,,,,,,,,,,,,,,,,,,,,,,,,,,,,,,,,,,,,,,,,,,,,,,,,,,,
med-a5b48b2e083f,rar_medicine,agentic-tools,7.0,0.0,none,False,54.0,69.0,7.0,21.0,3.0,4.6,0.6571428571428571,0.0,0.0,,,,adaptivity,,,,,,,,,,,,,,,,,,,,,,,,,,,,,,,,,,,,,,,,,,,,,,,,,,,
med-ac6f5e1f72e2,rar_medicine,shipped,10.0,0.0,none,False,54.0,62.0,10.0,31.0,3.1,7.0,0.7,0.0,0.0,,,,adaptivity,,,,,,,,,,,,,,,,,,,,,,,,,,,,,,,,,,,,,,,,,,,,,,,,,,,
med-ac6f5e1f72e2,rar_medicine,baseline,9.0,0.0,none,False,54.0,62.0,9.0,28.0,3.111111111111111,6.8999999999999995,0.7666666666666666,0.0,0.0,,,,adaptivity,,,,,,,,,,,,,,,,,,,,,,,,,,,,,,,,,,,,,,,,,,,,,,,,,,,
med-ac6f5e1f72e2,rar_medicine,agentic,10.0,0.0,none,False,54.0,62.0,10.0,27.0,2.7,7.3,0.73,0.0,0.0,,,,adaptivity,,,,,,,,,,,,,,,,,,,,,,,,,,,,,,,,,,,,,,,,,,,,,,,,,,,
med-ac6f5e1f72e2,rar_medicine,agentic-tools,10.0,0.0,none,False,54.0,62.0,10.0,27.0,2.7,6.8999999999999995,0.69,0.0,0.0,,,,adaptivity,,,,,,,,,,,,,,,,,,,,,,,,,,,,,,,,,,,,,,,,,,,,,,,,,,,
med-b2be91e4d044,rar_medicine,shipped,11.0,0.0,none,False,26.0,274.0,11.0,34.0,3.090909090909091,7.8,0.7090909090909091,0.0,0.0,,,,adaptivity,,,,,,,,,,,,,,,,,,,,,,,,,,,,,,,,,,,,,,,,,,,,,,,,,,,
med-b2be91e4d044,rar_medicine,baseline,12.0,0.0,none,False,26.0,274.0,12.0,43.0,3.5833333333333335,9.8,0.8166666666666668,0.0,0.0,,,,adaptivity,,,,,,,,,,,,,,,,,,,,,,,,,,,,,,,,,,,,,,,,,,,,,,,,,,,
med-b2be91e4d044,rar_medicine,agentic,16.0,0.0,none,False,26.0,274.0,16.0,55.0,3.4375,13.0,0.8125,0.0,0.0,,,,adaptivity,,,,,,,,,,,,,,,,,,,,,,,,,,,,,,,,,,,,,,,,,,,,,,,,,,,
med-b2be91e4d044,rar_medicine,agentic-tools,13.0,0.0,none,False,26.0,274.0,13.0,39.0,3.0,8.4,0.6461538461538462,0.0,0.0,,,,adaptivity,,,,,,,,,,,,,,,,,,,,,,,,,,,,,,,,,,,,,,,,,,,,,,,,,,,
med-ba0b7452f8cd,rar_medicine,shipped,8.0,0.0,none,False,12.0,72.0,8.0,24.0,3.0,4.8999999999999995,0.6124999999999999,0.0,0.0,,,,adaptivity,,,,,,,,,,,,,,,,,,,,,,,,,,,,,,,,,,,,,,,,,,,,,,,,,,,
med-ba0b7452f8cd,rar_medicine,baseline,8.0,0.0,none,False,12.0,72.0,8.0,26.0,3.25,5.6,0.7,0.0,0.0,,,,adaptivity,,,,,,,,,,,,,,,,,,,,,,,,,,,,,,,,,,,,,,,,,,,,,,,,,,,
med-ba0b7452f8cd,rar_medicine,agentic,13.0,0.0,none,False,12.0,72.0,13.0,36.0,2.769230769230769,9.9,0.7615384615384616,0.0,0.0,,,,adaptivity,,,,,,,,,,,,,,,,,,,,,,,,,,,,,,,,,,,,,,,,,,,,,,,,,,,
med-ba0b7452f8cd,rar_medicine,agentic-tools,13.0,0.0,none,False,12.0,72.0,13.0,31.0,2.3846153846153846,8.3,0.6384615384615385,0.0,0.0,,,,adaptivity,,,,,,,,,,,,,,,,,,,,,,,,,,,,,,,,,,,,,,,,,,,,,,,,,,,
med-bbb832a8fec2,rar_medicine,shipped,11.0,0.0,none,False,32.0,109.0,11.0,35.0,3.1818181818181817,7.6,0.6909090909090909,0.0,0.0,,,,adaptivity,,,,,,,,,,,,,,,,,,,,,,,,,,,,,,,,,,,,,,,,,,,,,,,,,,,
med-bbb832a8fec2,rar_medicine,baseline,8.0,0.0,none,False,32.0,109.0,8.0,30.0,3.75,6.6,0.825,0.0,0.0,,,,adaptivity,,,,,,,,,,,,,,,,,,,,,,,,,,,,,,,,,,,,,,,,,,,,,,,,,,,
med-bbb832a8fec2,rar_medicine,agentic,11.0,0.0,none,False,32.0,109.0,11.0,36.0,3.272727272727273,9.6,0.8727272727272727,0.0,0.0,,,,adaptivity,,,,,,,,,,,,,,,,,,,,,,,,,,,,,,,,,,,,,,,,,,,,,,,,,,,
med-bbb832a8fec2,rar_medicine,agentic-tools,11.0,0.0,none,False,32.0,109.0,11.0,32.0,2.909090909090909,8.8,0.8,0.0,0.0,,,,adaptivity,,,,,,,,,,,,,,,,,,,,,,,,,,,,,,,,,,,,,,,,,,,,,,,,,,,
med-bf99d4ee36f1,rar_medicine,shipped,11.0,0.0,none,False,52.0,106.0,11.0,31.0,2.8181818181818183,7.1,0.6454545454545454,0.0,0.0,,,,adaptivity,,,,,,,,,,,,,,,,,,,,,,,,,,,,,,,,,,,,,,,,,,,,,,,,,,,
med-bf99d4ee36f1,rar_medicine,baseline,8.0,0.0,none,False,52.0,106.0,8.0,26.0,3.25,6.2,0.775,0.0,0.0,,,,adaptivity,,,,,,,,,,,,,,,,,,,,,,,,,,,,,,,,,,,,,,,,,,,,,,,,,,,
med-bf99d4ee36f1,rar_medicine,agentic,14.0,0.0,none,False,52.0,106.0,14.0,42.0,3.0,10.4,0.7428571428571429,0.0,0.0,,,,adaptivity,,,,,,,,,,,,,,,,,,,,,,,,,,,,,,,,,,,,,,,,,,,,,,,,,,,
med-bf99d4ee36f1,rar_medicine,agentic-tools,14.0,0.0,none,False,52.0,106.0,14.0,38.0,2.7142857142857144,10.5,0.75,0.0,0.0,,,,adaptivity,,,,,,,,,,,,,,,,,,,,,,,,,,,,,,,,,,,,,,,,,,,,,,,,,,,
med-c8812f74fcb4,rar_medicine,shipped,10.0,0.0,none,False,49.0,86.0,10.0,28.0,2.8,6.8,0.6799999999999999,0.0,0.0,,,,adaptivity,,,,,,,,,,,,,,,,,,,,,,,,,,,,,,,,,,,,,,,,,,,,,,,,,,,
med-c8812f74fcb4,rar_medicine,baseline,8.0,0.0,none,False,49.0,86.0,8.0,23.0,2.875,5.8,0.725,0.0,0.0,,,,adaptivity,,,,,,,,,,,,,,,,,,,,,,,,,,,,,,,,,,,,,,,,,,,,,,,,,,,
med-c8812f74fcb4,rar_medicine,agentic,15.0,0.0,none,False,49.0,86.0,15.0,47.0,3.1333333333333333,10.799999999999999,0.72,0.0,0.0,,,,adaptivity,,,,,,,,,,,,,,,,,,,,,,,,,,,,,,,,,,,,,,,,,,,,,,,,,,,
med-c8812f74fcb4,rar_medicine,agentic-tools,15.0,0.0,none,False,49.0,86.0,15.0,42.0,2.8,11.0,0.7333333333333333,0.0,0.0,,,,adaptivity,,,,,,,,,,,,,,,,,,,,,,,,,,,,,,,,,,,,,,,,,,,,,,,,,,,
med-c98a2c1d81b2,rar_medicine,shipped,11.0,0.0,none,False,34.0,85.0,11.0,33.0,3.0,6.8999999999999995,0.6272727272727272,0.0,0.0,,,,adaptivity,,,,,,,,,,,,,,,,,,,,,,,,,,,,,,,,,,,,,,,,,,,,,,,,,,,
med-c98a2c1d81b2,rar_medicine,baseline,8.0,0.0,none,False,34.0,85.0,8.0,27.0,3.375,6.2,0.775,0.0,0.0,,,,adaptivity,,,,,,,,,,,,,,,,,,,,,,,,,,,,,,,,,,,,,,,,,,,,,,,,,,,
med-c98a2c1d81b2,rar_medicine,agentic,11.0,0.0,none,False,34.0,85.0,11.0,34.0,3.090909090909091,8.7,0.7909090909090909,0.0,0.0,,,,adaptivity,,,,,,,,,,,,,,,,,,,,,,,,,,,,,,,,,,,,,,,,,,,,,,,,,,,
med-c98a2c1d81b2,rar_medicine,agentic-tools,10.0,0.0,none,False,34.0,85.0,10.0,29.0,2.9,6.5,0.65,0.0,0.0,,,,adaptivity,,,,,,,,,,,,,,,,,,,,,,,,,,,,,,,,,,,,,,,,,,,,,,,,,,,
med-d9d6d0e87ecb,rar_medicine,shipped,9.0,0.0,none,False,41.0,103.0,9.0,25.0,2.7777777777777777,5.8999999999999995,0.6555555555555554,0.0,0.0,,,,adaptivity,,,,,,,,,,,,,,,,,,,,,,,,,,,,,,,,,,,,,,,,,,,,,,,,,,,
med-d9d6d0e87ecb,rar_medicine,baseline,6.0,0.0,none,False,41.0,103.0,6.0,22.0,3.6666666666666665,4.6,0.7666666666666666,0.0,0.0,,,,adaptivity,,,,,,,,,,,,,,,,,,,,,,,,,,,,,,,,,,,,,,,,,,,,,,,,,,,
med-d9d6d0e87ecb,rar_medicine,agentic,9.0,0.0,none,False,41.0,103.0,9.0,25.0,2.7777777777777777,6.8999999999999995,0.7666666666666666,0.0,0.0,,,,adaptivity,,,,,,,,,,,,,,,,,,,,,,,,,,,,,,,,,,,,,,,,,,,,,,,,,,,
med-d9d6d0e87ecb,rar_medicine,agentic-tools,11.0,0.0,none,False,41.0,103.0,11.0,27.0,2.4545454545454546,7.2,0.6545454545454545,0.0,0.0,,,,adaptivity,,,,,,,,,,,,,,,,,,,,,,,,,,,,,,,,,,,,,,,,,,,,,,,,,,,
med-dc7957448669,rar_medicine,shipped,9.0,0.0,none,False,29.0,91.0,9.0,28.0,3.111111111111111,6.3,0.7,0.0,0.0,,,,adaptivity,,,,,,,,,,,,,,,,,,,,,,,,,,,,,,,,,,,,,,,,,,,,,,,,,,,
med-dc7957448669,rar_medicine,baseline,8.0,0.0,none,False,29.0,91.0,8.0,25.0,3.125,6.6,0.825,0.0,0.0,,,,adaptivity,,,,,,,,,,,,,,,,,,,,,,,,,,,,,,,,,,,,,,,,,,,,,,,,,,,
med-dc7957448669,rar_medicine,agentic,7.0,0.0,none,False,29.0,91.0,7.0,25.0,3.5714285714285716,5.199999999999999,0.7428571428571428,0.0,0.0,,,,adaptivity,,,,,,,,,,,,,,,,,,,,,,,,,,,,,,,,,,,,,,,,,,,,,,,,,,,
med-dc7957448669,rar_medicine,agentic-tools,12.0,0.0,none,False,29.0,91.0,12.0,35.0,2.9166666666666665,7.699999999999999,0.6416666666666666,0.0,0.0,,,,adaptivity,,,,,,,,,,,,,,,,,,,,,,,,,,,,,,,,,,,,,,,,,,,,,,,,,,,
med-e6c4ba1af357,rar_medicine,shipped,8.0,0.0,none,False,31.0,83.0,8.0,28.0,3.5,6.0,0.75,0.0,0.0,,,,adaptivity,,,,,,,,,,,,,,,,,,,,,,,,,,,,,,,,,,,,,,,,,,,,,,,,,,,
med-e6c4ba1af357,rar_medicine,baseline,8.0,0.0,none,False,31.0,83.0,8.0,22.0,2.75,5.6,0.7,0.0,0.0,,,,adaptivity,,,,,,,,,,,,,,,,,,,,,,,,,,,,,,,,,,,,,,,,,,,,,,,,,,,
med-e6c4ba1af357,rar_medicine,agentic,10.0,0.0,none,False,31.0,83.0,10.0,30.0,3.0,6.8999999999999995,0.69,0.0,0.0,,,,adaptivity,,,,,,,,,,,,,,,,,,,,,,,,,,,,,,,,,,,,,,,,,,,,,,,,,,,
med-e6c4ba1af357,rar_medicine,agentic-tools,6.0,0.0,none,False,31.0,83.0,6.0,20.0,3.3333333333333335,4.3,0.7166666666666667,0.0,0.0,,,,adaptivity,,,,,,,,,,,,,,,,,,,,,,,,,,,,,,,,,,,,,,,,,,,,,,,,,,,
med-e9a2fe585dc6,rar_medicine,shipped,10.0,0.0,none,False,25.0,154.0,10.0,28.0,2.8,6.8,0.6799999999999999,0.0,0.0,,,,adaptivity,,,,,,,,,,,,,,,,,,,,,,,,,,,,,,,,,,,,,,,,,,,,,,,,,,,
med-e9a2fe585dc6,rar_medicine,baseline,7.0,0.0,none,False,25.0,154.0,7.0,26.0,3.7142857142857144,5.7,0.8142857142857143,0.0,0.0,,,,adaptivity,,,,,,,,,,,,,,,,,,,,,,,,,,,,,,,,,,,,,,,,,,,,,,,,,,,
med-e9a2fe585dc6,rar_medicine,agentic,13.0,0.0,none,False,25.0,154.0,13.0,29.0,2.230769230769231,8.9,0.6846153846153846,0.0,0.0,,,,adaptivity,,,,,,,,,,,,,,,,,,,,,,,,,,,,,,,,,,,,,,,,,,,,,,,,,,,
med-e9a2fe585dc6,rar_medicine,agentic-tools,11.0,0.0,none,False,25.0,154.0,11.0,29.0,2.6363636363636362,7.2,0.6545454545454545,0.0,0.0,,,,adaptivity,,,,,,,,,,,,,,,,,,,,,,,,,,,,,,,,,,,,,,,,,,,,,,,,,,,
med-f1727cd9627c,rar_medicine,shipped,10.0,0.0,none,False,29.0,82.0,10.0,26.0,2.6,6.5,0.65,0.0,0.0,,,,adaptivity,,,,,,,,,,,,,,,,,,,,,,,,,,,,,,,,,,,,,,,,,,,,,,,,,,,
med-f1727cd9627c,rar_medicine,baseline,8.0,0.0,none,False,29.0,82.0,8.0,24.0,3.0,5.8999999999999995,0.7374999999999999,0.0,0.0,,,,adaptivity,,,,,,,,,,,,,,,,,,,,,,,,,,,,,,,,,,,,,,,,,,,,,,,,,,,
med-f1727cd9627c,rar_medicine,agentic,9.0,0.0,none,False,29.0,82.0,9.0,29.0,3.2222222222222223,7.0,0.7777777777777778,0.0,0.0,,,,adaptivity,,,,,,,,,,,,,,,,,,,,,,,,,,,,,,,,,,,,,,,,,,,,,,,,,,,
med-f1727cd9627c,rar_medicine,agentic-tools,8.0,0.0,none,False,29.0,82.0,8.0,25.0,3.125,5.8999999999999995,0.7374999999999999,0.0,0.0,,,,adaptivity,,,,,,,,,,,,,,,,,,,,,,,,,,,,,,,,,,,,,,,,,,,,,,,,,,,
med-fff27f593ee9,rar_medicine,shipped,13.0,0.0,none,False,34.0,262.0,13.0,42.0,3.230769230769231,9.299999999999999,0.7153846153846153,0.0,0.0,,,,adaptivity,,,,,,,,,,,,,,,,,,,,,,,,,,,,,,,,,,,,,,,,,,,,,,,,,,,
med-fff27f593ee9,rar_medicine,baseline,9.0,0.0,none,False,34.0,262.0,9.0,30.0,3.3333333333333335,6.8999999999999995,0.7666666666666666,0.0,0.0,,,,adaptivity,,,,,,,,,,,,,,,,,,,,,,,,,,,,,,,,,,,,,,,,,,,,,,,,,,,
med-fff27f593ee9,rar_medicine,agentic,13.0,0.0,none,False,34.0,262.0,13.0,32.0,2.4615384615384617,7.5,0.5769230769230769,0.0,0.0,,,,adaptivity,,,,,,,,,,,,,,,,,,,,,,,,,,,,,,,,,,,,,,,,,,,,,,,,,,,
med-fff27f593ee9,rar_medicine,agentic-tools,12.0,0.0,none,False,34.0,262.0,12.0,35.0,2.9166666666666665,8.2,0.6833333333333332,0.0,0.0,,,,adaptivity,,,,,,,,,,,,,,,,,,,,,,,,,,,,,,,,,,,,,,,,,,,,,,,,,,,
med-197191f4a201,rar_medicine,shipped,8.0,0.0,none,False,33.0,67.0,8.0,21.0,2.625,4.8999999999999995,0.6124999999999999,0.0,0.0,,,,adaptivity,,,,,,,,,,,,,,,,,,,,,,,,,,,,,,,,,,,,,,,,,,,,,,,,,,,
med-197191f4a201,rar_medicine,baseline,7.0,0.0,none,False,33.0,67.0,7.0,20.0,2.857142857142857,5.2,0.7428571428571429,0.0,0.0,,,,adaptivity,,,,,,,,,,,,,,,,,,,,,,,,,,,,,,,,,,,,,,,,,,,,,,,,,,,
med-197191f4a201,rar_medicine,agentic,6.0,0.0,none,False,33.0,67.0,6.0,20.0,3.3333333333333335,4.6,0.7666666666666666,0.0,0.0,,,,adaptivity,,,,,,,,,,,,,,,,,,,,,,,,,,,,,,,,,,,,,,,,,,,,,,,,,,,
med-197191f4a201,rar_medicine,agentic-tools,5.0,0.0,none,False,33.0,67.0,5.0,16.0,3.2,4.2,0.8400000000000001,0.0,0.0,,,,adaptivity,,,,,,,,,,,,,,,,,,,,,,,,,,,,,,,,,,,,,,,,,,,,,,,,,,,
med-22cfe7cfc240,rar_medicine,shipped,10.0,0.0,none,False,29.0,79.0,10.0,31.0,3.1,7.5,0.75,0.0,0.0,,,,adaptivity,,,,,,,,,,,,,,,,,,,,,,,,,,,,,,,,,,,,,,,,,,,,,,,,,,,
med-22cfe7cfc240,rar_medicine,baseline,9.0,0.0,none,False,29.0,79.0,9.0,25.0,2.7777777777777777,6.7,0.7444444444444445,0.0,0.0,,,,adaptivity,,,,,,,,,,,,,,,,,,,,,,,,,,,,,,,,,,,,,,,,,,,,,,,,,,,
med-22cfe7cfc240,rar_medicine,agentic,8.0,0.0,none,False,29.0,79.0,8.0,29.0,3.625,6.9,0.8625,0.0,0.0,,,,adaptivity,,,,,,,,,,,,,,,,,,,,,,,,,,,,,,,,,,,,,,,,,,,,,,,,,,,
med-22cfe7cfc240,rar_medicine,agentic-tools,13.0,0.0,none,False,29.0,79.0,13.0,37.0,2.8461538461538463,8.1,0.6230769230769231,0.0,0.0,,,,adaptivity,,,,,,,,,,,,,,,,,,,,,,,,,,,,,,,,,,,,,,,,,,,,,,,,,,,
med-243ec32e8cc8,rar_medicine,shipped,9.0,0.0,none,False,30.0,93.0,9.0,27.0,3.0,6.5,0.7222222222222222,0.0,0.0,,,,adaptivity,,,,,,,,,,,,,,,,,,,,,,,,,,,,,,,,,,,,,,,,,,,,,,,,,,,
med-243ec32e8cc8,rar_medicine,baseline,7.0,0.0,none,False,30.0,93.0,7.0,22.0,3.142857142857143,5.5,0.7857142857142857,0.0,0.0,,,,adaptivity,,,,,,,,,,,,,,,,,,,,,,,,,,,,,,,,,,,,,,,,,,,,,,,,,,,
med-243ec32e8cc8,rar_medicine,agentic,9.0,0.0,none,False,30.0,93.0,9.0,28.0,3.111111111111111,6.5,0.7222222222222222,0.0,0.0,,,,adaptivity,,,,,,,,,,,,,,,,,,,,,,,,,,,,,,,,,,,,,,,,,,,,,,,,,,,
med-243ec32e8cc8,rar_medicine,agentic-tools,10.0,0.0,none,False,30.0,93.0,10.0,35.0,3.5,8.0,0.8,0.0,0.0,,,,adaptivity,,,,,,,,,,,,,,,,,,,,,,,,,,,,,,,,,,,,,,,,,,,,,,,,,,,
med-28da216cd16f,rar_medicine,shipped,10.0,0.0,none,False,72.0,130.0,10.0,35.0,3.5,7.3,0.73,0.0,0.0,,,,adaptivity,,,,,,,,,,,,,,,,,,,,,,,,,,,,,,,,,,,,,,,,,,,,,,,,,,,
med-28da216cd16f,rar_medicine,baseline,11.0,0.0,none,False,72.0,130.0,11.0,39.0,3.5454545454545454,9.2,0.8363636363636363,0.0,0.0,,,,adaptivity,,,,,,,,,,,,,,,,,,,,,,,,,,,,,,,,,,,,,,,,,,,,,,,,,,,
med-28da216cd16f,rar_medicine,agentic,13.0,0.0,none,False,72.0,130.0,13.0,33.0,2.5384615384615383,9.7,0.7461538461538461,0.0,0.0,,,,adaptivity,,,,,,,,,,,,,,,,,,,,,,,,,,,,,,,,,,,,,,,,,,,,,,,,,,,
med-28da216cd16f,rar_medicine,agentic-tools,13.0,0.0,none,False,72.0,130.0,13.0,35.0,2.6923076923076925,9.1,0.7,0.0,0.0,,,,adaptivity,,,,,,,,,,,,,,,,,,,,,,,,,,,,,,,,,,,,,,,,,,,,,,,,,,,
med-2b6e00e2fa33,rar_medicine,shipped,10.0,0.0,none,False,39.0,100.0,10.0,32.0,3.2,6.6,0.6599999999999999,0.0,0.0,,,,adaptivity,,,,,,,,,,,,,,,,,,,,,,,,,,,,,,,,,,,,,,,,,,,,,,,,,,,
med-2b6e00e2fa33,rar_medicine,baseline,8.0,0.0,none,False,39.0,100.0,8.0,28.0,3.5,6.5,0.8125,0.0,0.0,,,,adaptivity,,,,,,,,,,,,,,,,,,,,,,,,,,,,,,,,,,,,,,,,,,,,,,,,,,,
med-2b6e00e2fa33,rar_medicine,agentic,11.0,0.0,none,False,39.0,100.0,11.0,41.0,3.727272727272727,9.2,0.8363636363636363,0.0,0.0,,,,adaptivity,,,,,,,,,,,,,,,,,,,,,,,,,,,,,,,,,,,,,,,,,,,,,,,,,,,
med-2b6e00e2fa33,rar_medicine,agentic-tools,6.0,0.0,none,False,39.0,100.0,6.0,22.0,3.6666666666666665,5.0,0.8333333333333334,0.0,0.0,,,,adaptivity,,,,,,,,,,,,,,,,,,,,,,,,,,,,,,,,,,,,,,,,,,,,,,,,,,,
med-310a19614101,rar_medicine,shipped,10.0,0.0,none,False,25.0,207.0,10.0,28.0,2.8,6.8,0.6799999999999999,0.0,0.0,,,,adaptivity,,,,,,,,,,,,,,,,,,,,,,,,,,,,,,,,,,,,,,,,,,,,,,,,,,,
med-310a19614101,rar_medicine,baseline,10.0,0.0,none,False,25.0,207.0,10.0,32.0,3.2,7.5,0.75,0.0,0.0,,,,adaptivity,,,,,,,,,,,,,,,,,,,,,,,,,,,,,,,,,,,,,,,,,,,,,,,,,,,
med-310a19614101,rar_medicine,agentic,13.0,0.0,none,False,25.0,207.0,13.0,39.0,3.0,10.5,0.8076923076923077,0.0,0.0,,,,adaptivity,,,,,,,,,,,,,,,,,,,,,,,,,,,,,,,,,,,,,,,,,,,,,,,,,,,
med-310a19614101,rar_medicine,agentic-tools,12.0,0.0,none,False,25.0,207.0,12.0,33.0,2.75,8.7,0.725,0.0,0.0,,,,adaptivity,,,,,,,,,,,,,,,,,,,,,,,,,,,,,,,,,,,,,,,,,,,,,,,,,,,
med-339d1a40dbd7,rar_medicine,shipped,9.0,0.0,none,False,25.0,79.0,9.0,25.0,2.7777777777777777,5.6,0.6222222222222222,0.0,0.0,,,,adaptivity,,,,,,,,,,,,,,,,,,,,,,,,,,,,,,,,,,,,,,,,,,,,,,,,,,,
med-339d1a40dbd7,rar_medicine,baseline,8.0,0.0,none,False,25.0,79.0,8.0,27.0,3.375,6.6,0.825,0.0,0.0,,,,adaptivity,,,,,,,,,,,,,,,,,,,,,,,,,,,,,,,,,,,,,,,,,,,,,,,,,,,
med-339d1a40dbd7,rar_medicine,agentic,12.0,0.0,none,False,25.0,79.0,12.0,34.0,2.8333333333333335,7.8999999999999995,0.6583333333333333,0.0,0.0,,,,adaptivity,,,,,,,,,,,,,,,,,,,,,,,,,,,,,,,,,,,,,,,,,,,,,,,,,,,
med-339d1a40dbd7,rar_medicine,agentic-tools,9.0,0.0,none,False,25.0,79.0,9.0,29.0,3.2222222222222223,6.8999999999999995,0.7666666666666666,0.0,0.0,,,,adaptivity,,,,,,,,,,,,,,,,,,,,,,,,,,,,,,,,,,,,,,,,,,,,,,,,,,,
med-346fbc60b4f9,rar_medicine,shipped,10.0,0.0,none,False,25.0,110.0,10.0,32.0,3.2,7.0,0.7,0.0,0.0,,,,adaptivity,,,,,,,,,,,,,,,,,,,,,,,,,,,,,,,,,,,,,,,,,,,,,,,,,,,
med-346fbc60b4f9,rar_medicine,baseline,8.0,0.0,none,False,25.0,110.0,8.0,26.0,3.25,6.0,0.75,0.0,0.0,,,,adaptivity,,,,,,,,,,,,,,,,,,,,,,,,,,,,,,,,,,,,,,,,,,,,,,,,,,,
med-346fbc60b4f9,rar_medicine,agentic,11.0,0.0,none,False,25.0,110.0,11.0,35.0,3.1818181818181817,7.5,0.6818181818181818,0.0,0.0,,,,adaptivity,,,,,,,,,,,,,,,,,,,,,,,,,,,,,,,,,,,,,,,,,,,,,,,,,,,
med-346fbc60b4f9,rar_medicine,agentic-tools,10.0,0.0,none,False,25.0,110.0,10.0,31.0,3.1,6.8999999999999995,0.69,0.0,0.0,,,,adaptivity,,,,,,,,,,,,,,,,,,,,,,,,,,,,,,,,,,,,,,,,,,,,,,,,,,,
med-39fe6d9a022e,rar_medicine,shipped,10.0,0.0,none,False,40.0,81.0,10.0,29.0,2.9,6.2,0.62,0.0,0.0,,,,adaptivity,,,,,,,,,,,,,,,,,,,,,,,,,,,,,,,,,,,,,,,,,,,,,,,,,,,
med-39fe6d9a022e,rar_medicine,baseline,8.0,0.0,none,False,40.0,81.0,8.0,24.0,3.0,5.8999999999999995,0.7374999999999999,0.0,0.0,,,,adaptivity,,,,,,,,,,,,,,,,,,,,,,,,,,,,,,,,,,,,,,,,,,,,,,,,,,,
med-39fe6d9a022e,rar_medicine,agentic,12.0,0.0,none,False,40.0,81.0,12.0,35.0,2.9166666666666665,8.5,0.7083333333333334,0.0,0.0,,,,adaptivity,,,,,,,,,,,,,,,,,,,,,,,,,,,,,,,,,,,,,,,,,,,,,,,,,,,
med-39fe6d9a022e,rar_medicine,agentic-tools,7.0,0.0,none,False,40.0,81.0,7.0,20.0,2.857142857142857,4.8,0.6857142857142857,0.0,0.0,,,,adaptivity,,,,,,,,,,,,,,,,,,,,,,,,,,,,,,,,,,,,,,,,,,,,,,,,,,,
med-3a854c06e788,rar_medicine,shipped,8.0,0.0,none,False,28.0,56.0,8.0,21.0,2.625,5.1,0.6375,0.0,0.0,,,,adaptivity,,,,,,,,,,,,,,,,,,,,,,,,,,,,,,,,,,,,,,,,,,,,,,,,,,,
med-3a854c06e788,rar_medicine,baseline,8.0,0.0,none,False,28.0,56.0,8.0,22.0,2.75,5.5,0.6875,0.0,0.0,,,,adaptivity,,,,,,,,,,,,,,,,,,,,,,,,,,,,,,,,,,,,,,,,,,,,,,,,,,,
med-3a854c06e788,rar_medicine,agentic,6.0,0.0,none,False,28.0,56.0,6.0,18.0,3.0,4.3,0.7166666666666667,0.0,0.0,,,,adaptivity,,,,,,,,,,,,,,,,,,,,,,,,,,,,,,,,,,,,,,,,,,,,,,,,,,,
med-3a854c06e788,rar_medicine,agentic-tools,5.0,0.0,none,False,28.0,56.0,5.0,16.0,3.2,3.6,0.72,0.0,0.0,,,,adaptivity,,,,,,,,,,,,,,,,,,,,,,,,,,,,,,,,,,,,,,,,,,,,,,,,,,,
med-43e518d3d57e,rar_medicine,shipped,8.0,0.0,none,False,23.0,40.0,8.0,22.0,2.75,5.5,0.6875,0.0,0.0,,,,adaptivity,,,,,,,,,,,,,,,,,,,,,,,,,,,,,,,,,,,,,,,,,,,,,,,,,,,
med-43e518d3d57e,rar_medicine,baseline,8.0,0.0,none,False,23.0,40.0,8.0,25.0,3.125,6.2,0.775,0.0,0.0,,,,adaptivity,,,,,,,,,,,,,,,,,,,,,,,,,,,,,,,,,,,,,,,,,,,,,,,,,,,
med-43e518d3d57e,rar_medicine,agentic,11.0,0.0,none,False,23.0,40.0,11.0,34.0,3.090909090909091,7.5,0.6818181818181818,0.0,0.0,,,,adaptivity,,,,,,,,,,,,,,,,,,,,,,,,,,,,,,,,,,,,,,,,,,,,,,,,,,,
med-43e518d3d57e,rar_medicine,agentic-tools,6.0,0.0,none,False,23.0,40.0,6.0,19.0,3.1666666666666665,4.6,0.7666666666666666,0.0,0.0,,,,adaptivity,,,,,,,,,,,,,,,,,,,,,,,,,,,,,,,,,,,,,,,,,,,,,,,,,,,
med-48491d33ec3d,rar_medicine,shipped,10.0,0.0,none,False,57.0,63.0,10.0,29.0,2.9,6.3,0.63,0.0,0.0,,,,adaptivity,,,,,,,,,,,,,,,,,,,,,,,,,,,,,,,,,,,,,,,,,,,,,,,,,,,
med-48491d33ec3d,rar_medicine,baseline,7.0,0.0,none,False,57.0,63.0,7.0,20.0,2.857142857142857,4.6,0.6571428571428571,0.0,0.0,,,,adaptivity,,,,,,,,,,,,,,,,,,,,,,,,,,,,,,,,,,,,,,,,,,,,,,,,,,,
med-48491d33ec3d,rar_medicine,agentic,10.0,0.0,none,False,57.0,63.0,10.0,31.0,3.1,6.5,0.65,0.0,0.0,,,,adaptivity,,,,,,,,,,,,,,,,,,,,,,,,,,,,,,,,,,,,,,,,,,,,,,,,,,,
med-48491d33ec3d,rar_medicine,agentic-tools,7.0,0.0,none,False,57.0,63.0,7.0,20.0,2.857142857142857,5.2,0.7428571428571429,0.0,0.0,,,,adaptivity,,,,,,,,,,,,,,,,,,,,,,,,,,,,,,,,,,,,,,,,,,,,,,,,,,,
med-51d19faca215,rar_medicine,shipped,10.0,0.0,none,False,30.0,91.0,10.0,27.0,2.7,5.8999999999999995,0.59,0.0,0.0,,,,adaptivity,,,,,,,,,,,,,,,,,,,,,,,,,,,,,,,,,,,,,,,,,,,,,,,,,,,
med-51d19faca215,rar_medicine,baseline,8.0,0.0,none,False,30.0,91.0,8.0,26.0,3.25,6.3,0.7875,0.0,0.0,,,,adaptivity,,,,,,,,,,,,,,,,,,,,,,,,,,,,,,,,,,,,,,,,,,,,,,,,,,,
med-51d19faca215,rar_medicine,agentic,9.0,0.0,none,False,30.0,91.0,9.0,25.0,2.7777777777777777,6.6,0.7333333333333333,0.0,0.0,,,,adaptivity,,,,,,,,,,,,,,,,,,,,,,,,,,,,,,,,,,,,,,,,,,,,,,,,,,,
med-51d19faca215,rar_medicine,agentic-tools,6.0,0.0,none,False,30.0,91.0,6.0,21.0,3.5,4.1,0.6833333333333332,0.0,0.0,,,,adaptivity,,,,,,,,,,,,,,,,,,,,,,,,,,,,,,,,,,,,,,,,,,,,,,,,,,,
med-533a7b79571a,rar_medicine,shipped,12.0,0.0,none,False,30.0,88.0,12.0,36.0,3.0,8.8,0.7333333333333334,0.0,0.0,,,,adaptivity,,,,,,,,,,,,,,,,,,,,,,,,,,,,,,,,,,,,,,,,,,,,,,,,,,,
med-533a7b79571a,rar_medicine,baseline,9.0,0.0,none,False,30.0,88.0,9.0,31.0,3.4444444444444446,6.8,0.7555555555555555,0.0,0.0,,,,adaptivity,,,,,,,,,,,,,,,,,,,,,,,,,,,,,,,,,,,,,,,,,,,,,,,,,,,
med-533a7b79571a,rar_medicine,agentic,12.0,0.0,none,False,30.0,88.0,12.0,37.0,3.0833333333333335,8.8,0.7333333333333334,0.0,0.0,,,,adaptivity,,,,,,,,,,,,,,,,,,,,,,,,,,,,,,,,,,,,,,,,,,,,,,,,,,,
med-533a7b79571a,rar_medicine,agentic-tools,12.0,0.0,none,False,30.0,88.0,12.0,36.0,3.0,7.6,0.6333333333333333,0.0,0.0,,,,adaptivity,,,,,,,,,,,,,,,,,,,,,,,,,,,,,,,,,,,,,,,,,,,,,,,,,,,
med-64de5a90cbca,rar_medicine,shipped,10.0,0.0,none,False,12.0,237.0,10.0,30.0,3.0,7.2,0.72,0.0,0.0,,,,adaptivity,,,,,,,,,,,,,,,,,,,,,,,,,,,,,,,,,,,,,,,,,,,,,,,,,,,
med-64de5a90cbca,rar_medicine,baseline,10.0,0.0,none,False,12.0,237.0,10.0,34.0,3.4,8.8,0.8800000000000001,0.0,0.0,,,,adaptivity,,,,,,,,,,,,,,,,,,,,,,,,,,,,,,,,,,,,,,,,,,,,,,,,,,,
med-64de5a90cbca,rar_medicine,agentic,15.0,0.0,none,False,12.0,237.0,15.0,49.0,3.2666666666666666,12.5,0.8333333333333334,0.0,0.0,,,,adaptivity,,,,,,,,,,,,,,,,,,,,,,,,,,,,,,,,,,,,,,,,,,,,,,,,,,,
med-64de5a90cbca,rar_medicine,agentic-tools,14.0,0.0,none,False,12.0,237.0,14.0,39.0,2.7857142857142856,8.799999999999999,0.6285714285714284,0.0,0.0,,,,adaptivity,,,,,,,,,,,,,,,,,,,,,,,,,,,,,,,,,,,,,,,,,,,,,,,,,,,
med-70fca288ce5a,rar_medicine,shipped,8.0,0.0,none,False,105.0,53.0,8.0,28.0,3.5,5.9,0.7375,0.0,0.0,,,,adaptivity,,,,,,,,,,,,,,,,,,,,,,,,,,,,,,,,,,,,,,,,,,,,,,,,,,,
med-70fca288ce5a,rar_medicine,baseline,11.0,0.0,none,False,105.0,53.0,11.0,35.0,3.1818181818181817,8.8,0.8,0.0,0.0,,,,adaptivity,,,,,,,,,,,,,,,,,,,,,,,,,,,,,,,,,,,,,,,,,,,,,,,,,,,
med-70fca288ce5a,rar_medicine,agentic,8.0,0.0,none,False,105.0,53.0,8.0,22.0,2.75,5.8999999999999995,0.7374999999999999,0.0,0.0,,,,adaptivity,,,,,,,,,,,,,,,,,,,,,,,,,,,,,,,,,,,,,,,,,,,,,,,,,,,
med-70fca288ce5a,rar_medicine,agentic-tools,12.0,0.0,none,False,105.0,53.0,12.0,28.0,2.3333333333333335,7.7,0.6416666666666667,0.0,0.0,,,,adaptivity,,,,,,,,,,,,,,,,,,,,,,,,,,,,,,,,,,,,,,,,,,,,,,,,,,,
med-8087bfa21ada,rar_medicine,shipped,9.0,0.0,none,False,26.0,49.0,9.0,32.0,3.5555555555555554,6.9,0.7666666666666667,0.0,0.0,,,,adaptivity,,,,,,,,,,,,,,,,,,,,,,,,,,,,,,,,,,,,,,,,,,,,,,,,,,,
med-8087bfa21ada,rar_medicine,baseline,8.0,0.0,none,False,26.0,49.0,8.0,26.0,3.25,6.2,0.775,0.0,0.0,,,,adaptivity,,,,,,,,,,,,,,,,,,,,,,,,,,,,,,,,,,,,,,,,,,,,,,,,,,,
med-8087bfa21ada,rar_medicine,agentic,15.0,0.0,none,False,26.0,49.0,15.0,45.0,3.0,12.5,0.8333333333333334,0.0,0.0,,,,adaptivity,,,,,,,,,,,,,,,,,,,,,,,,,,,,,,,,,,,,,,,,,,,,,,,,,,,
med-8087bfa21ada,rar_medicine,agentic-tools,6.0,0.0,none,False,26.0,49.0,6.0,21.0,3.5,5.3,0.8833333333333333,0.0,0.0,,,,adaptivity,,,,,,,,,,,,,,,,,,,,,,,,,,,,,,,,,,,,,,,,,,,,,,,,,,,
med-9eeced93c38b,rar_medicine,shipped,10.0,0.0,none,False,44.0,39.0,10.0,34.0,3.4,7.3,0.73,0.0,0.0,,,,adaptivity,,,,,,,,,,,,,,,,,,,,,,,,,,,,,,,,,,,,,,,,,,,,,,,,,,,
med-9eeced93c38b,rar_medicine,baseline,7.0,0.0,none,False,44.0,39.0,7.0,23.0,3.2857142857142856,5.5,0.7857142857142857,0.0,0.0,,,,adaptivity,,,,,,,,,,,,,,,,,,,,,,,,,,,,,,,,,,,,,,,,,,,,,,,,,,,
med-9eeced93c38b,rar_medicine,agentic,8.0,0.0,none,False,44.0,39.0,8.0,28.0,3.5,6.9,0.8625,0.0,0.0,,,,adaptivity,,,,,,,,,,,,,,,,,,,,,,,,,,,,,,,,,,,,,,,,,,,,,,,,,,,
med-9eeced93c38b,rar_medicine,agentic-tools,6.0,0.0,none,False,44.0,39.0,6.0,24.0,4.0,4.7,0.7833333333333333,0.0,0.0,,,,adaptivity,,,,,,,,,,,,,,,,,,,,,,,,,,,,,,,,,,,,,,,,,,,,,,,,,,,
med-a05b680eb6c1,rar_medicine,shipped,10.0,0.0,none,False,47.0,155.0,10.0,27.0,2.7,6.5,0.65,0.0,0.0,,,,adaptivity,,,,,,,,,,,,,,,,,,,,,,,,,,,,,,,,,,,,,,,,,,,,,,,,,,,
med-a05b680eb6c1,rar_medicine,baseline,9.0,0.0,none,False,47.0,155.0,9.0,29.0,3.2222222222222223,5.8999999999999995,0.6555555555555554,0.0,0.0,,,,adaptivity,,,,,,,,,,,,,,,,,,,,,,,,,,,,,,,,,,,,,,,,,,,,,,,,,,,
med-a05b680eb6c1,rar_medicine,agentic,15.0,0.0,none,False,47.0,155.0,15.0,36.0,2.4,11.0,0.7333333333333333,0.0,0.0,,,,adaptivity,,,,,,,,,,,,,,,,,,,,,,,,,,,,,,,,,,,,,,,,,,,,,,,,,,,
med-a05b680eb6c1,rar_medicine,agentic-tools,16.0,0.0,none,False,47.0,155.0,16.0,45.0,2.8125,11.799999999999999,0.7374999999999999,0.0,0.0,,,,adaptivity,,,,,,,,,,,,,,,,,,,,,,,,,,,,,,,,,,,,,,,,,,,,,,,,,,,
med-b21da7abe861,rar_medicine,shipped,10.0,0.0,none,False,45.0,144.0,10.0,30.0,3.0,6.6,0.6599999999999999,0.0,0.0,,,,adaptivity,,,,,,,,,,,,,,,,,,,,,,,,,,,,,,,,,,,,,,,,,,,,,,,,,,,
med-b21da7abe861,rar_medicine,baseline,8.0,0.0,none,False,45.0,144.0,8.0,27.0,3.375,6.2,0.775,0.0,0.0,,,,adaptivity,,,,,,,,,,,,,,,,,,,,,,,,,,,,,,,,,,,,,,,,,,,,,,,,,,,
med-b21da7abe861,rar_medicine,agentic,11.0,0.0,none,False,45.0,144.0,11.0,33.0,3.0,7.6,0.6909090909090909,0.0,0.0,,,,adaptivity,,,,,,,,,,,,,,,,,,,,,,,,,,,,,,,,,,,,,,,,,,,,,,,,,,,
med-b21da7abe861,rar_medicine,agentic-tools,10.0,0.0,none,False,45.0,144.0,10.0,34.0,3.4,7.0,0.7,0.0,0.0,,,,adaptivity,,,,,,,,,,,,,,,,,,,,,,,,,,,,,,,,,,,,,,,,,,,,,,,,,,,
med-b78dbf37f022,rar_medicine,shipped,7.0,0.0,none,False,25.0,67.0,7.0,21.0,3.0,4.6,0.6571428571428571,0.0,0.0,,,,adaptivity,,,,,,,,,,,,,,,,,,,,,,,,,,,,,,,,,,,,,,,,,,,,,,,,,,,
med-b78dbf37f022,rar_medicine,baseline,6.0,0.0,none,False,25.0,67.0,6.0,21.0,3.5,4.6,0.7666666666666666,0.0,0.0,,,,adaptivity,,,,,,,,,,,,,,,,,,,,,,,,,,,,,,,,,,,,,,,,,,,,,,,,,,,
med-b78dbf37f022,rar_medicine,agentic,14.0,0.0,none,False,25.0,67.0,14.0,45.0,3.2142857142857144,10.4,0.7428571428571429,0.0,0.0,,,,adaptivity,,,,,,,,,,,,,,,,,,,,,,,,,,,,,,,,,,,,,,,,,,,,,,,,,,,
med-b78dbf37f022,rar_medicine,agentic-tools,15.0,0.0,none,False,25.0,67.0,15.0,48.0,3.2,10.5,0.7,0.0,0.0,,,,adaptivity,,,,,,,,,,,,,,,,,,,,,,,,,,,,,,,,,,,,,,,,,,,,,,,,,,,
med-b89d3eed861e,rar_medicine,shipped,14.0,0.0,none,False,15.0,52.0,14.0,59.0,4.214285714285714,11.9,0.85,0.0,0.0,,,,adaptivity,,,,,,,,,,,,,,,,,,,,,,,,,,,,,,,,,,,,,,,,,,,,,,,,,,,
med-b89d3eed861e,rar_medicine,baseline,13.0,0.0,none,False,15.0,52.0,13.0,54.0,4.153846153846154,11.5,0.8846153846153846,0.0,0.0,,,,adaptivity,,,,,,,,,,,,,,,,,,,,,,,,,,,,,,,,,,,,,,,,,,,,,,,,,,,
med-b89d3eed861e,rar_medicine,agentic,8.0,0.0,none,False,15.0,52.0,8.0,29.0,3.625,7.3,0.9125,0.0,0.0,,,,adaptivity,,,,,,,,,,,,,,,,,,,,,,,,,,,,,,,,,,,,,,,,,,,,,,,,,,,
med-b89d3eed861e,rar_medicine,agentic-tools,8.0,0.0,none,False,15.0,52.0,8.0,27.0,3.375,6.3,0.7875,0.0,0.0,,,,adaptivity,,,,,,,,,,,,,,,,,,,,,,,,,,,,,,,,,,,,,,,,,,,,,,,,,,,
med-c18f142a5a38,rar_medicine,shipped,10.0,0.0,none,False,22.0,11.0,10.0,29.0,2.9,6.8,0.6799999999999999,0.0,0.0,,,,adaptivity,,,,,,,,,,,,,,,,,,,,,,,,,,,,,,,,,,,,,,,,,,,,,,,,,,,
med-c18f142a5a38,rar_medicine,baseline,8.0,0.0,none,False,22.0,11.0,8.0,27.0,3.375,6.5,0.8125,0.0,0.0,,,,adaptivity,,,,,,,,,,,,,,,,,,,,,,,,,,,,,,,,,,,,,,,,,,,,,,,,,,,
med-c18f142a5a38,rar_medicine,agentic,6.0,0.0,none,False,22.0,11.0,6.0,17.0,2.8333333333333335,5.4,0.9,0.0,0.0,,,,adaptivity,,,,,,,,,,,,,,,,,,,,,,,,,,,,,,,,,,,,,,,,,,,,,,,,,,,
med-c18f142a5a38,rar_medicine,agentic-tools,6.0,0.0,none,False,22.0,11.0,6.0,19.0,3.1666666666666665,4.8,0.7999999999999999,0.0,0.0,,,,adaptivity,,,,,,,,,,,,,,,,,,,,,,,,,,,,,,,,,,,,,,,,,,,,,,,,,,,
med-c284c536782e,rar_medicine,shipped,8.0,0.0,none,False,34.0,51.0,8.0,21.0,2.625,4.8999999999999995,0.6124999999999999,0.0,0.0,,,,adaptivity,,,,,,,,,,,,,,,,,,,,,,,,,,,,,,,,,,,,,,,,,,,,,,,,,,,
med-c284c536782e,rar_medicine,baseline,7.0,0.0,none,False,34.0,51.0,7.0,19.0,2.7142857142857144,4.8,0.6857142857142857,0.0,0.0,,,,adaptivity,,,,,,,,,,,,,,,,,,,,,,,,,,,,,,,,,,,,,,,,,,,,,,,,,,,
med-c284c536782e,rar_medicine,agentic,6.0,0.0,none,False,34.0,51.0,6.0,20.0,3.3333333333333335,5.0,0.8333333333333334,0.0,0.0,,,,adaptivity,,,,,,,,,,,,,,,,,,,,,,,,,,,,,,,,,,,,,,,,,,,,,,,,,,,
med-c284c536782e,rar_medicine,agentic-tools,6.0,0.0,none,False,34.0,51.0,6.0,19.0,3.1666666666666665,5.0,0.8333333333333334,0.0,0.0,,,,adaptivity,,,,,,,,,,,,,,,,,,,,,,,,,,,,,,,,,,,,,,,,,,,,,,,,,,,
med-c55945849375,rar_medicine,shipped,10.0,0.0,none,False,13.0,207.0,10.0,33.0,3.3,6.8999999999999995,0.69,0.0,0.0,,,,adaptivity,,,,,,,,,,,,,,,,,,,,,,,,,,,,,,,,,,,,,,,,,,,,,,,,,,,
med-c55945849375,rar_medicine,baseline,10.0,0.0,none,False,13.0,207.0,10.0,36.0,3.6,7.8999999999999995,0.7899999999999999,0.0,0.0,,,,adaptivity,,,,,,,,,,,,,,,,,,,,,,,,,,,,,,,,,,,,,,,,,,,,,,,,,,,
med-c55945849375,rar_medicine,agentic,14.0,0.0,none,False,13.0,207.0,14.0,42.0,3.0,11.5,0.8214285714285714,0.0,0.0,,,,adaptivity,,,,,,,,,,,,,,,,,,,,,,,,,,,,,,,,,,,,,,,,,,,,,,,,,,,
med-c55945849375,rar_medicine,agentic-tools,8.0,0.0,none,False,13.0,207.0,8.0,27.0,3.375,5.8,0.725,0.0,0.0,,,,adaptivity,,,,,,,,,,,,,,,,,,,,,,,,,,,,,,,,,,,,,,,,,,,,,,,,,,,
med-c5613cc475ed,rar_medicine,shipped,12.0,0.0,none,False,12.0,81.0,12.0,41.0,3.4166666666666665,8.6,0.7166666666666667,0.0,0.0,,,,adaptivity,,,,,,,,,,,,,,,,,,,,,,,,,,,,,,,,,,,,,,,,,,,,,,,,,,,
med-c5613cc475ed,rar_medicine,baseline,12.0,0.0,none,False,12.0,81.0,12.0,39.0,3.25,9.5,0.7916666666666666,0.0,0.0,,,,adaptivity,,,,,,,,,,,,,,,,,,,,,,,,,,,,,,,,,,,,,,,,,,,,,,,,,,,
med-c5613cc475ed,rar_medicine,agentic,7.0,0.0,none,False,12.0,81.0,7.0,19.0,2.7142857142857144,5.7,0.8142857142857143,0.0,0.0,,,,adaptivity,,,,,,,,,,,,,,,,,,,,,,,,,,,,,,,,,,,,,,,,,,,,,,,,,,,
med-c5613cc475ed,rar_medicine,agentic-tools,7.0,0.0,none,False,12.0,81.0,7.0,22.0,3.142857142857143,4.6,0.6571428571428571,0.0,0.0,,,,adaptivity,,,,,,,,,,,,,,,,,,,,,,,,,,,,,,,,,,,,,,,,,,,,,,,,,,,
med-cbdf1f80d3c5,rar_medicine,shipped,7.0,0.0,none,False,21.0,98.0,7.0,19.0,2.7142857142857144,4.6,0.6571428571428571,0.0,0.0,,,,adaptivity,,,,,,,,,,,,,,,,,,,,,,,,,,,,,,,,,,,,,,,,,,,,,,,,,,,
med-cbdf1f80d3c5,rar_medicine,baseline,7.0,0.0,none,False,21.0,98.0,7.0,17.0,2.4285714285714284,4.4,0.6285714285714287,0.0,0.0,,,,adaptivity,,,,,,,,,,,,,,,,,,,,,,,,,,,,,,,,,,,,,,,,,,,,,,,,,,,
med-cbdf1f80d3c5,rar_medicine,agentic,9.0,0.0,none,False,21.0,98.0,9.0,28.0,3.111111111111111,6.5,0.7222222222222222,0.0,0.0,,,,adaptivity,,,,,,,,,,,,,,,,,,,,,,,,,,,,,,,,,,,,,,,,,,,,,,,,,,,
med-cbdf1f80d3c5,rar_medicine,agentic-tools,9.0,0.0,none,False,21.0,98.0,9.0,26.0,2.888888888888889,6.199999999999999,0.6888888888888888,0.0,0.0,,,,adaptivity,,,,,,,,,,,,,,,,,,,,,,,,,,,,,,,,,,,,,,,,,,,,,,,,,,,
med-cbe76ed81c5b,rar_medicine,shipped,9.0,0.0,none,False,27.0,6.0,9.0,26.0,2.888888888888889,6.2,0.6888888888888889,0.0,0.0,,,,adaptivity,,,,,,,,,,,,,,,,,,,,,,,,,,,,,,,,,,,,,,,,,,,,,,,,,,,
med-cbe76ed81c5b,rar_medicine,baseline,9.0,0.0,none,False,27.0,6.0,9.0,26.0,2.888888888888889,6.5,0.7222222222222222,0.0,0.0,,,,adaptivity,,,,,,,,,,,,,,,,,,,,,,,,,,,,,,,,,,,,,,,,,,,,,,,,,,,
med-cbe76ed81c5b,rar_medicine,agentic,9.0,0.0,none,False,27.0,6.0,9.0,26.0,2.888888888888889,6.5,0.7222222222222222,0.0,0.0,,,,adaptivity,,,,,,,,,,,,,,,,,,,,,,,,,,,,,,,,,,,,,,,,,,,,,,,,,,,
med-cbe76ed81c5b,rar_medicine,agentic-tools,6.0,0.0,none,False,27.0,6.0,6.0,13.0,2.1666666666666665,5.6,0.9333333333333332,0.0,0.0,,,,adaptivity,,,,,,,,,,,,,,,,,,,,,,,,,,,,,,,,,,,,,,,,,,,,,,,,,,,
med-cc0494519c68,rar_medicine,shipped,10.0,0.0,none,False,55.0,182.0,10.0,27.0,2.7,5.8999999999999995,0.59,0.0,0.0,,,,adaptivity,,,,,,,,,,,,,,,,,,,,,,,,,,,,,,,,,,,,,,,,,,,,,,,,,,,
med-cc0494519c68,rar_medicine,baseline,10.0,0.0,none,False,55.0,182.0,10.0,31.0,3.1,7.2,0.72,0.0,0.0,,,,adaptivity,,,,,,,,,,,,,,,,,,,,,,,,,,,,,,,,,,,,,,,,,,,,,,,,,,,
med-cc0494519c68,rar_medicine,agentic,11.0,0.0,none,False,55.0,182.0,11.0,33.0,3.0,7.8999999999999995,0.7181818181818181,0.0,0.0,,,,adaptivity,,,,,,,,,,,,,,,,,,,,,,,,,,,,,,,,,,,,,,,,,,,,,,,,,,,
med-cc0494519c68,rar_medicine,agentic-tools,11.0,0.0,none,False,55.0,182.0,11.0,27.0,2.4545454545454546,7.3999999999999995,0.6727272727272727,0.0,0.0,,,,adaptivity,,,,,,,,,,,,,,,,,,,,,,,,,,,,,,,,,,,,,,,,,,,,,,,,,,,
med-d078d9e5c01b,rar_medicine,shipped,7.0,0.0,none,False,15.0,7.0,7.0,22.0,3.142857142857143,4.9,0.7000000000000001,0.0,0.0,,,,adaptivity,,,,,,,,,,,,,,,,,,,,,,,,,,,,,,,,,,,,,,,,,,,,,,,,,,,
med-d078d9e5c01b,rar_medicine,baseline,6.0,0.0,none,False,15.0,7.0,6.0,19.0,3.1666666666666665,4.6,0.7666666666666666,0.0,0.0,,,,adaptivity,,,,,,,,,,,,,,,,,,,,,,,,,,,,,,,,,,,,,,,,,,,,,,,,,,,
med-d078d9e5c01b,rar_medicine,agentic,6.0,0.0,none,False,15.0,7.0,6.0,19.0,3.1666666666666665,5.0,0.8333333333333334,0.0,0.0,,,,adaptivity,,,,,,,,,,,,,,,,,,,,,,,,,,,,,,,,,,,,,,,,,,,,,,,,,,,
med-d078d9e5c01b,rar_medicine,agentic-tools,4.0,0.0,none,False,15.0,7.0,4.0,13.0,3.25,2.9,0.725,0.0,0.0,,,,adaptivity,,,,,,,,,,,,,,,,,,,,,,,,,,,,,,,,,,,,,,,,,,,,,,,,,,,
med-deb27cd3a8f9,rar_medicine,shipped,8.0,0.0,none,False,18.0,48.0,8.0,25.0,3.125,5.6,0.7,0.0,0.0,,,,adaptivity,,,,,,,,,,,,,,,,,,,,,,,,,,,,,,,,,,,,,,,,,,,,,,,,,,,
med-deb27cd3a8f9,rar_medicine,baseline,5.0,0.0,none,False,18.0,48.0,5.0,16.0,3.2,3.6,0.72,0.0,0.0,,,,adaptivity,,,,,,,,,,,,,,,,,,,,,,,,,,,,,,,,,,,,,,,,,,,,,,,,,,,
med-deb27cd3a8f9,rar_medicine,agentic,7.0,0.0,none,False,18.0,48.0,7.0,23.0,3.2857142857142856,4.9,0.7000000000000001,0.0,0.0,,,,adaptivity,,,,,,,,,,,,,,,,,,,,,,,,,,,,,,,,,,,,,,,,,,,,,,,,,,,
med-deb27cd3a8f9,rar_medicine,agentic-tools,6.0,0.0,none,False,18.0,48.0,6.0,19.0,3.1666666666666665,4.5,0.75,0.0,0.0,,,,adaptivity,,,,,,,,,,,,,,,,,,,,,,,,,,,,,,,,,,,,,,,,,,,,,,,,,,,
med-eab5c7860802,rar_medicine,shipped,9.0,0.0,none,False,34.0,79.0,9.0,27.0,3.0,5.8999999999999995,0.6555555555555554,0.0,0.0,,,,adaptivity,,,,,,,,,,,,,,,,,,,,,,,,,,,,,,,,,,,,,,,,,,,,,,,,,,,
med-eab5c7860802,rar_medicine,baseline,8.0,0.0,none,False,34.0,79.0,8.0,29.0,3.625,6.6,0.825,0.0,0.0,,,,adaptivity,,,,,,,,,,,,,,,,,,,,,,,,,,,,,,,,,,,,,,,,,,,,,,,,,,,
med-eab5c7860802,rar_medicine,agentic,12.0,0.0,none,False,34.0,79.0,12.0,39.0,3.25,9.6,0.7999999999999999,0.0,0.0,,,,adaptivity,,,,,,,,,,,,,,,,,,,,,,,,,,,,,,,,,,,,,,,,,,,,,,,,,,,
med-eab5c7860802,rar_medicine,agentic-tools,7.0,0.0,none,False,34.0,79.0,7.0,28.0,4.0,5.6,0.7999999999999999,0.0,0.0,,,,adaptivity,,,,,,,,,,,,,,,,,,,,,,,,,,,,,,,,,,,,,,,,,,,,,,,,,,,
med-f5bc99c4e922,rar_medicine,shipped,9.0,0.0,none,False,35.0,111.0,9.0,28.0,3.111111111111111,6.5,0.7222222222222222,0.0,0.0,,,,adaptivity,,,,,,,,,,,,,,,,,,,,,,,,,,,,,,,,,,,,,,,,,,,,,,,,,,,
med-f5bc99c4e922,rar_medicine,baseline,6.0,0.0,none,False,35.0,111.0,6.0,18.0,3.0,3.9,0.65,0.0,0.0,,,,adaptivity,,,,,,,,,,,,,,,,,,,,,,,,,,,,,,,,,,,,,,,,,,,,,,,,,,,
med-f5bc99c4e922,rar_medicine,agentic,9.0,0.0,none,False,35.0,111.0,9.0,29.0,3.2222222222222223,6.7,0.7444444444444445,0.0,0.0,,,,adaptivity,,,,,,,,,,,,,,,,,,,,,,,,,,,,,,,,,,,,,,,,,,,,,,,,,,,
med-f5bc99c4e922,rar_medicine,agentic-tools,9.0,0.0,none,False,35.0,111.0,9.0,27.0,3.0,6.6,0.7333333333333333,0.0,0.0,,,,adaptivity,,,,,,,,,,,,,,,,,,,,,,,,,,,,,,,,,,,,,,,,,,,,,,,,,,,
med-f6f123aa5ea7,rar_medicine,shipped,8.0,0.0,none,False,15.0,10.0,8.0,20.0,2.5,5.1,0.6375,0.0,0.0,,,,adaptivity,,,,,,,,,,,,,,,,,,,,,,,,,,,,,,,,,,,,,,,,,,,,,,,,,,,
med-f6f123aa5ea7,rar_medicine,baseline,5.0,0.0,none,False,15.0,10.0,5.0,18.0,3.6,3.9,0.78,0.0,0.0,,,,adaptivity,,,,,,,,,,,,,,,,,,,,,,,,,,,,,,,,,,,,,,,,,,,,,,,,,,,
med-f6f123aa5ea7,rar_medicine,agentic,6.0,0.0,none,False,15.0,10.0,6.0,20.0,3.3333333333333335,4.3,0.7166666666666667,0.0,0.0,,,,adaptivity,,,,,,,,,,,,,,,,,,,,,,,,,,,,,,,,,,,,,,,,,,,,,,,,,,,
med-f6f123aa5ea7,rar_medicine,agentic-tools,9.0,0.0,none,False,15.0,10.0,9.0,30.0,3.3333333333333335,6.8999999999999995,0.7666666666666666,0.0,0.0,,,,adaptivity,,,,,,,,,,,,,,,,,,,,,,,,,,,,,,,,,,,,,,,,,,,,,,,,,,,
sci-1074b372b376,rar_science,shipped,7.0,0.0,none,False,82.0,11.0,7.0,26.0,3.7142857142857144,5.3,0.7571428571428571,0.0,0.0,,,,adaptivity,,,,,,,,,,,,,,,,,,,,,,,,,,,,,,,,,,,,,,,,,,,,,,,,,,,
sci-1074b372b376,rar_science,baseline,10.0,0.0,none,False,82.0,11.0,10.0,32.0,3.2,7.2,0.72,0.0,0.0,,,,adaptivity,,,,,,,,,,,,,,,,,,,,,,,,,,,,,,,,,,,,,,,,,,,,,,,,,,,
sci-1074b372b376,rar_science,agentic,6.0,0.0,none,False,82.0,11.0,6.0,24.0,4.0,5.8,0.9666666666666667,0.0,0.0,,,,adaptivity,,,,,,,,,,,,,,,,,,,,,,,,,,,,,,,,,,,,,,,,,,,,,,,,,,,
sci-1074b372b376,rar_science,agentic-tools,15.0,0.0,none,False,82.0,11.0,15.0,43.0,2.8666666666666667,9.2,0.6133333333333333,0.0,0.0,,,,adaptivity,,,,,,,,,,,,,,,,,,,,,,,,,,,,,,,,,,,,,,,,,,,,,,,,,,,
sci-1cbb3e0b742d,rar_science,shipped,9.0,0.0,none,False,127.0,138.0,9.0,37.0,4.111111111111111,7.3,0.8111111111111111,0.0,0.0,,,,adaptivity,,,,,,,,,,,,,,,,,,,,,,,,,,,,,,,,,,,,,,,,,,,,,,,,,,,
sci-1cbb3e0b742d,rar_science,baseline,15.0,0.0,none,False,127.0,138.0,15.0,58.0,3.8666666666666667,12.5,0.8333333333333334,0.0,0.0,,,,adaptivity,,,,,,,,,,,,,,,,,,,,,,,,,,,,,,,,,,,,,,,,,,,,,,,,,,,
sci-1cbb3e0b742d,rar_science,agentic,15.0,0.0,none,False,127.0,138.0,15.0,57.0,3.8,12.2,0.8133333333333332,0.0,0.0,,,,adaptivity,,,,,,,,,,,,,,,,,,,,,,,,,,,,,,,,,,,,,,,,,,,,,,,,,,,
sci-1cbb3e0b742d,rar_science,agentic-tools,15.0,0.0,none,False,127.0,138.0,15.0,53.0,3.533333333333333,11.7,0.7799999999999999,0.0,0.0,,,,adaptivity,,,,,,,,,,,,,,,,,,,,,,,,,,,,,,,,,,,,,,,,,,,,,,,,,,,
sci-200bfdc23b84,rar_science,shipped,7.0,0.0,none,False,48.0,303.0,7.0,29.0,4.142857142857143,5.3999999999999995,0.7714285714285714,0.0,0.0,,,,adaptivity,,,,,,,,,,,,,,,,,,,,,,,,,,,,,,,,,,,,,,,,,,,,,,,,,,,
sci-200bfdc23b84,rar_science,baseline,12.0,0.0,none,False,48.0,303.0,12.0,52.0,4.333333333333333,10.6,0.8833333333333333,0.0,0.0,,,,adaptivity,,,,,,,,,,,,,,,,,,,,,,,,,,,,,,,,,,,,,,,,,,,,,,,,,,,
sci-200bfdc23b84,rar_science,agentic,14.0,0.0,none,False,48.0,303.0,14.0,48.0,3.4285714285714284,10.2,0.7285714285714285,0.0,0.0,,,,adaptivity,,,,,,,,,,,,,,,,,,,,,,,,,,,,,,,,,,,,,,,,,,,,,,,,,,,
sci-200bfdc23b84,rar_science,agentic-tools,11.0,0.0,none,False,48.0,303.0,11.0,42.0,3.8181818181818183,8.4,0.7636363636363637,0.0,0.0,,,,adaptivity,,,,,,,,,,,,,,,,,,,,,,,,,,,,,,,,,,,,,,,,,,,,,,,,,,,
sci-2907ae60d945,rar_science,shipped,7.0,0.0,none,False,37.0,24.0,7.0,27.0,3.857142857142857,5.6,0.7999999999999999,0.0,0.0,,,,adaptivity,,,,,,,,,,,,,,,,,,,,,,,,,,,,,,,,,,,,,,,,,,,,,,,,,,,
sci-2907ae60d945,rar_science,baseline,8.0,0.0,none,False,37.0,24.0,8.0,26.0,3.25,6.2,0.775,0.0,0.0,,,,adaptivity,,,,,,,,,,,,,,,,,,,,,,,,,,,,,,,,,,,,,,,,,,,,,,,,,,,
sci-2907ae60d945,rar_science,agentic,6.0,0.0,none,False,37.0,24.0,6.0,14.0,2.3333333333333335,2.9,0.48333333333333334,0.0,0.0,,,,adaptivity,,,,,,,,,,,,,,,,,,,,,,,,,,,,,,,,,,,,,,,,,,,,,,,,,,,
sci-2907ae60d945,rar_science,agentic-tools,5.0,0.0,none,False,37.0,24.0,5.0,13.0,2.6,3.0,0.6,0.0,0.0,,,,adaptivity,,,,,,,,,,,,,,,,,,,,,,,,,,,,,,,,,,,,,,,,,,,,,,,,,,,
sci-2f3b45de3872,rar_science,shipped,7.0,0.0,none,False,53.0,15.0,7.0,26.0,3.7142857142857144,5.3,0.7571428571428571,0.0,0.0,,,,adaptivity,,,,,,,,,,,,,,,,,,,,,,,,,,,,,,,,,,,,,,,,,,,,,,,,,,,
sci-2f3b45de3872,rar_science,baseline,10.0,0.0,none,False,53.0,15.0,10.0,34.0,3.4,8.7,0.8699999999999999,0.0,0.0,,,,adaptivity,,,,,,,,,,,,,,,,,,,,,,,,,,,,,,,,,,,,,,,,,,,,,,,,,,,
sci-2f3b45de3872,rar_science,agentic,6.0,0.0,none,False,53.0,15.0,6.0,10.0,1.6666666666666667,5.0,0.8333333333333334,0.0,0.0,,,,adaptivity,,,,,,,,,,,,,,,,,,,,,,,,,,,,,,,,,,,,,,,,,,,,,,,,,,,
sci-2f3b45de3872,rar_science,agentic-tools,16.0,0.0,none,False,53.0,15.0,16.0,60.0,3.75,13.3,0.83125,0.0,0.0,,,,adaptivity,,,,,,,,,,,,,,,,,,,,,,,,,,,,,,,,,,,,,,,,,,,,,,,,,,,
sci-423a28946a42,rar_science,shipped,8.0,0.0,none,False,33.0,22.0,8.0,31.0,3.875,6.3,0.7875,0.0,0.0,,,,adaptivity,,,,,,,,,,,,,,,,,,,,,,,,,,,,,,,,,,,,,,,,,,,,,,,,,,,
sci-423a28946a42,rar_science,baseline,14.0,0.0,none,False,33.0,22.0,14.0,47.0,3.357142857142857,11.2,0.7999999999999999,0.0,0.0,,,,adaptivity,,,,,,,,,,,,,,,,,,,,,,,,,,,,,,,,,,,,,,,,,,,,,,,,,,,
sci-423a28946a42,rar_science,agentic,6.0,0.0,none,False,33.0,22.0,6.0,15.0,2.5,4.3,0.7166666666666667,0.0,0.0,,,,adaptivity,,,,,,,,,,,,,,,,,,,,,,,,,,,,,,,,,,,,,,,,,,,,,,,,,,,
sci-423a28946a42,rar_science,agentic-tools,5.0,0.0,none,False,33.0,22.0,5.0,10.0,2.0,3.3,0.6599999999999999,0.0,0.0,,,,adaptivity,,,,,,,,,,,,,,,,,,,,,,,,,,,,,,,,,,,,,,,,,,,,,,,,,,,
sci-4260e6a475a5,rar_science,shipped,8.0,0.0,mcq,True,46.0,28.0,8.0,28.0,3.5,5.2,0.65,0.0,0.0,,,,adaptivity,,,,,,,,,,,,,,,,,,,,,,,,,,,,,,,,,,,,,,,,,,,,,,,,,,,
sci-4260e6a475a5,rar_science,baseline,8.0,0.0,mcq,True,46.0,28.0,8.0,28.0,3.5,5.7,0.7125,0.0,0.0,,,,adaptivity,,,,,,,,,,,,,,,,,,,,,,,,,,,,,,,,,,,,,,,,,,,,,,,,,,,
sci-4260e6a475a5,rar_science,agentic,14.0,0.0,mcq,True,46.0,28.0,14.0,41.0,2.9285714285714284,11.6,0.8285714285714285,0.0,0.0,,,,adaptivity,,,,,,,,,,,,,,,,,,,,,,,,,,,,,,,,,,,,,,,,,,,,,,,,,,,
sci-4260e6a475a5,rar_science,agentic-tools,13.0,0.0,mcq,True,46.0,28.0,13.0,43.0,3.3076923076923075,10.6,0.8153846153846154,0.0,0.0,,,,adaptivity,,,,,,,,,,,,,,,,,,,,,,,,,,,,,,,,,,,,,,,,,,,,,,,,,,,
sci-4430faf0f105,rar_science,shipped,7.0,0.0,none,False,51.0,9.0,7.0,26.0,3.7142857142857144,5.3,0.7571428571428571,0.0,0.0,,,,adaptivity,,,,,,,,,,,,,,,,,,,,,,,,,,,,,,,,,,,,,,,,,,,,,,,,,,,
sci-4430faf0f105,rar_science,baseline,12.0,0.0,none,False,51.0,9.0,12.0,44.0,3.6666666666666665,10.4,0.8666666666666667,0.0,0.0,,,,adaptivity,,,,,,,,,,,,,,,,,,,,,,,,,,,,,,,,,,,,,,,,,,,,,,,,,,,
sci-4430faf0f105,rar_science,agentic,15.0,0.0,none,False,51.0,9.0,15.0,49.0,3.2666666666666666,11.5,0.7666666666666667,0.0,0.0,,,,adaptivity,,,,,,,,,,,,,,,,,,,,,,,,,,,,,,,,,,,,,,,,,,,,,,,,,,,
sci-4430faf0f105,rar_science,agentic-tools,6.0,0.0,none,False,51.0,9.0,6.0,19.0,3.1666666666666665,5.2,0.8666666666666667,0.0,0.0,,,,adaptivity,,,,,,,,,,,,,,,,,,,,,,,,,,,,,,,,,,,,,,,,,,,,,,,,,,,
sci-46a70d998b40,rar_science,shipped,7.0,0.0,mcq,True,15.0,10.0,7.0,28.0,4.0,5.3,0.7571428571428571,0.0,0.0,,,,adaptivity,,,,,,,,,,,,,,,,,,,,,,,,,,,,,,,,,,,,,,,,,,,,,,,,,,,
sci-46a70d998b40,rar_science,baseline,9.0,0.0,mcq,True,15.0,10.0,9.0,27.0,3.0,7.1,0.7888888888888889,0.0,0.0,,,,adaptivity,,,,,,,,,,,,,,,,,,,,,,,,,,,,,,,,,,,,,,,,,,,,,,,,,,,
sci-46a70d998b40,rar_science,agentic,8.0,0.0,mcq,True,15.0,10.0,8.0,25.0,3.125,6.2,0.775,0.0,0.0,,,,adaptivity,,,,,,,,,,,,,,,,,,,,,,,,,,,,,,,,,,,,,,,,,,,,,,,,,,,
sci-46a70d998b40,rar_science,agentic-tools,8.0,0.0,mcq,True,15.0,10.0,8.0,25.0,3.125,6.2,0.775,0.0,0.0,,,,adaptivity,,,,,,,,,,,,,,,,,,,,,,,,,,,,,,,,,,,,,,,,,,,,,,,,,,,
sci-4705912940bd,rar_science,shipped,8.0,0.0,mcq,True,114.0,30.0,8.0,27.0,3.375,6.2,0.775,0.0,0.0,,,,adaptivity,,,,,,,,,,,,,,,,,,,,,,,,,,,,,,,,,,,,,,,,,,,,,,,,,,,
sci-4705912940bd,rar_science,baseline,11.0,0.0,mcq,True,114.0,30.0,11.0,47.0,4.2727272727272725,10.5,0.9545454545454546,0.0,0.0,,,,adaptivity,,,,,,,,,,,,,,,,,,,,,,,,,,,,,,,,,,,,,,,,,,,,,,,,,,,
sci-4705912940bd,rar_science,agentic,7.0,0.0,mcq,True,114.0,30.0,7.0,25.0,3.5714285714285716,5.7,0.8142857142857143,0.0,0.0,,,,adaptivity,,,,,,,,,,,,,,,,,,,,,,,,,,,,,,,,,,,,,,,,,,,,,,,,,,,
sci-4705912940bd,rar_science,agentic-tools,10.0,0.0,mcq,True,114.0,30.0,10.0,40.0,4.0,7.8999999999999995,0.7899999999999999,0.0,0.0,,,,adaptivity,,,,,,,,,,,,,,,,,,,,,,,,,,,,,,,,,,,,,,,,,,,,,,,,,,,
sci-530fc857ec78,rar_science,shipped,8.0,0.0,none,False,23.0,28.0,8.0,29.0,3.625,5.6,0.7,0.0,0.0,,,,adaptivity,,,,,,,,,,,,,,,,,,,,,,,,,,,,,,,,,,,,,,,,,,,,,,,,,,,
sci-530fc857ec78,rar_science,baseline,11.0,0.0,none,False,23.0,28.0,11.0,34.0,3.090909090909091,7.8999999999999995,0.7181818181818181,0.0,0.0,,,,adaptivity,,,,,,,,,,,,,,,,,,,,,,,,,,,,,,,,,,,,,,,,,,,,,,,,,,,
sci-530fc857ec78,rar_science,agentic,6.0,0.0,none,False,23.0,28.0,6.0,22.0,3.6666666666666665,5.0,0.8333333333333334,0.0,0.0,,,,adaptivity,,,,,,,,,,,,,,,,,,,,,,,,,,,,,,,,,,,,,,,,,,,,,,,,,,,
sci-530fc857ec78,rar_science,agentic-tools,5.0,0.0,none,False,23.0,28.0,5.0,18.0,3.6,4.1,0.82,0.0,0.0,,,,adaptivity,,,,,,,,,,,,,,,,,,,,,,,,,,,,,,,,,,,,,,,,,,,,,,,,,,,
sci-5c5822f383a5,rar_science,shipped,8.0,0.0,none,False,55.0,88.0,8.0,31.0,3.875,5.9,0.7375,0.0,0.0,,,,adaptivity,,,,,,,,,,,,,,,,,,,,,,,,,,,,,,,,,,,,,,,,,,,,,,,,,,,
sci-5c5822f383a5,rar_science,baseline,13.0,0.0,none,False,55.0,88.0,13.0,45.0,3.4615384615384617,10.7,0.823076923076923,0.0,0.0,,,,adaptivity,,,,,,,,,,,,,,,,,,,,,,,,,,,,,,,,,,,,,,,,,,,,,,,,,,,
sci-5c5822f383a5,rar_science,agentic,15.0,0.0,none,False,55.0,88.0,15.0,47.0,3.1333333333333333,11.2,0.7466666666666666,0.0,0.0,,,,adaptivity,,,,,,,,,,,,,,,,,,,,,,,,,,,,,,,,,,,,,,,,,,,,,,,,,,,
sci-5c5822f383a5,rar_science,agentic-tools,13.0,0.0,none,False,55.0,88.0,13.0,40.0,3.076923076923077,9.9,0.7615384615384616,0.0,0.0,,,,adaptivity,,,,,,,,,,,,,,,,,,,,,,,,,,,,,,,,,,,,,,,,,,,,,,,,,,,
sci-615e52d990f9,rar_science,shipped,7.0,0.0,none,False,34.0,30.0,7.0,26.0,3.7142857142857144,5.6,0.7999999999999999,0.0,0.0,,,,adaptivity,,,,,,,,,,,,,,,,,,,,,,,,,,,,,,,,,,,,,,,,,,,,,,,,,,,
sci-615e52d990f9,rar_science,baseline,13.0,0.0,none,False,34.0,30.0,13.0,41.0,3.1538461538461537,9.5,0.7307692307692307,0.0,0.0,,,,adaptivity,,,,,,,,,,,,,,,,,,,,,,,,,,,,,,,,,,,,,,,,,,,,,,,,,,,
sci-615e52d990f9,rar_science,agentic,8.0,0.0,none,False,34.0,30.0,8.0,21.0,2.625,5.5,0.6875,0.0,0.0,,,,adaptivity,,,,,,,,,,,,,,,,,,,,,,,,,,,,,,,,,,,,,,,,,,,,,,,,,,,
sci-615e52d990f9,rar_science,agentic-tools,14.0,0.0,none,False,34.0,30.0,14.0,45.0,3.2142857142857144,9.9,0.7071428571428572,0.0,0.0,,,,adaptivity,,,,,,,,,,,,,,,,,,,,,,,,,,,,,,,,,,,,,,,,,,,,,,,,,,,
sci-6601b6700272,rar_science,shipped,8.0,0.0,none,False,55.0,7.0,8.0,25.0,3.125,5.6,0.7,0.0,0.0,,,,adaptivity,,,,,,,,,,,,,,,,,,,,,,,,,,,,,,,,,,,,,,,,,,,,,,,,,,,
sci-6601b6700272,rar_science,baseline,10.0,0.0,none,False,55.0,7.0,10.0,33.0,3.3,7.3,0.73,0.0,0.0,,,,adaptivity,,,,,,,,,,,,,,,,,,,,,,,,,,,,,,,,,,,,,,,,,,,,,,,,,,,
sci-6601b6700272,rar_science,agentic,15.0,0.0,none,False,55.0,7.0,15.0,46.0,3.066666666666667,10.299999999999999,0.6866666666666666,0.0,0.0,,,,adaptivity,,,,,,,,,,,,,,,,,,,,,,,,,,,,,,,,,,,,,,,,,,,,,,,,,,,
sci-6601b6700272,rar_science,agentic-tools,5.0,0.0,none,False,55.0,7.0,5.0,10.0,2.0,1.9,0.38,0.0,0.0,,,,adaptivity,,,,,,,,,,,,,,,,,,,,,,,,,,,,,,,,,,,,,,,,,,,,,,,,,,,
sci-674358162aab,rar_science,shipped,7.0,0.0,none,False,39.0,24.0,7.0,27.0,3.857142857142857,4.9,0.7000000000000001,0.0,0.0,,,,adaptivity,,,,,,,,,,,,,,,,,,,,,,,,,,,,,,,,,,,,,,,,,,,,,,,,,,,
sci-674358162aab,rar_science,baseline,17.0,0.0,none,False,39.0,24.0,17.0,51.0,3.0,12.7,0.7470588235294118,0.0,0.0,,,,adaptivity,,,,,,,,,,,,,,,,,,,,,,,,,,,,,,,,,,,,,,,,,,,,,,,,,,,
sci-674358162aab,rar_science,agentic,15.0,0.0,none,False,39.0,24.0,15.0,41.0,2.7333333333333334,9.5,0.6333333333333333,0.0,0.0,,,,adaptivity,,,,,,,,,,,,,,,,,,,,,,,,,,,,,,,,,,,,,,,,,,,,,,,,,,,
sci-674358162aab,rar_science,agentic-tools,16.0,0.0,none,False,39.0,24.0,16.0,47.0,2.9375,10.799999999999999,0.6749999999999999,0.0,0.0,,,,adaptivity,,,,,,,,,,,,,,,,,,,,,,,,,,,,,,,,,,,,,,,,,,,,,,,,,,,
sci-70db910e68ee,rar_science,shipped,7.0,0.0,none,False,29.0,42.0,7.0,25.0,3.5714285714285716,5.3,0.7571428571428571,0.0,0.0,,,,adaptivity,,,,,,,,,,,,,,,,,,,,,,,,,,,,,,,,,,,,,,,,,,,,,,,,,,,
sci-70db910e68ee,rar_science,baseline,12.0,0.0,none,False,29.0,42.0,12.0,41.0,3.4166666666666665,9.1,0.7583333333333333,0.0,0.0,,,,adaptivity,,,,,,,,,,,,,,,,,,,,,,,,,,,,,,,,,,,,,,,,,,,,,,,,,,,
sci-70db910e68ee,rar_science,agentic,15.0,0.0,none,False,29.0,42.0,15.0,38.0,2.533333333333333,12.2,0.8133333333333332,0.0,0.0,,,,adaptivity,,,,,,,,,,,,,,,,,,,,,,,,,,,,,,,,,,,,,,,,,,,,,,,,,,,
sci-70db910e68ee,rar_science,agentic-tools,6.0,0.0,none,False,29.0,42.0,6.0,17.0,2.8333333333333335,4.0,0.6666666666666666,0.0,0.0,,,,adaptivity,,,,,,,,,,,,,,,,,,,,,,,,,,,,,,,,,,,,,,,,,,,,,,,,,,,
sci-71c07f577946,rar_science,shipped,7.0,0.0,none,False,36.0,30.0,7.0,27.0,3.857142857142857,5.6,0.7999999999999999,0.0,0.0,,,,adaptivity,,,,,,,,,,,,,,,,,,,,,,,,,,,,,,,,,,,,,,,,,,,,,,,,,,,
sci-71c07f577946,rar_science,baseline,12.0,0.0,none,False,36.0,30.0,12.0,36.0,3.0,9.1,0.7583333333333333,0.0,0.0,,,,adaptivity,,,,,,,,,,,,,,,,,,,,,,,,,,,,,,,,,,,,,,,,,,,,,,,,,,,
sci-71c07f577946,rar_science,agentic,6.0,0.0,none,False,36.0,30.0,6.0,18.0,3.0,5.6,0.9333333333333332,0.0,0.0,,,,adaptivity,,,,,,,,,,,,,,,,,,,,,,,,,,,,,,,,,,,,,,,,,,,,,,,,,,,
sci-71c07f577946,rar_science,agentic-tools,5.0,0.0,none,False,36.0,30.0,5.0,14.0,2.8,4.7,0.9400000000000001,0.0,0.0,,,,adaptivity,,,,,,,,,,,,,,,,,,,,,,,,,,,,,,,,,,,,,,,,,,,,,,,,,,,
sci-78456e89e0b3,rar_science,shipped,7.0,0.0,mcq,True,22.0,0.0,7.0,25.0,3.5714285714285716,5.3,0.7571428571428571,0.0,0.0,,,,adaptivity,,,,,,,,,,,,,,,,,,,,,,,,,,,,,,,,,,,,,,,,,,,,,,,,,,,
sci-78456e89e0b3,rar_science,baseline,11.0,0.0,mcq,True,22.0,0.0,11.0,41.0,3.727272727272727,9.2,0.8363636363636363,0.0,0.0,,,,adaptivity,,,,,,,,,,,,,,,,,,,,,,,,,,,,,,,,,,,,,,,,,,,,,,,,,,,
sci-78456e89e0b3,rar_science,agentic,7.0,0.0,mcq,True,22.0,0.0,7.0,31.0,4.428571428571429,6.4,0.9142857142857144,0.0,0.0,,,,adaptivity,,,,,,,,,,,,,,,,,,,,,,,,,,,,,,,,,,,,,,,,,,,,,,,,,,,
sci-78456e89e0b3,rar_science,agentic-tools,15.0,0.0,mcq,True,22.0,0.0,15.0,52.0,3.466666666666667,12.0,0.8,0.0,0.0,,,,adaptivity,,,,,,,,,,,,,,,,,,,,,,,,,,,,,,,,,,,,,,,,,,,,,,,,,,,
sci-801539f7bca0,rar_science,shipped,8.0,0.0,none,False,60.0,25.0,8.0,29.0,3.625,5.6,0.7,0.0,0.0,,,,adaptivity,,,,,,,,,,,,,,,,,,,,,,,,,,,,,,,,,,,,,,,,,,,,,,,,,,,
sci-801539f7bca0,rar_science,baseline,10.0,0.0,none,False,60.0,25.0,10.0,32.0,3.2,7.8,0.78,0.0,0.0,,,,adaptivity,,,,,,,,,,,,,,,,,,,,,,,,,,,,,,,,,,,,,,,,,,,,,,,,,,,
sci-801539f7bca0,rar_science,agentic,6.0,0.0,none,False,60.0,25.0,6.0,22.0,3.6666666666666665,4.6,0.7666666666666666,0.0,0.0,,,,adaptivity,,,,,,,,,,,,,,,,,,,,,,,,,,,,,,,,,,,,,,,,,,,,,,,,,,,
sci-801539f7bca0,rar_science,agentic-tools,5.0,0.0,none,False,60.0,25.0,5.0,17.0,3.4,4.5,0.9,0.0,0.0,,,,adaptivity,,,,,,,,,,,,,,,,,,,,,,,,,,,,,,,,,,,,,,,,,,,,,,,,,,,
sci-870a3c2acf5f,rar_science,shipped,9.0,0.0,none,False,59.0,45.0,9.0,31.0,3.4444444444444446,6.5,0.7222222222222222,0.0,0.0,,,,adaptivity,,,,,,,,,,,,,,,,,,,,,,,,,,,,,,,,,,,,,,,,,,,,,,,,,,,
sci-870a3c2acf5f,rar_science,baseline,9.0,0.0,none,False,59.0,45.0,9.0,32.0,3.5555555555555554,7.5,0.8333333333333334,0.0,0.0,,,,adaptivity,,,,,,,,,,,,,,,,,,,,,,,,,,,,,,,,,,,,,,,,,,,,,,,,,,,
sci-870a3c2acf5f,rar_science,agentic,6.0,0.0,none,False,59.0,45.0,6.0,19.0,3.1666666666666665,5.0,0.8333333333333334,0.0,0.0,,,,adaptivity,,,,,,,,,,,,,,,,,,,,,,,,,,,,,,,,,,,,,,,,,,,,,,,,,,,
sci-870a3c2acf5f,rar_science,agentic-tools,16.0,0.0,none,False,59.0,45.0,16.0,47.0,2.9375,9.4,0.5875,0.0,0.0,,,,adaptivity,,,,,,,,,,,,,,,,,,,,,,,,,,,,,,,,,,,,,,,,,,,,,,,,,,,
sci-88a263c8039c,rar_science,shipped,8.0,0.0,none,False,51.0,31.0,8.0,29.0,3.625,5.6,0.7,0.0,0.0,,,,adaptivity,,,,,,,,,,,,,,,,,,,,,,,,,,,,,,,,,,,,,,,,,,,,,,,,,,,
sci-88a263c8039c,rar_science,baseline,12.0,0.0,none,False,51.0,31.0,12.0,44.0,3.6666666666666665,9.2,0.7666666666666666,0.0,0.0,,,,adaptivity,,,,,,,,,,,,,,,,,,,,,,,,,,,,,,,,,,,,,,,,,,,,,,,,,,,
sci-88a263c8039c,rar_science,agentic,15.0,0.0,none,False,51.0,31.0,15.0,45.0,3.0,10.1,0.6733333333333333,0.0,0.0,,,,adaptivity,,,,,,,,,,,,,,,,,,,,,,,,,,,,,,,,,,,,,,,,,,,,,,,,,,,
sci-88a263c8039c,rar_science,agentic-tools,6.0,0.0,none,False,51.0,31.0,6.0,15.0,2.5,4.5,0.75,0.0,0.0,,,,adaptivity,,,,,,,,,,,,,,,,,,,,,,,,,,,,,,,,,,,,,,,,,,,,,,,,,,,
sci-8c97efc18a60,rar_science,shipped,7.0,0.0,mcq,True,15.0,7.0,7.0,25.0,3.5714285714285716,4.6,0.6571428571428571,0.0,0.0,,,,adaptivity,,,,,,,,,,,,,,,,,,,,,,,,,,,,,,,,,,,,,,,,,,,,,,,,,,,
sci-8c97efc18a60,rar_science,baseline,8.0,0.0,mcq,True,15.0,7.0,8.0,25.0,3.125,5.8999999999999995,0.7374999999999999,0.0,0.0,,,,adaptivity,,,,,,,,,,,,,,,,,,,,,,,,,,,,,,,,,,,,,,,,,,,,,,,,,,,
sci-8c97efc18a60,rar_science,agentic,7.0,0.0,mcq,True,15.0,7.0,7.0,20.0,2.857142857142857,4.6,0.6571428571428571,0.0,0.0,,,,adaptivity,,,,,,,,,,,,,,,,,,,,,,,,,,,,,,,,,,,,,,,,,,,,,,,,,,,
sci-8c97efc18a60,rar_science,agentic-tools,11.0,0.0,mcq,True,15.0,7.0,11.0,32.0,2.909090909090909,7.8,0.7090909090909091,0.0,0.0,,,,adaptivity,,,,,,,,,,,,,,,,,,,,,,,,,,,,,,,,,,,,,,,,,,,,,,,,,,,
sci-96d4e5af66b6,rar_science,shipped,8.0,0.0,none,False,50.0,16.0,8.0,30.0,3.75,5.9,0.7375,0.0,0.0,,,,adaptivity,,,,,,,,,,,,,,,,,,,,,,,,,,,,,,,,,,,,,,,,,,,,,,,,,,,
sci-96d4e5af66b6,rar_science,baseline,13.0,0.0,none,False,50.0,16.0,13.0,41.0,3.1538461538461537,9.4,0.7230769230769231,0.0,0.0,,,,adaptivity,,,,,,,,,,,,,,,,,,,,,,,,,,,,,,,,,,,,,,,,,,,,,,,,,,,
sci-96d4e5af66b6,rar_science,agentic,8.0,0.0,none,False,50.0,16.0,8.0,24.0,3.0,5.7,0.7125,0.0,0.0,,,,adaptivity,,,,,,,,,,,,,,,,,,,,,,,,,,,,,,,,,,,,,,,,,,,,,,,,,,,
sci-96d4e5af66b6,rar_science,agentic-tools,4.0,0.0,none,False,50.0,16.0,4.0,13.0,3.25,2.9,0.725,0.0,0.0,,,,adaptivity,,,,,,,,,,,,,,,,,,,,,,,,,,,,,,,,,,,,,,,,,,,,,,,,,,,
sci-9dd57081a4e1,rar_science,shipped,8.0,0.0,none,False,45.0,142.0,8.0,29.0,3.625,5.9,0.7375,0.0,0.0,,,,adaptivity,,,,,,,,,,,,,,,,,,,,,,,,,,,,,,,,,,,,,,,,,,,,,,,,,,,
sci-9dd57081a4e1,rar_science,baseline,10.0,0.0,none,False,45.0,142.0,10.0,35.0,3.5,7.9,0.79,0.0,0.0,,,,adaptivity,,,,,,,,,,,,,,,,,,,,,,,,,,,,,,,,,,,,,,,,,,,,,,,,,,,
sci-9dd57081a4e1,rar_science,agentic,14.0,0.0,none,False,45.0,142.0,14.0,47.0,3.357142857142857,10.799999999999999,0.7714285714285714,0.0,0.0,,,,adaptivity,,,,,,,,,,,,,,,,,,,,,,,,,,,,,,,,,,,,,,,,,,,,,,,,,,,
sci-9dd57081a4e1,rar_science,agentic-tools,14.0,0.0,none,False,45.0,142.0,14.0,51.0,3.642857142857143,10.799999999999999,0.7714285714285714,0.0,0.0,,,,adaptivity,,,,,,,,,,,,,,,,,,,,,,,,,,,,,,,,,,,,,,,,,,,,,,,,,,,
sci-b89c9561e59a,rar_science,shipped,8.0,0.0,none,False,49.0,28.0,8.0,25.0,3.125,5.8,0.725,0.0,0.0,,,,adaptivity,,,,,,,,,,,,,,,,,,,,,,,,,,,,,,,,,,,,,,,,,,,,,,,,,,,
sci-b89c9561e59a,rar_science,baseline,11.0,0.0,none,False,49.0,28.0,11.0,39.0,3.5454545454545454,8.5,0.7727272727272727,0.0,0.0,,,,adaptivity,,,,,,,,,,,,,,,,,,,,,,,,,,,,,,,,,,,,,,,,,,,,,,,,,,,
sci-b89c9561e59a,rar_science,agentic,6.0,0.0,none,False,49.0,28.0,6.0,21.0,3.5,5.5,0.9166666666666666,0.0,0.0,,,,adaptivity,,,,,,,,,,,,,,,,,,,,,,,,,,,,,,,,,,,,,,,,,,,,,,,,,,,
sci-b89c9561e59a,rar_science,agentic-tools,5.0,0.0,none,False,49.0,28.0,5.0,14.0,2.8,4.7,0.9400000000000001,0.0,0.0,,,,adaptivity,,,,,,,,,,,,,,,,,,,,,,,,,,,,,,,,,,,,,,,,,,,,,,,,,,,
sci-c482b1d1dd52,rar_science,shipped,7.0,0.0,none,False,14.0,29.0,7.0,26.0,3.7142857142857144,5.3,0.7571428571428571,0.0,0.0,,,,adaptivity,,,,,,,,,,,,,,,,,,,,,,,,,,,,,,,,,,,,,,,,,,,,,,,,,,,
sci-c482b1d1dd52,rar_science,baseline,8.0,0.0,none,False,14.0,29.0,8.0,29.0,3.625,6.5,0.8125,0.0,0.0,,,,adaptivity,,,,,,,,,,,,,,,,,,,,,,,,,,,,,,,,,,,,,,,,,,,,,,,,,,,
sci-c482b1d1dd52,rar_science,agentic,8.0,0.0,none,False,14.0,29.0,8.0,27.0,3.375,6.8,0.85,0.0,0.0,,,,adaptivity,,,,,,,,,,,,,,,,,,,,,,,,,,,,,,,,,,,,,,,,,,,,,,,,,,,
sci-c482b1d1dd52,rar_science,agentic-tools,6.0,0.0,none,False,14.0,29.0,6.0,21.0,3.5,5.5,0.9166666666666666,0.0,0.0,,,,adaptivity,,,,,,,,,,,,,,,,,,,,,,,,,,,,,,,,,,,,,,,,,,,,,,,,,,,
sci-cd724737b87b,rar_science,shipped,7.0,0.0,none,False,66.0,16.0,7.0,29.0,4.142857142857143,5.6,0.7999999999999999,0.0,0.0,,,,adaptivity,,,,,,,,,,,,,,,,,,,,,,,,,,,,,,,,,,,,,,,,,,,,,,,,,,,
sci-cd724737b87b,rar_science,baseline,11.0,0.0,none,False,66.0,16.0,11.0,35.0,3.1818181818181817,8.5,0.7727272727272727,0.0,0.0,,,,adaptivity,,,,,,,,,,,,,,,,,,,,,,,,,,,,,,,,,,,,,,,,,,,,,,,,,,,
sci-cd724737b87b,rar_science,agentic,11.0,0.0,none,False,66.0,16.0,11.0,37.0,3.3636363636363638,8.9,0.8090909090909091,0.0,0.0,,,,adaptivity,,,,,,,,,,,,,,,,,,,,,,,,,,,,,,,,,,,,,,,,,,,,,,,,,,,
sci-cd724737b87b,rar_science,agentic-tools,15.0,0.0,none,False,66.0,16.0,15.0,43.0,2.8666666666666667,10.4,0.6933333333333334,0.0,0.0,,,,adaptivity,,,,,,,,,,,,,,,,,,,,,,,,,,,,,,,,,,,,,,,,,,,,,,,,,,,
sci-ce709b73231a,rar_science,shipped,7.0,2.0,subquestions,False,93.0,143.0,3.5,25.0,3.5714285714285716,4.9,0.7000000000000001,2.0,0.0,0.0,0.19849740504453728,,adaptivity,,,,,,,,,,,,,,,,,,,,,,,,,,,,,,,,,,,,,,,,,,,,,,,,,,,
sci-ce709b73231a,rar_science,baseline,13.0,2.0,subquestions,False,93.0,143.0,6.5,46.0,3.5384615384615383,10.7,0.823076923076923,2.0,0.0,0.0,0.3407055579667494,,adaptivity,,,,,,,,,,,,,,,,,,,,,,,,,,,,,,,,,,,,,,,,,,,,,,,,,,,
sci-ce709b73231a,rar_science,agentic,14.0,2.0,subquestions,False,93.0,143.0,7.0,45.0,3.2142857142857144,11.1,0.7928571428571428,2.0,0.0,0.0,0.4369816554210486,,adaptivity,,,,,,,,,,,,,,,,,,,,,,,,,,,,,,,,,,,,,,,,,,,,,,,,,,,
sci-ce709b73231a,rar_science,agentic-tools,14.0,2.0,subquestions,False,93.0,143.0,7.0,42.0,3.0,10.1,0.7214285714285714,2.0,0.0,0.0,0.3349804902335808,,adaptivity,,,,,,,,,,,,,,,,,,,,,,,,,,,,,,,,,,,,,,,,,,,,,,,,,,,
sci-d0020349f91f,rar_science,shipped,9.0,0.0,none,False,50.0,30.0,9.0,35.0,3.888888888888889,6.6,0.7333333333333333,0.0,0.0,,,,adaptivity,,,,,,,,,,,,,,,,,,,,,,,,,,,,,,,,,,,,,,,,,,,,,,,,,,,
sci-d0020349f91f,rar_science,baseline,10.0,0.0,none,False,50.0,30.0,10.0,34.0,3.4,8.2,0.82,0.0,0.0,,,,adaptivity,,,,,,,,,,,,,,,,,,,,,,,,,,,,,,,,,,,,,,,,,,,,,,,,,,,
sci-d0020349f91f,rar_science,agentic,6.0,0.0,none,False,50.0,30.0,6.0,13.0,2.1666666666666665,4.6,0.7666666666666666,0.0,0.0,,,,adaptivity,,,,,,,,,,,,,,,,,,,,,,,,,,,,,,,,,,,,,,,,,,,,,,,,,,,
sci-d0020349f91f,rar_science,agentic-tools,5.0,0.0,none,False,50.0,30.0,5.0,12.0,2.4,3.7,0.74,0.0,0.0,,,,adaptivity,,,,,,,,,,,,,,,,,,,,,,,,,,,,,,,,,,,,,,,,,,,,,,,,,,,
sci-debd831207ba,rar_science,shipped,7.0,0.0,none,False,43.0,36.0,7.0,25.0,3.5714285714285716,4.9,0.7000000000000001,0.0,0.0,,,,adaptivity,,,,,,,,,,,,,,,,,,,,,,,,,,,,,,,,,,,,,,,,,,,,,,,,,,,
sci-debd831207ba,rar_science,baseline,14.0,0.0,none,False,43.0,36.0,14.0,48.0,3.4285714285714284,10.5,0.75,0.0,0.0,,,,adaptivity,,,,,,,,,,,,,,,,,,,,,,,,,,,,,,,,,,,,,,,,,,,,,,,,,,,
sci-debd831207ba,rar_science,agentic,6.0,0.0,none,False,43.0,36.0,6.0,17.0,2.8333333333333335,4.1,0.6833333333333332,0.0,0.0,,,,adaptivity,,,,,,,,,,,,,,,,,,,,,,,,,,,,,,,,,,,,,,,,,,,,,,,,,,,
sci-debd831207ba,rar_science,agentic-tools,6.0,0.0,none,False,43.0,36.0,6.0,19.0,3.1666666666666665,4.9,0.8166666666666668,0.0,0.0,,,,adaptivity,,,,,,,,,,,,,,,,,,,,,,,,,,,,,,,,,,,,,,,,,,,,,,,,,,,
sci-e86ea8cb138a,rar_science,shipped,7.0,0.0,none,False,58.0,18.0,7.0,24.0,3.4285714285714284,4.9,0.7000000000000001,0.0,0.0,,,,adaptivity,,,,,,,,,,,,,,,,,,,,,,,,,,,,,,,,,,,,,,,,,,,,,,,,,,,
sci-e86ea8cb138a,rar_science,baseline,12.0,0.0,none,False,58.0,18.0,12.0,39.0,3.25,8.8,0.7333333333333334,0.0,0.0,,,,adaptivity,,,,,,,,,,,,,,,,,,,,,,,,,,,,,,,,,,,,,,,,,,,,,,,,,,,
sci-e86ea8cb138a,rar_science,agentic,6.0,0.0,none,False,58.0,18.0,6.0,14.0,2.3333333333333335,3.9,0.65,0.0,0.0,,,,adaptivity,,,,,,,,,,,,,,,,,,,,,,,,,,,,,,,,,,,,,,,,,,,,,,,,,,,
sci-e86ea8cb138a,rar_science,agentic-tools,14.0,0.0,none,False,58.0,18.0,14.0,37.0,2.642857142857143,9.7,0.6928571428571428,0.0,0.0,,,,adaptivity,,,,,,,,,,,,,,,,,,,,,,,,,,,,,,,,,,,,,,,,,,,,,,,,,,,
sci-045492df8b2b,rar_science,shipped,7.0,0.0,none,False,47.0,6.0,7.0,25.0,3.5714285714285716,4.6,0.6571428571428571,0.0,0.0,,,,adaptivity,,,,,,,,,,,,,,,,,,,,,,,,,,,,,,,,,,,,,,,,,,,,,,,,,,,
sci-045492df8b2b,rar_science,baseline,9.0,0.0,none,False,47.0,6.0,9.0,28.0,3.111111111111111,6.5,0.7222222222222222,0.0,0.0,,,,adaptivity,,,,,,,,,,,,,,,,,,,,,,,,,,,,,,,,,,,,,,,,,,,,,,,,,,,
sci-045492df8b2b,rar_science,agentic,9.0,0.0,none,False,47.0,6.0,9.0,28.0,3.111111111111111,5.6,0.6222222222222222,0.0,0.0,,,,adaptivity,,,,,,,,,,,,,,,,,,,,,,,,,,,,,,,,,,,,,,,,,,,,,,,,,,,
sci-045492df8b2b,rar_science,agentic-tools,13.0,0.0,none,False,47.0,6.0,13.0,37.0,2.8461538461538463,7.8,0.6,0.0,0.0,,,,adaptivity,,,,,,,,,,,,,,,,,,,,,,,,,,,,,,,,,,,,,,,,,,,,,,,,,,,
sci-180557220f0a,rar_science,shipped,7.0,0.0,none,False,51.0,81.0,7.0,25.0,3.5714285714285716,4.9,0.7000000000000001,0.0,0.0,,,,adaptivity,,,,,,,,,,,,,,,,,,,,,,,,,,,,,,,,,,,,,,,,,,,,,,,,,,,
sci-180557220f0a,rar_science,baseline,10.0,0.0,none,False,51.0,81.0,10.0,32.0,3.2,7.8,0.78,0.0,0.0,,,,adaptivity,,,,,,,,,,,,,,,,,,,,,,,,,,,,,,,,,,,,,,,,,,,,,,,,,,,
sci-180557220f0a,rar_science,agentic,7.0,0.0,none,False,51.0,81.0,7.0,24.0,3.4285714285714284,5.9,0.8428571428571429,0.0,0.0,,,,adaptivity,,,,,,,,,,,,,,,,,,,,,,,,,,,,,,,,,,,,,,,,,,,,,,,,,,,
sci-180557220f0a,rar_science,agentic-tools,16.0,0.0,none,False,51.0,81.0,16.0,48.0,3.0,12.299999999999999,0.7687499999999999,0.0,0.0,,,,adaptivity,,,,,,,,,,,,,,,,,,,,,,,,,,,,,,,,,,,,,,,,,,,,,,,,,,,
sci-256b4b58e6fc,rar_science,shipped,7.0,0.0,none,False,77.0,634.0,7.0,24.0,3.4285714285714284,4.9,0.7000000000000001,0.0,0.0,,,,adaptivity,,,,,,,,,,,,,,,,,,,,,,,,,,,,,,,,,,,,,,,,,,,,,,,,,,,
sci-256b4b58e6fc,rar_science,baseline,12.0,0.0,none,False,77.0,634.0,12.0,36.0,3.0,9.0,0.75,0.0,0.0,,,,adaptivity,,,,,,,,,,,,,,,,,,,,,,,,,,,,,,,,,,,,,,,,,,,,,,,,,,,
sci-256b4b58e6fc,rar_science,agentic,12.0,0.0,none,False,77.0,634.0,12.0,36.0,3.0,8.8,0.7333333333333334,0.0,0.0,,,,adaptivity,,,,,,,,,,,,,,,,,,,,,,,,,,,,,,,,,,,,,,,,,,,,,,,,,,,
sci-256b4b58e6fc,rar_science,agentic-tools,7.0,0.0,none,False,77.0,634.0,7.0,20.0,2.857142857142857,4.5,0.6428571428571429,0.0,0.0,,,,adaptivity,,,,,,,,,,,,,,,,,,,,,,,,,,,,,,,,,,,,,,,,,,,,,,,,,,,
sci-2892b69a6237,rar_science,shipped,8.0,0.0,none,False,35.0,29.0,8.0,28.0,3.5,5.6,0.7,0.0,0.0,,,,adaptivity,,,,,,,,,,,,,,,,,,,,,,,,,,,,,,,,,,,,,,,,,,,,,,,,,,,
sci-2892b69a6237,rar_science,baseline,11.0,0.0,none,False,35.0,29.0,11.0,35.0,3.1818181818181817,7.8999999999999995,0.7181818181818181,0.0,0.0,,,,adaptivity,,,,,,,,,,,,,,,,,,,,,,,,,,,,,,,,,,,,,,,,,,,,,,,,,,,
sci-2892b69a6237,rar_science,agentic,8.0,0.0,none,False,35.0,29.0,8.0,29.0,3.625,7.5,0.9375,0.0,0.0,,,,adaptivity,,,,,,,,,,,,,,,,,,,,,,,,,,,,,,,,,,,,,,,,,,,,,,,,,,,
sci-2892b69a6237,rar_science,agentic-tools,5.0,0.0,none,False,35.0,29.0,5.0,14.0,2.8,4.5,0.9,0.0,0.0,,,,adaptivity,,,,,,,,,,,,,,,,,,,,,,,,,,,,,,,,,,,,,,,,,,,,,,,,,,,
sci-2894a3c6c89c,rar_science,shipped,8.0,0.0,none,False,59.0,10.0,8.0,31.0,3.875,5.6,0.7,0.0,0.0,,,,adaptivity,,,,,,,,,,,,,,,,,,,,,,,,,,,,,,,,,,,,,,,,,,,,,,,,,,,
sci-2894a3c6c89c,rar_science,baseline,13.0,0.0,none,False,59.0,10.0,13.0,51.0,3.923076923076923,10.9,0.8384615384615385,0.0,0.0,,,,adaptivity,,,,,,,,,,,,,,,,,,,,,,,,,,,,,,,,,,,,,,,,,,,,,,,,,,,
sci-2894a3c6c89c,rar_science,agentic,6.0,0.0,none,False,59.0,10.0,6.0,14.0,2.3333333333333335,4.6,0.7666666666666666,0.0,0.0,,,,adaptivity,,,,,,,,,,,,,,,,,,,,,,,,,,,,,,,,,,,,,,,,,,,,,,,,,,,
sci-2894a3c6c89c,rar_science,agentic-tools,5.0,0.0,none,False,59.0,10.0,5.0,12.0,2.4,4.2,0.8400000000000001,0.0,0.0,,,,adaptivity,,,,,,,,,,,,,,,,,,,,,,,,,,,,,,,,,,,,,,,,,,,,,,,,,,,
sci-31945f4df73d,rar_science,shipped,7.0,0.0,none,False,37.0,66.0,7.0,28.0,4.0,5.6,0.7999999999999999,0.0,0.0,,,,adaptivity,,,,,,,,,,,,,,,,,,,,,,,,,,,,,,,,,,,,,,,,,,,,,,,,,,,
sci-31945f4df73d,rar_science,baseline,9.0,0.0,none,False,37.0,66.0,9.0,34.0,3.7777777777777777,7.5,0.8333333333333334,0.0,0.0,,,,adaptivity,,,,,,,,,,,,,,,,,,,,,,,,,,,,,,,,,,,,,,,,,,,,,,,,,,,
sci-31945f4df73d,rar_science,agentic,9.0,0.0,none,False,37.0,66.0,9.0,31.0,3.4444444444444446,6.8999999999999995,0.7666666666666666,0.0,0.0,,,,adaptivity,,,,,,,,,,,,,,,,,,,,,,,,,,,,,,,,,,,,,,,,,,,,,,,,,,,
sci-31945f4df73d,rar_science,agentic-tools,5.0,0.0,none,False,37.0,66.0,5.0,18.0,3.6,4.3,0.86,0.0,0.0,,,,adaptivity,,,,,,,,,,,,,,,,,,,,,,,,,,,,,,,,,,,,,,,,,,,,,,,,,,,
sci-3c61ccbecbf0,rar_science,shipped,7.0,0.0,none,False,60.0,24.0,7.0,25.0,3.5714285714285716,4.9,0.7000000000000001,0.0,0.0,,,,adaptivity,,,,,,,,,,,,,,,,,,,,,,,,,,,,,,,,,,,,,,,,,,,,,,,,,,,
sci-3c61ccbecbf0,rar_science,baseline,14.0,0.0,none,False,60.0,24.0,14.0,44.0,3.142857142857143,10.7,0.7642857142857142,0.0,0.0,,,,adaptivity,,,,,,,,,,,,,,,,,,,,,,,,,,,,,,,,,,,,,,,,,,,,,,,,,,,
sci-3c61ccbecbf0,rar_science,agentic,6.0,0.0,none,False,60.0,24.0,6.0,18.0,3.0,5.6,0.9333333333333332,0.0,0.0,,,,adaptivity,,,,,,,,,,,,,,,,,,,,,,,,,,,,,,,,,,,,,,,,,,,,,,,,,,,
sci-3c61ccbecbf0,rar_science,agentic-tools,4.0,0.0,none,False,60.0,24.0,4.0,10.0,2.5,2.9,0.725,0.0,0.0,,,,adaptivity,,,,,,,,,,,,,,,,,,,,,,,,,,,,,,,,,,,,,,,,,,,,,,,,,,,
sci-4043bf8ee284,rar_science,shipped,9.0,0.0,none,False,60.0,51.0,9.0,28.0,3.111111111111111,5.8999999999999995,0.6555555555555554,0.0,0.0,,,,adaptivity,,,,,,,,,,,,,,,,,,,,,,,,,,,,,,,,,,,,,,,,,,,,,,,,,,,
sci-4043bf8ee284,rar_science,baseline,10.0,0.0,none,False,60.0,51.0,10.0,36.0,3.6,7.8999999999999995,0.7899999999999999,0.0,0.0,,,,adaptivity,,,,,,,,,,,,,,,,,,,,,,,,,,,,,,,,,,,,,,,,,,,,,,,,,,,
sci-4043bf8ee284,rar_science,agentic,16.0,0.0,none,False,60.0,51.0,16.0,55.0,3.4375,13.4,0.8375,0.0,0.0,,,,adaptivity,,,,,,,,,,,,,,,,,,,,,,,,,,,,,,,,,,,,,,,,,,,,,,,,,,,
sci-4043bf8ee284,rar_science,agentic-tools,6.0,0.0,none,False,60.0,51.0,6.0,18.0,3.0,5.4,0.9,0.0,0.0,,,,adaptivity,,,,,,,,,,,,,,,,,,,,,,,,,,,,,,,,,,,,,,,,,,,,,,,,,,,
sci-42ea0adaccfd,rar_science,shipped,7.0,0.0,none,False,60.0,42.0,7.0,25.0,3.5714285714285716,4.6,0.6571428571428571,0.0,0.0,,,,adaptivity,,,,,,,,,,,,,,,,,,,,,,,,,,,,,,,,,,,,,,,,,,,,,,,,,,,
sci-42ea0adaccfd,rar_science,baseline,9.0,0.0,none,False,60.0,42.0,9.0,30.0,3.3333333333333335,6.5,0.7222222222222222,0.0,0.0,,,,adaptivity,,,,,,,,,,,,,,,,,,,,,,,,,,,,,,,,,,,,,,,,,,,,,,,,,,,
sci-42ea0adaccfd,rar_science,agentic,6.0,0.0,none,False,60.0,42.0,6.0,19.0,3.1666666666666665,4.8,0.7999999999999999,0.0,0.0,,,,adaptivity,,,,,,,,,,,,,,,,,,,,,,,,,,,,,,,,,,,,,,,,,,,,,,,,,,,
sci-42ea0adaccfd,rar_science,agentic-tools,6.0,0.0,none,False,60.0,42.0,6.0,18.0,3.0,5.4,0.9,0.0,0.0,,,,adaptivity,,,,,,,,,,,,,,,,,,,,,,,,,,,,,,,,,,,,,,,,,,,,,,,,,,,
sci-4374acc76fa7,rar_science,shipped,7.0,0.0,none,False,43.0,19.0,7.0,27.0,3.857142857142857,4.9,0.7000000000000001,0.0,0.0,,,,adaptivity,,,,,,,,,,,,,,,,,,,,,,,,,,,,,,,,,,,,,,,,,,,,,,,,,,,
sci-4374acc76fa7,rar_science,baseline,11.0,0.0,none,False,43.0,19.0,11.0,35.0,3.1818181818181817,7.8999999999999995,0.7181818181818181,0.0,0.0,,,,adaptivity,,,,,,,,,,,,,,,,,,,,,,,,,,,,,,,,,,,,,,,,,,,,,,,,,,,
sci-4374acc76fa7,rar_science,agentic,15.0,0.0,none,False,43.0,19.0,15.0,49.0,3.2666666666666666,11.1,0.74,0.0,0.0,,,,adaptivity,,,,,,,,,,,,,,,,,,,,,,,,,,,,,,,,,,,,,,,,,,,,,,,,,,,
sci-4374acc76fa7,rar_science,agentic-tools,15.0,0.0,none,False,43.0,19.0,15.0,43.0,2.8666666666666667,10.9,0.7266666666666667,0.0,0.0,,,,adaptivity,,,,,,,,,,,,,,,,,,,,,,,,,,,,,,,,,,,,,,,,,,,,,,,,,,,
sci-4ff615cd292d,rar_science,shipped,7.0,0.0,none,False,39.0,25.0,7.0,24.0,3.4285714285714284,4.9,0.7000000000000001,0.0,0.0,,,,adaptivity,,,,,,,,,,,,,,,,,,,,,,,,,,,,,,,,,,,,,,,,,,,,,,,,,,,
sci-4ff615cd292d,rar_science,baseline,8.0,0.0,none,False,39.0,25.0,8.0,32.0,4.0,7.2,0.9,0.0,0.0,,,,adaptivity,,,,,,,,,,,,,,,,,,,,,,,,,,,,,,,,,,,,,,,,,,,,,,,,,,,
sci-4ff615cd292d,rar_science,agentic,6.0,0.0,none,False,39.0,25.0,6.0,22.0,3.6666666666666665,5.6,0.9333333333333332,0.0,0.0,,,,adaptivity,,,,,,,,,,,,,,,,,,,,,,,,,,,,,,,,,,,,,,,,,,,,,,,,,,,
sci-4ff615cd292d,rar_science,agentic-tools,5.0,0.0,none,False,39.0,25.0,5.0,15.0,3.0,3.4,0.6799999999999999,0.0,0.0,,,,adaptivity,,,,,,,,,,,,,,,,,,,,,,,,,,,,,,,,,,,,,,,,,,,,,,,,,,,
sci-51a643fb0239,rar_science,shipped,7.0,0.0,none,False,45.0,51.0,7.0,30.0,4.285714285714286,5.3999999999999995,0.7714285714285714,0.0,0.0,,,,adaptivity,,,,,,,,,,,,,,,,,,,,,,,,,,,,,,,,,,,,,,,,,,,,,,,,,,,
sci-51a643fb0239,rar_science,baseline,9.0,0.0,none,False,45.0,51.0,9.0,30.0,3.3333333333333335,7.2,0.8,0.0,0.0,,,,adaptivity,,,,,,,,,,,,,,,,,,,,,,,,,,,,,,,,,,,,,,,,,,,,,,,,,,,
sci-51a643fb0239,rar_science,agentic,6.0,0.0,none,False,45.0,51.0,6.0,23.0,3.8333333333333335,4.7,0.7833333333333333,0.0,0.0,,,,adaptivity,,,,,,,,,,,,,,,,,,,,,,,,,,,,,,,,,,,,,,,,,,,,,,,,,,,
sci-51a643fb0239,rar_science,agentic-tools,6.0,0.0,none,False,45.0,51.0,6.0,22.0,3.6666666666666665,4.5,0.75,0.0,0.0,,,,adaptivity,,,,,,,,,,,,,,,,,,,,,,,,,,,,,,,,,,,,,,,,,,,,,,,,,,,
sci-59e13b52684e,rar_science,shipped,8.0,0.0,none,False,38.0,56.0,8.0,30.0,3.75,5.6,0.7,0.0,0.0,,,,adaptivity,,,,,,,,,,,,,,,,,,,,,,,,,,,,,,,,,,,,,,,,,,,,,,,,,,,
sci-59e13b52684e,rar_science,baseline,10.0,0.0,none,False,38.0,56.0,10.0,35.0,3.5,7.3,0.73,0.0,0.0,,,,adaptivity,,,,,,,,,,,,,,,,,,,,,,,,,,,,,,,,,,,,,,,,,,,,,,,,,,,
sci-59e13b52684e,rar_science,agentic,6.0,0.0,none,False,38.0,56.0,6.0,21.0,3.5,5.1,0.85,0.0,0.0,,,,adaptivity,,,,,,,,,,,,,,,,,,,,,,,,,,,,,,,,,,,,,,,,,,,,,,,,,,,
sci-59e13b52684e,rar_science,agentic-tools,5.0,0.0,none,False,38.0,56.0,5.0,14.0,2.8,4.4,0.8800000000000001,0.0,0.0,,,,adaptivity,,,,,,,,,,,,,,,,,,,,,,,,,,,,,,,,,,,,,,,,,,,,,,,,,,,
sci-7232a342c126,rar_science,shipped,7.0,0.0,none,False,51.0,18.0,7.0,26.0,3.7142857142857144,5.3,0.7571428571428571,0.0,0.0,,,,adaptivity,,,,,,,,,,,,,,,,,,,,,,,,,,,,,,,,,,,,,,,,,,,,,,,,,,,
sci-7232a342c126,rar_science,baseline,13.0,0.0,none,False,51.0,18.0,13.0,40.0,3.076923076923077,9.5,0.7307692307692307,0.0,0.0,,,,adaptivity,,,,,,,,,,,,,,,,,,,,,,,,,,,,,,,,,,,,,,,,,,,,,,,,,,,
sci-7232a342c126,rar_science,agentic,16.0,0.0,none,False,51.0,18.0,16.0,49.0,3.0625,11.6,0.725,0.0,0.0,,,,adaptivity,,,,,,,,,,,,,,,,,,,,,,,,,,,,,,,,,,,,,,,,,,,,,,,,,,,
sci-7232a342c126,rar_science,agentic-tools,5.0,0.0,none,False,51.0,18.0,5.0,16.0,3.2,4.0,0.8,0.0,0.0,,,,adaptivity,,,,,,,,,,,,,,,,,,,,,,,,,,,,,,,,,,,,,,,,,,,,,,,,,,,
sci-774dda56a4b0,rar_science,shipped,7.0,0.0,none,False,74.0,26.0,7.0,25.0,3.5714285714285716,4.3,0.6142857142857142,0.0,0.0,,,,adaptivity,,,,,,,,,,,,,,,,,,,,,,,,,,,,,,,,,,,,,,,,,,,,,,,,,,,
sci-774dda56a4b0,rar_science,baseline,10.0,0.0,none,False,74.0,26.0,10.0,32.0,3.2,7.7,0.77,0.0,0.0,,,,adaptivity,,,,,,,,,,,,,,,,,,,,,,,,,,,,,,,,,,,,,,,,,,,,,,,,,,,
sci-774dda56a4b0,rar_science,agentic,6.0,0.0,none,False,74.0,26.0,6.0,21.0,3.5,5.5,0.9166666666666666,0.0,0.0,,,,adaptivity,,,,,,,,,,,,,,,,,,,,,,,,,,,,,,,,,,,,,,,,,,,,,,,,,,,
sci-774dda56a4b0,rar_science,agentic-tools,16.0,0.0,none,False,74.0,26.0,16.0,46.0,2.875,11.4,0.7125,0.0,0.0,,,,adaptivity,,,,,,,,,,,,,,,,,,,,,,,,,,,,,,,,,,,,,,,,,,,,,,,,,,,
sci-87fc64569182,rar_science,shipped,7.0,0.0,none,False,30.0,31.0,7.0,28.0,4.0,4.7,0.6714285714285715,0.0,0.0,,,,adaptivity,,,,,,,,,,,,,,,,,,,,,,,,,,,,,,,,,,,,,,,,,,,,,,,,,,,
sci-87fc64569182,rar_science,baseline,7.0,0.0,none,False,30.0,31.0,7.0,21.0,3.0,5.2,0.7428571428571429,0.0,0.0,,,,adaptivity,,,,,,,,,,,,,,,,,,,,,,,,,,,,,,,,,,,,,,,,,,,,,,,,,,,
sci-87fc64569182,rar_science,agentic,6.0,0.0,none,False,30.0,31.0,6.0,23.0,3.8333333333333335,5.0,0.8333333333333334,0.0,0.0,,,,adaptivity,,,,,,,,,,,,,,,,,,,,,,,,,,,,,,,,,,,,,,,,,,,,,,,,,,,
sci-87fc64569182,rar_science,agentic-tools,6.0,0.0,none,False,30.0,31.0,6.0,12.0,2.0,4.9,0.8166666666666668,0.0,0.0,,,,adaptivity,,,,,,,,,,,,,,,,,,,,,,,,,,,,,,,,,,,,,,,,,,,,,,,,,,,
sci-8af1844cfb27,rar_science,shipped,8.0,0.0,none,False,101.0,143.0,8.0,31.0,3.875,5.6,0.7,0.0,0.0,,,,adaptivity,,,,,,,,,,,,,,,,,,,,,,,,,,,,,,,,,,,,,,,,,,,,,,,,,,,
sci-8af1844cfb27,rar_science,baseline,11.0,0.0,none,False,101.0,143.0,11.0,47.0,4.2727272727272725,10.0,0.9090909090909091,0.0,0.0,,,,adaptivity,,,,,,,,,,,,,,,,,,,,,,,,,,,,,,,,,,,,,,,,,,,,,,,,,,,
sci-8af1844cfb27,rar_science,agentic,10.0,0.0,none,False,101.0,143.0,10.0,34.0,3.4,8.7,0.8699999999999999,0.0,0.0,,,,adaptivity,,,,,,,,,,,,,,,,,,,,,,,,,,,,,,,,,,,,,,,,,,,,,,,,,,,
sci-8af1844cfb27,rar_science,agentic-tools,13.0,0.0,none,False,101.0,143.0,13.0,45.0,3.4615384615384617,10.2,0.7846153846153846,0.0,0.0,,,,adaptivity,,,,,,,,,,,,,,,,,,,,,,,,,,,,,,,,,,,,,,,,,,,,,,,,,,,
sci-a8cd6180f491,rar_science,shipped,7.0,0.0,none,False,29.0,30.0,7.0,24.0,3.4285714285714284,5.0,0.7142857142857143,0.0,0.0,,,,adaptivity,,,,,,,,,,,,,,,,,,,,,,,,,,,,,,,,,,,,,,,,,,,,,,,,,,,
sci-a8cd6180f491,rar_science,baseline,8.0,0.0,none,False,29.0,30.0,8.0,25.0,3.125,6.2,0.775,0.0,0.0,,,,adaptivity,,,,,,,,,,,,,,,,,,,,,,,,,,,,,,,,,,,,,,,,,,,,,,,,,,,
sci-a8cd6180f491,rar_science,agentic,9.0,0.0,none,False,29.0,30.0,9.0,31.0,3.4444444444444446,6.8999999999999995,0.7666666666666666,0.0,0.0,,,,adaptivity,,,,,,,,,,,,,,,,,,,,,,,,,,,,,,,,,,,,,,,,,,,,,,,,,,,
sci-a8cd6180f491,rar_science,agentic-tools,7.0,0.0,none,False,29.0,30.0,7.0,22.0,3.142857142857143,5.9,0.8428571428571429,0.0,0.0,,,,adaptivity,,,,,,,,,,,,,,,,,,,,,,,,,,,,,,,,,,,,,,,,,,,,,,,,,,,
sci-acc5a4fc4c49,rar_science,shipped,8.0,0.0,none,False,28.0,29.0,8.0,34.0,4.25,6.6,0.825,0.0,0.0,,,,adaptivity,,,,,,,,,,,,,,,,,,,,,,,,,,,,,,,,,,,,,,,,,,,,,,,,,,,
sci-acc5a4fc4c49,rar_science,baseline,14.0,0.0,none,False,28.0,29.0,14.0,49.0,3.5,11.2,0.7999999999999999,0.0,0.0,,,,adaptivity,,,,,,,,,,,,,,,,,,,,,,,,,,,,,,,,,,,,,,,,,,,,,,,,,,,
sci-acc5a4fc4c49,rar_science,agentic,14.0,0.0,none,False,28.0,29.0,14.0,56.0,4.0,11.799999999999999,0.8428571428571427,0.0,0.0,,,,adaptivity,,,,,,,,,,,,,,,,,,,,,,,,,,,,,,,,,,,,,,,,,,,,,,,,,,,
sci-acc5a4fc4c49,rar_science,agentic-tools,14.0,0.0,none,False,28.0,29.0,14.0,51.0,3.642857142857143,10.0,0.7142857142857143,0.0,0.0,,,,adaptivity,,,,,,,,,,,,,,,,,,,,,,,,,,,,,,,,,,,,,,,,,,,,,,,,,,,
sci-b9f57b678ecc,rar_science,shipped,7.0,0.0,none,False,52.0,18.0,7.0,26.0,3.7142857142857144,4.9,0.7000000000000001,0.0,0.0,,,,adaptivity,,,,,,,,,,,,,,,,,,,,,,,,,,,,,,,,,,,,,,,,,,,,,,,,,,,
sci-b9f57b678ecc,rar_science,baseline,12.0,0.0,none,False,52.0,18.0,12.0,37.0,3.0833333333333335,9.0,0.75,0.0,0.0,,,,adaptivity,,,,,,,,,,,,,,,,,,,,,,,,,,,,,,,,,,,,,,,,,,,,,,,,,,,
sci-b9f57b678ecc,rar_science,agentic,15.0,0.0,none,False,52.0,18.0,15.0,47.0,3.1333333333333333,10.4,0.6933333333333334,0.0,0.0,,,,adaptivity,,,,,,,,,,,,,,,,,,,,,,,,,,,,,,,,,,,,,,,,,,,,,,,,,,,
sci-b9f57b678ecc,rar_science,agentic-tools,15.0,0.0,none,False,52.0,18.0,15.0,54.0,3.6,11.0,0.7333333333333333,0.0,0.0,,,,adaptivity,,,,,,,,,,,,,,,,,,,,,,,,,,,,,,,,,,,,,,,,,,,,,,,,,,,
sci-be1b014411ab,rar_science,shipped,8.0,0.0,none,False,133.0,15.0,8.0,30.0,3.75,5.9,0.7375,0.0,0.0,,,,adaptivity,,,,,,,,,,,,,,,,,,,,,,,,,,,,,,,,,,,,,,,,,,,,,,,,,,,
sci-be1b014411ab,rar_science,baseline,16.0,0.0,none,False,133.0,15.0,16.0,49.0,3.0625,11.799999999999999,0.7374999999999999,0.0,0.0,,,,adaptivity,,,,,,,,,,,,,,,,,,,,,,,,,,,,,,,,,,,,,,,,,,,,,,,,,,,
sci-be1b014411ab,rar_science,agentic,15.0,0.0,none,False,133.0,15.0,15.0,34.0,2.2666666666666666,8.799999999999999,0.5866666666666666,0.0,0.0,,,,adaptivity,,,,,,,,,,,,,,,,,,,,,,,,,,,,,,,,,,,,,,,,,,,,,,,,,,,
sci-be1b014411ab,rar_science,agentic-tools,11.0,0.0,none,False,133.0,15.0,11.0,34.0,3.090909090909091,9.8,0.890909090909091,0.0,0.0,,,,adaptivity,,,,,,,,,,,,,,,,,,,,,,,,,,,,,,,,,,,,,,,,,,,,,,,,,,,
sci-c23a2106d46f,rar_science,shipped,7.0,0.0,none,False,11.0,58.0,7.0,24.0,3.4285714285714284,4.9,0.7000000000000001,0.0,0.0,,,,adaptivity,,,,,,,,,,,,,,,,,,,,,,,,,,,,,,,,,,,,,,,,,,,,,,,,,,,
sci-c23a2106d46f,rar_science,baseline,9.0,0.0,none,False,11.0,58.0,9.0,25.0,2.7777777777777777,6.7,0.7444444444444445,0.0,0.0,,,,adaptivity,,,,,,,,,,,,,,,,,,,,,,,,,,,,,,,,,,,,,,,,,,,,,,,,,,,
sci-c23a2106d46f,rar_science,agentic,12.0,0.0,none,False,11.0,58.0,12.0,39.0,3.25,9.5,0.7916666666666666,0.0,0.0,,,,adaptivity,,,,,,,,,,,,,,,,,,,,,,,,,,,,,,,,,,,,,,,,,,,,,,,,,,,
sci-c23a2106d46f,rar_science,agentic-tools,9.0,0.0,none,False,11.0,58.0,9.0,29.0,3.2222222222222223,6.8999999999999995,0.7666666666666666,0.0,0.0,,,,adaptivity,,,,,,,,,,,,,,,,,,,,,,,,,,,,,,,,,,,,,,,,,,,,,,,,,,,
sci-d1dec685a824,rar_science,shipped,7.0,0.0,none,False,30.0,32.0,7.0,27.0,3.857142857142857,5.6,0.7999999999999999,0.0,0.0,,,,adaptivity,,,,,,,,,,,,,,,,,,,,,,,,,,,,,,,,,,,,,,,,,,,,,,,,,,,
sci-d1dec685a824,rar_science,baseline,10.0,0.0,none,False,30.0,32.0,10.0,34.0,3.4,8.2,0.82,0.0,0.0,,,,adaptivity,,,,,,,,,,,,,,,,,,,,,,,,,,,,,,,,,,,,,,,,,,,,,,,,,,,
sci-d1dec685a824,rar_science,agentic,7.0,0.0,none,False,30.0,32.0,7.0,28.0,4.0,6.3,0.9,0.0,0.0,,,,adaptivity,,,,,,,,,,,,,,,,,,,,,,,,,,,,,,,,,,,,,,,,,,,,,,,,,,,
sci-d1dec685a824,rar_science,agentic-tools,7.0,0.0,none,False,30.0,32.0,7.0,21.0,3.0,6.5,0.9285714285714286,0.0,0.0,,,,adaptivity,,,,,,,,,,,,,,,,,,,,,,,,,,,,,,,,,,,,,,,,,,,,,,,,,,,
sci-da510f1356cb,rar_science,shipped,7.0,0.0,none,False,41.0,29.0,7.0,23.0,3.2857142857142856,4.9,0.7000000000000001,0.0,0.0,,,,adaptivity,,,,,,,,,,,,,,,,,,,,,,,,,,,,,,,,,,,,,,,,,,,,,,,,,,,
sci-da510f1356cb,rar_science,baseline,12.0,0.0,none,False,41.0,29.0,12.0,38.0,3.1666666666666665,9.1,0.7583333333333333,0.0,0.0,,,,adaptivity,,,,,,,,,,,,,,,,,,,,,,,,,,,,,,,,,,,,,,,,,,,,,,,,,,,
sci-da510f1356cb,rar_science,agentic,12.0,0.0,none,False,41.0,29.0,12.0,36.0,3.0,9.799999999999999,0.8166666666666665,0.0,0.0,,,,adaptivity,,,,,,,,,,,,,,,,,,,,,,,,,,,,,,,,,,,,,,,,,,,,,,,,,,,
sci-da510f1356cb,rar_science,agentic-tools,6.0,0.0,none,False,41.0,29.0,6.0,15.0,2.5,4.3999999999999995,0.7333333333333333,0.0,0.0,,,,adaptivity,,,,,,,,,,,,,,,,,,,,,,,,,,,,,,,,,,,,,,,,,,,,,,,,,,,
sci-da7d555f397b,rar_science,shipped,7.0,0.0,none,False,45.0,43.0,7.0,26.0,3.7142857142857144,4.9,0.7000000000000001,0.0,0.0,,,,adaptivity,,,,,,,,,,,,,,,,,,,,,,,,,,,,,,,,,,,,,,,,,,,,,,,,,,,
sci-da7d555f397b,rar_science,baseline,9.0,0.0,none,False,45.0,43.0,9.0,28.0,3.111111111111111,5.6,0.6222222222222222,0.0,0.0,,,,adaptivity,,,,,,,,,,,,,,,,,,,,,,,,,,,,,,,,,,,,,,,,,,,,,,,,,,,
sci-da7d555f397b,rar_science,agentic,8.0,0.0,none,False,45.0,43.0,8.0,31.0,3.875,7.2,0.9,0.0,0.0,,,,adaptivity,,,,,,,,,,,,,,,,,,,,,,,,,,,,,,,,,,,,,,,,,,,,,,,,,,,
sci-da7d555f397b,rar_science,agentic-tools,15.0,0.0,none,False,45.0,43.0,15.0,53.0,3.533333333333333,11.9,0.7933333333333333,0.0,0.0,,,,adaptivity,,,,,,,,,,,,,,,,,,,,,,,,,,,,,,,,,,,,,,,,,,,,,,,,,,,
sci-e12680ade60e,rar_science,shipped,9.0,0.0,none,False,116.0,249.0,9.0,34.0,3.7777777777777777,6.6,0.7333333333333333,0.0,0.0,,,,adaptivity,,,,,,,,,,,,,,,,,,,,,,,,,,,,,,,,,,,,,,,,,,,,,,,,,,,
sci-e12680ade60e,rar_science,baseline,11.0,0.0,none,False,116.0,249.0,11.0,38.0,3.4545454545454546,8.8,0.8,0.0,0.0,,,,adaptivity,,,,,,,,,,,,,,,,,,,,,,,,,,,,,,,,,,,,,,,,,,,,,,,,,,,
sci-e12680ade60e,rar_science,agentic,12.0,0.0,none,False,116.0,249.0,12.0,40.0,3.3333333333333335,11.0,0.9166666666666666,0.0,0.0,,,,adaptivity,,,,,,,,,,,,,,,,,,,,,,,,,,,,,,,,,,,,,,,,,,,,,,,,,,,
sci-e12680ade60e,rar_science,agentic-tools,12.0,0.0,none,False,116.0,249.0,12.0,45.0,3.75,9.1,0.7583333333333333,0.0,0.0,,,,adaptivity,,,,,,,,,,,,,,,,,,,,,,,,,,,,,,,,,,,,,,,,,,,,,,,,,,,
sci-e74b83fd436a,rar_science,shipped,7.0,0.0,none,False,12.0,154.0,7.0,31.0,4.428571428571429,5.3999999999999995,0.7714285714285714,0.0,0.0,,,,adaptivity,,,,,,,,,,,,,,,,,,,,,,,,,,,,,,,,,,,,,,,,,,,,,,,,,,,
sci-e74b83fd436a,rar_science,baseline,9.0,0.0,none,False,12.0,154.0,9.0,35.0,3.888888888888889,7.3,0.8111111111111111,0.0,0.0,,,,adaptivity,,,,,,,,,,,,,,,,,,,,,,,,,,,,,,,,,,,,,,,,,,,,,,,,,,,
sci-e74b83fd436a,rar_science,agentic,15.0,0.0,none,False,12.0,154.0,15.0,52.0,3.466666666666667,13.2,0.88,0.0,0.0,,,,adaptivity,,,,,,,,,,,,,,,,,,,,,,,,,,,,,,,,,,,,,,,,,,,,,,,,,,,
sci-e74b83fd436a,rar_science,agentic-tools,16.0,0.0,none,False,12.0,154.0,16.0,53.0,3.3125,13.3,0.83125,0.0,0.0,,,,adaptivity,,,,,,,,,,,,,,,,,,,,,,,,,,,,,,,,,,,,,,,,,,,,,,,,,,,
sci-ea25bcc0bf72,rar_science,shipped,7.0,0.0,none,False,19.0,25.0,7.0,27.0,3.857142857142857,5.6,0.7999999999999999,0.0,0.0,,,,adaptivity,,,,,,,,,,,,,,,,,,,,,,,,,,,,,,,,,,,,,,,,,,,,,,,,,,,
sci-ea25bcc0bf72,rar_science,baseline,7.0,0.0,none,False,19.0,25.0,7.0,24.0,3.4285714285714284,5.6,0.7999999999999999,0.0,0.0,,,,adaptivity,,,,,,,,,,,,,,,,,,,,,,,,,,,,,,,,,,,,,,,,,,,,,,,,,,,
sci-ea25bcc0bf72,rar_science,agentic,8.0,0.0,none,False,19.0,25.0,8.0,31.0,3.875,7.5,0.9375,0.0,0.0,,,,adaptivity,,,,,,,,,,,,,,,,,,,,,,,,,,,,,,,,,,,,,,,,,,,,,,,,,,,
sci-ea25bcc0bf72,rar_science,agentic-tools,7.0,0.0,none,False,19.0,25.0,7.0,23.0,3.2857142857142856,6.2,0.8857142857142858,0.0,0.0,,,,adaptivity,,,,,,,,,,,,,,,,,,,,,,,,,,,,,,,,,,,,,,,,,,,,,,,,,,,
sci-eca9a0437743,rar_science,shipped,7.0,0.0,none,False,30.0,11.0,7.0,29.0,4.142857142857143,6.0,0.8571428571428571,0.0,0.0,,,,adaptivity,,,,,,,,,,,,,,,,,,,,,,,,,,,,,,,,,,,,,,,,,,,,,,,,,,,
sci-eca9a0437743,rar_science,baseline,10.0,0.0,none,False,30.0,11.0,10.0,36.0,3.6,8.6,0.86,0.0,0.0,,,,adaptivity,,,,,,,,,,,,,,,,,,,,,,,,,,,,,,,,,,,,,,,,,,,,,,,,,,,
sci-eca9a0437743,rar_science,agentic,16.0,0.0,none,False,30.0,11.0,16.0,50.0,3.125,11.4,0.7125,0.0,0.0,,,,adaptivity,,,,,,,,,,,,,,,,,,,,,,,,,,,,,,,,,,,,,,,,,,,,,,,,,,,
sci-eca9a0437743,rar_science,agentic-tools,16.0,0.0,none,False,30.0,11.0,16.0,53.0,3.3125,12.6,0.7875,0.0,0.0,,,,adaptivity,,,,,,,,,,,,,,,,,,,,,,,,,,,,,,,,,,,,,,,,,,,,,,,,,,,
sci-f6b7d71c6b3c,rar_science,shipped,7.0,0.0,none,False,71.0,21.0,7.0,29.0,4.142857142857143,5.9,0.8428571428571429,0.0,0.0,,,,adaptivity,,,,,,,,,,,,,,,,,,,,,,,,,,,,,,,,,,,,,,,,,,,,,,,,,,,
sci-f6b7d71c6b3c,rar_science,baseline,15.0,0.0,none,False,71.0,21.0,15.0,53.0,3.533333333333333,12.9,0.86,0.0,0.0,,,,adaptivity,,,,,,,,,,,,,,,,,,,,,,,,,,,,,,,,,,,,,,,,,,,,,,,,,,,
sci-f6b7d71c6b3c,rar_science,agentic,16.0,0.0,none,False,71.0,21.0,16.0,63.0,3.9375,12.799999999999999,0.7999999999999999,0.0,0.0,,,,adaptivity,,,,,,,,,,,,,,,,,,,,,,,,,,,,,,,,,,,,,,,,,,,,,,,,,,,
sci-f6b7d71c6b3c,rar_science,agentic-tools,15.0,0.0,none,False,71.0,21.0,15.0,53.0,3.533333333333333,12.6,0.84,0.0,0.0,,,,adaptivity,,,,,,,,,,,,,,,,,,,,,,,,,,,,,,,,,,,,,,,,,,,,,,,,,,,
sci-f6b96b82605e,rar_science,shipped,7.0,0.0,none,False,23.0,6.0,7.0,23.0,3.2857142857142856,4.9,0.7000000000000001,0.0,0.0,,,,adaptivity,,,,,,,,,,,,,,,,,,,,,,,,,,,,,,,,,,,,,,,,,,,,,,,,,,,
sci-f6b96b82605e,rar_science,baseline,7.0,0.0,none,False,23.0,6.0,7.0,25.0,3.5714285714285716,5.9,0.8428571428571429,0.0,0.0,,,,adaptivity,,,,,,,,,,,,,,,,,,,,,,,,,,,,,,,,,,,,,,,,,,,,,,,,,,,
sci-f6b96b82605e,rar_science,agentic,8.0,0.0,none,False,23.0,6.0,8.0,24.0,3.0,6.9,0.8625,0.0,0.0,,,,adaptivity,,,,,,,,,,,,,,,,,,,,,,,,,,,,,,,,,,,,,,,,,,,,,,,,,,,
sci-f6b96b82605e,rar_science,agentic-tools,7.0,0.0,none,False,23.0,6.0,7.0,22.0,3.142857142857143,5.6,0.7999999999999999,0.0,0.0,,,,adaptivity,,,,,,,,,,,,,,,,,,,,,,,,,,,,,,,,,,,,,,,,,,,,,,,,,,,
sci-f83b10fdfa1f,rar_science,shipped,8.0,4.0,subquestions,False,117.0,120.0,2.0,30.0,3.75,5.9,0.7375,4.0,0.0,0.0,0.46336106870042637,,adaptivity,,,,,,,,,,,,,,,,,,,,,,,,,,,,,,,,,,,,,,,,,,,,,,,,,,,
sci-f83b10fdfa1f,rar_science,baseline,10.0,4.0,subquestions,False,117.0,120.0,2.5,41.0,4.1,9.2,0.9199999999999999,4.0,0.0,0.0,0.4702961712970666,,adaptivity,,,,,,,,,,,,,,,,,,,,,,,,,,,,,,,,,,,,,,,,,,,,,,,,,,,
sci-f83b10fdfa1f,rar_science,agentic,10.0,4.0,subquestions,False,117.0,120.0,2.5,35.0,3.5,8.5,0.85,4.0,0.0,0.0,0.46835057516065903,,adaptivity,,,,,,,,,,,,,,,,,,,,,,,,,,,,,,,,,,,,,,,,,,,,,,,,,,,
sci-f83b10fdfa1f,rar_science,agentic-tools,15.0,4.0,subquestions,False,117.0,120.0,3.75,54.0,3.6,12.9,0.86,4.0,0.0,0.0,0.5748330183930327,,adaptivity,,,,,,,,,,,,,,,,,,,,,,,,,,,,,,,,,,,,,,,,,,,,,,,,,,,
med-02a8056b1d15,rar_medicine,shipped,,,,,62.0,90.0,,,,,,,,,,,grounding,10.0,25.0,0.2,1.0,0.8,0.14705882352941177,0.12987012987012986,2.0,0.2,0.0,0.0,4.0,0.1,0.1,0.1,0.1,0.1,0.058823529411764705,0.03896103896103896,0.15523809523809523,0.1,0.2,0.06785714285714287,2.0,10.0,,,,,,,,,,,,,,,,,,,,,,,,,,
med-02a8056b1d15,rar_medicine,baseline,,,,,62.0,90.0,,,,,,,,,,,grounding,7.0,25.0,0.0,1.0,1.0,0.0,0.0,2.857142857142857,0.2857142857142857,0.0,0.0,1.0,0.0,0.0,0.0,0.0,0.0,0.0,0.0,0.24285714285714285,0.14285714285714285,0.2857142857142857,0.0,0.0,7.0,,,,,,,,,,,,,,,,,,,,,,,,,,
med-02a8056b1d15,rar_medicine,agentic,,,,,62.0,90.0,,,,,,,,,,,grounding,10.0,25.0,0.0,1.0,1.0,0.0,0.0,2.5,0.4,0.0,0.0,1.0,0.0,0.0,0.0,0.0,0.0,0.0,0.0,0.21805555555555553,0.2,0.2,0.03333333333333333,0.0,10.0,,,,,,,,,,,,,,,,,,,,,,,,,,
med-02a8056b1d15,rar_medicine,agentic-tools,,,,,62.0,90.0,,,,,,,,,,,grounding,11.0,25.0,0.0,1.0,1.0,0.0,0.0,2.4545454545454546,0.2727272727272727,0.0,0.0,1.0,0.0,0.0,0.0,0.0,0.0,0.0,0.0,0.1800865800865801,0.09090909090909091,0.2727272727272727,0.0,0.0,11.0,,,,,,,,,,,,,,,,,,,,,,,,,,
med-27bf6ad66800,rar_medicine,shipped,,,,,175.0,65.0,,,,,,,,,,,grounding,10.0,61.0,0.2,1.0,0.8,0.10344827586206896,0.17647058823529413,1.7,0.4,0.0,0.0,2.0,0.1,0.0,0.1,0.1,0.0,0.10344827586206896,0.10294117647058823,0.075,0.1,0.1,0.0,2.0,10.0,,,,,,,,,,,,,,,,,,,,,,,,,,
med-27bf6ad66800,rar_medicine,baseline,,,,,175.0,65.0,,,,,,,,,,,grounding,10.0,61.0,0.3,0.9,0.6000000000000001,0.26666666666666666,0.2857142857142857,2.4,0.3,0.1,0.1,13.0,0.2,0.2,0.2,0.3,0.2,0.3,0.2857142857142857,0.050793650793650794,0.0,0.0,0.016666666666666666,3.0,10.0,,,,,,,,,,,,,,,,,,,,,,,,,,
med-27bf6ad66800,rar_medicine,agentic,,,,,175.0,65.0,,,,,,,,,,,grounding,12.0,61.0,0.0,0.9166666666666666,0.9166666666666666,0.0,0.0,3.5833333333333335,0.08333333333333333,0.0,0.0,1.0,0.0,0.08333333333333333,0.0,0.08333333333333333,0.0,0.05555555555555555,0.03614457831325301,0.04834656084656084,0.0,0.0,0.030723905723905723,0.0,12.0,,,,,,,,,,,,,,,,,,,,,,,,,,
med-27bf6ad66800,rar_medicine,agentic-tools,,,,,175.0,65.0,,,,,,,,,,,grounding,9.0,61.0,0.0,0.8888888888888888,0.8888888888888888,0.0,0.0,3.3333333333333335,0.0,0.0,0.0,1.0,0.0,0.0,0.0,0.0,0.0,0.0,0.0,0.05489417989417989,0.0,0.0,0.03439153439153439,0.0,9.0,,,,,,,,,,,,,,,,,,,,,,,,,,
med-3e58d5c52834,rar_medicine,shipped,,,,,15.0,140.0,,,,,,,,,,,grounding,10.0,43.0,0.2,0.9,0.7,0.1724137931034483,0.23529411764705882,2.3,0.3,0.0,0.0,1.0,0.0,0.5,0.0,0.5,0.2,0.5172413793103449,0.6176470588235293,0.1636904761904762,0.1,0.3,0.016666666666666666,2.0,10.0,,,,,,,,,,,,,,,,,,,,,,,,,,
med-3e58d5c52834,rar_medicine,baseline,,,,,15.0,140.0,,,,,,,,,,,grounding,8.0,43.0,0.0,1.0,1.0,0.0,0.0,3.5,0.0,0.0,0.0,1.0,0.0,0.0,0.0,0.0,0.0,0.0,0.0,0.1671626984126984,0.0,0.25,0.0,0.0,8.0,,,,,,,,,,,,,,,,,,,,,,,,,,
med-3e58d5c52834,rar_medicine,agentic,,,,,15.0,140.0,,,,,,,,,,,grounding,6.0,43.0,0.0,1.0,1.0,0.0,0.0,4.5,0.0,0.0,0.0,1.0,0.0,0.0,0.0,0.0,0.0,0.0,0.0,0.3416005291005291,0.16666666666666666,0.6666666666666666,0.018518518518518517,0.0,6.0,,,,,,,,,,,,,,,,,,,,,,,,,,
med-3e58d5c52834,rar_medicine,agentic-tools,,,,,15.0,140.0,,,,,,,,,,,grounding,8.0,43.0,0.0,1.0,1.0,0.0,0.0,4.875,0.0,0.0,0.0,1.0,0.0,0.0,0.0,0.0,0.0,0.0,0.0,0.22849025974025977,0.25,0.375,0.0,0.0,8.0,,,,,,,,,,,,,,,,,,,,,,,,,,
med-44131a7ca41d,rar_medicine,shipped,,,,,35.0,121.0,,,,,,,,,,,grounding,10.0,30.0,0.1,1.0,0.9,0.03125,0.039999999999999994,1.4,0.6,0.0,0.0,3.0,0.1,0.0,0.0,0.0,0.0,0.0,0.0,0.16,0.2,0.2,0.014285714285714285,1.0,10.0,,,,,,,,,,,,,,,,,,,,,,,,,,
med-44131a7ca41d,rar_medicine,baseline,,,,,35.0,121.0,,,,,,,,,,,grounding,9.0,30.0,0.0,1.0,1.0,0.0,0.0,2.6666666666666665,0.3333333333333333,0.0,0.0,1.0,0.0,0.1111111111111111,0.0,0.1111111111111111,0.0,0.16129032258064516,0.1388888888888889,0.1815776815776816,0.1111111111111111,0.1111111111111111,0.03131313131313132,0.0,9.0,,,,,,,,,,,,,,,,,,,,,,,,,,
med-44131a7ca41d,rar_medicine,agentic,,,,,35.0,121.0,,,,,,,,,,,grounding,15.0,30.0,0.13333333333333333,1.0,0.8666666666666667,0.11904761904761904,0.10638297872340426,1.8666666666666667,0.4666666666666667,0.0,0.0,1.0,0.0,0.0,0.0,0.0,0.0,0.0,0.0,0.19601010101010102,0.13333333333333333,0.3333333333333333,0.02571428571428571,2.0,15.0,,,,,,,,,,,,,,,,,,,,,,,,,,
med-44131a7ca41d,rar_medicine,agentic-tools,,,,,35.0,121.0,,,,,,,,,,,grounding,15.0,30.0,0.06666666666666667,1.0,0.9333333333333333,0.057692307692307696,0.05645161290322581,2.3333333333333335,0.4,0.0,0.0,1.0,0.0,0.0,0.0,0.0,0.0,0.0,0.0,0.23284271284271282,0.2,0.3333333333333333,0.040740740740740744,1.0,15.0,,,,,,,,,,,,,,,,,,,,,,,,,,
med-44c1b0452475,rar_medicine,shipped,,,,,28.0,64.0,,,,,,,,,,,grounding,9.0,27.0,0.0,0.8888888888888888,0.8888888888888888,0.0,0.0,3.7777777777777777,0.0,0.0,0.0,1.0,0.0,0.1111111111111111,0.1111111111111111,0.1111111111111111,0.0,0.03571428571428571,0.047619047619047616,0.18333333333333332,0.1111111111111111,0.3333333333333333,0.05291005291005291,0.0,9.0,,,,,,,,,,,,,,,,,,,,,,,,,,
med-44c1b0452475,rar_medicine,baseline,,,,,28.0,64.0,,,,,,,,,,,grounding,5.0,27.0,0.2,0.8,0.6000000000000001,0.06666666666666667,0.08333333333333334,4.2,0.4,0.2,0.2,13.0,0.4,0.2,0.2,0.2,0.2,0.06666666666666667,0.08333333333333334,0.17835497835497832,0.0,0.2,0.1,1.0,5.0,,,,,,,,,,,,,,,,,,,,,,,,,,
med-44c1b0452475,rar_medicine,agentic,,,,,28.0,64.0,,,,,,,,,,,grounding,7.0,27.0,0.0,1.0,1.0,0.0,0.0,6.285714285714286,0.0,0.0,0.0,2.0,0.2857142857142857,0.0,0.0,0.0,0.0,0.0,0.0,0.3415750915750916,0.2857142857142857,0.5714285714285714,0.20649350649350648,0.0,7.0,,,,,,,,,,,,,,,,,,,,,,,,,,
med-44c1b0452475,rar_medicine,agentic-tools,,,,,28.0,64.0,,,,,,,,,,,grounding,5.0,27.0,0.0,1.0,1.0,0.0,0.0,6.6,0.0,0.0,0.0,1.0,0.0,0.0,0.0,0.0,0.0,0.0,0.0,0.2015873015873016,0.0,0.0,0.08,0.0,5.0,,,,,,,,,,,,,,,,,,,,,,,,,,
med-45b65c37ae12,rar_medicine,shipped,,,,,32.0,90.0,,,,,,,,,,,grounding,10.0,17.0,0.2,1.0,0.8,0.17647058823529413,0.1940298507462687,2.3,0.4,0.0,0.0,2.0,0.1,0.2,0.1,0.2,0.2,0.17647058823529413,0.1940298507462687,0.08214285714285714,0.1,0.1,0.07575757575757576,2.0,10.0,,,,,,,,,,,,,,,,,,,,,,,,,,
med-45b65c37ae12,rar_medicine,baseline,,,,,32.0,90.0,,,,,,,,,,,grounding,9.0,17.0,0.3333333333333333,1.0,0.6666666666666667,0.3,0.31884057971014496,2.2222222222222223,0.3333333333333333,0.0,0.0,4.0,0.2222222222222222,0.2222222222222222,0.1111111111111111,0.2222222222222222,0.2222222222222222,0.23333333333333334,0.18840579710144928,0.17946127946127946,0.2222222222222222,0.3333333333333333,0.06349206349206349,3.0,9.0,,,,,,,,,,,,,,,,,,,,,,,,,,
med-45b65c37ae12,rar_medicine,agentic,,,,,32.0,90.0,,,,,,,,,,,grounding,10.0,17.0,0.1,1.0,0.9,0.0625,0.047619047619047616,1.8,0.5,0.0,0.0,1.0,0.0,0.0,0.0,0.0,0.0,0.0,0.0,0.25285714285714284,0.3,0.4,0.04,1.0,10.0,,,,,,,,,,,,,,,,,,,,,,,,,,
med-45b65c37ae12,rar_medicine,agentic-tools,,,,,32.0,90.0,,,,,,,,,,,grounding,10.0,17.0,0.0,1.0,1.0,0.0,0.0,2.1,0.3,0.0,0.0,1.0,0.0,0.0,0.0,0.0,0.0,0.0,0.0,0.08,0.0,0.2,0.0,0.0,10.0,,,,,,,,,,,,,,,,,,,,,,,,,,
med-53e3b6247ade,rar_medicine,shipped,,,,,64.0,137.0,,,,,,,,,,,grounding,10.0,34.0,0.2,0.9,0.7,0.07142857142857142,0.19047619047619047,2.8,0.3,0.0,0.0,3.0,0.1,0.2,0.1,0.2,0.1,0.07142857142857142,0.09523809523809523,0.13083333333333333,0.0,0.2,0.0,2.0,10.0,,,,,,,,,,,,,,,,,,,,,,,,,,
med-53e3b6247ade,rar_medicine,baseline,,,,,64.0,137.0,,,,,,,,,,,grounding,9.0,34.0,0.1111111111111111,0.8888888888888888,0.7777777777777777,0.07692307692307693,0.14516129032258066,3.2222222222222223,0.3333333333333333,0.0,0.0,1.0,0.0,0.0,0.0,0.0,0.0,0.0,0.0,0.19832143165476498,0.1111111111111111,0.3333333333333333,0.0,1.0,9.0,,,,,,,,,,,,,,,,,,,,,,,,,,
med-53e3b6247ade,rar_medicine,agentic,,,,,64.0,137.0,,,,,,,,,,,grounding,11.0,34.0,0.0,0.9090909090909091,0.9090909090909091,0.0,0.0,4.454545454545454,0.09090909090909091,0.0,0.0,1.0,0.0,0.0,0.0,0.0,0.0,0.0,0.0,0.1906898656898657,0.09090909090909091,0.36363636363636365,0.055739210284664824,0.0,11.0,,,,,,,,,,,,,,,,,,,,,,,,,,
med-53e3b6247ade,rar_medicine,agentic-tools,,,,,64.0,137.0,,,,,,,,,,,grounding,12.0,34.0,0.08333333333333333,0.9166666666666666,0.8333333333333333,0.045454545454545456,0.09375,3.3333333333333335,0.25,0.0,0.0,1.0,0.0,0.0,0.0,0.0,0.0,0.0,0.0,0.20179172679172677,0.08333333333333333,0.3333333333333333,0.018518518518518517,1.0,12.0,,,,,,,,,,,,,,,,,,,,,,,,,,
med-5a729ac36da6,rar_medicine,shipped,,,,,19.0,53.0,,,,,,,,,,,grounding,8.0,16.0,0.125,1.0,0.875,0.08333333333333333,0.05454545454545454,2.125,0.375,0.125,0.125,15.0,0.125,0.375,0.125,0.375,0.125,0.4583333333333333,0.36363636363636365,0.022727272727272728,0.0,0.0,0.0125,1.0,8.0,,,,,,,,,,,,,,,,,,,,,,,,,,
med-5a729ac36da6,rar_medicine,baseline,,,,,19.0,53.0,,,,,,,,,,,grounding,10.0,16.0,0.2,1.0,0.8,0.05555555555555555,0.1411764705882353,1.4,0.5,0.1,0.1,13.0,0.1,0.6,0.1,0.6,0.1,0.6944444444444444,0.5882352941176471,0.0,0.0,0.0,0.0,2.0,10.0,,,,,,,,,,,,,,,,,,,,,,,,,,
med-5a729ac36da6,rar_medicine,agentic,,,,,19.0,53.0,,,,,,,,,,,grounding,6.0,16.0,0.0,1.0,1.0,0.0,0.0,5.0,0.0,0.0,0.0,2.0,0.3333333333333333,0.0,0.0,0.0,0.0,0.0,0.0,0.16262626262626262,0.0,0.3333333333333333,0.09999999999999999,0.0,6.0,,,,,,,,,,,,,,,,,,,,,,,,,,
med-5a729ac36da6,rar_medicine,agentic-tools,,,,,19.0,53.0,,,,,,,,,,,grounding,9.0,16.0,0.0,1.0,1.0,0.0,0.0,2.0,0.4444444444444444,0.0,0.0,1.0,0.0,0.1111111111111111,0.0,0.1111111111111111,0.0,0.2,0.11666666666666665,0.09259259259259259,0.1111111111111111,0.2222222222222222,0.0,0.0,9.0,,,,,,,,,,,,,,,,,,,,,,,,,,
med-5c4c1ea586d0,rar_medicine,shipped,,,,,27.0,88.0,,,,,,,,,,,grounding,10.0,24.0,0.3,1.0,0.7,0.14814814814814814,0.23076923076923078,1.7,0.4,0.0,0.0,4.0,0.1,0.2,0.2,0.2,0.2,0.1111111111111111,0.0923076923076923,0.09821428571428571,0.0,0.2,0.016666666666666666,3.0,10.0,,,,,,,,,,,,,,,,,,,,,,,,,,
med-5c4c1ea586d0,rar_medicine,baseline,,,,,27.0,88.0,,,,,,,,,,,grounding,9.0,24.0,0.2222222222222222,1.0,0.7777777777777778,0.14814814814814814,0.22222222222222224,2.0,0.3333333333333333,0.0,0.0,1.0,0.0,0.1111111111111111,0.1111111111111111,0.2222222222222222,0.1111111111111111,0.18518518518518517,0.19444444444444442,0.12777777777777777,0.0,0.2222222222222222,0.015873015873015872,2.0,9.0,,,,,,,,,,,,,,,,,,,,,,,,,,
med-5c4c1ea586d0,rar_medicine,agentic,,,,,27.0,88.0,,,,,,,,,,,grounding,10.0,24.0,0.0,1.0,1.0,0.0,0.0,3.6,0.1,0.0,0.0,1.0,0.0,0.0,0.0,0.0,0.0,0.0,0.0,0.15643523143523144,0.0,0.2,0.008333333333333333,0.0,10.0,,,,,,,,,,,,,,,,,,,,,,,,,,
med-5c4c1ea586d0,rar_medicine,agentic-tools,,,,,27.0,88.0,,,,,,,,,,,grounding,11.0,24.0,0.0,1.0,1.0,0.0,0.0,4.181818181818182,0.0,0.0,0.0,1.0,0.0,0.0,0.0,0.0,0.0,0.0,0.0,0.227280443857984,0.18181818181818182,0.2727272727272727,0.09555785123966941,0.0,11.0,,,,,,,,,,,,,,,,,,,,,,,,,,
med-6c38d46aa8e9,rar_medicine,shipped,,,,,22.0,166.0,,,,,,,,,,,grounding,11.0,37.0,0.0,1.0,1.0,0.0,0.0,3.3636363636363638,0.2727272727272727,0.0,0.0,2.0,0.09090909090909091,0.2727272727272727,0.0,0.2727272727272727,0.0,0.21212121212121213,0.3055555555555555,0.12121212121212123,0.09090909090909091,0.09090909090909091,0.0,0.0,11.0,,,,,,,,,,,,,,,,,,,,,,,,,,
med-6c38d46aa8e9,rar_medicine,baseline,,,,,22.0,166.0,,,,,,,,,,,grounding,10.0,37.0,0.1,1.0,0.9,0.02857142857142857,0.03658536585365853,4.2,0.1,0.0,0.0,6.0,0.1,0.2,0.1,0.2,0.1,0.17142857142857143,0.15853658536585363,0.12833333333333333,0.0,0.1,0.026785714285714284,1.0,10.0,,,,,,,,,,,,,,,,,,,,,,,,,,
med-6c38d46aa8e9,rar_medicine,agentic,,,,,22.0,166.0,,,,,,,,,,,grounding,12.0,37.0,0.0,1.0,1.0,0.0,0.0,5.666666666666667,0.0,0.0,0.0,1.0,0.0,0.0,0.0,0.0,0.0,0.0,0.0,0.20066738816738816,0.08333333333333333,0.16666666666666666,0.037037037037037035,0.0,12.0,,,,,,,,,,,,,,,,,,,,,,,,,,
med-6c38d46aa8e9,rar_medicine,agentic-tools,,,,,22.0,166.0,,,,,,,,,,,grounding,11.0,37.0,0.0,1.0,1.0,0.0,0.0,6.181818181818182,0.0,0.0,0.0,1.0,0.0,0.0,0.0,0.0,0.0,0.0,0.0,0.3045530227348409,0.18181818181818182,0.45454545454545453,0.0404040404040404,0.0,11.0,,,,,,,,,,,,,,,,,,,,,,,,,,
med-75b39d0ce8c6,rar_medicine,shipped,,,,,27.0,65.0,,,,,,,,,,,grounding,10.0,22.0,0.2,1.0,0.8,0.11538461538461539,0.09374999999999999,2.9,0.3,0.1,0.1,15.0,0.2,0.2,0.1,0.2,0.1,0.23076923076923078,0.203125,0.08789682539682539,0.1,0.1,0.026785714285714284,2.0,10.0,,,,,,,,,,,,,,,,,,,,,,,,,,
med-75b39d0ce8c6,rar_medicine,baseline,,,,,27.0,65.0,,,,,,,,,,,grounding,7.0,22.0,0.14285714285714285,1.0,0.8571428571428572,0.05263157894736842,0.0625,3.857142857142857,0.14285714285714285,0.0,0.0,1.0,0.0,0.14285714285714285,0.14285714285714285,0.14285714285714285,0.14285714285714285,0.05263157894736842,0.0625,0.18911564625850338,0.14285714285714285,0.2857142857142857,0.0,1.0,7.0,,,,,,,,,,,,,,,,,,,,,,,,,,
med-75b39d0ce8c6,rar_medicine,agentic,,,,,27.0,65.0,,,,,,,,,,,grounding,11.0,22.0,0.09090909090909091,1.0,0.9090909090909091,0.05714285714285714,0.11842105263157894,3.1818181818181817,0.09090909090909091,0.0,0.0,1.0,0.0,0.0,0.0,0.0,0.0,0.0,0.0,0.18409090909090908,0.0,0.45454545454545453,0.0,1.0,11.0,,,,,,,,,,,,,,,,,,,,,,,,,,
med-75b39d0ce8c6,rar_medicine,agentic-tools,,,,,27.0,65.0,,,,,,,,,,,grounding,11.0,22.0,0.09090909090909091,1.0,0.9090909090909091,0.06451612903225806,0.12000000000000001,3.909090909090909,0.09090909090909091,0.0,0.0,1.0,0.0,0.0,0.0,0.0,0.0,0.0,0.0,0.060684769775678854,0.0,0.0,0.0303030303030303,1.0,11.0,,,,,,,,,,,,,,,,,,,,,,,,,,
med-769d6769c7d8,rar_medicine,shipped,,,,,42.0,131.0,,,,,,,,,,,grounding,12.0,39.0,0.08333333333333333,1.0,0.9166666666666666,0.027777777777777776,0.03529411764705882,2.75,0.25,0.0,0.0,3.0,0.08333333333333333,0.16666666666666666,0.16666666666666666,0.25,0.08333333333333333,0.1388888888888889,0.15294117647058825,0.0863095238095238,0.0,0.0,0.0,1.0,12.0,,,,,,,,,,,,,,,,,,,,,,,,,,
med-769d6769c7d8,rar_medicine,baseline,,,,,42.0,131.0,,,,,,,,,,,grounding,8.0,39.0,0.125,1.0,0.875,0.034482758620689655,0.045454545454545456,3.375,0.25,0.125,0.125,13.0,0.125,0.125,0.125,0.125,0.125,0.034482758620689655,0.045454545454545456,0.15795454545454546,0.0,0.25,0.0,1.0,8.0,,,,,,,,,,,,,,,,,,,,,,,,,,
med-769d6769c7d8,rar_medicine,agentic,,,,,42.0,131.0,,,,,,,,,,,grounding,15.0,39.0,0.0,1.0,1.0,0.0,0.0,3.6666666666666665,0.06666666666666667,0.0,0.0,2.0,0.13333333333333333,0.0,0.26666666666666666,0.26666666666666666,0.0,0.22033898305084745,0.26515151515151514,0.22772486772486772,0.13333333333333333,0.26666666666666666,0.0,0.0,15.0,,,,,,,,,,,,,,,,,,,,,,,,,,
med-769d6769c7d8,rar_medicine,agentic-tools,,,,,42.0,131.0,,,,,,,,,,,grounding,15.0,39.0,0.0,1.0,1.0,0.0,0.0,4.466666666666667,0.0,0.0,0.0,1.0,0.0,0.0,0.2,0.2,0.0,0.24489795918367346,0.24786324786324784,0.21544205794205798,0.13333333333333333,0.3333333333333333,0.0,0.0,15.0,,,,,,,,,,,,,,,,,,,,,,,,,,
med-8227a3f56ff4,rar_medicine,shipped,,,,,52.0,71.0,,,,,,,,,,,grounding,10.0,18.0,0.3,1.0,0.7,0.3333333333333333,0.26666666666666666,1.7,0.5,0.0,0.0,3.0,0.1,0.4,0.1,0.4,0.2,0.5151515151515151,0.44,0.13611111111111113,0.1,0.2,0.05833333333333333,3.0,10.0,,,,,,,,,,,,,,,,,,,,,,,,,,
med-8227a3f56ff4,rar_medicine,baseline,,,,,52.0,71.0,,,,,,,,,,,grounding,8.0,18.0,0.125,0.875,0.75,0.04,0.048387096774193554,1.625,0.625,0.0,0.0,1.0,0.0,0.5,0.125,0.5,0.125,0.48,0.467741935483871,0.11785714285714285,0.125,0.125,0.0,1.0,8.0,,,,,,,,,,,,,,,,,,,,,,,,,,
med-8227a3f56ff4,rar_medicine,agentic,,,,,52.0,71.0,,,,,,,,,,,grounding,9.0,18.0,0.0,1.0,1.0,0.0,0.0,2.888888888888889,0.1111111111111111,0.0,0.0,1.0,0.0,0.0,0.0,0.0,0.0,0.0,0.0,0.0564373897707231,0.0,0.0,0.022222222222222223,0.0,9.0,,,,,,,,,,,,,,,,,,,,,,,,,,
med-8227a3f56ff4,rar_medicine,agentic-tools,,,,,52.0,71.0,,,,,,,,,,,grounding,6.0,18.0,0.0,1.0,1.0,0.0,0.0,2.0,0.3333333333333333,0.0,0.0,1.0,0.0,0.0,0.0,0.0,0.0,0.0,0.0,0.1523809523809524,0.16666666666666666,0.16666666666666666,0.0,0.0,6.0,,,,,,,,,,,,,,,,,,,,,,,,,,
med-82b936c85c28,rar_medicine,shipped,,,,,14.0,118.0,,,,,,,,,,,grounding,8.0,30.0,0.25,1.0,0.75,0.125,0.23076923076923078,2.0,0.375,0.0,0.0,3.0,0.125,0.125,0.75,0.75,0.25,0.75,0.8076923076923078,0.2424107142857143,0.25,0.375,0.0,2.0,8.0,,,,,,,,,,,,,,,,,,,,,,,,,,
med-82b936c85c28,rar_medicine,baseline,,,,,14.0,118.0,,,,,,,,,,,grounding,9.0,30.0,0.2222222222222222,1.0,0.7777777777777778,0.16666666666666666,0.14492753623188406,1.2222222222222223,0.6666666666666666,0.0,0.0,3.0,0.1111111111111111,0.1111111111111111,1.0,1.0,0.2222222222222222,1.0,1.0,0.21626984126984128,0.2222222222222222,0.2222222222222222,0.027777777777777776,2.0,9.0,,,,,,,,,,,,,,,,,,,,,,,,,,
med-82b936c85c28,rar_medicine,agentic,,,,,14.0,118.0,,,,,,,,,,,grounding,12.0,30.0,0.08333333333333333,1.0,0.9166666666666666,0.02857142857142857,0.10227272727272727,2.5,0.25,0.0,0.0,1.0,0.0,0.0,0.5833333333333334,0.5833333333333334,0.08333333333333333,0.5714285714285714,0.5795454545454546,0.24609788359788362,0.25,0.4166666666666667,0.0,1.0,12.0,,,,,,,,,,,,,,,,,,,,,,,,,,
med-82b936c85c28,rar_medicine,agentic-tools,,,,,14.0,118.0,,,,,,,,,,,grounding,10.0,30.0,0.0,1.0,1.0,0.0,0.0,2.5,0.1,0.0,0.0,1.0,0.0,0.0,0.8,0.8,0.0,0.8181818181818182,0.8684210526315789,0.17928321678321676,0.2,0.2,0.0,0.0,10.0,,,,,,,,,,,,,,,,,,,,,,,,,,
med-91ae4098e221,rar_medicine,shipped,,,,,27.0,65.0,,,,,,,,,,,grounding,10.0,10.0,0.1,1.0,0.9,0.07692307692307693,0.05084745762711865,2.2,0.2,0.0,0.0,1.0,0.0,0.3,0.8,0.8,0.1,0.8076923076923077,0.8305084745762712,0.23035714285714287,0.2,0.2,0.0,1.0,10.0,,,,,,,,,,,,,,,,,,,,,,,,,,
med-91ae4098e221,rar_medicine,baseline,,,,,27.0,65.0,,,,,,,,,,,grounding,9.0,10.0,0.1111111111111111,1.0,0.8888888888888888,0.037037037037037035,0.046153846153846156,2.3333333333333335,0.2222222222222222,0.0,0.0,6.0,0.1111111111111111,0.2222222222222222,0.7777777777777778,0.7777777777777778,0.1111111111111111,0.7407407407407407,0.8,0.15568783068783068,0.1111111111111111,0.3333333333333333,0.044444444444444446,1.0,9.0,,,,,,,,,,,,,,,,,,,,,,,,,,
med-91ae4098e221,rar_medicine,agentic,,,,,27.0,65.0,,,,,,,,,,,grounding,7.0,10.0,0.0,1.0,1.0,0.0,0.0,2.4285714285714284,0.14285714285714285,0.0,0.0,1.0,0.0,0.14285714285714285,0.42857142857142855,0.42857142857142855,0.0,0.44,0.3888888888888888,0.38061224489795914,0.42857142857142855,0.42857142857142855,0.03571428571428571,0.0,7.0,,,,,,,,,,,,,,,,,,,,,,,,,,
med-91ae4098e221,rar_medicine,agentic-tools,,,,,27.0,65.0,,,,,,,,,,,grounding,9.0,10.0,0.1111111111111111,1.0,0.8888888888888888,0.07692307692307693,0.14516129032258066,1.7777777777777777,0.1111111111111111,0.0,0.0,1.0,0.0,0.1111111111111111,0.3333333333333333,0.3333333333333333,0.0,0.34615384615384615,0.27419354838709675,0.17037037037037037,0.1111111111111111,0.2222222222222222,0.027777777777777776,1.0,9.0,,,,,,,,,,,,,,,,,,,,,,,,,,
med-931e7fb4de55,rar_medicine,shipped,,,,,53.0,95.0,,,,,,,,,,,grounding,10.0,37.0,0.3,1.0,0.7,0.1875,0.1733333333333333,2.6,0.4,0.0,0.0,9.0,0.3,0.1,0.2,0.2,0.2,0.09375,0.07999999999999999,0.1680952380952381,0.0,0.4,0.05555555555555556,3.0,10.0,,,,,,,,,,,,,,,,,,,,,,,,,,
med-931e7fb4de55,rar_medicine,baseline,,,,,53.0,95.0,,,,,,,,,,,grounding,7.0,37.0,0.0,1.0,1.0,0.0,0.0,2.7142857142857144,0.14285714285714285,0.0,0.0,3.0,0.14285714285714285,0.0,0.0,0.0,0.0,0.0,0.0,0.047619047619047616,0.0,0.14285714285714285,0.05357142857142857,0.0,7.0,,,,,,,,,,,,,,,,,,,,,,,,,,
med-931e7fb4de55,rar_medicine,agentic,,,,,53.0,95.0,,,,,,,,,,,grounding,10.0,37.0,0.0,1.0,1.0,0.0,0.0,4.1,0.0,0.0,0.0,1.0,0.0,0.0,0.0,0.0,0.0,0.0,0.0,0.2081349206349207,0.1,0.3,0.02857142857142857,0.0,10.0,,,,,,,,,,,,,,,,,,,,,,,,,,
med-931e7fb4de55,rar_medicine,agentic-tools,,,,,53.0,95.0,,,,,,,,,,,grounding,8.0,37.0,0.0,1.0,1.0,0.0,0.0,4.125,0.0,0.0,0.0,1.0,0.0,0.0,0.0,0.0,0.0,0.0,0.0,0.20238095238095238,0.125,0.25,0.03125,0.0,8.0,,,,,,,,,,,,,,,,,,,,,,,,,,
med-960f0934dd5d,rar_medicine,shipped,,,,,12.0,60.0,,,,,,,,,,,grounding,9.0,15.0,0.3333333333333333,1.0,0.6666666666666667,0.16,0.1607142857142857,2.4444444444444446,0.3333333333333333,0.0,0.0,2.0,0.1111111111111111,0.5555555555555556,0.1111111111111111,0.5555555555555556,0.1111111111111111,0.6,0.6428571428571428,0.14351851851851852,0.1111111111111111,0.2222222222222222,0.0,3.0,9.0,,,,,,,,,,,,,,,,,,,,,,,,,,
med-960f0934dd5d,rar_medicine,baseline,,,,,12.0,60.0,,,,,,,,,,,grounding,6.0,15.0,0.16666666666666666,1.0,0.8333333333333334,0.0625,0.06666666666666667,3.3333333333333335,0.3333333333333333,0.16666666666666666,0.16666666666666666,13.0,0.3333333333333333,0.8333333333333334,0.16666666666666666,0.8333333333333334,0.16666666666666666,0.9375,0.7999999999999999,0.11706349206349205,0.0,0.0,0.0,1.0,6.0,,,,,,,,,,,,,,,,,,,,,,,,,,
med-960f0934dd5d,rar_medicine,agentic,,,,,12.0,60.0,,,,,,,,,,,grounding,7.0,15.0,0.0,1.0,1.0,0.0,0.0,3.5714285714285716,0.0,0.0,0.0,1.0,0.0,0.0,0.0,0.0,0.0,0.0,0.0,0.2649659863945578,0.14285714285714285,0.2857142857142857,0.19047619047619047,0.0,7.0,,,,,,,,,,,,,,,,,,,,,,,,,,
med-960f0934dd5d,rar_medicine,agentic-tools,,,,,12.0,60.0,,,,,,,,,,,grounding,6.0,15.0,0.0,1.0,1.0,0.0,0.0,3.3333333333333335,0.16666666666666666,0.0,0.0,1.0,0.0,0.0,0.0,0.0,0.0,0.0,0.0,0.14814814814814814,0.0,0.16666666666666666,0.07765151515151515,0.0,6.0,,,,,,,,,,,,,,,,,,,,,,,,,,
med-a5b48b2e083f,rar_medicine,shipped,,,,,58.0,74.0,,,,,,,,,,,grounding,9.0,15.0,0.4444444444444444,1.0,0.5555555555555556,0.2962962962962963,0.3728813559322034,0.8888888888888888,0.7777777777777778,0.0,0.0,9.0,0.2222222222222222,0.1111111111111111,0.1111111111111111,0.1111111111111111,0.1111111111111111,0.07407407407407407,0.05084745762711864,0.06666666666666668,0.0,0.0,0.0,4.0,9.0,,,,,,,,,,,,,,,,,,,,,,,,,,
med-a5b48b2e083f,rar_medicine,baseline,,,,,58.0,74.0,,,,,,,,,,,grounding,7.0,15.0,0.2857142857142857,1.0,0.7142857142857143,0.2,0.3076923076923077,1.7142857142857142,0.42857142857142855,0.0,0.0,1.0,0.0,0.14285714285714285,0.0,0.14285714285714285,0.0,0.25,0.1923076923076923,0.12193877551020407,0.0,0.2857142857142857,0.0,2.0,7.0,,,,,,,,,,,,,,,,,,,,,,,,,,
med-a5b48b2e083f,rar_medicine,agentic,,,,,58.0,74.0,,,,,,,,,,,grounding,11.0,15.0,0.18181818181818182,1.0,0.8181818181818181,0.1111111111111111,0.09374999999999997,1.5454545454545454,0.45454545454545453,0.0,0.0,1.0,0.0,0.0,0.0,0.0,0.0,0.0,0.0,0.07121212121212121,0.0,0.09090909090909091,0.024793388429752063,2.0,11.0,,,,,,,,,,,,,,,,,,,,,,,,,,
med-a5b48b2e083f,rar_medicine,agentic-tools,,,,,58.0,74.0,,,,,,,,,,,grounding,7.0,15.0,0.0,1.0,1.0,0.0,0.0,2.142857142857143,0.2857142857142857,0.0,0.0,1.0,0.0,0.0,0.0,0.0,0.0,0.0,0.0,0.14991754277468564,0.14285714285714285,0.14285714285714285,0.0,0.0,7.0,,,,,,,,,,,,,,,,,,,,,,,,,,
med-ac6f5e1f72e2,rar_medicine,shipped,,,,,56.0,63.0,,,,,,,,,,,grounding,10.0,21.0,0.2,1.0,0.8,0.12903225806451613,0.14285714285714285,2.4,0.3,0.0,0.0,9.0,0.3,0.3,0.1,0.3,0.2,0.22580645161290322,0.24285714285714285,0.17095238095238097,0.1,0.2,0.0,2.0,10.0,,,,,,,,,,,,,,,,,,,,,,,,,,
med-ac6f5e1f72e2,rar_medicine,baseline,,,,,56.0,63.0,,,,,,,,,,,grounding,9.0,21.0,0.1111111111111111,1.0,0.8888888888888888,0.03571428571428571,0.043478260869565216,2.7777777777777777,0.2222222222222222,0.0,0.0,3.0,0.1111111111111111,0.3333333333333333,0.2222222222222222,0.4444444444444444,0.1111111111111111,0.4642857142857143,0.3913043478260869,0.039316239316239315,0.0,0.0,0.009259259259259259,1.0,9.0,,,,,,,,,,,,,,,,,,,,,,,,,,
med-ac6f5e1f72e2,rar_medicine,agentic,,,,,56.0,63.0,,,,,,,,,,,grounding,10.0,21.0,0.0,1.0,1.0,0.0,0.0,3.5,0.0,0.0,0.0,1.0,0.0,0.0,0.0,0.0,0.0,0.0,0.0,0.13999999999999999,0.0,0.2,0.016666666666666666,0.0,10.0,,,,,,,,,,,,,,,,,,,,,,,,,,
med-ac6f5e1f72e2,rar_medicine,agentic-tools,,,,,56.0,63.0,,,,,,,,,,,grounding,10.0,21.0,0.0,1.0,1.0,0.0,0.0,3.8,0.0,0.0,0.0,1.0,0.0,0.0,0.0,0.0,0.0,0.0,0.0,0.07916666666666666,0.0,0.1,0.025,0.0,10.0,,,,,,,,,,,,,,,,,,,,,,,,,,
med-b2be91e4d044,rar_medicine,shipped,,,,,26.0,275.0,,,,,,,,,,,grounding,11.0,70.0,0.0,0.9090909090909091,0.9090909090909091,0.0,0.0,2.4545454545454546,0.2727272727272727,0.0,0.0,1.0,0.0,0.09090909090909091,0.09090909090909091,0.09090909090909091,0.0,0.058823529411764705,0.038461538461538464,0.1717171717171717,0.09090909090909091,0.36363636363636365,0.011363636363636364,0.0,11.0,,,,,,,,,,,,,,,,,,,,,,,,,,
med-b2be91e4d044,rar_medicine,baseline,,,,,26.0,275.0,,,,,,,,,,,grounding,12.0,70.0,0.08333333333333333,0.8333333333333334,0.75,0.11627906976744186,0.1020408163265306,2.5,0.4166666666666667,0.0,0.0,1.0,0.0,0.0,0.0,0.0,0.0,0.0,0.0,0.3179563492063492,0.3333333333333333,0.5,0.023237179487179488,1.0,12.0,,,,,,,,,,,,,,,,,,,,,,,,,,
med-b2be91e4d044,rar_medicine,agentic,,,,,26.0,275.0,,,,,,,,,,,grounding,16.0,70.0,0.0,0.9375,0.9375,0.0,0.0,4.3125,0.1875,0.0,0.0,1.0,0.0,0.0,0.0625,0.0625,0.0,0.07272727272727272,0.05384615384615384,0.24962277306027306,0.1875,0.375,0.015178571428571428,0.0,16.0,,,,,,,,,,,,,,,,,,,,,,,,,,
med-b2be91e4d044,rar_medicine,agentic-tools,,,,,26.0,275.0,,,,,,,,,,,grounding,13.0,70.0,0.0,0.8461538461538461,0.8461538461538461,0.0,0.0,2.923076923076923,0.0,0.0,0.0,1.0,0.0,0.0,0.07692307692307693,0.07692307692307693,0.0,0.07692307692307693,0.08333333333333334,0.25954045954045957,0.23076923076923078,0.46153846153846156,0.0,0.0,13.0,,,,,,,,,,,,,,,,,,,,,,,,,,
med-ba0b7452f8cd,rar_medicine,shipped,,,,,12.0,73.0,,,,,,,,,,,grounding,8.0,21.0,0.125,1.0,0.875,0.08333333333333333,0.06122448979591837,3.75,0.25,0.0,0.0,3.0,0.125,0.125,0.625,0.625,0.125,0.5416666666666666,0.46938775510204084,0.3263888888888889,0.375,0.5,0.011363636363636364,1.0,8.0,,,,,,,,,,,,,,,,,,,,,,,,,,
med-ba0b7452f8cd,rar_medicine,baseline,,,,,12.0,73.0,,,,,,,,,,,grounding,8.0,21.0,0.0,1.0,1.0,0.0,0.0,3.0,0.125,0.0,0.0,2.0,0.125,0.125,0.5,0.5,0.0,0.46153846153846156,0.4285714285714285,0.2818452380952381,0.125,0.25,0.0,0.0,8.0,,,,,,,,,,,,,,,,,,,,,,,,,,
med-ba0b7452f8cd,rar_medicine,agentic,,,,,12.0,73.0,,,,,,,,,,,grounding,13.0,21.0,0.0,1.0,1.0,0.0,0.0,2.8461538461538463,0.15384615384615385,0.0,0.0,1.0,0.0,0.0,0.46153846153846156,0.46153846153846156,0.0,0.4444444444444444,0.3838383838383838,0.1768009768009768,0.07692307692307693,0.23076923076923078,0.0,0.0,13.0,,,,,,,,,,,,,,,,,,,,,,,,,,
med-ba0b7452f8cd,rar_medicine,agentic-tools,,,,,12.0,73.0,,,,,,,,,,,grounding,13.0,21.0,0.0,1.0,1.0,0.0,0.0,3.076923076923077,0.07692307692307693,0.0,0.0,1.0,0.0,0.0,0.38461538461538464,0.38461538461538464,0.0,0.2903225806451613,0.2289156626506024,0.32564102564102565,0.23076923076923078,0.6153846153846154,0.021978021978021976,0.0,13.0,,,,,,,,,,,,,,,,,,,,,,,,,,
med-bbb832a8fec2,rar_medicine,shipped,,,,,39.0,126.0,,,,,,,,,,,grounding,11.0,33.0,0.18181818181818182,0.8181818181818182,0.6363636363636365,0.08571428571428572,0.15789473684210525,2.1818181818181817,0.36363636363636365,0.0,0.0,1.0,0.0,0.2727272727272727,0.09090909090909091,0.2727272727272727,0.09090909090909091,0.22857142857142856,0.21052631578947367,0.01515151515151515,0.0,0.0,0.0,2.0,11.0,,,,,,,,,,,,,,,,,,,,,,,,,,
med-bbb832a8fec2,rar_medicine,baseline,,,,,39.0,126.0,,,,,,,,,,,grounding,8.0,33.0,0.0,0.75,0.75,0.0,0.0,2.75,0.125,0.0,0.0,1.0,0.0,0.0,0.0,0.0,0.0,0.0,0.0,0.10416666666666666,0.0,0.25,0.0,0.0,8.0,,,,,,,,,,,,,,,,,,,,,,,,,,
med-bbb832a8fec2,rar_medicine,agentic,,,,,39.0,126.0,,,,,,,,,,,grounding,11.0,33.0,0.09090909090909091,0.8181818181818182,0.7272727272727273,0.1111111111111111,0.10416666666666667,3.0,0.09090909090909091,0.0,0.0,1.0,0.0,0.0,0.0,0.0,0.0,0.0,0.0,0.04772727272727273,0.0,0.09090909090909091,0.0,1.0,11.0,,,,,,,,,,,,,,,,,,,,,,,,,,
med-bbb832a8fec2,rar_medicine,agentic-tools,,,,,39.0,126.0,,,,,,,,,,,grounding,11.0,33.0,0.0,0.8181818181818182,0.8181818181818182,0.0,0.0,3.272727272727273,0.09090909090909091,0.0,0.0,1.0,0.0,0.0,0.0,0.0,0.0,0.0,0.0,0.0303030303030303,0.0,0.09090909090909091,0.0,0.0,11.0,,,,,,,,,,,,,,,,,,,,,,,,,,
med-bf99d4ee36f1,rar_medicine,shipped,,,,,54.0,108.0,,,,,,,,,,,grounding,11.0,35.0,0.2727272727272727,1.0,0.7272727272727273,0.16129032258064516,0.12676056338028166,1.8181818181818181,0.45454545454545453,0.0,0.0,3.0,0.09090909090909091,0.09090909090909091,0.2727272727272727,0.2727272727272727,0.18181818181818182,0.16129032258064516,0.2112676056338028,0.03896103896103896,0.0,0.0,0.0,3.0,11.0,,,,,,,,,,,,,,,,,,,,,,,,,,
med-bf99d4ee36f1,rar_medicine,baseline,,,,,54.0,108.0,,,,,,,,,,,grounding,8.0,35.0,0.125,1.0,0.875,0.038461538461538464,0.048387096774193554,3.625,0.125,0.0,0.0,6.0,0.125,0.125,0.125,0.125,0.125,0.038461538461538464,0.048387096774193554,0.13257575757575757,0.125,0.25,0.015625,1.0,8.0,,,,,,,,,,,,,,,,,,,,,,,,,,
med-bf99d4ee36f1,rar_medicine,agentic,,,,,54.0,108.0,,,,,,,,,,,grounding,14.0,35.0,0.07142857142857142,1.0,0.9285714285714286,0.023809523809523808,0.028846153846153844,3.2857142857142856,0.2857142857142857,0.0,0.0,1.0,0.0,0.07142857142857142,0.0,0.07142857142857142,0.0,0.07142857142857142,0.0673076923076923,0.28174603174603174,0.2857142857142857,0.35714285714285715,0.0,1.0,14.0,,,,,,,,,,,,,,,,,,,,,,,,,,
med-bf99d4ee36f1,rar_medicine,agentic-tools,,,,,54.0,108.0,,,,,,,,,,,grounding,14.0,35.0,0.0,1.0,1.0,0.0,0.0,3.2857142857142856,0.07142857142857142,0.0,0.0,1.0,0.0,0.07142857142857142,0.0,0.07142857142857142,0.0,0.05263157894736842,0.06666666666666667,0.22380952380952376,0.2857142857142857,0.2857142857142857,0.0,0.0,14.0,,,,,,,,,,,,,,,,,,,,,,,,,,
med-c8812f74fcb4,rar_medicine,shipped,,,,,54.0,89.0,,,,,,,,,,,grounding,10.0,29.0,0.2,0.9,0.7,0.10714285714285714,0.1764705882352941,2.0,0.4,0.0,0.0,3.0,0.2,0.3,0.1,0.3,0.0,0.35714285714285715,0.2941176470588235,0.06,0.1,0.1,0.0,2.0,10.0,,,,,,,,,,,,,,,,,,,,,,,,,,
med-c8812f74fcb4,rar_medicine,baseline,,,,,54.0,89.0,,,,,,,,,,,grounding,8.0,29.0,0.0,1.0,1.0,0.0,0.0,2.125,0.25,0.0,0.0,2.0,0.125,0.25,0.0,0.25,0.0,0.21739130434782608,0.27586206896551724,0.017857142857142856,0.0,0.0,0.0,0.0,8.0,,,,,,,,,,,,,,,,,,,,,,,,,,
med-c8812f74fcb4,rar_medicine,agentic,,,,,54.0,89.0,,,,,,,,,,,grounding,15.0,29.0,0.06666666666666667,0.9333333333333333,0.8666666666666667,0.0425531914893617,0.06481481481481481,2.1333333333333333,0.3333333333333333,0.0,0.0,1.0,0.0,0.0,0.0,0.0,0.0,0.0,0.0,0.05,0.06666666666666667,0.06666666666666667,0.0,1.0,15.0,,,,,,,,,,,,,,,,,,,,,,,,,,
med-c8812f74fcb4,rar_medicine,agentic-tools,,,,,54.0,89.0,,,,,,,,,,,grounding,15.0,29.0,0.0,1.0,1.0,0.0,0.0,2.2,0.3333333333333333,0.0,0.0,1.0,0.0,0.0,0.0,0.0,0.0,0.0,0.0,0.11767195767195766,0.13333333333333333,0.13333333333333333,0.0,0.0,15.0,,,,,,,,,,,,,,,,,,,,,,,,,,
med-c98a2c1d81b2,rar_medicine,shipped,,,,,37.0,88.0,,,,,,,,,,,grounding,11.0,21.0,0.36363636363636365,1.0,0.6363636363636364,0.21212121212121213,0.26086956521739135,0.8181818181818182,0.8181818181818182,0.0,0.0,1.0,0.0,0.09090909090909091,0.36363636363636365,0.45454545454545453,0.18181818181818182,0.48484848484848486,0.43478260869565216,0.022727272727272728,0.0,0.0,0.0,4.0,11.0,,,,,,,,,,,,,,,,,,,,,,,,,,
med-c98a2c1d81b2,rar_medicine,baseline,,,,,37.0,88.0,,,,,,,,,,,grounding,8.0,21.0,0.25,1.0,0.75,0.14814814814814814,0.19354838709677422,1.125,0.625,0.0,0.0,2.0,0.125,0.25,0.25,0.375,0.0,0.4444444444444444,0.38709677419354843,0.021780303030303032,0.0,0.0,0.0125,2.0,8.0,,,,,,,,,,,,,,,,,,,,,,,,,,
med-c98a2c1d81b2,rar_medicine,agentic,,,,,37.0,88.0,,,,,,,,,,,grounding,11.0,21.0,0.18181818181818182,0.9090909090909091,0.7272727272727273,0.11764705882352941,0.16091954022988506,1.5454545454545454,0.7272727272727273,0.0,0.0,1.0,0.0,0.0,0.18181818181818182,0.18181818181818182,0.0,0.2647058823529412,0.2298850574712644,0.055096418732782364,0.0,0.0,0.0,2.0,11.0,,,,,,,,,,,,,,,,,,,,,,,,,,
med-c98a2c1d81b2,rar_medicine,agentic-tools,,,,,37.0,88.0,,,,,,,,,,,grounding,10.0,21.0,0.2,1.0,0.8,0.13793103448275862,0.24615384615384617,1.2,0.7,0.0,0.0,1.0,0.0,0.0,0.2,0.2,0.0,0.13793103448275862,0.0923076923076923,0.14095238095238094,0.1,0.2,0.0,2.0,10.0,,,,,,,,,,,,,,,,,,,,,,,,,,
med-d9d6d0e87ecb,rar_medicine,shipped,,,,,46.0,105.0,,,,,,,,,,,grounding,9.0,29.0,0.2222222222222222,1.0,0.7777777777777778,0.24,0.22033898305084745,1.7777777777777777,0.4444444444444444,0.1111111111111111,0.1111111111111111,15.0,0.2222222222222222,0.1111111111111111,0.1111111111111111,0.1111111111111111,0.1111111111111111,0.04,0.05084745762711864,0.11851851851851852,0.0,0.2222222222222222,0.0,2.0,9.0,,,,,,,,,,,,,,,,,,,,,,,,,,
med-d9d6d0e87ecb,rar_medicine,baseline,,,,,46.0,105.0,,,,,,,,,,,grounding,6.0,29.0,0.16666666666666666,1.0,0.8333333333333334,0.09090909090909091,0.19565217391304346,3.1666666666666665,0.3333333333333333,0.0,0.0,1.0,0.0,0.0,0.0,0.0,0.0,0.0,0.0,0.2923280423280423,0.3333333333333333,0.5,0.05555555555555555,1.0,6.0,,,,,,,,,,,,,,,,,,,,,,,,,,
med-d9d6d0e87ecb,rar_medicine,agentic,,,,,46.0,105.0,,,,,,,,,,,grounding,9.0,29.0,0.1111111111111111,1.0,0.8888888888888888,0.08,0.13043478260869568,3.111111111111111,0.3333333333333333,0.0,0.0,1.0,0.0,0.0,0.0,0.0,0.0,0.0,0.0,0.2785273368606702,0.2222222222222222,0.2222222222222222,0.0,1.0,9.0,,,,,,,,,,,,,,,,,,,,,,,,,,
med-d9d6d0e87ecb,rar_medicine,agentic-tools,,,,,46.0,105.0,,,,,,,,,,,grounding,11.0,29.0,0.0,1.0,1.0,0.0,0.0,2.4545454545454546,0.36363636363636365,0.0,0.0,1.0,0.0,0.0,0.0,0.0,0.0,0.0,0.0,0.27777777777777773,0.36363636363636365,0.36363636363636365,0.0,0.0,11.0,,,,,,,,,,,,,,,,,,,,,,,,,,
med-dc7957448669,rar_medicine,shipped,,,,,30.0,92.0,,,,,,,,,,,grounding,9.0,26.0,0.1111111111111111,1.0,0.8888888888888888,0.07142857142857142,0.047619047619047616,2.5555555555555554,0.2222222222222222,0.1111111111111111,0.1111111111111111,15.0,0.2222222222222222,0.1111111111111111,0.1111111111111111,0.1111111111111111,0.1111111111111111,0.07142857142857142,0.047619047619047616,0.08641975308641975,0.1111111111111111,0.1111111111111111,0.0,1.0,9.0,,,,,,,,,,,,,,,,,,,,,,,,,,
med-dc7957448669,rar_medicine,baseline,,,,,30.0,92.0,,,,,,,,,,,grounding,8.0,26.0,0.0,1.0,1.0,0.0,0.0,2.5,0.25,0.0,0.0,1.0,0.0,0.25,0.0,0.25,0.0,0.32,0.25757575757575757,0.013888888888888888,0.0,0.0,0.025,0.0,8.0,,,,,,,,,,,,,,,,,,,,,,,,,,
med-dc7957448669,rar_medicine,agentic,,,,,30.0,92.0,,,,,,,,,,,grounding,7.0,26.0,0.0,1.0,1.0,0.0,0.0,3.2857142857142856,0.14285714285714285,0.0,0.0,1.0,0.0,0.0,0.0,0.0,0.0,0.0,0.0,0.28061224489795916,0.14285714285714285,0.2857142857142857,0.0,0.0,7.0,,,,,,,,,,,,,,,,,,,,,,,,,,
med-dc7957448669,rar_medicine,agentic-tools,,,,,30.0,92.0,,,,,,,,,,,grounding,12.0,26.0,0.0,1.0,1.0,0.0,0.0,3.0833333333333335,0.16666666666666666,0.0,0.0,1.0,0.0,0.0,0.0,0.0,0.0,0.0,0.0,0.19027777777777777,0.08333333333333333,0.25,0.007575757575757576,0.0,12.0,,,,,,,,,,,,,,,,,,,,,,,,,,
med-e6c4ba1af357,rar_medicine,shipped,,,,,35.0,90.0,,,,,,,,,,,grounding,8.0,17.0,0.25,1.0,0.75,0.14285714285714285,0.19999999999999998,2.75,0.375,0.0,0.0,1.0,0.0,0.125,0.125,0.125,0.125,0.07142857142857142,0.049999999999999996,0.3852678571428571,0.375,0.625,0.09134615384615385,2.0,8.0,,,,,,,,,,,,,,,,,,,,,,,,,,
med-e6c4ba1af357,rar_medicine,baseline,,,,,35.0,90.0,,,,,,,,,,,grounding,8.0,17.0,0.375,1.0,0.625,0.18181818181818182,0.26785714285714285,1.75,0.5,0.0,0.0,4.0,0.125,0.25,0.125,0.25,0.25,0.09090909090909091,0.10714285714285715,0.21738782051282052,0.125,0.375,0.05555555555555555,3.0,8.0,,,,,,,,,,,,,,,,,,,,,,,,,,
med-e6c4ba1af357,rar_medicine,agentic,,,,,35.0,90.0,,,,,,,,,,,grounding,10.0,17.0,0.0,1.0,1.0,0.0,0.0,2.6,0.2,0.0,0.0,1.0,0.0,0.0,0.0,0.0,0.0,0.0,0.0,0.2438888888888889,0.2,0.5,0.038461538461538464,0.0,10.0,,,,,,,,,,,,,,,,,,,,,,,,,,
med-e6c4ba1af357,rar_medicine,agentic-tools,,,,,35.0,90.0,,,,,,,,,,,grounding,6.0,17.0,0.16666666666666666,1.0,0.8333333333333334,0.1,0.20930232558139536,1.8333333333333333,0.3333333333333333,0.0,0.0,1.0,0.0,0.0,0.0,0.0,0.0,0.0,0.0,0.3270803270803271,0.16666666666666666,0.5,0.020833333333333332,1.0,6.0,,,,,,,,,,,,,,,,,,,,,,,,,,
med-e9a2fe585dc6,rar_medicine,shipped,,,,,27.0,158.0,,,,,,,,,,,grounding,10.0,35.0,0.2,1.0,0.8,0.10714285714285714,0.1764705882352941,1.4,0.6,0.0,0.0,1.0,0.0,0.1,0.1,0.2,0.1,0.10714285714285714,0.08823529411764705,0.060119047619047614,0.0,0.1,0.0,2.0,10.0,,,,,,,,,,,,,,,,,,,,,,,,,,
med-e9a2fe585dc6,rar_medicine,baseline,,,,,27.0,158.0,,,,,,,,,,,grounding,7.0,35.0,0.0,1.0,1.0,0.0,0.0,1.8571428571428572,0.42857142857142855,0.0,0.0,1.0,0.0,0.0,0.0,0.0,0.0,0.0,0.0,0.13010204081632654,0.0,0.14285714285714285,0.0,0.0,7.0,,,,,,,,,,,,,,,,,,,,,,,,,,
med-e9a2fe585dc6,rar_medicine,agentic,,,,,27.0,158.0,,,,,,,,,,,grounding,13.0,35.0,0.07692307692307693,0.5384615384615384,0.4615384615384615,0.034482758620689655,0.03370786516853932,3.076923076923077,0.23076923076923078,0.0,0.0,1.0,0.0,0.0,0.0,0.0,0.0,0.0,0.0,0.20877782348370583,0.15384615384615385,0.15384615384615385,0.0,1.0,13.0,,,,,,,,,,,,,,,,,,,,,,,,,,
med-e9a2fe585dc6,rar_medicine,agentic-tools,,,,,27.0,158.0,,,,,,,,,,,grounding,11.0,35.0,0.0,0.8181818181818182,0.8181818181818182,0.0,0.0,2.1818181818181817,0.18181818181818182,0.0,0.0,1.0,0.0,0.0,0.0,0.0,0.0,0.0,0.0,0.3448806244260789,0.18181818181818182,0.5454545454545454,0.0,0.0,11.0,,,,,,,,,,,,,,,,,,,,,,,,,,
med-f1727cd9627c,rar_medicine,shipped,,,,,31.0,89.0,,,,,,,,,,,grounding,10.0,16.0,0.1,1.0,0.9,0.038461538461538464,0.13846153846153847,1.9,0.5,0.0,0.1,15.0,0.1,0.1,0.2,0.2,0.1,0.11538461538461539,0.1846153846153846,0.04857142857142857,0.0,0.0,0.0,1.0,10.0,,,,,,,,,,,,,,,,,,,,,,,,,,
med-f1727cd9627c,rar_medicine,baseline,,,,,31.0,89.0,,,,,,,,,,,grounding,8.0,16.0,0.25,1.0,0.75,0.125,0.2033898305084746,1.625,0.5,0.125,0.125,13.0,0.125,0.125,0.125,0.125,0.125,0.041666666666666664,0.05084745762711865,0.08571428571428572,0.0,0.0,0.0,2.0,8.0,,,,,,,,,,,,,,,,,,,,,,,,,,
med-f1727cd9627c,rar_medicine,agentic,,,,,31.0,89.0,,,,,,,,,,,grounding,9.0,16.0,0.1111111111111111,1.0,0.8888888888888888,0.06896551724137931,0.1285714285714286,2.4444444444444446,0.2222222222222222,0.0,0.0,1.0,0.0,0.0,0.0,0.0,0.0,0.0,0.0,0.1977818477818478,0.1111111111111111,0.3333333333333333,0.009259259259259259,1.0,9.0,,,,,,,,,,,,,,,,,,,,,,,,,,
med-f1727cd9627c,rar_medicine,agentic-tools,,,,,31.0,89.0,,,,,,,,,,,grounding,8.0,16.0,0.0,0.875,0.875,0.0,0.0,3.0,0.125,0.0,0.0,1.0,0.0,0.0,0.0,0.0,0.0,0.0,0.0,0.14260912698412698,0.0,0.25,0.0,0.0,8.0,,,,,,,,,,,,,,,,,,,,,,,,,,
med-fff27f593ee9,rar_medicine,shipped,,,,,36.0,272.0,,,,,,,,,,,grounding,13.0,73.0,0.07692307692307693,0.8461538461538461,0.7692307692307692,0.023809523809523808,0.03225806451612903,3.3076923076923075,0.23076923076923078,0.0,0.0,1.0,0.0,0.3076923076923077,0.23076923076923078,0.38461538461538464,0.07692307692307693,0.42857142857142855,0.3978494623655915,0.017094017094017092,0.0,0.0,0.0,1.0,13.0,,,,,,,,,,,,,,,,,,,,,,,,,,
med-fff27f593ee9,rar_medicine,baseline,,,,,36.0,272.0,,,,,,,,,,,grounding,9.0,73.0,0.0,1.0,1.0,0.0,0.0,5.0,0.0,0.0,0.0,1.0,0.0,0.3333333333333333,0.1111111111111111,0.3333333333333333,0.0,0.23333333333333334,0.27536231884057966,0.22778579445246117,0.2222222222222222,0.3333333333333333,0.0,0.0,9.0,,,,,,,,,,,,,,,,,,,,,,,,,,
med-fff27f593ee9,rar_medicine,agentic,,,,,36.0,272.0,,,,,,,,,,,grounding,13.0,73.0,0.0,1.0,1.0,0.0,0.0,5.3076923076923075,0.0,0.0,0.0,1.0,0.0,0.0,0.15384615384615385,0.15384615384615385,0.0,0.1875,0.17333333333333334,0.21103341103341103,0.07692307692307693,0.3076923076923077,0.023232323232323233,0.0,13.0,,,,,,,,,,,,,,,,,,,,,,,,,,
med-fff27f593ee9,rar_medicine,agentic-tools,,,,,36.0,272.0,,,,,,,,,,,grounding,12.0,73.0,0.0,1.0,1.0,0.0,0.0,4.083333333333333,0.08333333333333333,0.0,0.0,1.0,0.0,0.0,0.08333333333333333,0.08333333333333333,0.0,0.02857142857142857,0.03658536585365854,0.12636345136345137,0.08333333333333333,0.25,0.0,0.0,12.0,,,,,,,,,,,,,,,,,,,,,,,,,,
med-197191f4a201,rar_medicine,shipped,,,,,34.0,68.0,,,,,,,,,,,grounding,8.0,16.0,0.0,1.0,1.0,0.0,0.0,2.25,0.25,0.0,0.0,3.0,0.125,0.25,0.125,0.25,0.0,0.19047619047619047,0.12244897959183675,0.32688492063492064,0.375,0.5,0.0,0.0,8.0,,,,,,,,,,,,,,,,,,,,,,,,,,
med-197191f4a201,rar_medicine,baseline,,,,,34.0,68.0,,,,,,,,,,,grounding,7.0,16.0,0.42857142857142855,1.0,0.5714285714285714,0.25,0.4038461538461539,1.7142857142857142,0.5714285714285714,0.0,0.0,1.0,0.0,0.2857142857142857,0.14285714285714285,0.2857142857142857,0.14285714285714285,0.2,0.19230769230769235,0.12698412698412698,0.0,0.0,0.0,3.0,7.0,,,,,,,,,,,,,,,,,,,,,,,,,,
med-197191f4a201,rar_medicine,agentic,,,,,34.0,68.0,,,,,,,,,,,grounding,6.0,16.0,0.0,1.0,1.0,0.0,0.0,4.166666666666667,0.0,0.0,0.0,1.0,0.0,0.0,0.0,0.0,0.0,0.0,0.0,0.4592167092167092,0.5,0.6666666666666666,0.0,0.0,6.0,,,,,,,,,,,,,,,,,,,,,,,,,,
med-197191f4a201,rar_medicine,agentic-tools,,,,,34.0,68.0,,,,,,,,,,,grounding,5.0,16.0,0.0,1.0,1.0,0.0,0.0,3.2,0.2,0.0,0.0,1.0,0.0,0.0,0.0,0.0,0.0,0.0,0.0,0.3088888888888889,0.4,0.6,0.0,0.0,5.0,,,,,,,,,,,,,,,,,,,,,,,,,,
med-22cfe7cfc240,rar_medicine,shipped,,,,,31.0,80.0,,,,,,,,,,,grounding,10.0,17.0,0.1,1.0,0.9,0.03225806451612903,0.12,1.8,0.3,0.0,0.0,2.0,0.1,0.3,0.0,0.3,0.0,0.25806451612903225,0.22666666666666663,0.20257936507936508,0.1,0.3,0.0,1.0,10.0,,,,,,,,,,,,,,,,,,,,,,,,,,
med-22cfe7cfc240,rar_medicine,baseline,,,,,31.0,80.0,,,,,,,,,,,grounding,9.0,17.0,0.2222222222222222,1.0,0.7777777777777778,0.12,0.1791044776119403,1.4444444444444444,0.5555555555555556,0.0,0.0,2.0,0.2222222222222222,0.1111111111111111,0.0,0.1111111111111111,0.1111111111111111,0.04,0.04477611940298507,0.022222222222222223,0.0,0.0,0.0,2.0,9.0,,,,,,,,,,,,,,,,,,,,,,,,,,
med-22cfe7cfc240,rar_medicine,agentic,,,,,31.0,80.0,,,,,,,,,,,grounding,8.0,17.0,0.0,1.0,1.0,0.0,0.0,2.25,0.125,0.0,0.0,1.0,0.0,0.0,0.0,0.0,0.0,0.0,0.0,0.0,0.0,0.0,0.0,0.0,8.0,,,,,,,,,,,,,,,,,,,,,,,,,,
med-22cfe7cfc240,rar_medicine,agentic-tools,,,,,31.0,80.0,,,,,,,,,,,grounding,13.0,17.0,0.07692307692307693,1.0,0.9230769230769231,0.05405405405405406,0.11111111111111112,1.8461538461538463,0.3076923076923077,0.0,0.0,1.0,0.0,0.0,0.0,0.0,0.0,0.0,0.0,0.009615384615384616,0.0,0.0,0.0,1.0,13.0,,,,,,,,,,,,,,,,,,,,,,,,,,
med-243ec32e8cc8,rar_medicine,shipped,,,,,31.0,94.0,,,,,,,,,,,grounding,9.0,22.0,0.2222222222222222,1.0,0.7777777777777778,0.1111111111111111,0.0923076923076923,1.8888888888888888,0.6666666666666666,0.0,0.0,9.0,0.3333333333333333,0.2222222222222222,0.2222222222222222,0.3333333333333333,0.2222222222222222,0.2962962962962963,0.24615384615384617,0.031746031746031744,0.0,0.0,0.0,2.0,9.0,,,,,,,,,,,,,,,,,,,,,,,,,,
med-243ec32e8cc8,rar_medicine,baseline,,,,,31.0,94.0,,,,,,,,,,,grounding,7.0,22.0,0.0,1.0,1.0,0.0,0.0,3.5714285714285716,0.0,0.0,0.0,1.0,0.0,0.0,0.0,0.0,0.0,0.0,0.0,0.20482374768089054,0.14285714285714285,0.14285714285714285,0.0,0.0,7.0,,,,,,,,,,,,,,,,,,,,,,,,,,
med-243ec32e8cc8,rar_medicine,agentic,,,,,31.0,94.0,,,,,,,,,,,grounding,9.0,22.0,0.0,1.0,1.0,0.0,0.0,3.5555555555555554,0.0,0.0,0.0,1.0,0.0,0.0,0.0,0.0,0.0,0.0,0.0,0.24845679012345678,0.2222222222222222,0.3333333333333333,0.0,0.0,9.0,,,,,,,,,,,,,,,,,,,,,,,,,,
med-243ec32e8cc8,rar_medicine,agentic-tools,,,,,31.0,94.0,,,,,,,,,,,grounding,10.0,22.0,0.0,1.0,1.0,0.0,0.0,3.9,0.0,0.0,0.0,1.0,0.0,0.0,0.0,0.0,0.0,0.0,0.0,0.2829004329004329,0.3,0.4,0.0,0.0,10.0,,,,,,,,,,,,,,,,,,,,,,,,,,
med-28da216cd16f,rar_medicine,shipped,,,,,77.0,133.0,,,,,,,,,,,grounding,10.0,31.0,0.1,1.0,0.9,0.02857142857142857,0.0410958904109589,2.7,0.1,0.0,0.0,3.0,0.1,0.2,0.1,0.2,0.1,0.14285714285714285,0.136986301369863,0.15654761904761907,0.1,0.2,0.027884615384615386,1.0,10.0,,,,,,,,,,,,,,,,,,,,,,,,,,
med-28da216cd16f,rar_medicine,baseline,,,,,77.0,133.0,,,,,,,,,,,grounding,11.0,31.0,0.09090909090909091,1.0,0.9090909090909091,0.02564102564102564,0.03260869565217391,3.090909090909091,0.09090909090909091,0.09090909090909091,0.09090909090909091,13.0,0.18181818181818182,0.18181818181818182,0.09090909090909091,0.18181818181818182,0.09090909090909091,0.15384615384615385,0.14130434782608697,0.12789256198347107,0.09090909090909091,0.09090909090909091,0.009090909090909092,1.0,11.0,,,,,,,,,,,,,,,,,,,,,,,,,,
med-28da216cd16f,rar_medicine,agentic,,,,,77.0,133.0,,,,,,,,,,,grounding,13.0,31.0,0.3076923076923077,1.0,0.6923076923076923,0.21212121212121213,0.2886597938144329,2.076923076923077,0.46153846153846156,0.0,0.0,1.0,0.0,0.0,0.0,0.0,0.0,0.0,0.0,0.10745365745365747,0.0,0.07692307692307693,0.05285996055226824,4.0,13.0,,,,,,,,,,,,,,,,,,,,,,,,,,
med-28da216cd16f,rar_medicine,agentic-tools,,,,,77.0,133.0,,,,,,,,,,,grounding,13.0,31.0,0.15384615384615385,1.0,0.8461538461538461,0.08571428571428572,0.19780219780219782,2.769230769230769,0.23076923076923078,0.0,0.0,1.0,0.0,0.0,0.0,0.0,0.0,0.0,0.0,0.11043956043956044,0.0,0.0,0.04456654456654456,2.0,13.0,,,,,,,,,,,,,,,,,,,,,,,,,,
med-2b6e00e2fa33,rar_medicine,shipped,,,,,40.0,105.0,,,,,,,,,,,grounding,10.0,22.0,0.1,1.0,0.9,0.125,0.10606060606060605,1.6,0.4,0.0,0.1,15.0,0.1,0.2,0.1,0.2,0.0,0.21875,0.19696969696969696,0.01111111111111111,0.0,0.0,0.0,1.0,10.0,,,,,,,,,,,,,,,,,,,,,,,,,,
med-2b6e00e2fa33,rar_medicine,baseline,,,,,40.0,105.0,,,,,,,,,,,grounding,8.0,22.0,0.125,1.0,0.875,0.17857142857142858,0.15384615384615385,1.875,0.25,0.0,0.0,1.0,0.0,0.0,0.125,0.125,0.0,0.14285714285714285,0.10769230769230768,0.11696428571428572,0.0,0.125,0.0,1.0,8.0,,,,,,,,,,,,,,,,,,,,,,,,,,
med-2b6e00e2fa33,rar_medicine,agentic,,,,,40.0,105.0,,,,,,,,,,,grounding,11.0,22.0,0.0,1.0,1.0,0.0,0.0,4.363636363636363,0.0,0.0,0.0,1.0,0.0,0.0,0.2727272727272727,0.2727272727272727,0.0,0.34146341463414637,0.2934782608695652,0.04250295159386069,0.0,0.0,0.0,0.0,11.0,,,,,,,,,,,,,,,,,,,,,,,,,,
med-2b6e00e2fa33,rar_medicine,agentic-tools,,,,,40.0,105.0,,,,,,,,,,,grounding,6.0,22.0,0.0,1.0,1.0,0.0,0.0,3.1666666666666665,0.0,0.0,0.0,1.0,0.0,0.0,0.16666666666666666,0.16666666666666666,0.0,0.22727272727272727,0.19999999999999996,0.09999999999999999,0.16666666666666666,0.16666666666666666,0.0,0.0,6.0,,,,,,,,,,,,,,,,,,,,,,,,,,
med-310a19614101,rar_medicine,shipped,,,,,29.0,223.0,,,,,,,,,,,grounding,10.0,45.0,0.1,1.0,0.9,0.03571428571428571,0.044117647058823525,2.6,0.2,0.1,0.1,15.0,0.1,0.2,0.1,0.2,0.1,0.21428571428571427,0.19117647058823528,0.03333333333333333,0.0,0.0,0.0,1.0,10.0,,,,,,,,,,,,,,,,,,,,,,,,,,
med-310a19614101,rar_medicine,baseline,,,,,29.0,223.0,,,,,,,,,,,grounding,10.0,45.0,0.1,1.0,0.9,0.03125,0.039999999999999994,2.8,0.2,0.0,0.0,2.0,0.1,0.0,0.1,0.1,0.1,0.03125,0.039999999999999994,0.12777777777777777,0.1,0.1,0.0,1.0,10.0,,,,,,,,,,,,,,,,,,,,,,,,,,
med-310a19614101,rar_medicine,agentic,,,,,29.0,223.0,,,,,,,,,,,grounding,13.0,45.0,0.0,1.0,1.0,0.0,0.0,4.615384615384615,0.0,0.0,0.0,1.0,0.0,0.0,0.0,0.0,0.0,0.0,0.0,0.31144688644688645,0.3076923076923077,0.3076923076923077,0.03496503496503496,0.0,13.0,,,,,,,,,,,,,,,,,,,,,,,,,,
med-310a19614101,rar_medicine,agentic-tools,,,,,29.0,223.0,,,,,,,,,,,grounding,12.0,45.0,0.0,1.0,1.0,0.0,0.0,3.8333333333333335,0.08333333333333333,0.0,0.0,1.0,0.0,0.0,0.0,0.0,0.0,0.0,0.0,0.28454184704184704,0.3333333333333333,0.4166666666666667,0.0,0.0,12.0,,,,,,,,,,,,,,,,,,,,,,,,,,
med-339d1a40dbd7,rar_medicine,shipped,,,,,25.0,80.0,,,,,,,,,,,grounding,9.0,19.0,0.3333333333333333,1.0,0.6666666666666667,0.24,0.23214285714285712,1.6666666666666667,0.4444444444444444,0.0,0.0,1.0,0.0,0.1111111111111111,0.1111111111111111,0.2222222222222222,0.2222222222222222,0.2,0.17857142857142855,0.12037037037037036,0.0,0.1111111111111111,0.0,3.0,9.0,,,,,,,,,,,,,,,,,,,,,,,,,,
med-339d1a40dbd7,rar_medicine,baseline,,,,,25.0,80.0,,,,,,,,,,,grounding,8.0,19.0,0.0,1.0,1.0,0.0,0.0,2.125,0.375,0.0,0.0,3.0,0.375,0.125,0.125,0.25,0.0,0.2962962962962963,0.25757575757575757,0.29797979797979796,0.125,0.375,0.0,0.0,8.0,,,,,,,,,,,,,,,,,,,,,,,,,,
med-339d1a40dbd7,rar_medicine,agentic,,,,,25.0,80.0,,,,,,,,,,,grounding,12.0,19.0,0.0,0.9166666666666666,0.9166666666666666,0.0,0.0,2.5833333333333335,0.3333333333333333,0.0,0.0,1.0,0.0,0.0,0.08333333333333333,0.08333333333333333,0.0,0.11764705882352941,0.08860759493670885,0.2261574074074074,0.25,0.4166666666666667,0.010416666666666666,0.0,12.0,,,,,,,,,,,,,,,,,,,,,,,,,,
med-339d1a40dbd7,rar_medicine,agentic-tools,,,,,25.0,80.0,,,,,,,,,,,grounding,9.0,19.0,0.1111111111111111,1.0,0.8888888888888888,0.06896551724137931,0.13043478260869568,2.4444444444444446,0.3333333333333333,0.0,0.0,1.0,0.0,0.0,0.1111111111111111,0.1111111111111111,0.0,0.13793103448275862,0.10144927536231885,0.17482424982424982,0.1111111111111111,0.2222222222222222,0.013888888888888888,1.0,9.0,,,,,,,,,,,,,,,,,,,,,,,,,,
med-346fbc60b4f9,rar_medicine,shipped,,,,,26.0,111.0,,,,,,,,,,,grounding,10.0,17.0,0.3,0.8,0.5,0.15625,0.21428571428571427,1.8,0.3,0.0,0.0,5.0,0.3,0.2,0.1,0.2,0.1,0.1875,0.18571428571428572,0.13063492063492063,0.0,0.2,0.02777777777777778,3.0,10.0,,,,,,,,,,,,,,,,,,,,,,,,,,
med-346fbc60b4f9,rar_medicine,baseline,,,,,26.0,111.0,,,,,,,,,,,grounding,8.0,17.0,0.125,0.875,0.75,0.038461538461538464,0.049999999999999996,2.125,0.375,0.125,0.125,13.0,0.25,0.25,0.125,0.25,0.125,0.23076923076923078,0.21666666666666667,0.07500000000000001,0.0,0.0,0.0,1.0,8.0,,,,,,,,,,,,,,,,,,,,,,,,,,
med-346fbc60b4f9,rar_medicine,agentic,,,,,26.0,111.0,,,,,,,,,,,grounding,11.0,17.0,0.0,0.9090909090909091,0.9090909090909091,0.0,0.0,2.8181818181818183,0.18181818181818182,0.0,0.0,1.0,0.0,0.0,0.09090909090909091,0.09090909090909091,0.0,0.11428571428571428,0.09333333333333331,0.23026859504132233,0.2727272727272727,0.36363636363636365,0.009090909090909092,0.0,11.0,,,,,,,,,,,,,,,,,,,,,,,,,,
med-346fbc60b4f9,rar_medicine,agentic-tools,,,,,26.0,111.0,,,,,,,,,,,grounding,10.0,17.0,0.0,0.9,0.9,0.0,0.0,2.8,0.2,0.0,0.0,1.0,0.0,0.0,0.1,0.1,0.0,0.0967741935483871,0.10144927536231883,0.14893939393939393,0.1,0.1,0.0,0.0,10.0,,,,,,,,,,,,,,,,,,,,,,,,,,
med-39fe6d9a022e,rar_medicine,shipped,,,,,41.0,81.0,,,,,,,,,,,grounding,10.0,18.0,0.2,1.0,0.8,0.20689655172413793,0.20967741935483872,1.3,0.7,0.0,0.0,4.0,0.2,0.2,0.2,0.3,0.1,0.2413793103448276,0.20967741935483872,0.08623376623376625,0.0,0.1,0.016666666666666666,2.0,10.0,,,,,,,,,,,,,,,,,,,,,,,,,,
med-39fe6d9a022e,rar_medicine,baseline,,,,,41.0,81.0,,,,,,,,,,,grounding,8.0,18.0,0.5,1.0,0.5,0.3333333333333333,0.4745762711864407,1.375,0.625,0.125,0.125,13.0,0.25,0.125,0.125,0.125,0.125,0.041666666666666664,0.05084745762711865,0.11300505050505051,0.125,0.125,0.011363636363636364,4.0,8.0,,,,,,,,,,,,,,,,,,,,,,,,,,
med-39fe6d9a022e,rar_medicine,agentic,,,,,41.0,81.0,,,,,,,,,,,grounding,12.0,18.0,0.08333333333333333,1.0,0.9166666666666666,0.05714285714285714,0.03529411764705882,2.0833333333333335,0.5833333333333334,0.0,0.0,1.0,0.0,0.0,0.0,0.0,0.0,0.0,0.0,0.19632936507936508,0.16666666666666666,0.25,0.007575757575757576,1.0,12.0,,,,,,,,,,,,,,,,,,,,,,,,,,
med-39fe6d9a022e,rar_medicine,agentic-tools,,,,,41.0,81.0,,,,,,,,,,,grounding,7.0,18.0,0.0,1.0,1.0,0.0,0.0,1.8571428571428572,0.5714285714285714,0.0,0.0,1.0,0.0,0.0,0.0,0.0,0.0,0.0,0.0,0.28715986394557824,0.2857142857142857,0.42857142857142855,0.012987012987012988,0.0,7.0,,,,,,,,,,,,,,,,,,,,,,,,,,
med-3a854c06e788,rar_medicine,shipped,,,,,30.0,58.0,,,,,,,,,,,grounding,8.0,21.0,0.125,1.0,0.875,0.09523809523809523,0.058823529411764705,3.25,0.25,0.0,0.0,9.0,0.25,0.125,0.125,0.25,0.125,0.19047619047619047,0.23529411764705882,0.23660714285714285,0.25,0.25,0.05,1.0,8.0,,,,,,,,,,,,,,,,,,,,,,,,,,
med-3a854c06e788,rar_medicine,baseline,,,,,30.0,58.0,,,,,,,,,,,grounding,8.0,21.0,0.25,0.875,0.625,0.13636363636363635,0.21818181818181817,3.625,0.25,0.125,0.125,13.0,0.125,0.125,0.125,0.125,0.125,0.045454545454545456,0.05454545454545454,0.18437499999999998,0.125,0.375,0.017857142857142856,2.0,8.0,,,,,,,,,,,,,,,,,,,,,,,,,,
med-3a854c06e788,rar_medicine,agentic,,,,,30.0,58.0,,,,,,,,,,,grounding,6.0,21.0,0.0,0.8333333333333334,0.8333333333333334,0.0,0.0,5.333333333333333,0.0,0.0,0.0,1.0,0.0,0.0,0.0,0.0,0.0,0.0,0.0,0.35505050505050506,0.5,0.5,0.06666666666666667,0.0,6.0,,,,,,,,,,,,,,,,,,,,,,,,,,
med-3a854c06e788,rar_medicine,agentic-tools,,,,,30.0,58.0,,,,,,,,,,,grounding,5.0,21.0,0.0,0.8,0.8,0.0,0.0,5.6,0.0,0.0,0.0,1.0,0.0,0.0,0.0,0.0,0.0,0.0,0.0,0.2706493506493507,0.2,0.4,0.04,0.0,5.0,,,,,,,,,,,,,,,,,,,,,,,,,,
med-43e518d3d57e,rar_medicine,shipped,,,,,23.0,43.0,,,,,,,,,,,grounding,8.0,16.0,0.25,1.0,0.75,0.22727272727272727,0.18181818181818182,2.5,0.25,0.125,0.125,15.0,0.25,0.375,0.125,0.375,0.125,0.36363636363636365,0.29090909090909095,0.23124999999999998,0.25,0.375,0.10416666666666666,2.0,8.0,,,,,,,,,,,,,,,,,,,,,,,,,,
med-43e518d3d57e,rar_medicine,baseline,,,,,23.0,43.0,,,,,,,,,,,grounding,8.0,16.0,0.125,1.0,0.875,0.04,0.048387096774193554,2.375,0.5,0.0,0.0,6.0,0.125,0.125,0.125,0.125,0.125,0.04,0.048387096774193554,0.1875,0.25,0.375,0.08125,1.0,8.0,,,,,,,,,,,,,,,,,,,,,,,,,,
med-43e518d3d57e,rar_medicine,agentic,,,,,23.0,43.0,,,,,,,,,,,grounding,11.0,16.0,0.0,1.0,1.0,0.0,0.0,5.090909090909091,0.0,0.0,0.0,1.0,0.0,0.0,0.0,0.0,0.0,0.0,0.0,0.2618686868686869,0.09090909090909091,0.36363636363636365,0.11056998556998555,0.0,11.0,,,,,,,,,,,,,,,,,,,,,,,,,,
med-43e518d3d57e,rar_medicine,agentic-tools,,,,,23.0,43.0,,,,,,,,,,,grounding,6.0,16.0,0.0,1.0,1.0,0.0,0.0,4.166666666666667,0.16666666666666666,0.0,0.0,1.0,0.0,0.0,0.0,0.0,0.0,0.0,0.0,0.340993265993266,0.3333333333333333,0.5,0.1318181818181818,0.0,6.0,,,,,,,,,,,,,,,,,,,,,,,,,,
med-48491d33ec3d,rar_medicine,shipped,,,,,64.0,65.0,,,,,,,,,,,grounding,10.0,34.0,0.3,1.0,0.7,0.13793103448275862,0.23809523809523814,1.7,0.5,0.0,0.0,1.0,0.0,0.2,0.1,0.2,0.2,0.10344827586206896,0.09523809523809525,0.08766233766233766,0.1,0.1,0.03333333333333333,3.0,10.0,,,,,,,,,,,,,,,,,,,,,,,,,,
med-48491d33ec3d,rar_medicine,baseline,,,,,64.0,65.0,,,,,,,,,,,grounding,7.0,34.0,0.14285714285714285,1.0,0.8571428571428572,0.05,0.06521739130434782,2.857142857142857,0.14285714285714285,0.14285714285714285,0.14285714285714285,13.0,0.14285714285714285,0.14285714285714285,0.14285714285714285,0.14285714285714285,0.14285714285714285,0.05,0.06521739130434782,0.0642857142857143,0.0,0.0,0.0,1.0,7.0,,,,,,,,,,,,,,,,,,,,,,,,,,
med-48491d33ec3d,rar_medicine,agentic,,,,,64.0,65.0,,,,,,,,,,,grounding,10.0,34.0,0.0,1.0,1.0,0.0,0.0,4.1,0.0,0.0,0.0,1.0,0.0,0.0,0.0,0.0,0.0,0.0,0.0,0.16076839826839825,0.1,0.2,0.0,0.0,10.0,,,,,,,,,,,,,,,,,,,,,,,,,,
med-48491d33ec3d,rar_medicine,agentic-tools,,,,,64.0,65.0,,,,,,,,,,,grounding,7.0,34.0,0.0,1.0,1.0,0.0,0.0,3.7142857142857144,0.14285714285714285,0.0,0.0,1.0,0.0,0.0,0.0,0.0,0.0,0.0,0.0,0.11233211233211234,0.0,0.14285714285714285,0.0,0.0,7.0,,,,,,,,,,,,,,,,,,,,,,,,,,
med-51d19faca215,rar_medicine,shipped,,,,,33.0,92.0,,,,,,,,,,,grounding,10.0,19.0,0.2,1.0,0.8,0.1111111111111111,0.1016949152542373,2.2,0.5,0.0,0.0,5.0,0.1,0.1,0.1,0.2,0.2,0.1111111111111111,0.1016949152542373,0.20750000000000002,0.1,0.3,0.01818181818181818,2.0,10.0,,,,,,,,,,,,,,,,,,,,,,,,,,
med-51d19faca215,rar_medicine,baseline,,,,,33.0,92.0,,,,,,,,,,,grounding,8.0,19.0,0.25,1.0,0.75,0.11538461538461539,0.15873015873015872,2.5,0.25,0.0,0.0,6.0,0.125,0.125,0.125,0.125,0.125,0.038461538461538464,0.047619047619047616,0.18216540404040404,0.0,0.25,0.05823863636363637,2.0,8.0,,,,,,,,,,,,,,,,,,,,,,,,,,
med-51d19faca215,rar_medicine,agentic,,,,,33.0,92.0,,,,,,,,,,,grounding,9.0,19.0,0.0,1.0,1.0,0.0,0.0,3.888888888888889,0.1111111111111111,0.0,0.0,1.0,0.0,0.0,0.0,0.0,0.0,0.0,0.0,0.3732329398996066,0.4444444444444444,0.5555555555555556,0.05367399485046544,0.0,9.0,,,,,,,,,,,,,,,,,,,,,,,,,,
med-51d19faca215,rar_medicine,agentic-tools,,,,,33.0,92.0,,,,,,,,,,,grounding,6.0,19.0,0.0,1.0,1.0,0.0,0.0,3.1666666666666665,0.0,0.0,0.0,1.0,0.0,0.0,0.0,0.0,0.0,0.0,0.0,0.35457135457135464,0.5,0.5,0.030555555555555558,0.0,6.0,,,,,,,,,,,,,,,,,,,,,,,,,,
med-533a7b79571a,rar_medicine,shipped,,,,,31.0,88.0,,,,,,,,,,,grounding,12.0,25.0,0.08333333333333333,1.0,0.9166666666666666,0.027777777777777776,0.03409090909090909,2.5,0.3333333333333333,0.08333333333333333,0.08333333333333333,15.0,0.08333333333333333,0.16666666666666666,0.08333333333333333,0.16666666666666666,0.08333333333333333,0.1388888888888889,0.11363636363636363,0.04348544973544973,0.0,0.0,0.0,1.0,12.0,,,,,,,,,,,,,,,,,,,,,,,,,,
med-533a7b79571a,rar_medicine,baseline,,,,,31.0,88.0,,,,,,,,,,,grounding,9.0,25.0,0.0,1.0,1.0,0.0,0.0,2.6666666666666665,0.1111111111111111,0.0,0.0,1.0,0.0,0.1111111111111111,0.1111111111111111,0.2222222222222222,0.0,0.12903225806451613,0.1764705882352941,0.047619047619047616,0.0,0.0,0.0,0.0,9.0,,,,,,,,,,,,,,,,,,,,,,,,,,
med-533a7b79571a,rar_medicine,agentic,,,,,31.0,88.0,,,,,,,,,,,grounding,12.0,25.0,0.0,1.0,1.0,0.0,0.0,3.1666666666666665,0.16666666666666666,0.0,0.0,1.0,0.0,0.16666666666666666,0.0,0.16666666666666666,0.0,0.16216216216216217,0.18181818181818182,0.18598856209150325,0.16666666666666666,0.25,0.052083333333333336,0.0,12.0,,,,,,,,,,,,,,,,,,,,,,,,,,
med-533a7b79571a,rar_medicine,agentic-tools,,,,,31.0,88.0,,,,,,,,,,,grounding,12.0,25.0,0.0,1.0,1.0,0.0,0.0,3.0833333333333335,0.08333333333333333,0.0,0.0,1.0,0.0,0.08333333333333333,0.16666666666666666,0.25,0.0,0.19444444444444445,0.1710526315789474,0.12468434343434344,0.0,0.16666666666666666,0.011904761904761904,0.0,12.0,,,,,,,,,,,,,,,,,,,,,,,,,,
med-64de5a90cbca,rar_medicine,shipped,,,,,12.0,245.0,,,,,,,,,,,grounding,10.0,61.0,0.0,1.0,1.0,0.0,0.0,5.1,0.0,0.0,0.0,1.0,0.0,0.0,0.1,0.1,0.0,0.16666666666666666,0.13888888888888887,0.11083333333333334,0.0,0.1,0.0,0.0,10.0,,,,,,,,,,,,,,,,,,,,,,,,,,
med-64de5a90cbca,rar_medicine,baseline,,,,,12.0,245.0,,,,,,,,,,,grounding,10.0,61.0,0.1,1.0,0.9,0.058823529411764705,0.03409090909090909,4.5,0.1,0.0,0.0,1.0,0.0,0.0,0.2,0.2,0.1,0.20588235294117646,0.1477272727272727,0.05857142857142857,0.0,0.0,0.0,1.0,10.0,,,,,,,,,,,,,,,,,,,,,,,,,,
med-64de5a90cbca,rar_medicine,agentic,,,,,12.0,245.0,,,,,,,,,,,grounding,15.0,61.0,0.0,1.0,1.0,0.0,0.0,4.066666666666666,0.0,0.0,0.0,1.0,0.0,0.0,0.2,0.2,0.0,0.22448979591836735,0.19199999999999998,0.06666666666666667,0.0,0.0,0.0,0.0,15.0,,,,,,,,,,,,,,,,,,,,,,,,,,
med-64de5a90cbca,rar_medicine,agentic-tools,,,,,12.0,245.0,,,,,,,,,,,grounding,14.0,61.0,0.0,1.0,1.0,0.0,0.0,5.071428571428571,0.0,0.0,0.0,1.0,0.0,0.0,0.21428571428571427,0.21428571428571427,0.0,0.1794871794871795,0.1477272727272727,0.22346938775510208,0.07142857142857142,0.2857142857142857,0.0,0.0,14.0,,,,,,,,,,,,,,,,,,,,,,,,,,
med-70fca288ce5a,rar_medicine,shipped,,,,,118.0,57.0,,,,,,,,,,,grounding,8.0,41.0,0.125,1.0,0.875,0.03571428571428571,0.05084745762711864,1.875,0.5,0.0,0.0,1.0,0.0,0.125,0.0,0.125,0.125,0.03571428571428571,0.05084745762711864,0.05,0.0,0.125,0.0,1.0,8.0,,,,,,,,,,,,,,,,,,,,,,,,,,
med-70fca288ce5a,rar_medicine,baseline,,,,,118.0,57.0,,,,,,,,,,,grounding,11.0,41.0,0.2727272727272727,1.0,0.7272727272727273,0.2571428571428571,0.22727272727272727,1.9090909090909092,0.6363636363636364,0.0,0.0,6.0,0.09090909090909091,0.18181818181818182,0.09090909090909091,0.18181818181818182,0.18181818181818182,0.17142857142857143,0.1477272727272727,0.033549783549783545,0.0,0.0,0.0,3.0,11.0,,,,,,,,,,,,,,,,,,,,,,,,,,
med-70fca288ce5a,rar_medicine,agentic,,,,,118.0,57.0,,,,,,,,,,,grounding,8.0,41.0,0.0,1.0,1.0,0.0,0.0,3.375,0.0,0.0,0.0,1.0,0.0,0.0,0.0,0.0,0.0,0.0,0.0,0.23125,0.25,0.375,0.04285714285714286,0.0,8.0,,,,,,,,,,,,,,,,,,,,,,,,,,
med-70fca288ce5a,rar_medicine,agentic-tools,,,,,118.0,57.0,,,,,,,,,,,grounding,12.0,41.0,0.0,1.0,1.0,0.0,0.0,2.3333333333333335,0.25,0.0,0.0,1.0,0.0,0.0,0.0,0.0,0.0,0.0,0.0,0.027777777777777776,0.0,0.08333333333333333,0.010416666666666666,0.0,12.0,,,,,,,,,,,,,,,,,,,,,,,,,,
med-8087bfa21ada,rar_medicine,shipped,,,,,30.0,56.0,,,,,,,,,,,grounding,9.0,19.0,0.1111111111111111,1.0,0.8888888888888888,0.03125,0.043478260869565216,1.5555555555555556,0.5555555555555556,0.1111111111111111,0.1111111111111111,15.0,0.1111111111111111,0.2222222222222222,0.4444444444444444,0.5555555555555556,0.1111111111111111,0.5625,0.5217391304347826,0.027777777777777776,0.0,0.0,0.0,1.0,9.0,,,,,,,,,,,,,,,,,,,,,,,,,,
med-8087bfa21ada,rar_medicine,baseline,,,,,30.0,56.0,,,,,,,,,,,grounding,8.0,19.0,0.25,1.0,0.75,0.23076923076923078,0.20967741935483875,1.75,0.375,0.0,0.0,4.0,0.125,0.125,0.125,0.25,0.125,0.15384615384615385,0.16129032258064518,0.013888888888888888,0.0,0.0,0.0,2.0,8.0,,,,,,,,,,,,,,,,,,,,,,,,,,
med-8087bfa21ada,rar_medicine,agentic,,,,,30.0,56.0,,,,,,,,,,,grounding,15.0,19.0,0.2,1.0,0.8,0.24444444444444444,0.23199999999999996,1.4666666666666666,0.6666666666666666,0.0,0.0,1.0,0.0,0.0,0.2,0.2,0.0,0.15555555555555556,0.13599999999999998,0.13555555555555554,0.2,0.26666666666666666,0.0,3.0,15.0,,,,,,,,,,,,,,,,,,,,,,,,,,
med-8087bfa21ada,rar_medicine,agentic-tools,,,,,30.0,56.0,,,,,,,,,,,grounding,6.0,19.0,0.0,1.0,1.0,0.0,0.0,2.0,0.16666666666666666,0.0,0.0,1.0,0.0,0.0,0.0,0.0,0.0,0.0,0.0,0.041666666666666664,0.0,0.0,0.0,0.0,6.0,,,,,,,,,,,,,,,,,,,,,,,,,,
med-9eeced93c38b,rar_medicine,shipped,,,,,46.0,40.0,,,,,,,,,,,grounding,10.0,21.0,0.3,1.0,0.7,0.23529411764705882,0.21917808219178084,1.9,0.5,0.0,0.0,9.0,0.2,0.2,0.1,0.2,0.2,0.17647058823529413,0.17808219178082194,0.13214285714285715,0.2,0.2,0.06666666666666667,3.0,10.0,,,,,,,,,,,,,,,,,,,,,,,,,,
med-9eeced93c38b,rar_medicine,baseline,,,,,46.0,40.0,,,,,,,,,,,grounding,7.0,21.0,0.0,1.0,1.0,0.0,0.0,2.2857142857142856,0.2857142857142857,0.0,0.0,3.0,0.14285714285714285,0.0,0.0,0.0,0.0,0.0,0.0,0.10952380952380951,0.14285714285714285,0.14285714285714285,0.0,0.0,7.0,,,,,,,,,,,,,,,,,,,,,,,,,,
med-9eeced93c38b,rar_medicine,agentic,,,,,46.0,40.0,,,,,,,,,,,grounding,8.0,21.0,0.125,1.0,0.875,0.07142857142857142,0.13043478260869565,1.75,0.5,0.0,0.0,1.0,0.0,0.0,0.0,0.0,0.0,0.0,0.0,0.09474206349206349,0.0,0.0,0.05357142857142857,1.0,8.0,,,,,,,,,,,,,,,,,,,,,,,,,,
med-9eeced93c38b,rar_medicine,agentic-tools,,,,,46.0,40.0,,,,,,,,,,,grounding,6.0,21.0,0.3333333333333333,1.0,0.6666666666666667,0.25,0.3404255319148936,1.3333333333333333,0.5,0.0,0.0,1.0,0.0,0.0,0.0,0.0,0.0,0.0,0.0,0.05555555555555555,0.0,0.16666666666666666,0.03333333333333333,2.0,6.0,,,,,,,,,,,,,,,,,,,,,,,,,,
med-a05b680eb6c1,rar_medicine,shipped,,,,,50.0,159.0,,,,,,,,,,,grounding,10.0,36.0,0.1,1.0,0.9,0.037037037037037035,0.04615384615384615,3.8,0.1,0.0,0.0,3.0,0.1,0.3,0.1,0.3,0.1,0.14814814814814814,0.3230769230769231,0.2811263736263736,0.3,0.5,0.0,1.0,10.0,,,,,,,,,,,,,,,,,,,,,,,,,,
med-a05b680eb6c1,rar_medicine,baseline,,,,,50.0,159.0,,,,,,,,,,,grounding,9.0,36.0,0.0,1.0,1.0,0.0,0.0,3.3333333333333335,0.2222222222222222,0.0,0.0,1.0,0.0,0.0,0.0,0.0,0.0,0.0,0.0,0.22261904761904758,0.1111111111111111,0.3333333333333333,0.018518518518518517,0.0,9.0,,,,,,,,,,,,,,,,,,,,,,,,,,
med-a05b680eb6c1,rar_medicine,agentic,,,,,50.0,159.0,,,,,,,,,,,grounding,15.0,36.0,0.0,1.0,1.0,0.0,0.0,4.2,0.06666666666666667,0.0,0.0,1.0,0.0,0.0,0.0,0.0,0.0,0.0,0.0,0.3196789485024779,0.26666666666666666,0.4666666666666667,0.013333333333333334,0.0,15.0,,,,,,,,,,,,,,,,,,,,,,,,,,
med-a05b680eb6c1,rar_medicine,agentic-tools,,,,,50.0,159.0,,,,,,,,,,,grounding,16.0,36.0,0.0625,1.0,0.9375,0.044444444444444446,0.07627118644067796,3.75,0.1875,0.0,0.0,1.0,0.0,0.0,0.0,0.0,0.0,0.0,0.0,0.26816100566100565,0.3125,0.375,0.005208333333333333,1.0,16.0,,,,,,,,,,,,,,,,,,,,,,,,,,
med-b21da7abe861,rar_medicine,shipped,,,,,47.0,148.0,,,,,,,,,,,grounding,10.0,27.0,0.3,1.0,0.7,0.2,0.28787878787878785,1.3,0.6,0.0,0.0,2.0,0.1,0.1,0.0,0.1,0.0,0.1,0.10606060606060605,0.11111111111111112,0.0,0.3,0.02,3.0,10.0,,,,,,,,,,,,,,,,,,,,,,,,,,
med-b21da7abe861,rar_medicine,baseline,,,,,47.0,148.0,,,,,,,,,,,grounding,8.0,27.0,0.375,1.0,0.625,0.2962962962962963,0.40322580645161293,1.75,0.375,0.0,0.0,1.0,0.0,0.0,0.0,0.0,0.0,0.0,0.0,0.18691378066378067,0.125,0.125,0.0,3.0,8.0,,,,,,,,,,,,,,,,,,,,,,,,,,
med-b21da7abe861,rar_medicine,agentic,,,,,47.0,148.0,,,,,,,,,,,grounding,11.0,27.0,0.18181818181818182,1.0,0.8181818181818181,0.12121212121212122,0.23684210526315788,2.6363636363636362,0.18181818181818182,0.0,0.0,1.0,0.0,0.0,0.0,0.0,0.0,0.0,0.0,0.20888101797192704,0.18181818181818182,0.2727272727272727,0.022727272727272728,2.0,11.0,,,,,,,,,,,,,,,,,,,,,,,,,,
med-b21da7abe861,rar_medicine,agentic-tools,,,,,47.0,148.0,,,,,,,,,,,grounding,10.0,27.0,0.1,1.0,0.9,0.058823529411764705,0.1285714285714286,3.2,0.2,0.0,0.0,1.0,0.0,0.0,0.0,0.0,0.0,0.0,0.0,0.1220119586296057,0.0,0.1,0.01875,1.0,10.0,,,,,,,,,,,,,,,,,,,,,,,,,,
med-b78dbf37f022,rar_medicine,shipped,,,,,26.0,72.0,,,,,,,,,,,grounding,7.0,26.0,0.2857142857142857,1.0,0.7142857142857143,0.14285714285714285,0.2608695652173913,3.4285714285714284,0.2857142857142857,0.0,0.0,1.0,0.0,0.14285714285714285,0.2857142857142857,0.2857142857142857,0.14285714285714285,0.14285714285714285,0.13043478260869565,0.025274725274725275,0.0,0.0,0.0,2.0,7.0,,,,,,,,,,,,,,,,,,,,,,,,,,
med-b78dbf37f022,rar_medicine,baseline,,,,,26.0,72.0,,,,,,,,,,,grounding,6.0,26.0,0.16666666666666666,1.0,0.8333333333333334,0.047619047619047616,0.06521739130434781,3.6666666666666665,0.16666666666666666,0.16666666666666666,0.16666666666666666,13.0,0.16666666666666666,0.16666666666666666,0.16666666666666666,0.16666666666666666,0.16666666666666666,0.047619047619047616,0.06521739130434781,0.24537037037037038,0.3333333333333333,0.3333333333333333,0.0,1.0,6.0,,,,,,,,,,,,,,,,,,,,,,,,,,
med-b78dbf37f022,rar_medicine,agentic,,,,,26.0,72.0,,,,,,,,,,,grounding,14.0,26.0,0.0,0.8571428571428571,0.8571428571428571,0.0,0.0,3.4285714285714284,0.07142857142857142,0.0,0.0,2.0,0.14285714285714285,0.0,0.0,0.0,0.0,0.0,0.0,0.15,0.14285714285714285,0.2857142857142857,0.03571428571428571,0.0,14.0,,,,,,,,,,,,,,,,,,,,,,,,,,
med-b78dbf37f022,rar_medicine,agentic-tools,,,,,26.0,72.0,,,,,,,,,,,grounding,15.0,26.0,0.0,0.9333333333333333,0.9333333333333333,0.0,0.0,5.266666666666667,0.0,0.0,0.0,1.0,0.0,0.0,0.0,0.0,0.0,0.0,0.0,0.14196248196248196,0.13333333333333333,0.26666666666666666,0.0,0.0,15.0,,,,,,,,,,,,,,,,,,,,,,,,,,
med-b89d3eed861e,rar_medicine,shipped,,,,,17.0,62.0,,,,,,,,,,,grounding,14.0,30.0,0.21428571428571427,0.9285714285714286,0.7142857142857143,0.15254237288135594,0.18487394957983194,1.8571428571428572,0.2857142857142857,0.07142857142857142,0.07142857142857142,15.0,0.07142857142857142,0.14285714285714285,0.5714285714285714,0.6428571428571429,0.21428571428571427,0.5932203389830508,0.6050420168067226,0.0,0.0,0.0,0.0,3.0,14.0,,,,,,,,,,,,,,,,,,,,,,,,,,
med-b89d3eed861e,rar_medicine,baseline,,,,,17.0,62.0,,,,,,,,,,,grounding,13.0,30.0,0.23076923076923078,1.0,0.7692307692307692,0.14814814814814814,0.19130434782608693,2.4615384615384617,0.3076923076923077,0.0,0.0,3.0,0.07692307692307693,0.07692307692307693,0.9230769230769231,0.9230769230769231,0.23076923076923078,0.9259259259259259,0.9391304347826087,0.05668016194331983,0.07692307692307693,0.07692307692307693,0.0,3.0,13.0,,,,,,,,,,,,,,,,,,,,,,,,,,
med-b89d3eed861e,rar_medicine,agentic,,,,,17.0,62.0,,,,,,,,,,,grounding,8.0,30.0,0.0,1.0,1.0,0.0,0.0,3.875,0.0,0.0,0.0,1.0,0.0,0.0,0.75,0.75,0.0,0.7241379310344828,0.7671232876712328,0.09722222222222222,0.125,0.125,0.0,0.0,8.0,,,,,,,,,,,,,,,,,,,,,,,,,,
med-b89d3eed861e,rar_medicine,agentic-tools,,,,,17.0,62.0,,,,,,,,,,,grounding,8.0,30.0,0.0,1.0,1.0,0.0,0.0,4.625,0.0,0.0,0.0,1.0,0.0,0.0,0.625,0.625,0.0,0.6666666666666666,0.6825396825396827,0.1951388888888889,0.125,0.25,0.041666666666666664,0.0,8.0,,,,,,,,,,,,,,,,,,,,,,,,,,
med-c18f142a5a38,rar_medicine,shipped,,,,,24.0,11.0,,,,,,,,,,,grounding,10.0,11.0,0.9,1.0,0.09999999999999998,0.8275862068965517,0.8529411764705882,0.4,0.9,0.0,0.0,1.0,0.0,0.3,0.0,0.3,0.2,0.3448275862068966,0.3823529411764706,0.0375,0.0,0.1,0.0,9.0,10.0,,,,,,,,,,,,,,,,,,,,,,,,,,
med-c18f142a5a38,rar_medicine,baseline,,,,,24.0,11.0,,,,,,,,,,,grounding,8.0,11.0,0.5,1.0,0.5,0.3333333333333333,0.43076923076923074,0.875,0.75,0.0,0.0,1.0,0.0,0.375,0.125,0.375,0.25,0.2962962962962963,0.3384615384615384,0.0,0.0,0.0,0.0,4.0,8.0,,,,,,,,,,,,,,,,,,,,,,,,,,
med-c18f142a5a38,rar_medicine,agentic,,,,,24.0,11.0,,,,,,,,,,,grounding,6.0,11.0,0.16666666666666666,1.0,0.8333333333333334,0.11764705882352941,0.12962962962962962,2.1666666666666665,0.3333333333333333,0.0,0.0,1.0,0.0,0.0,0.0,0.0,0.0,0.0,0.0,0.020833333333333332,0.0,0.0,0.012820512820512822,1.0,6.0,,,,,,,,,,,,,,,,,,,,,,,,,,
med-c18f142a5a38,rar_medicine,agentic-tools,,,,,24.0,11.0,,,,,,,,,,,grounding,6.0,11.0,0.0,1.0,1.0,0.0,0.0,3.1666666666666665,0.16666666666666666,0.0,0.0,1.0,0.0,0.0,0.0,0.0,0.0,0.0,0.0,0.027777777777777776,0.0,0.0,0.023809523809523808,0.0,6.0,,,,,,,,,,,,,,,,,,,,,,,,,,
med-c284c536782e,rar_medicine,shipped,,,,,35.0,51.0,,,,,,,,,,,grounding,8.0,16.0,0.125,1.0,0.875,0.047619047619047616,0.06122448979591836,2.625,0.25,0.125,0.125,15.0,0.125,0.25,0.5,0.625,0.125,0.5714285714285714,0.5306122448979591,0.06840277777777778,0.0,0.0,0.0,1.0,8.0,,,,,,,,,,,,,,,,,,,,,,,,,,
med-c284c536782e,rar_medicine,baseline,,,,,35.0,51.0,,,,,,,,,,,grounding,7.0,16.0,0.0,1.0,1.0,0.0,0.0,2.857142857142857,0.0,0.0,0.0,1.0,0.0,0.2857142857142857,0.7142857142857143,0.8571428571428571,0.0,0.7894736842105263,0.8541666666666666,0.08412698412698413,0.0,0.0,0.0,0.0,7.0,,,,,,,,,,,,,,,,,,,,,,,,,,
med-c284c536782e,rar_medicine,agentic,,,,,35.0,51.0,,,,,,,,,,,grounding,6.0,16.0,0.0,1.0,1.0,0.0,0.0,4.333333333333333,0.0,0.0,0.0,1.0,0.0,0.0,0.3333333333333333,0.3333333333333333,0.0,0.35,0.3799999999999999,0.4201058201058201,0.3333333333333333,0.8333333333333334,0.041666666666666664,0.0,6.0,,,,,,,,,,,,,,,,,,,,,,,,,,
med-c284c536782e,rar_medicine,agentic-tools,,,,,35.0,51.0,,,,,,,,,,,grounding,6.0,16.0,0.16666666666666666,1.0,0.8333333333333334,0.10526315789473684,0.2,4.166666666666667,0.16666666666666666,0.0,0.0,1.0,0.0,0.0,0.6666666666666666,0.6666666666666666,0.16666666666666666,0.631578947368421,0.72,0.308994708994709,0.3333333333333333,0.5,0.020833333333333332,1.0,6.0,,,,,,,,,,,,,,,,,,,,,,,,,,
med-c55945849375,rar_medicine,shipped,,,,,13.0,209.0,,,,,,,,,,,grounding,10.0,61.0,0.0,1.0,1.0,0.0,0.0,5.0,0.0,0.0,0.0,3.0,0.1,0.1,0.0,0.1,0.0,0.030303030303030304,0.043478260869565216,0.07638888888888888,0.0,0.1,0.0,0.0,10.0,,,,,,,,,,,,,,,,,,,,,,,,,,
med-c55945849375,rar_medicine,baseline,,,,,13.0,209.0,,,,,,,,,,,grounding,10.0,61.0,0.0,1.0,1.0,0.0,0.0,6.3,0.0,0.0,0.0,1.0,0.0,0.0,0.0,0.0,0.0,0.0,0.0,0.20507936507936506,0.2,0.4,0.0,0.0,10.0,,,,,,,,,,,,,,,,,,,,,,,,,,
med-c55945849375,rar_medicine,agentic,,,,,13.0,209.0,,,,,,,,,,,grounding,14.0,61.0,0.0,1.0,1.0,0.0,0.0,6.285714285714286,0.0,0.0,0.0,1.0,0.0,0.0,0.0,0.0,0.0,0.0,0.0,0.30373763141620286,0.35714285714285715,0.35714285714285715,0.0,0.0,14.0,,,,,,,,,,,,,,,,,,,,,,,,,,
med-c55945849375,rar_medicine,agentic-tools,,,,,13.0,209.0,,,,,,,,,,,grounding,8.0,61.0,0.0,1.0,1.0,0.0,0.0,5.625,0.0,0.0,0.0,1.0,0.0,0.0,0.0,0.0,0.0,0.0,0.0,0.1874729437229437,0.0,0.375,0.0,0.0,8.0,,,,,,,,,,,,,,,,,,,,,,,,,,
med-c5613cc475ed,rar_medicine,shipped,,,,,12.0,102.0,,,,,,,,,,,grounding,12.0,30.0,0.25,1.0,0.75,0.12195121951219512,0.10465116279069767,2.1666666666666665,0.4166666666666667,0.0,0.0,1.0,0.0,0.25,0.25,0.3333333333333333,0.25,0.1951219512195122,0.186046511627907,0.18501082251082254,0.08333333333333333,0.16666666666666666,0.0,3.0,12.0,,,,,,,,,,,,,,,,,,,,,,,,,,
med-c5613cc475ed,rar_medicine,baseline,,,,,12.0,102.0,,,,,,,,,,,grounding,12.0,30.0,0.08333333333333333,1.0,0.9166666666666666,0.02564102564102564,0.031578947368421054,1.8333333333333333,0.3333333333333333,0.0,0.0,1.0,0.0,0.16666666666666666,0.16666666666666666,0.25,0.08333333333333333,0.15384615384615385,0.1368421052631579,0.17671957671957672,0.16666666666666666,0.16666666666666666,0.0,1.0,12.0,,,,,,,,,,,,,,,,,,,,,,,,,,
med-c5613cc475ed,rar_medicine,agentic,,,,,12.0,102.0,,,,,,,,,,,grounding,7.0,30.0,0.0,1.0,1.0,0.0,0.0,4.142857142857143,0.0,0.0,0.0,1.0,0.0,0.0,0.0,0.0,0.0,0.0,0.0,0.28843537414965986,0.14285714285714285,0.42857142857142855,0.0,0.0,7.0,,,,,,,,,,,,,,,,,,,,,,,,,,
med-c5613cc475ed,rar_medicine,agentic-tools,,,,,12.0,102.0,,,,,,,,,,,grounding,7.0,30.0,0.0,1.0,1.0,0.0,0.0,4.0,0.0,0.0,0.0,1.0,0.0,0.0,0.14285714285714285,0.14285714285714285,0.0,0.18181818181818182,0.2173913043478261,0.22217068645640076,0.0,0.2857142857142857,0.017791732077446363,0.0,7.0,,,,,,,,,,,,,,,,,,,,,,,,,,
med-cbdf1f80d3c5,rar_medicine,shipped,,,,,23.0,98.0,,,,,,,,,,,grounding,7.0,26.0,0.14285714285714285,1.0,0.8571428571428572,0.05263157894736842,0.06521739130434782,3.2857142857142856,0.14285714285714285,0.14285714285714285,0.14285714285714285,15.0,0.14285714285714285,0.14285714285714285,0.14285714285714285,0.14285714285714285,0.14285714285714285,0.05263157894736842,0.06521739130434782,0.08503401360544217,0.0,0.0,0.0,1.0,7.0,,,,,,,,,,,,,,,,,,,,,,,,,,
med-cbdf1f80d3c5,rar_medicine,baseline,,,,,23.0,98.0,,,,,,,,,,,grounding,7.0,26.0,0.14285714285714285,1.0,0.8571428571428572,0.058823529411764705,0.06818181818181819,3.142857142857143,0.14285714285714285,0.0,0.0,2.0,0.14285714285714285,0.14285714285714285,0.2857142857142857,0.2857142857142857,0.14285714285714285,0.29411764705882354,0.2272727272727273,0.13506493506493508,0.0,0.2857142857142857,0.014285714285714287,1.0,7.0,,,,,,,,,,,,,,,,,,,,,,,,,,
med-cbdf1f80d3c5,rar_medicine,agentic,,,,,23.0,98.0,,,,,,,,,,,grounding,9.0,26.0,0.0,1.0,1.0,0.0,0.0,4.222222222222222,0.0,0.0,0.0,1.0,0.0,0.0,0.1111111111111111,0.1111111111111111,0.0,0.17857142857142858,0.15384615384615385,0.19539488289488294,0.1111111111111111,0.3333333333333333,0.0,0.0,9.0,,,,,,,,,,,,,,,,,,,,,,,,,,
med-cbdf1f80d3c5,rar_medicine,agentic-tools,,,,,23.0,98.0,,,,,,,,,,,grounding,9.0,26.0,0.0,1.0,1.0,0.0,0.0,5.333333333333333,0.0,0.0,0.0,1.0,0.0,0.0,0.0,0.0,0.0,0.0,0.0,0.21214896214896217,0.2222222222222222,0.2222222222222222,0.05128205128205129,0.0,9.0,,,,,,,,,,,,,,,,,,,,,,,,,,
med-cbe76ed81c5b,rar_medicine,shipped,,,,,30.0,6.0,,,,,,,,,,,grounding,9.0,9.0,0.3333333333333333,1.0,0.6666666666666667,0.19230769230769232,0.33870967741935487,1.5555555555555556,0.4444444444444444,0.0,0.0,9.0,0.2222222222222222,0.0,0.0,0.0,0.0,0.0,0.0,0.06666666666666667,0.1111111111111111,0.1111111111111111,0.12698412698412698,3.0,9.0,,,,,,,,,,,,,,,,,,,,,,,,,,
med-cbe76ed81c5b,rar_medicine,baseline,,,,,30.0,6.0,,,,,,,,,,,grounding,9.0,9.0,0.3333333333333333,1.0,0.6666666666666667,0.15384615384615385,0.3230769230769231,0.8888888888888888,0.7777777777777778,0.0,0.0,1.0,0.0,0.0,0.0,0.0,0.0,0.0,0.0,0.0,0.0,0.0,0.0,3.0,9.0,,,,,,,,,,,,,,,,,,,,,,,,,,
med-cbe76ed81c5b,rar_medicine,agentic,,,,,30.0,6.0,,,,,,,,,,,grounding,9.0,9.0,0.0,1.0,1.0,0.0,0.0,1.5555555555555556,0.5555555555555556,0.0,0.0,1.0,0.0,0.0,0.0,0.0,0.0,0.0,0.0,0.1111111111111111,0.1111111111111111,0.1111111111111111,0.032407407407407406,0.0,9.0,,,,,,,,,,,,,,,,,,,,,,,,,,
med-cbe76ed81c5b,rar_medicine,agentic-tools,,,,,30.0,6.0,,,,,,,,,,,grounding,6.0,9.0,0.3333333333333333,1.0,0.6666666666666667,0.15384615384615385,0.3214285714285714,1.6666666666666667,0.5,0.0,0.0,1.0,0.0,0.0,0.0,0.0,0.0,0.0,0.0,0.0,0.0,0.0,0.0,2.0,6.0,,,,,,,,,,,,,,,,,,,,,,,,,,
med-cc0494519c68,rar_medicine,shipped,,,,,57.0,184.0,,,,,,,,,,,grounding,10.0,47.0,0.1,1.0,0.9,0.07407407407407407,0.05084745762711865,3.3,0.1,0.0,0.0,1.0,0.0,0.1,0.4,0.5,0.0,0.48148148148148145,0.5423728813559322,0.23301587301587304,0.3,0.3,0.01111111111111111,1.0,10.0,,,,,,,,,,,,,,,,,,,,,,,,,,
med-cc0494519c68,rar_medicine,baseline,,,,,57.0,184.0,,,,,,,,,,,grounding,10.0,47.0,0.1,1.0,0.9,0.03225806451612903,0.041666666666666664,3.8,0.1,0.0,0.0,4.0,0.1,0.2,0.6,0.6,0.1,0.6451612903225806,0.6388888888888888,0.15944444444444444,0.0,0.3,0.0,1.0,10.0,,,,,,,,,,,,,,,,,,,,,,,,,,
med-cc0494519c68,rar_medicine,agentic,,,,,57.0,184.0,,,,,,,,,,,grounding,11.0,47.0,0.0,1.0,1.0,0.0,0.0,4.090909090909091,0.0,0.0,0.0,2.0,0.18181818181818182,0.0,0.36363636363636365,0.36363636363636365,0.0,0.45454545454545453,0.45569620253164556,0.2664305391578119,0.18181818181818182,0.36363636363636365,0.0,0.0,11.0,,,,,,,,,,,,,,,,,,,,,,,,,,
med-cc0494519c68,rar_medicine,agentic-tools,,,,,57.0,184.0,,,,,,,,,,,grounding,11.0,47.0,0.0,1.0,1.0,0.0,0.0,3.5454545454545454,0.18181818181818182,0.0,0.0,1.0,0.0,0.0,0.2727272727272727,0.2727272727272727,0.0,0.3333333333333333,0.3783783783783783,0.1673067574137093,0.09090909090909091,0.18181818181818182,0.0,0.0,11.0,,,,,,,,,,,,,,,,,,,,,,,,,,
med-d078d9e5c01b,rar_medicine,shipped,,,,,16.0,7.0,,,,,,,,,,,grounding,7.0,7.0,0.14285714285714285,1.0,0.8571428571428572,0.045454545454545456,0.06122448979591836,1.8571428571428572,0.42857142857142855,0.14285714285714285,0.14285714285714285,15.0,0.2857142857142857,0.14285714285714285,0.14285714285714285,0.14285714285714285,0.14285714285714285,0.045454545454545456,0.06122448979591836,0.0,0.0,0.0,0.14285714285714285,1.0,7.0,,,,,,,,,,,,,,,,,,,,,,,,,,
med-d078d9e5c01b,rar_medicine,baseline,,,,,16.0,7.0,,,,,,,,,,,grounding,6.0,7.0,0.3333333333333333,1.0,0.6666666666666667,0.15789473684210525,0.2608695652173913,0.8333333333333334,0.8333333333333334,0.16666666666666666,0.16666666666666666,13.0,0.16666666666666666,0.16666666666666666,0.16666666666666666,0.16666666666666666,0.16666666666666666,0.05263157894736842,0.06521739130434782,0.0,0.0,0.0,0.0,2.0,6.0,,,,,,,,,,,,,,,,,,,,,,,,,,
med-d078d9e5c01b,rar_medicine,agentic,,,,,16.0,7.0,,,,,,,,,,,grounding,6.0,7.0,0.0,1.0,1.0,0.0,0.0,2.0,0.5,0.0,0.0,1.0,0.0,0.0,0.0,0.0,0.0,0.0,0.0,0.07417582417582418,0.0,0.0,0.0,0.0,6.0,,,,,,,,,,,,,,,,,,,,,,,,,,
med-d078d9e5c01b,rar_medicine,agentic-tools,,,,,16.0,7.0,,,,,,,,,,,grounding,4.0,7.0,0.0,1.0,1.0,0.0,0.0,1.75,0.25,0.0,0.0,1.0,0.0,0.0,0.0,0.0,0.0,0.0,0.0,0.06818181818181818,0.0,0.0,0.0,0.0,4.0,,,,,,,,,,,,,,,,,,,,,,,,,,
med-deb27cd3a8f9,rar_medicine,shipped,,,,,18.0,48.0,,,,,,,,,,,grounding,8.0,13.0,0.125,1.0,0.875,0.04,0.053571428571428575,2.25,0.25,0.125,0.125,15.0,0.25,0.5,0.125,0.5,0.125,0.4,0.35714285714285715,0.03125,0.0,0.0,0.0,1.0,8.0,,,,,,,,,,,,,,,,,,,,,,,,,,
med-deb27cd3a8f9,rar_medicine,baseline,,,,,18.0,48.0,,,,,,,,,,,grounding,5.0,13.0,0.2,1.0,0.8,0.125,0.08333333333333334,1.4,0.8,0.0,0.0,2.0,0.2,0.4,0.2,0.4,0.2,0.375,0.2777777777777778,0.12,0.2,0.2,0.0,1.0,5.0,,,,,,,,,,,,,,,,,,,,,,,,,,
med-deb27cd3a8f9,rar_medicine,agentic,,,,,18.0,48.0,,,,,,,,,,,grounding,7.0,13.0,0.0,1.0,1.0,0.0,0.0,2.2857142857142856,0.2857142857142857,0.0,0.0,2.0,0.2857142857142857,0.0,0.0,0.0,0.0,0.0,0.0,0.02040816326530612,0.0,0.0,0.0,0.0,7.0,,,,,,,,,,,,,,,,,,,,,,,,,,
med-deb27cd3a8f9,rar_medicine,agentic-tools,,,,,18.0,48.0,,,,,,,,,,,grounding,6.0,13.0,0.0,1.0,1.0,0.0,0.0,3.0,0.0,0.0,0.0,1.0,0.0,0.0,0.0,0.0,0.0,0.0,0.0,0.049999999999999996,0.0,0.16666666666666666,0.0925925925925926,0.0,6.0,,,,,,,,,,,,,,,,,,,,,,,,,,
med-eab5c7860802,rar_medicine,shipped,,,,,34.0,81.0,,,,,,,,,,,grounding,9.0,22.0,0.1111111111111111,0.8888888888888888,0.7777777777777777,0.037037037037037035,0.15254237288135594,1.7777777777777777,0.3333333333333333,0.0,0.0,2.0,0.1111111111111111,0.0,0.1111111111111111,0.1111111111111111,0.0,0.07407407407407407,0.05084745762711865,0.09074074074074073,0.0,0.0,0.0,1.0,9.0,,,,,,,,,,,,,,,,,,,,,,,,,,
med-eab5c7860802,rar_medicine,baseline,,,,,34.0,81.0,,,,,,,,,,,grounding,8.0,22.0,0.0,1.0,1.0,0.0,0.0,1.75,0.375,0.0,0.0,1.0,0.0,0.0,0.125,0.125,0.0,0.13793103448275862,0.10606060606060606,0.12351190476190475,0.125,0.125,0.0,0.0,8.0,,,,,,,,,,,,,,,,,,,,,,,,,,
med-eab5c7860802,rar_medicine,agentic,,,,,34.0,81.0,,,,,,,,,,,grounding,12.0,22.0,0.0,0.8333333333333334,0.8333333333333334,0.0,0.0,3.1666666666666665,0.0,0.0,0.0,1.0,0.0,0.0,0.08333333333333333,0.08333333333333333,0.0,0.05128205128205128,0.07291666666666667,0.21765873015873016,0.08333333333333333,0.16666666666666666,0.06323051948051948,0.0,12.0,,,,,,,,,,,,,,,,,,,,,,,,,,
med-eab5c7860802,rar_medicine,agentic-tools,,,,,34.0,81.0,,,,,,,,,,,grounding,7.0,22.0,0.0,0.8571428571428571,0.8571428571428571,0.0,0.0,3.0,0.0,0.0,0.0,1.0,0.0,0.0,0.0,0.0,0.0,0.0,0.0,0.16895604395604394,0.14285714285714285,0.14285714285714285,0.03231292517006802,0.0,7.0,,,,,,,,,,,,,,,,,,,,,,,,,,
med-f5bc99c4e922,rar_medicine,shipped,,,,,38.0,113.0,,,,,,,,,,,grounding,9.0,31.0,0.1111111111111111,1.0,0.8888888888888888,0.03571428571428571,0.04615384615384615,2.3333333333333335,0.2222222222222222,0.0,0.0,1.0,0.0,0.1111111111111111,0.1111111111111111,0.1111111111111111,0.1111111111111111,0.03571428571428571,0.04615384615384615,0.2074074074074074,0.3333333333333333,0.3333333333333333,0.0,1.0,9.0,,,,,,,,,,,,,,,,,,,,,,,,,,
med-f5bc99c4e922,rar_medicine,baseline,,,,,38.0,113.0,,,,,,,,,,,grounding,6.0,31.0,0.0,1.0,1.0,0.0,0.0,2.8333333333333335,0.0,0.0,0.0,3.0,0.16666666666666666,0.0,0.0,0.0,0.0,0.0,0.0,0.16058201058201058,0.0,0.16666666666666666,0.027777777777777776,0.0,6.0,,,,,,,,,,,,,,,,,,,,,,,,,,
med-f5bc99c4e922,rar_medicine,agentic,,,,,38.0,113.0,,,,,,,,,,,grounding,9.0,31.0,0.0,1.0,1.0,0.0,0.0,3.2222222222222223,0.1111111111111111,0.0,0.0,1.0,0.0,0.0,0.0,0.0,0.0,0.0,0.0,0.2342626509293176,0.2222222222222222,0.3333333333333333,0.0,0.0,9.0,,,,,,,,,,,,,,,,,,,,,,,,,,
med-f5bc99c4e922,rar_medicine,agentic-tools,,,,,38.0,113.0,,,,,,,,,,,grounding,9.0,31.0,0.0,1.0,1.0,0.0,0.0,3.6666666666666665,0.0,0.0,0.0,1.0,0.0,0.0,0.0,0.0,0.0,0.0,0.0,0.3051722968389635,0.3333333333333333,0.4444444444444444,0.015873015873015872,0.0,9.0,,,,,,,,,,,,,,,,,,,,,,,,,,
med-f6f123aa5ea7,rar_medicine,shipped,,,,,15.0,10.0,,,,,,,,,,,grounding,8.0,4.0,0.25,0.875,0.625,0.1,0.11764705882352941,0.875,0.875,0.0,0.0,3.0,0.125,0.25,0.0,0.25,0.0,0.35,0.37254901960784315,0.0,0.0,0.0,0.0,2.0,8.0,,,,,,,,,,,,,,,,,,,,,,,,,,
med-f6f123aa5ea7,rar_medicine,baseline,,,,,15.0,10.0,,,,,,,,,,,grounding,5.0,4.0,0.2,1.0,0.8,0.2222222222222222,0.1794871794871795,1.0,0.8,0.0,0.0,4.0,0.2,0.2,0.0,0.2,0.0,0.2777777777777778,0.25641025641025644,0.08888888888888888,0.0,0.2,0.0,1.0,5.0,,,,,,,,,,,,,,,,,,,,,,,,,,
med-f6f123aa5ea7,rar_medicine,agentic,,,,,15.0,10.0,,,,,,,,,,,grounding,6.0,4.0,0.16666666666666666,1.0,0.8333333333333334,0.2,0.16279069767441856,1.3333333333333333,0.6666666666666666,0.0,0.0,1.0,0.0,0.0,0.0,0.0,0.0,0.0,0.0,0.11904761904761903,0.0,0.16666666666666666,0.027777777777777776,1.0,6.0,,,,,,,,,,,,,,,,,,,,,,,,,,
med-f6f123aa5ea7,rar_medicine,agentic-tools,,,,,15.0,10.0,,,,,,,,,,,grounding,9.0,4.0,0.3333333333333333,0.8888888888888888,0.5555555555555556,0.23333333333333334,0.27536231884057966,0.8888888888888888,0.7777777777777778,0.0,0.0,1.0,0.0,0.0,0.0,0.0,0.0,0.0,0.0,0.010101010101010102,0.0,0.0,0.027777777777777776,3.0,9.0,,,,,,,,,,,,,,,,,,,,,,,,,,
sci-1074b372b376,rar_science,shipped,,,,,87.0,13.0,,,,,,,,,,,grounding,7.0,21.0,0.14285714285714285,1.0,0.8571428571428572,0.11538461538461539,0.05660377358490565,2.142857142857143,0.42857142857142855,0.0,0.0,5.0,0.14285714285714285,0.14285714285714285,0.0,0.14285714285714285,0.0,0.19230769230769232,0.18867924528301885,0.0,0.0,0.0,0.06277056277056277,1.0,7.0,,,,,,,,,,,,,,,,,,,,,,,,,,
sci-1074b372b376,rar_science,baseline,,,,,87.0,13.0,,,,,,,,,,,grounding,10.0,21.0,0.4,1.0,0.6,0.28125,0.3055555555555555,1.2,0.7,0.0,0.0,1.0,0.0,0.0,0.0,0.0,0.0,0.0,0.0,0.02857142857142857,0.0,0.0,0.04,4.0,10.0,,,,,,,,,,,,,,,,,,,,,,,,,,
sci-1074b372b376,rar_science,agentic,,,,,87.0,13.0,,,,,,,,,,,grounding,6.0,21.0,0.5,1.0,0.5,0.5,0.5,0.6666666666666666,0.8333333333333334,0.0,0.0,1.0,0.0,0.0,0.0,0.0,0.0,0.0,0.0,0.09523809523809523,0.0,0.0,0.0,3.0,6.0,,,,,,,,,,,,,,,,,,,,,,,,,,
sci-1074b372b376,rar_science,agentic-tools,,,,,87.0,13.0,,,,,,,,,,,grounding,15.0,21.0,0.13333333333333333,1.0,0.8666666666666667,0.09302325581395349,0.13043478260869565,1.4666666666666666,0.6,0.0,0.0,1.0,0.0,0.0,0.0,0.0,0.0,0.0,0.0,0.008333333333333333,0.0,0.0,0.047222222222222214,2.0,15.0,,,,,,,,,,,,,,,,,,,,,,,,,,
sci-1cbb3e0b742d,rar_science,shipped,,,,,160.0,230.0,,,,,,,,,,,grounding,9.0,46.0,0.0,0.5555555555555556,0.5555555555555556,0.0,0.0,2.2222222222222223,0.3333333333333333,0.0,0.0,1.0,0.0,0.1111111111111111,0.1111111111111111,0.2222222222222222,0.0,0.21621621621621623,0.1780821917808219,0.008547008547008548,0.0,0.0,0.0,0.0,9.0,,,,,,,,,,,,,,,,,,,,,,,,,,
sci-1cbb3e0b742d,rar_science,baseline,,,,,160.0,230.0,,,,,,,,,,,grounding,15.0,46.0,0.2,0.9333333333333333,0.7333333333333334,0.1896551724137931,0.208,2.2666666666666666,0.4,0.0,0.0,1.0,0.0,0.06666666666666667,0.0,0.06666666666666667,0.0,0.034482758620689655,0.023999999999999997,0.035555555555555556,0.0,0.06666666666666667,0.0,3.0,15.0,,,,,,,,,,,,,,,,,,,,,,,,,,
sci-1cbb3e0b742d,rar_science,agentic,,,,,160.0,230.0,,,,,,,,,,,grounding,15.0,46.0,0.0,0.8,0.8,0.0,0.0,2.8666666666666667,0.13333333333333333,0.0,0.0,2.0,0.13333333333333333,0.0,0.0,0.0,0.0,0.0,0.0,0.01574074074074074,0.0,0.0,0.0,0.0,15.0,,,,,,,,,,,,,,,,,,,,,,,,,,
sci-1cbb3e0b742d,rar_science,agentic-tools,,,,,160.0,230.0,,,,,,,,,,,grounding,15.0,46.0,0.0,0.7333333333333333,0.7333333333333333,0.0,0.0,2.533333333333333,0.3333333333333333,0.0,0.0,1.0,0.0,0.0,0.0,0.0,0.0,0.0,0.0,0.023917748917748914,0.0,0.0,0.007407407407407407,0.0,15.0,,,,,,,,,,,,,,,,,,,,,,,,,,
sci-200bfdc23b84,rar_science,shipped,,,,,49.0,370.0,,,,,,,,,,,grounding,7.0,58.0,0.14285714285714285,0.8571428571428571,0.7142857142857142,0.13793103448275862,0.12962962962962962,2.4285714285714284,0.2857142857142857,0.0,0.0,2.0,0.14285714285714285,0.2857142857142857,0.0,0.2857142857142857,0.0,0.27586206896551724,0.24074074074074073,0.0,0.0,0.0,0.0,1.0,7.0,,,,,,,,,,,,,,,,,,,,,,,,,,
sci-200bfdc23b84,rar_science,baseline,,,,,49.0,370.0,,,,,,,,,,,grounding,12.0,58.0,0.0,0.6666666666666666,0.6666666666666666,0.0,0.0,2.6666666666666665,0.16666666666666666,0.0,0.0,1.0,0.0,0.25,0.0,0.25,0.0,0.2692307692307692,0.25471698113207547,0.11143162393162392,0.08333333333333333,0.16666666666666666,0.0,0.0,12.0,,,,,,,,,,,,,,,,,,,,,,,,,,
sci-200bfdc23b84,rar_science,agentic,,,,,49.0,370.0,,,,,,,,,,,grounding,14.0,58.0,0.0,0.6428571428571429,0.6428571428571429,0.0,0.0,3.642857142857143,0.21428571428571427,0.0,0.0,1.0,0.0,0.0,0.0,0.0,0.0,0.0,0.0,0.05598072562358276,0.0,0.07142857142857142,0.005952380952380952,0.0,14.0,,,,,,,,,,,,,,,,,,,,,,,,,,
sci-200bfdc23b84,rar_science,agentic-tools,,,,,49.0,370.0,,,,,,,,,,,grounding,11.0,58.0,0.0,0.8181818181818182,0.8181818181818182,0.0,0.0,2.6363636363636362,0.09090909090909091,0.0,0.0,1.0,0.0,0.0,0.0,0.0,0.0,0.0,0.0,0.12272727272727274,0.0,0.18181818181818182,0.0,0.0,11.0,,,,,,,,,,,,,,,,,,,,,,,,,,
sci-2907ae60d945,rar_science,shipped,,,,,37.0,23.0,,,,,,,,,,,grounding,7.0,8.0,0.0,1.0,1.0,0.0,0.0,1.4285714285714286,0.5714285714285714,0.0,0.0,1.0,0.0,0.14285714285714285,0.14285714285714285,0.14285714285714285,0.0,0.1111111111111111,0.05357142857142856,0.0,0.0,0.0,0.028571428571428574,0.0,7.0,,,,,,,,,,,,,,,,,,,,,,,,,,
sci-2907ae60d945,rar_science,baseline,,,,,37.0,23.0,,,,,,,,,,,grounding,8.0,8.0,0.75,0.875,0.125,0.7692307692307693,0.7419354838709679,0.5,0.75,0.0,0.0,1.0,0.0,0.0,0.0,0.0,0.0,0.0,0.0,0.0125,0.0,0.0,0.0,6.0,8.0,,,,,,,,,,,,,,,,,,,,,,,,,,
sci-2907ae60d945,rar_science,agentic,,,,,37.0,23.0,,,,,,,,,,,grounding,6.0,8.0,0.3333333333333333,1.0,0.6666666666666667,0.2857142857142857,0.20689655172413796,1.1666666666666667,0.6666666666666666,0.0,0.0,1.0,0.0,0.0,0.0,0.0,0.0,0.0,0.0,0.0,0.0,0.0,0.03518518518518519,2.0,6.0,,,,,,,,,,,,,,,,,,,,,,,,,,
sci-2907ae60d945,rar_science,agentic-tools,,,,,37.0,23.0,,,,,,,,,,,grounding,5.0,8.0,0.4,0.8,0.4,0.23076923076923078,0.3333333333333333,1.2,0.6,0.0,0.0,1.0,0.0,0.0,0.0,0.0,0.0,0.0,0.0,0.021052631578947368,0.0,0.0,0.0,2.0,5.0,,,,,,,,,,,,,,,,,,,,,,,,,,
sci-2f3b45de3872,rar_science,shipped,,,,,61.0,15.0,,,,,,,,,,,grounding,7.0,20.0,0.0,1.0,1.0,0.0,0.0,3.0,0.0,0.0,0.0,1.0,0.0,0.42857142857142855,0.0,0.42857142857142855,0.0,0.46153846153846156,0.3773584905660377,0.0,0.0,0.0,0.07121212121212121,0.0,7.0,,,,,,,,,,,,,,,,,,,,,,,,,,
sci-2f3b45de3872,rar_science,baseline,,,,,61.0,15.0,,,,,,,,,,,grounding,10.0,20.0,0.2,1.0,0.8,0.08823529411764706,0.1379310344827586,2.2,0.4,0.0,0.0,1.0,0.0,0.4,0.0,0.4,0.2,0.38235294117647056,0.36781609195402293,0.0,0.0,0.0,0.03339285714285715,2.0,10.0,,,,,,,,,,,,,,,,,,,,,,,,,,
sci-2f3b45de3872,rar_science,agentic,,,,,61.0,15.0,,,,,,,,,,,grounding,6.0,20.0,0.0,1.0,1.0,0.0,0.0,3.3333333333333335,0.3333333333333333,0.0,0.0,1.0,0.0,0.0,0.0,0.0,0.0,0.0,0.0,0.0,0.0,0.0,0.14460784313725492,0.0,6.0,,,,,,,,,,,,,,,,,,,,,,,,,,
sci-2f3b45de3872,rar_science,agentic-tools,,,,,61.0,15.0,,,,,,,,,,,grounding,16.0,20.0,0.0,1.0,1.0,0.0,0.0,4.4375,0.0,0.0,0.0,1.0,0.0,0.0,0.0,0.0,0.0,0.0,0.0,0.0,0.0,0.0,0.019345238095238096,0.0,16.0,,,,,,,,,,,,,,,,,,,,,,,,,,
sci-423a28946a42,rar_science,shipped,,,,,34.0,22.0,,,,,,,,,,,grounding,8.0,4.0,0.625,1.0,0.375,0.6451612903225806,0.5396825396825397,0.375,1.0,0.0,0.0,3.0,0.125,0.625,0.0,0.625,0.375,0.7096774193548387,0.6349206349206349,0.041666666666666664,0.0,0.125,0.020833333333333332,5.0,8.0,,,,,,,,,,,,,,,,,,,,,,,,,,
sci-423a28946a42,rar_science,baseline,,,,,34.0,22.0,,,,,,,,,,,grounding,14.0,4.0,0.9285714285714286,1.0,0.0714285714285714,0.8936170212765957,0.9107142857142857,0.14285714285714285,0.9285714285714286,0.0,0.0,1.0,0.0,0.14285714285714285,0.0,0.14285714285714285,0.14285714285714285,0.14893617021276595,0.12499999999999999,0.0,0.0,0.0,0.0,13.0,14.0,,,,,,,,,,,,,,,,,,,,,,,,,,
sci-423a28946a42,rar_science,agentic,,,,,34.0,22.0,,,,,,,,,,,grounding,6.0,4.0,0.6666666666666666,1.0,0.33333333333333337,0.6666666666666666,0.627906976744186,0.3333333333333333,1.0,0.0,0.0,2.0,0.6666666666666666,0.0,0.0,0.0,0.0,0.0,0.0,0.0,0.0,0.0,0.0,4.0,6.0,,,,,,,,,,,,,,,,,,,,,,,,,,
sci-423a28946a42,rar_science,agentic-tools,,,,,34.0,22.0,,,,,,,,,,,grounding,5.0,4.0,0.8,1.0,0.19999999999999996,0.8,0.9090909090909092,0.2,1.0,0.0,0.0,1.0,0.0,0.0,0.0,0.0,0.0,0.0,0.0,0.02,0.0,0.0,0.0,4.0,5.0,,,,,,,,,,,,,,,,,,,,,,,,,,
sci-4260e6a475a5,rar_science,shipped,,,,,80.0,42.0,,,,,,,,,,,grounding,8.0,15.0,0.0,1.0,1.0,0.0,0.0,1.75,0.625,0.0,0.0,1.0,0.0,0.25,0.0,0.25,0.0,0.2857142857142857,0.25000000000000006,0.0,0.0,0.0,0.0,0.0,8.0,,,,,,,,,,,,,,,,,,,,,,,,,,
sci-4260e6a475a5,rar_science,baseline,,,,,80.0,42.0,,,,,,,,,,,grounding,8.0,15.0,0.0,1.0,1.0,0.0,0.0,1.5,0.625,0.0,0.0,1.0,0.0,0.0,0.0,0.0,0.0,0.0,0.0,0.0,0.0,0.0,0.0,0.0,8.0,,,,,,,,,,,,,,,,,,,,,,,,,,
sci-4260e6a475a5,rar_science,agentic,,,,,80.0,42.0,,,,,,,,,,,grounding,14.0,15.0,0.07142857142857142,1.0,0.9285714285714286,0.07317073170731707,0.08620689655172414,2.0,0.2857142857142857,0.0,0.0,1.0,0.0,0.0,0.0,0.0,0.0,0.0,0.0,0.0071428571428571435,0.0,0.0,0.0,1.0,14.0,,,,,,,,,,,,,,,,,,,,,,,,,,
sci-4260e6a475a5,rar_science,agentic-tools,,,,,80.0,42.0,,,,,,,,,,,grounding,13.0,15.0,0.15384615384615385,1.0,0.8461538461538461,0.18604651162790697,0.160377358490566,1.4615384615384615,0.6153846153846154,0.0,0.0,1.0,0.0,0.0,0.0,0.0,0.0,0.0,0.0,0.0,0.0,0.0,0.0,2.0,13.0,,,,,,,,,,,,,,,,,,,,,,,,,,
sci-4430faf0f105,rar_science,shipped,,,,,46.0,2.0,,,,,,,,,,,grounding,7.0,4.0,0.42857142857142855,1.0,0.5714285714285714,0.3076923076923077,0.35849056603773577,0.7142857142857143,0.8571428571428571,0.0,0.0,1.0,0.0,0.2857142857142857,0.0,0.2857142857142857,0.14285714285714285,0.3076923076923077,0.26415094339622636,0.0,0.0,0.0,0.0,3.0,7.0,,,,,,,,,,,,,,,,,,,,,,,,,,
sci-4430faf0f105,rar_science,baseline,,,,,46.0,2.0,,,,,,,,,,,grounding,12.0,4.0,0.5833333333333334,1.0,0.41666666666666663,0.5227272727272727,0.5576923076923077,0.4166666666666667,1.0,0.0,0.0,1.0,0.0,0.0,0.0,0.0,0.0,0.0,0.0,0.0,0.0,0.0,0.0,7.0,12.0,,,,,,,,,,,,,,,,,,,,,,,,,,
sci-4430faf0f105,rar_science,agentic,,,,,46.0,2.0,,,,,,,,,,,grounding,15.0,4.0,0.6,1.0,0.4,0.5510204081632653,0.6086956521739131,0.4666666666666667,0.9333333333333333,0.0,0.0,1.0,0.0,0.0,0.0,0.0,0.0,0.0,0.0,0.0,0.0,0.0,0.005555555555555555,9.0,15.0,,,,,,,,,,,,,,,,,,,,,,,,,,
sci-4430faf0f105,rar_science,agentic-tools,,,,,46.0,2.0,,,,,,,,,,,grounding,6.0,4.0,0.6666666666666666,1.0,0.33333333333333337,0.7894736842105263,0.75,0.3333333333333333,1.0,0.0,0.0,1.0,0.0,0.0,0.0,0.0,0.0,0.0,0.0,0.0,0.0,0.0,0.0,4.0,6.0,,,,,,,,,,,,,,,,,,,,,,,,,,
sci-46a70d998b40,rar_science,shipped,,,,,35.0,13.0,,,,,,,,,,,grounding,7.0,11.0,0.2857142857142857,1.0,0.7142857142857143,0.25,0.18867924528301888,0.8571428571428571,0.8571428571428571,0.0,0.0,1.0,0.0,0.7142857142857143,0.42857142857142855,0.8571428571428571,0.2857142857142857,0.8214285714285714,0.8113207547169812,0.0,0.0,0.0,0.0,2.0,7.0,,,,,,,,,,,,,,,,,,,,,,,,,,
sci-46a70d998b40,rar_science,baseline,,,,,35.0,13.0,,,,,,,,,,,grounding,9.0,11.0,0.1111111111111111,1.0,0.8888888888888888,0.07407407407407407,0.1267605633802817,2.6666666666666665,0.4444444444444444,0.0,0.0,1.0,0.0,0.0,0.1111111111111111,0.1111111111111111,0.0,0.07407407407407407,0.1267605633802817,0.0,0.0,0.0,0.0,1.0,9.0,,,,,,,,,,,,,,,,,,,,,,,,,,
sci-46a70d998b40,rar_science,agentic,,,,,35.0,13.0,,,,,,,,,,,grounding,8.0,11.0,0.0,1.0,1.0,0.0,0.0,3.125,0.125,0.0,0.0,1.0,0.0,0.0,0.125,0.125,0.0,0.08,0.14516129032258066,0.0,0.0,0.0,0.0,0.0,8.0,,,,,,,,,,,,,,,,,,,,,,,,,,
sci-46a70d998b40,rar_science,agentic-tools,,,,,35.0,13.0,,,,,,,,,,,grounding,8.0,11.0,0.0,1.0,1.0,0.0,0.0,2.75,0.0,0.0,0.0,1.0,0.0,0.0,0.125,0.125,0.0,0.08,0.14516129032258066,0.0,0.0,0.0,0.0,0.0,8.0,,,,,,,,,,,,,,,,,,,,,,,,,,
sci-4705912940bd,rar_science,shipped,,,,,160.0,39.0,,,,,,,,,,,grounding,8.0,21.0,0.375,1.0,0.625,0.2962962962962963,0.3064516129032258,2.0,0.625,0.0,0.0,3.0,0.125,0.25,0.25,0.375,0.25,0.4074074074074074,0.2741935483870968,0.0,0.0,0.0,0.13161057692307693,3.0,8.0,,,,,,,,,,,,,,,,,,,,,,,,,,
sci-4705912940bd,rar_science,baseline,,,,,160.0,39.0,,,,,,,,,,,grounding,11.0,21.0,0.0,0.45454545454545453,0.45454545454545453,0.0,0.0,2.8181818181818183,0.18181818181818182,0.0,0.0,1.0,0.0,0.09090909090909091,0.09090909090909091,0.09090909090909091,0.0,0.06382978723404255,0.06666666666666667,0.0,0.0,0.0,0.012987012987012986,0.0,11.0,,,,,,,,,,,,,,,,,,,,,,,,,,
sci-4705912940bd,rar_science,agentic,,,,,160.0,39.0,,,,,,,,,,,grounding,7.0,21.0,0.0,0.7142857142857143,0.7142857142857143,0.0,0.0,1.5714285714285714,0.5714285714285714,0.0,0.0,1.0,0.0,0.0,0.0,0.0,0.0,0.0,0.0,0.0,0.0,0.0,0.09285714285714286,0.0,7.0,,,,,,,,,,,,,,,,,,,,,,,,,,
sci-4705912940bd,rar_science,agentic-tools,,,,,160.0,39.0,,,,,,,,,,,grounding,10.0,21.0,0.2,0.6,0.39999999999999997,0.15,0.17721518987341772,1.9,0.4,0.0,0.0,1.0,0.0,0.0,0.0,0.0,0.0,0.0,0.0,0.0,0.0,0.0,0.0625,2.0,10.0,,,,,,,,,,,,,,,,,,,,,,,,,,
sci-530fc857ec78,rar_science,shipped,,,,,23.0,28.0,,,,,,,,,,,grounding,8.0,6.0,0.5,1.0,0.5,0.4827586206896552,0.35714285714285715,0.5,1.0,0.0,0.0,1.0,0.0,0.375,0.0,0.375,0.125,0.41379310344827586,0.35714285714285715,0.0,0.0,0.0,0.0,4.0,8.0,,,,,,,,,,,,,,,,,,,,,,,,,,
sci-530fc857ec78,rar_science,baseline,,,,,23.0,28.0,,,,,,,,,,,grounding,11.0,6.0,0.9090909090909091,1.0,0.09090909090909094,0.9705882352941176,0.9620253164556962,0.09090909090909091,1.0,0.0,0.0,1.0,0.0,0.0,0.0,0.0,0.0,0.0,0.0,0.0,0.0,0.0,0.0,10.0,11.0,,,,,,,,,,,,,,,,,,,,,,,,,,
sci-530fc857ec78,rar_science,agentic,,,,,23.0,28.0,,,,,,,,,,,grounding,6.0,6.0,0.5,1.0,0.5,0.45454545454545453,0.45999999999999996,0.5,1.0,0.0,0.0,1.0,0.0,0.0,0.0,0.0,0.0,0.0,0.0,0.0,0.0,0.0,0.0,3.0,6.0,,,,,,,,,,,,,,,,,,,,,,,,,,
sci-530fc857ec78,rar_science,agentic-tools,,,,,23.0,28.0,,,,,,,,,,,grounding,5.0,6.0,0.0,1.0,1.0,0.0,0.0,1.0,1.0,0.0,0.0,1.0,0.0,0.0,0.0,0.0,0.0,0.0,0.0,0.0,0.0,0.0,0.0,0.0,5.0,,,,,,,,,,,,,,,,,,,,,,,,,,
sci-5c5822f383a5,rar_science,shipped,,,,,78.0,188.0,,,,,,,,,,,grounding,8.0,27.0,0.5,1.0,0.5,0.3870967741935484,0.3728813559322034,1.25,0.625,0.0,0.0,2.0,0.125,0.75,0.0,0.75,0.375,0.8064516129032258,0.6779661016949151,0.0,0.0,0.0,0.0,4.0,8.0,,,,,,,,,,,,,,,,,,,,,,,,,,
sci-5c5822f383a5,rar_science,baseline,,,,,78.0,188.0,,,,,,,,,,,grounding,13.0,27.0,0.38461538461538464,0.8461538461538461,0.4615384615384615,0.37777777777777777,0.3925233644859813,1.4615384615384615,0.5384615384615384,0.0,0.0,1.0,0.0,0.07692307692307693,0.0,0.07692307692307693,0.0,0.022222222222222223,0.02803738317757009,0.0,0.0,0.0,0.0,5.0,13.0,,,,,,,,,,,,,,,,,,,,,,,,,,
sci-5c5822f383a5,rar_science,agentic,,,,,78.0,188.0,,,,,,,,,,,grounding,15.0,27.0,0.13333333333333333,1.0,0.8666666666666667,0.10638297872340426,0.0892857142857143,2.066666666666667,0.3333333333333333,0.0,0.0,2.0,0.13333333333333333,0.0,0.0,0.0,0.0,0.0,0.0,0.0,0.0,0.0,0.0,2.0,15.0,,,,,,,,,,,,,,,,,,,,,,,,,,
sci-5c5822f383a5,rar_science,agentic-tools,,,,,78.0,188.0,,,,,,,,,,,grounding,13.0,27.0,0.07692307692307693,1.0,0.9230769230769231,0.1,0.0707070707070707,1.9230769230769231,0.46153846153846156,0.0,0.0,2.0,0.15384615384615385,0.0,0.0,0.0,0.0,0.0,0.0,0.0,0.0,0.0,0.0,1.0,13.0,,,,,,,,,,,,,,,,,,,,,,,,,,
sci-615e52d990f9,rar_science,shipped,,,,,37.0,31.0,,,,,,,,,,,grounding,7.0,9.0,0.5714285714285714,1.0,0.4285714285714286,0.6538461538461539,0.6071428571428571,0.42857142857142855,1.0,0.0,0.0,1.0,0.0,0.42857142857142855,0.14285714285714285,0.42857142857142855,0.14285714285714285,0.46153846153846156,0.41071428571428564,0.05454545454545455,0.0,0.0,0.0,4.0,7.0,,,,,,,,,,,,,,,,,,,,,,,,,,
sci-615e52d990f9,rar_science,baseline,,,,,37.0,31.0,,,,,,,,,,,grounding,13.0,9.0,0.8461538461538461,0.9230769230769231,0.07692307692307698,0.7560975609756098,0.7894736842105264,0.15384615384615385,1.0,0.0,0.0,5.0,0.15384615384615385,0.15384615384615385,0.38461538461538464,0.46153846153846156,0.38461538461538464,0.4634146341463415,0.38947368421052625,0.01183431952662722,0.0,0.0,0.0,11.0,13.0,,,,,,,,,,,,,,,,,,,,,,,,,,
sci-615e52d990f9,rar_science,agentic,,,,,37.0,31.0,,,,,,,,,,,grounding,8.0,9.0,0.75,1.0,0.25,0.6190476190476191,0.6909090909090909,0.5,0.875,0.0,0.0,1.0,0.0,0.0,0.375,0.375,0.25,0.38095238095238093,0.3818181818181818,0.125,0.125,0.125,0.0,6.0,8.0,,,,,,,,,,,,,,,,,,,,,,,,,,
sci-615e52d990f9,rar_science,agentic-tools,,,,,37.0,31.0,,,,,,,,,,,grounding,14.0,9.0,0.7142857142857143,0.9285714285714286,0.2142857142857143,0.6888888888888889,0.7373737373737372,0.42857142857142855,0.9285714285714286,0.0,0.0,1.0,0.0,0.0,0.21428571428571427,0.21428571428571427,0.21428571428571427,0.13333333333333333,0.19191919191919188,0.047889610389610385,0.07142857142857142,0.07142857142857142,0.0,10.0,14.0,,,,,,,,,,,,,,,,,,,,,,,,,,
sci-6601b6700272,rar_science,shipped,,,,,57.0,7.0,,,,,,,,,,,grounding,8.0,19.0,0.25,0.75,0.5,0.12,0.10714285714285715,1.75,0.375,0.0,0.0,1.0,0.0,0.5,0.25,0.625,0.25,0.64,0.5892857142857143,0.0,0.0,0.0,0.0,2.0,8.0,,,,,,,,,,,,,,,,,,,,,,,,,,
sci-6601b6700272,rar_science,baseline,,,,,57.0,7.0,,,,,,,,,,,grounding,10.0,19.0,0.0,0.9,0.9,0.0,0.0,1.7,0.5,0.0,0.0,1.0,0.0,0.0,0.0,0.0,0.0,0.0,0.0,0.0,0.0,0.0,0.0,0.0,10.0,,,,,,,,,,,,,,,,,,,,,,,,,,
sci-6601b6700272,rar_science,agentic,,,,,57.0,7.0,,,,,,,,,,,grounding,15.0,19.0,0.0,0.8666666666666667,0.8666666666666667,0.0,0.0,2.533333333333333,0.3333333333333333,0.0,0.0,1.0,0.0,0.0,0.0,0.0,0.0,0.0,0.0,0.0,0.0,0.0,0.0,0.0,15.0,,,,,,,,,,,,,,,,,,,,,,,,,,
sci-6601b6700272,rar_science,agentic-tools,,,,,57.0,7.0,,,,,,,,,,,grounding,5.0,19.0,0.0,1.0,1.0,0.0,0.0,3.2,0.2,0.0,0.0,1.0,0.0,0.0,0.0,0.0,0.0,0.0,0.0,0.0,0.0,0.0,0.0,0.0,5.0,,,,,,,,,,,,,,,,,,,,,,,,,,
sci-674358162aab,rar_science,shipped,,,,,40.0,27.0,,,,,,,,,,,grounding,7.0,13.0,0.14285714285714285,1.0,0.8571428571428572,0.18518518518518517,0.2040816326530612,2.142857142857143,0.5714285714285714,0.0,0.0,1.0,0.0,0.14285714285714285,0.0,0.14285714285714285,0.14285714285714285,0.18518518518518517,0.2040816326530612,0.05102040816326531,0.0,0.14285714285714285,0.023809523809523808,1.0,7.0,,,,,,,,,,,,,,,,,,,,,,,,,,
sci-674358162aab,rar_science,baseline,,,,,40.0,27.0,,,,,,,,,,,grounding,17.0,13.0,0.23529411764705882,1.0,0.7647058823529411,0.23529411764705882,0.1811023622047244,1.4705882352941178,0.7058823529411765,0.0,0.0,2.0,0.058823529411764705,0.058823529411764705,0.11764705882352941,0.11764705882352941,0.11764705882352941,0.058823529411764705,0.047244094488188976,0.018922254216371864,0.0,0.0,0.00980392156862745,4.0,17.0,,,,,,,,,,,,,,,,,,,,,,,,,,
sci-674358162aab,rar_science,agentic,,,,,40.0,27.0,,,,,,,,,,,grounding,15.0,13.0,0.2,1.0,0.8,0.1951219512195122,0.1368421052631579,1.6666666666666667,0.6,0.0,0.0,1.0,0.0,0.0,0.06666666666666667,0.06666666666666667,0.0,0.04878048780487805,0.031578947368421054,0.08601010101010102,0.0,0.2,0.0,3.0,15.0,,,,,,,,,,,,,,,,,,,,,,,,,,
sci-674358162aab,rar_science,agentic-tools,,,,,40.0,27.0,,,,,,,,,,,grounding,16.0,13.0,0.3125,1.0,0.6875,0.2765957446808511,0.21296296296296294,1.1875,0.625,0.0,0.0,1.0,0.0,0.0,0.0,0.0,0.0,0.0,0.0,0.05022321428571429,0.0,0.125,0.005681818181818182,5.0,16.0,,,,,,,,,,,,,,,,,,,,,,,,,,
sci-70db910e68ee,rar_science,shipped,,,,,31.0,56.0,,,,,,,,,,,grounding,7.0,4.0,0.42857142857142855,1.0,0.5714285714285714,0.44,0.37735849056603776,0.5714285714285714,1.0,0.0,0.0,1.0,0.0,0.42857142857142855,0.0,0.42857142857142855,0.2857142857142857,0.44,0.37735849056603776,0.03373015873015873,0.0,0.0,0.0,3.0,7.0,,,,,,,,,,,,,,,,,,,,,,,,,,
sci-70db910e68ee,rar_science,baseline,,,,,31.0,56.0,,,,,,,,,,,grounding,12.0,4.0,0.75,1.0,0.25,0.6829268292682927,0.7362637362637363,0.25,1.0,0.0,0.0,1.0,0.0,0.0,0.0,0.0,0.0,0.0,0.0,0.03125,0.0,0.08333333333333333,0.023809523809523808,9.0,12.0,,,,,,,,,,,,,,,,,,,,,,,,,,
sci-70db910e68ee,rar_science,agentic,,,,,31.0,56.0,,,,,,,,,,,grounding,15.0,4.0,0.6,0.9333333333333333,0.33333333333333337,0.6052631578947368,0.5901639344262295,0.4,1.0,0.0,0.0,1.0,0.0,0.0,0.0,0.0,0.0,0.0,0.0,0.02222222222222222,0.0,0.06666666666666667,0.030000000000000002,9.0,15.0,,,,,,,,,,,,,,,,,,,,,,,,,,
sci-70db910e68ee,rar_science,agentic-tools,,,,,31.0,56.0,,,,,,,,,,,grounding,6.0,4.0,0.3333333333333333,1.0,0.6666666666666667,0.35294117647058826,0.32500000000000007,0.6666666666666666,1.0,0.0,0.0,1.0,0.0,0.0,0.0,0.0,0.0,0.0,0.0,0.05423280423280422,0.0,0.0,0.025641025641025644,2.0,6.0,,,,,,,,,,,,,,,,,,,,,,,,,,
sci-71c07f577946,rar_science,shipped,,,,,36.0,31.0,,,,,,,,,,,grounding,7.0,11.0,0.14285714285714285,1.0,0.8571428571428572,0.14814814814814814,0.12499999999999999,1.4285714285714286,0.5714285714285714,0.0,0.0,1.0,0.0,0.42857142857142855,0.5714285714285714,0.7142857142857143,0.0,0.8148148148148148,0.7142857142857142,0.05952380952380952,0.0,0.0,0.011904761904761904,1.0,7.0,,,,,,,,,,,,,,,,,,,,,,,,,,
sci-71c07f577946,rar_science,baseline,,,,,36.0,31.0,,,,,,,,,,,grounding,12.0,11.0,0.4166666666666667,1.0,0.5833333333333333,0.3333333333333333,0.31868131868131866,1.0833333333333333,0.75,0.0,0.0,1.0,0.0,0.16666666666666666,0.16666666666666666,0.25,0.08333333333333333,0.3055555555555556,0.28571428571428575,0.05555555555555555,0.0,0.16666666666666666,0.0,5.0,12.0,,,,,,,,,,,,,,,,,,,,,,,,,,
sci-71c07f577946,rar_science,agentic,,,,,36.0,31.0,,,,,,,,,,,grounding,6.0,11.0,0.0,1.0,1.0,0.0,0.0,2.5,0.16666666666666666,0.0,0.0,2.0,0.3333333333333333,0.0,0.0,0.0,0.0,0.0,0.0,0.25,0.3333333333333333,0.3333333333333333,0.0,0.0,6.0,,,,,,,,,,,,,,,,,,,,,,,,,,
sci-71c07f577946,rar_science,agentic-tools,,,,,36.0,31.0,,,,,,,,,,,grounding,5.0,11.0,0.2,1.0,0.8,0.07142857142857142,0.19148936170212766,2.2,0.2,0.0,0.0,1.0,0.0,0.0,0.2,0.2,0.0,0.14285714285714285,0.19148936170212766,0.3,0.4,0.4,0.014285714285714285,1.0,5.0,,,,,,,,,,,,,,,,,,,,,,,,,,
sci-78456e89e0b3,rar_science,shipped,,,,,30.0,10.0,,,,,,,,,,,grounding,7.0,11.0,0.42857142857142855,1.0,0.5714285714285714,0.28,0.3584905660377358,0.8571428571428571,0.7142857142857143,0.0,0.0,2.0,0.14285714285714285,0.2857142857142857,0.14285714285714285,0.42857142857142855,0.2857142857142857,0.28,0.3584905660377358,0.0,0.0,0.0,0.0,3.0,7.0,,,,,,,,,,,,,,,,,,,,,,,,,,
sci-78456e89e0b3,rar_science,baseline,,,,,30.0,10.0,,,,,,,,,,,grounding,11.0,11.0,0.18181818181818182,1.0,0.8181818181818181,0.12195121951219512,0.10869565217391305,1.1818181818181819,0.6363636363636364,0.0,0.0,1.0,0.0,0.09090909090909091,0.09090909090909091,0.09090909090909091,0.09090909090909091,0.04878048780487805,0.03260869565217391,0.0,0.0,0.0,0.0,2.0,11.0,,,,,,,,,,,,,,,,,,,,,,,,,,
sci-78456e89e0b3,rar_science,agentic,,,,,30.0,10.0,,,,,,,,,,,grounding,7.0,11.0,0.0,1.0,1.0,0.0,0.0,1.8571428571428572,0.14285714285714285,0.0,0.0,1.0,0.0,0.0,0.0,0.0,0.0,0.0,0.0,0.0,0.0,0.0,0.0,0.0,7.0,,,,,,,,,,,,,,,,,,,,,,,,,,
sci-78456e89e0b3,rar_science,agentic-tools,,,,,30.0,10.0,,,,,,,,,,,grounding,15.0,11.0,0.06666666666666667,1.0,0.9333333333333333,0.057692307692307696,0.05833333333333333,1.7333333333333334,0.26666666666666666,0.0,0.0,1.0,0.0,0.0,0.0,0.0,0.0,0.0,0.0,0.0,0.0,0.0,0.0,1.0,15.0,,,,,,,,,,,,,,,,,,,,,,,,,,
sci-801539f7bca0,rar_science,shipped,,,,,62.0,25.0,,,,,,,,,,,grounding,8.0,28.0,0.125,0.875,0.75,0.10344827586206896,0.053571428571428575,3.125,0.25,0.0,0.0,1.0,0.0,0.25,0.125,0.25,0.125,0.27586206896551724,0.23214285714285718,0.020833333333333332,0.0,0.0,0.013888888888888888,1.0,8.0,,,,,,,,,,,,,,,,,,,,,,,,,,
sci-801539f7bca0,rar_science,baseline,,,,,62.0,25.0,,,,,,,,,,,grounding,10.0,28.0,0.1,0.9,0.8,0.03125,0.038461538461538464,3.7,0.1,0.0,0.0,5.0,0.1,0.1,0.1,0.1,0.1,0.03125,0.038461538461538464,0.02777777777777778,0.0,0.0,0.0,1.0,10.0,,,,,,,,,,,,,,,,,,,,,,,,,,
sci-801539f7bca0,rar_science,agentic,,,,,62.0,25.0,,,,,,,,,,,grounding,6.0,28.0,0.0,1.0,1.0,0.0,0.0,5.833333333333333,0.0,0.0,0.0,2.0,0.3333333333333333,0.0,0.0,0.0,0.0,0.0,0.0,0.17857142857142858,0.16666666666666666,0.3333333333333333,0.03333333333333333,0.0,6.0,,,,,,,,,,,,,,,,,,,,,,,,,,
sci-801539f7bca0,rar_science,agentic-tools,,,,,62.0,25.0,,,,,,,,,,,grounding,5.0,28.0,0.0,1.0,1.0,0.0,0.0,6.8,0.0,0.0,0.0,1.0,0.0,0.0,0.0,0.0,0.0,0.0,0.0,0.10467032967032967,0.0,0.2,0.06857142857142857,0.0,5.0,,,,,,,,,,,,,,,,,,,,,,,,,,
sci-870a3c2acf5f,rar_science,shipped,,,,,60.0,45.0,,,,,,,,,,,grounding,9.0,15.0,0.2222222222222222,1.0,0.7777777777777778,0.22580645161290322,0.15384615384615385,1.3333333333333333,0.6666666666666666,0.0,0.0,6.0,0.2222222222222222,0.3333333333333333,0.1111111111111111,0.3333333333333333,0.1111111111111111,0.3548387096774194,0.24615384615384617,0.022222222222222223,0.0,0.0,0.022222222222222223,2.0,9.0,,,,,,,,,,,,,,,,,,,,,,,,,,
sci-870a3c2acf5f,rar_science,baseline,,,,,60.0,45.0,,,,,,,,,,,grounding,9.0,15.0,0.3333333333333333,1.0,0.6666666666666667,0.25,0.3733333333333333,0.8888888888888888,0.7777777777777778,0.0,0.0,1.0,0.0,0.0,0.0,0.0,0.0,0.0,0.0,0.0,0.0,0.0,0.0,3.0,9.0,,,,,,,,,,,,,,,,,,,,,,,,,,
sci-870a3c2acf5f,rar_science,agentic,,,,,60.0,45.0,,,,,,,,,,,grounding,6.0,15.0,0.16666666666666666,1.0,0.8333333333333334,0.10526315789473684,0.13999999999999999,1.6666666666666667,0.5,0.0,0.0,1.0,0.0,0.0,0.16666666666666666,0.16666666666666666,0.0,0.15789473684210525,0.13999999999999999,0.0,0.0,0.0,0.0,1.0,6.0,,,,,,,,,,,,,,,,,,,,,,,,,,
sci-870a3c2acf5f,rar_science,agentic-tools,,,,,60.0,45.0,,,,,,,,,,,grounding,16.0,15.0,0.125,1.0,0.875,0.10638297872340426,0.10638297872340426,1.5625,0.5,0.0,0.0,1.0,0.0,0.0,0.0625,0.0625,0.0,0.06382978723404255,0.07446808510638298,0.007352941176470588,0.0,0.0,0.0,2.0,16.0,,,,,,,,,,,,,,,,,,,,,,,,,,
sci-88a263c8039c,rar_science,shipped,,,,,54.0,32.0,,,,,,,,,,,grounding,8.0,37.0,0.0,1.0,1.0,0.0,0.0,5.75,0.0,0.0,0.0,6.0,0.125,0.5,0.25,0.625,0.0,0.6896551724137931,0.6071428571428571,0.013888888888888888,0.0,0.0,0.06474358974358975,0.0,8.0,,,,,,,,,,,,,,,,,,,,,,,,,,
sci-88a263c8039c,rar_science,baseline,,,,,54.0,32.0,,,,,,,,,,,grounding,12.0,37.0,0.08333333333333333,1.0,0.9166666666666666,0.09090909090909091,0.07608695652173914,3.5833333333333335,0.16666666666666666,0.0,0.0,1.0,0.0,0.25,0.0,0.25,0.0,0.3181818181818182,0.29347826086956524,0.011904761904761904,0.0,0.0,0.0,1.0,12.0,,,,,,,,,,,,,,,,,,,,,,,,,,
sci-88a263c8039c,rar_science,agentic,,,,,54.0,32.0,,,,,,,,,,,grounding,15.0,37.0,0.0,1.0,1.0,0.0,0.0,3.8,0.2,0.0,0.0,1.0,0.0,0.0,0.06666666666666667,0.06666666666666667,0.0,0.06666666666666667,0.06930693069306931,0.009523809523809523,0.0,0.0,0.048552188552188555,0.0,15.0,,,,,,,,,,,,,,,,,,,,,,,,,,
sci-88a263c8039c,rar_science,agentic-tools,,,,,54.0,32.0,,,,,,,,,,,grounding,6.0,37.0,0.16666666666666666,0.8333333333333334,0.6666666666666667,0.13333333333333333,0.2,3.8333333333333335,0.16666666666666666,0.0,0.0,1.0,0.0,0.0,0.0,0.0,0.0,0.0,0.0,0.041666666666666664,0.0,0.0,0.03133903133903134,1.0,6.0,,,,,,,,,,,,,,,,,,,,,,,,,,
sci-8c97efc18a60,rar_science,shipped,,,,,20.0,7.0,,,,,,,,,,,grounding,7.0,9.0,0.42857142857142855,1.0,0.5714285714285714,0.36,0.28260869565217395,1.1428571428571428,0.5714285714285714,0.0,0.0,3.0,0.14285714285714285,0.2857142857142857,0.2857142857142857,0.42857142857142855,0.2857142857142857,0.44,0.4347826086956522,0.0,0.0,0.0,0.0,3.0,7.0,,,,,,,,,,,,,,,,,,,,,,,,,,
sci-8c97efc18a60,rar_science,baseline,,,,,20.0,7.0,,,,,,,,,,,grounding,8.0,9.0,0.625,1.0,0.375,0.52,0.5932203389830509,0.625,0.875,0.0,0.0,1.0,0.0,0.0,0.0,0.0,0.0,0.0,0.0,0.0,0.0,0.0,0.03125,5.0,8.0,,,,,,,,,,,,,,,,,,,,,,,,,,
sci-8c97efc18a60,rar_science,agentic,,,,,20.0,7.0,,,,,,,,,,,grounding,7.0,9.0,0.0,1.0,1.0,0.0,0.0,1.5714285714285714,0.7142857142857143,0.0,0.0,1.0,0.0,0.0,0.0,0.0,0.0,0.0,0.0,0.0,0.0,0.0,0.017857142857142856,0.0,7.0,,,,,,,,,,,,,,,,,,,,,,,,,,
sci-8c97efc18a60,rar_science,agentic-tools,,,,,20.0,7.0,,,,,,,,,,,grounding,11.0,9.0,0.18181818181818182,1.0,0.8181818181818181,0.09375,0.07692307692307691,1.9090909090909092,0.36363636363636365,0.0,0.0,1.0,0.0,0.0,0.0,0.0,0.0,0.0,0.0,0.011363636363636364,0.0,0.0,0.0,2.0,11.0,,,,,,,,,,,,,,,,,,,,,,,,,,
sci-96d4e5af66b6,rar_science,shipped,,,,,53.0,18.0,,,,,,,,,,,grounding,8.0,23.0,0.0,1.0,1.0,0.0,0.0,2.25,0.25,0.0,0.0,5.0,0.125,0.25,0.375,0.5,0.0,0.5666666666666667,0.5084745762711864,0.0,0.0,0.0,0.0,0.0,8.0,,,,,,,,,,,,,,,,,,,,,,,,,,
sci-96d4e5af66b6,rar_science,baseline,,,,,53.0,18.0,,,,,,,,,,,grounding,13.0,23.0,0.07692307692307693,1.0,0.9230769230769231,0.04878048780487805,0.031914893617021274,2.3076923076923075,0.46153846153846156,0.0,0.0,1.0,0.0,0.07692307692307693,0.23076923076923078,0.23076923076923078,0.0,0.21951219512195122,0.18085106382978722,0.0,0.0,0.0,0.0,1.0,13.0,,,,,,,,,,,,,,,,,,,,,,,,,,
sci-96d4e5af66b6,rar_science,agentic,,,,,53.0,18.0,,,,,,,,,,,grounding,8.0,23.0,0.0,1.0,1.0,0.0,0.0,3.25,0.0,0.0,0.0,1.0,0.0,0.0,0.125,0.125,0.0,0.20833333333333334,0.1754385964912281,0.0,0.0,0.0,0.0,0.0,8.0,,,,,,,,,,,,,,,,,,,,,,,,,,
sci-96d4e5af66b6,rar_science,agentic-tools,,,,,53.0,18.0,,,,,,,,,,,grounding,4.0,23.0,0.0,1.0,1.0,0.0,0.0,3.75,0.0,0.0,0.0,1.0,0.0,0.0,0.0,0.0,0.0,0.0,0.0,0.0,0.0,0.0,0.0,0.0,4.0,,,,,,,,,,,,,,,,,,,,,,,,,,
sci-9dd57081a4e1,rar_science,shipped,,,,,109.0,140.0,,,,,,,,,,,grounding,8.0,68.0,0.375,0.625,0.25,0.20689655172413793,0.2542372881355932,1.75,0.5,0.0,0.0,6.0,0.25,0.375,0.125,0.375,0.25,0.3448275862068966,0.2711864406779661,0.0,0.0,0.0,0.0,3.0,8.0,,,,,,,,,,,,,,,,,,,,,,,,,,
sci-9dd57081a4e1,rar_science,baseline,,,,,109.0,140.0,,,,,,,,,,,grounding,10.0,68.0,0.1,0.5,0.4,0.02857142857142857,0.0379746835443038,3.5,0.2,0.0,0.0,1.0,0.0,0.0,0.0,0.0,0.0,0.0,0.0,0.0,0.0,0.0,0.0,1.0,10.0,,,,,,,,,,,,,,,,,,,,,,,,,,
sci-9dd57081a4e1,rar_science,agentic,,,,,109.0,140.0,,,,,,,,,,,grounding,14.0,68.0,0.0,0.42857142857142855,0.42857142857142855,0.0,0.0,4.642857142857143,0.0,0.0,0.0,1.0,0.0,0.0,0.0,0.0,0.0,0.0,0.0,0.011904761904761904,0.0,0.0,0.0,0.0,14.0,,,,,,,,,,,,,,,,,,,,,,,,,,
sci-9dd57081a4e1,rar_science,agentic-tools,,,,,109.0,140.0,,,,,,,,,,,grounding,14.0,68.0,0.0,0.6428571428571429,0.6428571428571429,0.0,0.0,3.9285714285714284,0.07142857142857142,0.0,0.0,1.0,0.0,0.0,0.0,0.0,0.0,0.0,0.0,0.012987012987012988,0.0,0.0,0.0,0.0,14.0,,,,,,,,,,,,,,,,,,,,,,,,,,
sci-b89c9561e59a,rar_science,shipped,,,,,50.0,29.0,,,,,,,,,,,grounding,8.0,12.0,0.125,1.0,0.875,0.04,0.15517241379310345,1.875,0.5,0.0,0.0,1.0,0.0,0.25,0.125,0.375,0.0,0.52,0.396551724137931,0.020833333333333332,0.0,0.0,0.013888888888888888,1.0,8.0,,,,,,,,,,,,,,,,,,,,,,,,,,
sci-b89c9561e59a,rar_science,baseline,,,,,50.0,29.0,,,,,,,,,,,grounding,11.0,12.0,0.36363636363636365,1.0,0.6363636363636364,0.28205128205128205,0.3647058823529412,1.3636363636363635,0.5454545454545454,0.0,0.0,2.0,0.09090909090909091,0.09090909090909091,0.18181818181818182,0.18181818181818182,0.18181818181818182,0.1794871794871795,0.15294117647058825,0.0,0.0,0.0,0.0,4.0,11.0,,,,,,,,,,,,,,,,,,,,,,,,,,
sci-b89c9561e59a,rar_science,agentic,,,,,50.0,29.0,,,,,,,,,,,grounding,6.0,12.0,0.0,1.0,1.0,0.0,0.0,3.1666666666666665,0.3333333333333333,0.0,0.0,1.0,0.0,0.0,0.16666666666666666,0.16666666666666666,0.0,0.19047619047619047,0.12727272727272723,0.43076923076923074,0.5,0.6666666666666666,0.0,0.0,6.0,,,,,,,,,,,,,,,,,,,,,,,,,,
sci-b89c9561e59a,rar_science,agentic-tools,,,,,50.0,29.0,,,,,,,,,,,grounding,5.0,12.0,0.0,0.6,0.6,0.0,0.0,2.6,0.2,0.0,0.0,1.0,0.0,0.0,0.0,0.0,0.0,0.0,0.0,0.05454545454545454,0.0,0.0,0.02857142857142857,0.0,5.0,,,,,,,,,,,,,,,,,,,,,,,,,,
sci-c482b1d1dd52,rar_science,shipped,,,,,14.0,29.0,,,,,,,,,,,grounding,7.0,14.0,0.14285714285714285,1.0,0.8571428571428572,0.11538461538461539,0.05660377358490565,3.0,0.2857142857142857,0.0,0.0,3.0,0.2857142857142857,0.42857142857142855,0.42857142857142855,0.42857142857142855,0.14285714285714285,0.46153846153846156,0.3773584905660377,0.0715950715950716,0.0,0.14285714285714285,0.0,1.0,7.0,,,,,,,,,,,,,,,,,,,,,,,,,,
sci-c482b1d1dd52,rar_science,baseline,,,,,14.0,29.0,,,,,,,,,,,grounding,8.0,14.0,0.0,1.0,1.0,0.0,0.0,2.875,0.0,0.0,0.0,1.0,0.0,0.0,0.125,0.125,0.0,0.1724137931034483,0.15384615384615385,0.04563492063492063,0.0,0.0,0.0625,0.0,8.0,,,,,,,,,,,,,,,,,,,,,,,,,,
sci-c482b1d1dd52,rar_science,agentic,,,,,14.0,29.0,,,,,,,,,,,grounding,8.0,14.0,0.0,1.0,1.0,0.0,0.0,4.375,0.0,0.0,0.0,1.0,0.0,0.0,0.75,0.75,0.0,0.7407407407407407,0.7205882352941178,0.046875,0.0,0.0,0.1607142857142857,0.0,8.0,,,,,,,,,,,,,,,,,,,,,,,,,,
sci-c482b1d1dd52,rar_science,agentic-tools,,,,,14.0,29.0,,,,,,,,,,,grounding,6.0,14.0,0.0,1.0,1.0,0.0,0.0,2.6666666666666665,0.16666666666666666,0.0,0.0,1.0,0.0,0.0,0.5,0.5,0.0,0.38095238095238093,0.5090909090909089,0.06666666666666667,0.0,0.16666666666666666,0.08333333333333333,0.0,6.0,,,,,,,,,,,,,,,,,,,,,,,,,,
sci-cd724737b87b,rar_science,shipped,,,,,69.0,16.0,,,,,,,,,,,grounding,7.0,7.0,0.42857142857142855,1.0,0.5714285714285714,0.3103448275862069,0.33928571428571425,1.0,0.7142857142857143,0.0,0.0,2.0,0.14285714285714285,0.42857142857142855,0.0,0.42857142857142855,0.14285714285714285,0.4827586206896552,0.48214285714285715,0.03296703296703297,0.0,0.0,0.03571428571428571,3.0,7.0,,,,,,,,,,,,,,,,,,,,,,,,,,
sci-cd724737b87b,rar_science,baseline,,,,,69.0,16.0,,,,,,,,,,,grounding,11.0,7.0,0.5454545454545454,1.0,0.4545454545454546,0.5142857142857142,0.4705882352941176,0.45454545454545453,1.0,0.0,0.0,2.0,0.09090909090909091,0.09090909090909091,0.0,0.09090909090909091,0.09090909090909091,0.08571428571428572,0.08235294117647059,0.0,0.0,0.0,0.0,6.0,11.0,,,,,,,,,,,,,,,,,,,,,,,,,,
sci-cd724737b87b,rar_science,agentic,,,,,69.0,16.0,,,,,,,,,,,grounding,11.0,7.0,0.6363636363636364,1.0,0.36363636363636365,0.6216216216216216,0.6292134831460674,0.6363636363636364,0.9090909090909091,0.0,0.0,1.0,0.0,0.0,0.0,0.0,0.0,0.0,0.0,0.0303030303030303,0.0,0.09090909090909091,0.022727272727272728,7.0,11.0,,,,,,,,,,,,,,,,,,,,,,,,,,
sci-cd724737b87b,rar_science,agentic-tools,,,,,69.0,16.0,,,,,,,,,,,grounding,15.0,7.0,0.3333333333333333,1.0,0.6666666666666667,0.3023255813953488,0.28846153846153844,1.4666666666666666,0.7333333333333333,0.0,0.0,1.0,0.0,0.0,0.0,0.0,0.0,0.0,0.0,0.046464646464646465,0.0,0.13333333333333333,0.043333333333333335,5.0,15.0,,,,,,,,,,,,,,,,,,,,,,,,,,
sci-ce709b73231a,rar_science,shipped,,,,,105.0,232.0,,,,,,,,,,,grounding,7.0,45.0,0.0,1.0,1.0,0.0,0.0,3.4285714285714284,0.14285714285714285,0.0,0.0,1.0,0.0,0.14285714285714285,0.0,0.14285714285714285,0.0,0.12,0.06122448979591836,0.0,0.0,0.0,0.0,0.0,7.0,,,,,,,,,,,,,,,,,,,,,,,,,,
sci-ce709b73231a,rar_science,baseline,,,,,105.0,232.0,,,,,,,,,,,grounding,13.0,45.0,0.0,1.0,1.0,0.0,0.0,3.8461538461538463,0.0,0.0,0.0,1.0,0.0,0.0,0.0,0.0,0.0,0.0,0.0,0.0,0.0,0.0,0.0,0.0,13.0,,,,,,,,,,,,,,,,,,,,,,,,,,
sci-ce709b73231a,rar_science,agentic,,,,,105.0,232.0,,,,,,,,,,,grounding,14.0,45.0,0.0,1.0,1.0,0.0,0.0,4.214285714285714,0.14285714285714285,0.0,0.0,2.0,0.14285714285714285,0.0,0.0,0.0,0.0,0.0,0.0,0.008928571428571428,0.0,0.0,0.0,0.0,14.0,,,,,,,,,,,,,,,,,,,,,,,,,,
sci-ce709b73231a,rar_science,agentic-tools,,,,,105.0,232.0,,,,,,,,,,,grounding,14.0,45.0,0.0,1.0,1.0,0.0,0.0,5.285714285714286,0.07142857142857142,0.0,0.0,1.0,0.0,0.0,0.0,0.0,0.0,0.0,0.0,0.02297410192147034,0.0,0.0,0.0,0.0,14.0,,,,,,,,,,,,,,,,,,,,,,,,,,
sci-d0020349f91f,rar_science,shipped,,,,,52.0,30.0,,,,,,,,,,,grounding,9.0,15.0,0.4444444444444444,1.0,0.5555555555555556,0.3142857142857143,0.33333333333333337,1.6666666666666667,0.4444444444444444,0.0,0.0,3.0,0.3333333333333333,0.4444444444444444,0.6666666666666666,0.8888888888888888,0.3333333333333333,0.9428571428571428,0.8636363636363638,0.010101010101010102,0.0,0.0,0.10185185185185185,4.0,9.0,,,,,,,,,,,,,,,,,,,,,,,,,,
sci-d0020349f91f,rar_science,baseline,,,,,52.0,30.0,,,,,,,,,,,grounding,10.0,15.0,0.5,1.0,0.5,0.38235294117647056,0.4634146341463414,1.2,0.6,0.0,0.0,1.0,0.0,0.1,0.5,0.5,0.2,0.5,0.4512195121951219,0.039090909090909086,0.0,0.1,0.0,5.0,10.0,,,,,,,,,,,,,,,,,,,,,,,,,,
sci-d0020349f91f,rar_science,agentic,,,,,52.0,30.0,,,,,,,,,,,grounding,6.0,15.0,0.3333333333333333,1.0,0.6666666666666667,0.38461538461538464,0.3478260869565218,2.3333333333333335,0.3333333333333333,0.0,0.0,2.0,0.6666666666666666,0.0,0.5,0.5,0.0,0.38461538461538464,0.5,0.15277777777777776,0.16666666666666666,0.16666666666666666,0.0,2.0,6.0,,,,,,,,,,,,,,,,,,,,,,,,,,
sci-d0020349f91f,rar_science,agentic-tools,,,,,52.0,30.0,,,,,,,,,,,grounding,5.0,15.0,0.6,1.0,0.4,0.5,0.7297297297297298,1.0,0.6,0.0,0.0,1.0,0.0,0.0,0.2,0.2,0.2,0.16666666666666666,0.24324324324324326,0.0,0.0,0.0,0.0,3.0,5.0,,,,,,,,,,,,,,,,,,,,,,,,,,
sci-debd831207ba,rar_science,shipped,,,,,44.0,36.0,,,,,,,,,,,grounding,7.0,10.0,0.2857142857142857,1.0,0.7142857142857143,0.16,0.24489795918367344,2.2857142857142856,0.2857142857142857,0.0,0.0,3.0,0.14285714285714285,0.2857142857142857,0.14285714285714285,0.2857142857142857,0.14285714285714285,0.32,0.2653061224489796,0.026077097505668934,0.0,0.0,0.0,2.0,7.0,,,,,,,,,,,,,,,,,,,,,,,,,,
sci-debd831207ba,rar_science,baseline,,,,,44.0,36.0,,,,,,,,,,,grounding,14.0,10.0,0.14285714285714285,1.0,0.8571428571428572,0.1875,0.13333333333333333,1.5714285714285714,0.5714285714285714,0.0,0.0,1.0,0.0,0.07142857142857142,0.14285714285714285,0.21428571428571427,0.0,0.125,0.14285714285714285,0.010596546310832025,0.0,0.0,0.0,2.0,14.0,,,,,,,,,,,,,,,,,,,,,,,,,,
sci-debd831207ba,rar_science,agentic,,,,,44.0,36.0,,,,,,,,,,,grounding,6.0,10.0,0.0,1.0,1.0,0.0,0.0,1.8333333333333333,0.5,0.0,0.0,1.0,0.0,0.0,0.0,0.0,0.0,0.0,0.0,0.008333333333333333,0.0,0.0,0.0,0.0,6.0,,,,,,,,,,,,,,,,,,,,,,,,,,
sci-debd831207ba,rar_science,agentic-tools,,,,,44.0,36.0,,,,,,,,,,,grounding,6.0,10.0,0.16666666666666666,1.0,0.8333333333333334,0.15789473684210525,0.14285714285714288,2.3333333333333335,0.16666666666666666,0.0,0.0,1.0,0.0,0.0,0.0,0.0,0.0,0.0,0.0,0.011904761904761904,0.0,0.0,0.0,1.0,6.0,,,,,,,,,,,,,,,,,,,,,,,,,,
sci-e86ea8cb138a,rar_science,shipped,,,,,63.0,20.0,,,,,,,,,,,grounding,7.0,12.0,0.14285714285714285,1.0,0.8571428571428572,0.125,0.06122448979591836,1.4285714285714286,0.5714285714285714,0.0,0.0,3.0,0.14285714285714285,0.14285714285714285,0.14285714285714285,0.2857142857142857,0.0,0.2916666666666667,0.2653061224489796,0.02806122448979592,0.0,0.0,0.0,1.0,7.0,,,,,,,,,,,,,,,,,,,,,,,,,,
sci-e86ea8cb138a,rar_science,baseline,,,,,63.0,20.0,,,,,,,,,,,grounding,12.0,12.0,0.5,1.0,0.5,0.41025641025641024,0.5,0.8333333333333334,0.8333333333333334,0.0,0.0,1.0,0.0,0.0,0.08333333333333333,0.08333333333333333,0.08333333333333333,0.05128205128205128,0.10227272727272727,0.04545454545454545,0.08333333333333333,0.08333333333333333,0.0,6.0,12.0,,,,,,,,,,,,,,,,,,,,,,,,,,
sci-e86ea8cb138a,rar_science,agentic,,,,,63.0,20.0,,,,,,,,,,,grounding,6.0,12.0,0.16666666666666666,1.0,0.8333333333333334,0.07142857142857142,0.07692307692307693,1.5,0.5,0.0,0.0,1.0,0.0,0.0,0.0,0.0,0.0,0.0,0.0,0.08333333333333333,0.16666666666666666,0.16666666666666666,0.0,1.0,6.0,,,,,,,,,,,,,,,,,,,,,,,,,,
sci-e86ea8cb138a,rar_science,agentic-tools,,,,,63.0,20.0,,,,,,,,,,,grounding,14.0,12.0,0.07142857142857142,0.9285714285714286,0.8571428571428572,0.08108108108108109,0.07216494845360824,1.5714285714285714,0.5714285714285714,0.0,0.0,1.0,0.0,0.0,0.07142857142857142,0.07142857142857142,0.0,0.05405405405405406,0.030927835051546386,0.011904761904761904,0.0,0.0,0.0,1.0,14.0,,,,,,,,,,,,,,,,,,,,,,,,,,
sci-045492df8b2b,rar_science,shipped,,,,,56.0,5.0,,,,,,,,,,,grounding,7.0,13.0,0.2857142857142857,1.0,0.7142857142857143,0.28,0.2173913043478261,1.4285714285714286,0.42857142857142855,0.0,0.0,3.0,0.2857142857142857,0.42857142857142855,0.0,0.42857142857142855,0.14285714285714285,0.48,0.3695652173913044,0.0,0.0,0.0,0.0,2.0,7.0,,,,,,,,,,,,,,,,,,,,,,,,,,
sci-045492df8b2b,rar_science,baseline,,,,,56.0,5.0,,,,,,,,,,,grounding,9.0,13.0,0.2222222222222222,0.8888888888888888,0.6666666666666666,0.10714285714285714,0.0923076923076923,1.7777777777777777,0.4444444444444444,0.0,0.0,2.0,0.1111111111111111,0.1111111111111111,0.0,0.1111111111111111,0.1111111111111111,0.03571428571428571,0.04615384615384615,0.0,0.0,0.0,0.0,2.0,9.0,,,,,,,,,,,,,,,,,,,,,,,,,,
sci-045492df8b2b,rar_science,agentic,,,,,56.0,5.0,,,,,,,,,,,grounding,9.0,13.0,0.0,1.0,1.0,0.0,0.0,2.888888888888889,0.1111111111111111,0.0,0.0,1.0,0.0,0.0,0.0,0.0,0.0,0.0,0.0,0.0,0.0,0.0,0.07777777777777778,0.0,9.0,,,,,,,,,,,,,,,,,,,,,,,,,,
sci-045492df8b2b,rar_science,agentic-tools,,,,,56.0,5.0,,,,,,,,,,,grounding,13.0,13.0,0.0,1.0,1.0,0.0,0.0,2.4615384615384617,0.23076923076923078,0.0,0.0,1.0,0.0,0.0,0.0,0.0,0.0,0.0,0.0,0.0,0.0,0.0,0.04615384615384615,0.0,13.0,,,,,,,,,,,,,,,,,,,,,,,,,,
sci-180557220f0a,rar_science,shipped,,,,,54.0,86.0,,,,,,,,,,,grounding,7.0,15.0,0.2857142857142857,1.0,0.7142857142857143,0.24,0.12244897959183672,1.2857142857142858,0.5714285714285714,0.0,0.0,5.0,0.42857142857142855,0.5714285714285714,0.14285714285714285,0.5714285714285714,0.14285714285714285,0.68,0.6122448979591836,0.0815018315018315,0.0,0.14285714285714285,0.08333333333333334,2.0,7.0,,,,,,,,,,,,,,,,,,,,,,,,,,
sci-180557220f0a,rar_science,baseline,,,,,54.0,86.0,,,,,,,,,,,grounding,10.0,15.0,0.3,1.0,0.7,0.21875,0.2435897435897436,1.1,0.8,0.0,0.0,5.0,0.2,0.2,0.1,0.2,0.1,0.09375,0.07692307692307693,0.1306837606837607,0.1,0.2,0.02361111111111111,3.0,10.0,,,,,,,,,,,,,,,,,,,,,,,,,,
sci-180557220f0a,rar_science,agentic,,,,,54.0,86.0,,,,,,,,,,,grounding,7.0,15.0,0.0,1.0,1.0,0.0,0.0,2.4285714285714284,0.42857142857142855,0.0,0.0,1.0,0.0,0.0,0.14285714285714285,0.14285714285714285,0.0,0.08333333333333333,0.15254237288135591,0.37700208288443576,0.42857142857142855,0.5714285714285714,0.041666666666666664,0.0,7.0,,,,,,,,,,,,,,,,,,,,,,,,,,
sci-180557220f0a,rar_science,agentic-tools,,,,,54.0,86.0,,,,,,,,,,,grounding,16.0,15.0,0.25,0.875,0.625,0.22916666666666666,0.26829268292682923,1.5,0.5,0.0,0.0,1.0,0.0,0.0,0.0,0.0,0.0,0.0,0.0,0.14417613636363635,0.125,0.25,0.04608585858585859,4.0,16.0,,,,,,,,,,,,,,,,,,,,,,,,,,
sci-256b4b58e6fc,rar_science,shipped,,,,,94.0,770.0,,,,,,,,,,,grounding,7.0,173.0,0.0,0.7142857142857143,0.7142857142857143,0.0,0.0,3.142857142857143,0.2857142857142857,0.0,0.0,2.0,0.2857142857142857,0.42857142857142855,0.0,0.42857142857142855,0.0,0.4583333333333333,0.346938775510204,0.01098901098901099,0.0,0.0,0.0,0.0,7.0,,,,,,,,,,,,,,,,,,,,,,,,,,
sci-256b4b58e6fc,rar_science,baseline,,,,,94.0,770.0,,,,,,,,,,,grounding,12.0,173.0,0.0,0.5833333333333334,0.5833333333333334,0.0,0.0,3.9166666666666665,0.16666666666666666,0.0,0.0,1.0,0.0,0.0,0.0,0.0,0.0,0.0,0.0,0.03125,0.0,0.08333333333333333,0.0,0.0,12.0,,,,,,,,,,,,,,,,,,,,,,,,,,
sci-256b4b58e6fc,rar_science,agentic,,,,,94.0,770.0,,,,,,,,,,,grounding,12.0,173.0,0.0,0.8333333333333334,0.8333333333333334,0.0,0.0,4.166666666666667,0.0,0.0,0.0,1.0,0.0,0.0,0.0,0.0,0.0,0.0,0.0,0.0,0.0,0.0,0.0,0.0,12.0,,,,,,,,,,,,,,,,,,,,,,,,,,
sci-256b4b58e6fc,rar_science,agentic-tools,,,,,94.0,770.0,,,,,,,,,,,grounding,7.0,173.0,0.0,0.8571428571428571,0.8571428571428571,0.0,0.0,5.571428571428571,0.0,0.0,0.0,1.0,0.0,0.0,0.0,0.0,0.0,0.0,0.0,0.02806122448979592,0.0,0.0,0.0,0.0,7.0,,,,,,,,,,,,,,,,,,,,,,,,,,
sci-2892b69a6237,rar_science,shipped,,,,,35.0,29.0,,,,,,,,,,,grounding,8.0,10.0,0.125,1.0,0.875,0.07142857142857142,0.053571428571428575,2.875,0.125,0.0,0.0,1.0,0.0,0.125,0.25,0.375,0.125,0.39285714285714285,0.35714285714285715,0.025240384615384616,0.0,0.0,0.0125,1.0,8.0,,,,,,,,,,,,,,,,,,,,,,,,,,
sci-2892b69a6237,rar_science,baseline,,,,,35.0,29.0,,,,,,,,,,,grounding,11.0,10.0,0.18181818181818182,1.0,0.8181818181818181,0.11428571428571428,0.12658227848101264,1.4545454545454546,0.5454545454545454,0.0,0.0,1.0,0.0,0.09090909090909091,0.0,0.09090909090909091,0.09090909090909091,0.08571428571428572,0.08860759493670885,0.01962809917355372,0.0,0.0,0.0,2.0,11.0,,,,,,,,,,,,,,,,,,,,,,,,,,
sci-2892b69a6237,rar_science,agentic,,,,,35.0,29.0,,,,,,,,,,,grounding,8.0,10.0,0.5,1.0,0.5,0.4827586206896552,0.48000000000000004,0.5,1.0,0.0,0.0,2.0,0.25,0.0,0.0,0.0,0.0,0.0,0.0,0.017857142857142856,0.0,0.0,0.0,4.0,8.0,,,,,,,,,,,,,,,,,,,,,,,,,,
sci-2892b69a6237,rar_science,agentic-tools,,,,,35.0,29.0,,,,,,,,,,,grounding,5.0,10.0,0.0,1.0,1.0,0.0,0.0,2.2,0.4,0.0,0.0,1.0,0.0,0.0,0.0,0.0,0.0,0.0,0.0,0.18138528138528137,0.0,0.2,0.03333333333333333,0.0,5.0,,,,,,,,,,,,,,,,,,,,,,,,,,
sci-2894a3c6c89c,rar_science,shipped,,,,,63.0,10.0,,,,,,,,,,,grounding,8.0,14.0,0.25,1.0,0.75,0.1935483870967742,0.10714285714285715,1.75,0.25,0.0,0.0,1.0,0.0,0.5,0.25,0.5,0.25,0.5161290322580645,0.4107142857142857,0.0,0.0,0.0,0.03888888888888889,2.0,8.0,,,,,,,,,,,,,,,,,,,,,,,,,,
sci-2894a3c6c89c,rar_science,baseline,,,,,63.0,10.0,,,,,,,,,,,grounding,13.0,14.0,0.15384615384615385,1.0,0.8461538461538461,0.0784313725490196,0.11009174311926605,1.3846153846153846,0.6153846153846154,0.0,0.0,1.0,0.0,0.07692307692307693,0.0,0.07692307692307693,0.07692307692307693,0.0392156862745098,0.027522935779816512,0.0,0.0,0.0,0.0,2.0,13.0,,,,,,,,,,,,,,,,,,,,,,,,,,
sci-2894a3c6c89c,rar_science,agentic,,,,,63.0,10.0,,,,,,,,,,,grounding,6.0,14.0,0.0,1.0,1.0,0.0,0.0,3.0,0.16666666666666666,0.0,0.0,1.0,0.0,0.0,0.0,0.0,0.0,0.0,0.0,0.009259259259259259,0.0,0.0,0.011904761904761904,0.0,6.0,,,,,,,,,,,,,,,,,,,,,,,,,,
sci-2894a3c6c89c,rar_science,agentic-tools,,,,,63.0,10.0,,,,,,,,,,,grounding,5.0,14.0,0.2,1.0,0.8,0.08333333333333333,0.21428571428571427,1.6,0.6,0.0,0.0,1.0,0.0,0.0,0.0,0.0,0.0,0.0,0.0,0.0,0.0,0.0,0.04444444444444444,1.0,5.0,,,,,,,,,,,,,,,,,,,,,,,,,,
sci-31945f4df73d,rar_science,shipped,,,,,37.0,67.0,,,,,,,,,,,grounding,7.0,17.0,0.0,1.0,1.0,0.0,0.0,2.0,0.14285714285714285,0.0,0.0,3.0,0.14285714285714285,0.42857142857142855,0.42857142857142855,0.42857142857142855,0.0,0.4642857142857143,0.41071428571428564,0.047619047619047616,0.0,0.0,0.04184704184704185,0.0,7.0,,,,,,,,,,,,,,,,,,,,,,,,,,
sci-31945f4df73d,rar_science,baseline,,,,,37.0,67.0,,,,,,,,,,,grounding,9.0,17.0,0.0,1.0,1.0,0.0,0.0,1.5555555555555556,0.5555555555555556,0.0,0.0,1.0,0.0,0.0,0.6666666666666666,0.6666666666666666,0.0,0.7058823529411765,0.6933333333333334,0.05066588038724261,0.0,0.0,0.034722222222222224,0.0,9.0,,,,,,,,,,,,,,,,,,,,,,,,,,
sci-31945f4df73d,rar_science,agentic,,,,,37.0,67.0,,,,,,,,,,,grounding,9.0,17.0,0.0,1.0,1.0,0.0,0.0,3.4444444444444446,0.1111111111111111,0.0,0.0,1.0,0.0,0.0,0.3333333333333333,0.3333333333333333,0.0,0.3870967741935484,0.2898550724637681,0.32407407407407407,0.4444444444444444,0.4444444444444444,0.106000481000481,0.0,9.0,,,,,,,,,,,,,,,,,,,,,,,,,,
sci-31945f4df73d,rar_science,agentic-tools,,,,,37.0,67.0,,,,,,,,,,,grounding,5.0,17.0,0.0,1.0,1.0,0.0,0.0,3.0,0.0,0.0,0.0,1.0,0.0,0.0,0.2,0.2,0.0,0.16666666666666666,0.1627906976744186,0.22777777777777777,0.2,0.4,0.06136363636363636,0.0,5.0,,,,,,,,,,,,,,,,,,,,,,,,,,
sci-3c61ccbecbf0,rar_science,shipped,,,,,62.0,24.0,,,,,,,,,,,grounding,7.0,9.0,0.42857142857142855,1.0,0.5714285714285714,0.44,0.32653061224489793,1.0,0.5714285714285714,0.0,0.0,1.0,0.0,0.42857142857142855,0.14285714285714285,0.42857142857142855,0.2857142857142857,0.44,0.32653061224489793,0.04081632653061224,0.0,0.0,0.01098901098901099,3.0,7.0,,,,,,,,,,,,,,,,,,,,,,,,,,
sci-3c61ccbecbf0,rar_science,baseline,,,,,62.0,24.0,,,,,,,,,,,grounding,14.0,9.0,0.6428571428571429,1.0,0.3571428571428571,0.5909090909090909,0.5794392523364486,0.5,0.8571428571428571,0.0,0.0,2.0,0.07142857142857142,0.0,0.0,0.0,0.0,0.0,0.0,0.0,0.0,0.0,0.012987012987012988,9.0,14.0,,,,,,,,,,,,,,,,,,,,,,,,,,
sci-3c61ccbecbf0,rar_science,agentic,,,,,62.0,24.0,,,,,,,,,,,grounding,6.0,9.0,0.16666666666666666,1.0,0.8333333333333334,0.1111111111111111,0.16071428571428573,1.0,0.8333333333333334,0.0,0.0,1.0,0.0,0.0,0.0,0.0,0.0,0.0,0.0,0.13333333333333333,0.16666666666666666,0.3333333333333333,0.0,1.0,6.0,,,,,,,,,,,,,,,,,,,,,,,,,,
sci-3c61ccbecbf0,rar_science,agentic-tools,,,,,62.0,24.0,,,,,,,,,,,grounding,4.0,9.0,0.25,1.0,0.75,0.2,0.24137931034482757,1.0,0.75,0.0,0.0,1.0,0.0,0.0,0.0,0.0,0.0,0.0,0.0,0.06666666666666667,0.0,0.0,0.0,1.0,4.0,,,,,,,,,,,,,,,,,,,,,,,,,,
sci-4043bf8ee284,rar_science,shipped,,,,,61.0,52.0,,,,,,,,,,,grounding,9.0,24.0,0.2222222222222222,1.0,0.7777777777777778,0.14285714285714285,0.1016949152542373,3.7777777777777777,0.3333333333333333,0.0,0.0,3.0,0.1111111111111111,0.2222222222222222,0.1111111111111111,0.2222222222222222,0.1111111111111111,0.25,0.22033898305084748,0.04791595000573329,0.0,0.0,0.09768518518518518,2.0,9.0,,,,,,,,,,,,,,,,,,,,,,,,,,
sci-4043bf8ee284,rar_science,baseline,,,,,61.0,52.0,,,,,,,,,,,grounding,10.0,24.0,0.0,1.0,1.0,0.0,0.0,3.4,0.2,0.0,0.0,2.0,0.1,0.0,0.0,0.0,0.0,0.0,0.0,0.04762626262626263,0.0,0.0,0.021764705882352943,0.0,10.0,,,,,,,,,,,,,,,,,,,,,,,,,,
sci-4043bf8ee284,rar_science,agentic,,,,,61.0,52.0,,,,,,,,,,,grounding,16.0,24.0,0.0,1.0,1.0,0.0,0.0,3.9375,0.125,0.0,0.0,1.0,0.0,0.0,0.0,0.0,0.0,0.0,0.0,0.16477636946386948,0.1875,0.1875,0.06411256227432698,0.0,16.0,,,,,,,,,,,,,,,,,,,,,,,,,,
sci-4043bf8ee284,rar_science,agentic-tools,,,,,61.0,52.0,,,,,,,,,,,grounding,6.0,24.0,0.0,1.0,1.0,0.0,0.0,4.5,0.3333333333333333,0.0,0.0,1.0,0.0,0.0,0.0,0.0,0.0,0.0,0.0,0.22374847374847376,0.16666666666666666,0.3333333333333333,0.036111111111111115,0.0,6.0,,,,,,,,,,,,,,,,,,,,,,,,,,
sci-42ea0adaccfd,rar_science,shipped,,,,,62.0,41.0,,,,,,,,,,,grounding,7.0,14.0,0.42857142857142855,1.0,0.5714285714285714,0.28,0.32608695652173914,1.1428571428571428,0.8571428571428571,0.0,0.0,2.0,0.14285714285714285,0.2857142857142857,0.7142857142857143,0.8571428571428571,0.42857142857142855,0.8,0.7826086956521738,0.047619047619047616,0.0,0.14285714285714285,0.0,3.0,7.0,,,,,,,,,,,,,,,,,,,,,,,,,,
sci-42ea0adaccfd,rar_science,baseline,,,,,62.0,41.0,,,,,,,,,,,grounding,9.0,14.0,0.1111111111111111,1.0,0.8888888888888888,0.13333333333333333,0.10769230769230768,1.6666666666666667,0.4444444444444444,0.0,0.0,1.0,0.0,0.1111111111111111,0.4444444444444444,0.5555555555555556,0.1111111111111111,0.5666666666666667,0.46153846153846145,0.05772005772005771,0.0,0.0,0.0,1.0,9.0,,,,,,,,,,,,,,,,,,,,,,,,,,
sci-42ea0adaccfd,rar_science,agentic,,,,,62.0,41.0,,,,,,,,,,,grounding,6.0,14.0,0.0,1.0,1.0,0.0,0.0,1.5,0.6666666666666666,0.0,0.0,1.0,0.0,0.0,0.3333333333333333,0.3333333333333333,0.0,0.3684210526315789,0.35416666666666663,0.1402116402116402,0.16666666666666666,0.16666666666666666,0.027777777777777776,0.0,6.0,,,,,,,,,,,,,,,,,,,,,,,,,,
sci-42ea0adaccfd,rar_science,agentic-tools,,,,,62.0,41.0,,,,,,,,,,,grounding,6.0,14.0,0.0,1.0,1.0,0.0,0.0,2.0,0.3333333333333333,0.0,0.0,1.0,0.0,0.0,0.16666666666666666,0.16666666666666666,0.0,0.2777777777777778,0.18518518518518517,0.07407407407407407,0.0,0.16666666666666666,0.041666666666666664,0.0,6.0,,,,,,,,,,,,,,,,,,,,,,,,,,
sci-4374acc76fa7,rar_science,shipped,,,,,47.0,20.0,,,,,,,,,,,grounding,7.0,14.0,0.2857142857142857,1.0,0.7142857142857143,0.18518518518518517,0.24489795918367344,2.142857142857143,0.42857142857142855,0.0,0.0,1.0,0.0,0.14285714285714285,0.14285714285714285,0.14285714285714285,0.0,0.1111111111111111,0.06122448979591836,0.015873015873015872,0.0,0.0,0.0642857142857143,2.0,7.0,,,,,,,,,,,,,,,,,,,,,,,,,,
sci-4374acc76fa7,rar_science,baseline,,,,,47.0,20.0,,,,,,,,,,,grounding,11.0,14.0,0.36363636363636365,1.0,0.6363636363636364,0.4,0.3417721518987341,1.2727272727272727,0.6363636363636364,0.0,0.0,1.0,0.0,0.09090909090909091,0.18181818181818182,0.18181818181818182,0.0,0.14285714285714285,0.12658227848101264,0.011363636363636364,0.0,0.0,0.0,4.0,11.0,,,,,,,,,,,,,,,,,,,,,,,,,,
sci-4374acc76fa7,rar_science,agentic,,,,,47.0,20.0,,,,,,,,,,,grounding,15.0,14.0,0.13333333333333333,1.0,0.8666666666666667,0.08163265306122448,0.05405405405405406,2.066666666666667,0.3333333333333333,0.0,0.0,2.0,0.13333333333333333,0.0,0.0,0.0,0.0,0.0,0.0,0.08880952380952381,0.06666666666666667,0.13333333333333333,0.008333333333333333,2.0,15.0,,,,,,,,,,,,,,,,,,,,,,,,,,
sci-4374acc76fa7,rar_science,agentic-tools,,,,,47.0,20.0,,,,,,,,,,,grounding,15.0,14.0,0.2,1.0,0.8,0.13953488372093023,0.13761467889908258,1.8,0.4,0.0,0.0,1.0,0.0,0.0,0.0,0.0,0.0,0.0,0.0,0.030476190476190473,0.0,0.0,0.008333333333333333,3.0,15.0,,,,,,,,,,,,,,,,,,,,,,,,,,
sci-4ff615cd292d,rar_science,shipped,,,,,41.0,26.0,,,,,,,,,,,grounding,7.0,11.0,0.14285714285714285,1.0,0.8571428571428572,0.16666666666666666,0.14285714285714288,1.1428571428571428,0.7142857142857143,0.0,0.0,2.0,0.14285714285714285,0.14285714285714285,0.0,0.14285714285714285,0.0,0.20833333333333334,0.20408163265306126,0.015873015873015872,0.0,0.0,0.017857142857142856,1.0,7.0,,,,,,,,,,,,,,,,,,,,,,,,,,
sci-4ff615cd292d,rar_science,baseline,,,,,41.0,26.0,,,,,,,,,,,grounding,8.0,11.0,0.25,1.0,0.75,0.21875,0.2638888888888889,1.125,0.75,0.0,0.0,1.0,0.0,0.0,0.0,0.0,0.0,0.0,0.0,0.1294642857142857,0.125,0.125,0.057291666666666664,2.0,8.0,,,,,,,,,,,,,,,,,,,,,,,,,,
sci-4ff615cd292d,rar_science,agentic,,,,,41.0,26.0,,,,,,,,,,,grounding,6.0,11.0,0.0,1.0,1.0,0.0,0.0,1.5,0.5,0.0,0.0,1.0,0.0,0.0,0.0,0.0,0.0,0.0,0.0,0.1126984126984127,0.0,0.16666666666666666,0.11851851851851851,0.0,6.0,,,,,,,,,,,,,,,,,,,,,,,,,,
sci-4ff615cd292d,rar_science,agentic-tools,,,,,41.0,26.0,,,,,,,,,,,grounding,5.0,11.0,0.2,1.0,0.8,0.06666666666666667,0.08823529411764706,1.6,0.6,0.0,0.0,1.0,0.0,0.0,0.0,0.0,0.0,0.0,0.0,0.11666666666666665,0.0,0.2,0.08214285714285714,1.0,5.0,,,,,,,,,,,,,,,,,,,,,,,,,,
sci-51a643fb0239,rar_science,shipped,,,,,47.0,51.0,,,,,,,,,,,grounding,7.0,25.0,0.0,1.0,1.0,0.0,0.0,3.0,0.14285714285714285,0.0,0.0,1.0,0.0,0.2857142857142857,0.0,0.2857142857142857,0.0,0.26666666666666666,0.24074074074074073,0.0873015873015873,0.0,0.14285714285714285,0.0,0.0,7.0,,,,,,,,,,,,,,,,,,,,,,,,,,
sci-51a643fb0239,rar_science,baseline,,,,,47.0,51.0,,,,,,,,,,,grounding,9.0,25.0,0.0,1.0,1.0,0.0,0.0,3.0,0.1111111111111111,0.0,0.0,1.0,0.0,0.0,0.0,0.0,0.0,0.0,0.0,0.11574074074074073,0.1111111111111111,0.1111111111111111,0.013888888888888888,0.0,9.0,,,,,,,,,,,,,,,,,,,,,,,,,,
sci-51a643fb0239,rar_science,agentic,,,,,47.0,51.0,,,,,,,,,,,grounding,6.0,25.0,0.0,1.0,1.0,0.0,0.0,4.833333333333333,0.0,0.0,0.0,1.0,0.0,0.0,0.0,0.0,0.0,0.0,0.0,0.26825396825396824,0.3333333333333333,0.5,0.025641025641025644,0.0,6.0,,,,,,,,,,,,,,,,,,,,,,,,,,
sci-51a643fb0239,rar_science,agentic-tools,,,,,47.0,51.0,,,,,,,,,,,grounding,6.0,25.0,0.0,1.0,1.0,0.0,0.0,4.5,0.0,0.0,0.0,1.0,0.0,0.0,0.0,0.0,0.0,0.0,0.0,0.2731481481481482,0.16666666666666666,0.3333333333333333,0.023809523809523808,0.0,6.0,,,,,,,,,,,,,,,,,,,,,,,,,,
sci-59e13b52684e,rar_science,shipped,,,,,41.0,59.0,,,,,,,,,,,grounding,8.0,29.0,0.125,1.0,0.875,0.03333333333333333,0.16071428571428573,3.25,0.375,0.0,0.0,3.0,0.125,0.5,0.25,0.625,0.0,0.7333333333333333,0.6607142857142857,0.022727272727272728,0.0,0.0,0.0,1.0,8.0,,,,,,,,,,,,,,,,,,,,,,,,,,
sci-59e13b52684e,rar_science,baseline,,,,,41.0,59.0,,,,,,,,,,,grounding,10.0,29.0,0.1,1.0,0.9,0.11428571428571428,0.0958904109589041,3.0,0.1,0.0,0.0,1.0,0.0,0.1,0.1,0.1,0.0,0.05714285714285714,0.0410958904109589,0.01,0.0,0.0,0.0,1.0,10.0,,,,,,,,,,,,,,,,,,,,,,,,,,
sci-59e13b52684e,rar_science,agentic,,,,,41.0,59.0,,,,,,,,,,,grounding,6.0,29.0,0.16666666666666666,1.0,0.8333333333333334,0.09523809523809523,0.1372549019607843,4.333333333333333,0.3333333333333333,0.0,0.0,1.0,0.0,0.0,0.0,0.0,0.0,0.0,0.0,0.28461538461538455,0.16666666666666666,0.3333333333333333,0.0,1.0,6.0,,,,,,,,,,,,,,,,,,,,,,,,,,
sci-59e13b52684e,rar_science,agentic-tools,,,,,41.0,59.0,,,,,,,,,,,grounding,5.0,29.0,0.0,1.0,1.0,0.0,0.0,4.6,0.2,0.0,0.0,1.0,0.0,0.0,0.0,0.0,0.0,0.0,0.0,0.18253968253968256,0.2,0.4,0.0,0.0,5.0,,,,,,,,,,,,,,,,,,,,,,,,,,
sci-7232a342c126,rar_science,shipped,,,,,52.0,18.0,,,,,,,,,,,grounding,7.0,10.0,0.2857142857142857,1.0,0.7142857142857143,0.2692307692307692,0.24528301886792456,2.2857142857142856,0.2857142857142857,0.0,0.0,5.0,0.14285714285714285,0.2857142857142857,0.14285714285714285,0.2857142857142857,0.14285714285714285,0.2692307692307692,0.24528301886792456,0.03826530612244898,0.0,0.0,0.0,2.0,7.0,,,,,,,,,,,,,,,,,,,,,,,,,,
sci-7232a342c126,rar_science,baseline,,,,,52.0,18.0,,,,,,,,,,,grounding,13.0,10.0,0.15384615384615385,1.0,0.8461538461538461,0.075,0.12631578947368421,1.4615384615384615,0.5384615384615384,0.0,0.0,2.0,0.07692307692307693,0.07692307692307693,0.07692307692307693,0.07692307692307693,0.07692307692307693,0.025,0.031578947368421054,0.009615384615384616,0.0,0.0,0.0,2.0,13.0,,,,,,,,,,,,,,,,,,,,,,,,,,
sci-7232a342c126,rar_science,agentic,,,,,52.0,18.0,,,,,,,,,,,grounding,16.0,10.0,0.0625,1.0,0.9375,0.04081632653061224,0.02586206896551724,2.0625,0.3125,0.0,0.0,1.0,0.0,0.0,0.0,0.0,0.0,0.0,0.0,0.0234375,0.0,0.0625,0.0,1.0,16.0,,,,,,,,,,,,,,,,,,,,,,,,,,
sci-7232a342c126,rar_science,agentic-tools,,,,,52.0,18.0,,,,,,,,,,,grounding,5.0,10.0,0.0,1.0,1.0,0.0,0.0,2.6,0.4,0.0,0.0,1.0,0.0,0.0,0.0,0.0,0.0,0.0,0.0,0.02967032967032967,0.0,0.0,0.0,0.0,5.0,,,,,,,,,,,,,,,,,,,,,,,,,,
sci-774dda56a4b0,rar_science,shipped,,,,,79.0,28.0,,,,,,,,,,,grounding,7.0,18.0,0.14285714285714285,0.8571428571428571,0.7142857142857142,0.08,0.06976744186046512,1.8571428571428572,0.2857142857142857,0.0,0.0,6.0,0.2857142857142857,0.2857142857142857,0.7142857142857143,0.7142857142857143,0.14285714285714285,0.76,0.7674418604651163,0.0,0.0,0.0,0.0,1.0,7.0,,,,,,,,,,,,,,,,,,,,,,,,,,
sci-774dda56a4b0,rar_science,baseline,,,,,79.0,28.0,,,,,,,,,,,grounding,10.0,18.0,0.0,0.6,0.6,0.0,0.0,2.6,0.3,0.0,0.0,2.0,0.1,0.2,0.3,0.4,0.0,0.53125,0.5064935064935064,0.058333333333333334,0.1,0.1,0.06568831168831168,0.0,10.0,,,,,,,,,,,,,,,,,,,,,,,,,,
sci-774dda56a4b0,rar_science,agentic,,,,,79.0,28.0,,,,,,,,,,,grounding,6.0,18.0,0.16666666666666666,0.6666666666666666,0.5,0.23809523809523808,0.1818181818181818,2.0,0.5,0.0,0.0,2.0,0.3333333333333333,0.0,0.16666666666666666,0.16666666666666666,0.0,0.23809523809523808,0.1818181818181818,0.14285714285714285,0.16666666666666666,0.16666666666666666,0.1388888888888889,1.0,6.0,,,,,,,,,,,,,,,,,,,,,,,,,,
sci-774dda56a4b0,rar_science,agentic-tools,,,,,79.0,28.0,,,,,,,,,,,grounding,16.0,18.0,0.125,0.875,0.75,0.08695652173913043,0.05263157894736842,1.5,0.5625,0.0,0.0,1.0,0.0,0.0,0.25,0.25,0.0,0.2826086956521739,0.28947368421052627,0.006944444444444444,0.0,0.0,0.0,2.0,16.0,,,,,,,,,,,,,,,,,,,,,,,,,,
sci-87fc64569182,rar_science,shipped,,,,,31.0,32.0,,,,,,,,,,,grounding,7.0,10.0,0.42857142857142855,1.0,0.5714285714285714,0.42857142857142855,0.4468085106382978,0.8571428571428571,0.7142857142857143,0.0,0.0,3.0,0.42857142857142855,0.2857142857142857,0.14285714285714285,0.2857142857142857,0.0,0.2857142857142857,0.2765957446808511,0.05612244897959184,0.0,0.0,0.023809523809523808,3.0,7.0,,,,,,,,,,,,,,,,,,,,,,,,,,
sci-87fc64569182,rar_science,baseline,,,,,31.0,32.0,,,,,,,,,,,grounding,7.0,10.0,0.0,1.0,1.0,0.0,0.0,2.0,0.42857142857142855,0.0,0.0,1.0,0.0,0.2857142857142857,0.0,0.2857142857142857,0.0,0.42857142857142855,0.3269230769230769,0.1098901098901099,0.14285714285714285,0.14285714285714285,0.011904761904761904,0.0,7.0,,,,,,,,,,,,,,,,,,,,,,,,,,
sci-87fc64569182,rar_science,agentic,,,,,31.0,32.0,,,,,,,,,,,grounding,6.0,10.0,0.0,1.0,1.0,0.0,0.0,2.0,0.3333333333333333,0.0,0.0,2.0,0.3333333333333333,0.0,0.0,0.0,0.0,0.0,0.0,0.23016944069575648,0.3333333333333333,0.3333333333333333,0.0,0.0,6.0,,,,,,,,,,,,,,,,,,,,,,,,,,
sci-87fc64569182,rar_science,agentic-tools,,,,,31.0,32.0,,,,,,,,,,,grounding,6.0,10.0,0.0,1.0,1.0,0.0,0.0,1.6666666666666667,0.5,0.0,0.0,1.0,0.0,0.0,0.0,0.0,0.0,0.0,0.0,0.13636363636363638,0.16666666666666666,0.16666666666666666,0.0,0.0,6.0,,,,,,,,,,,,,,,,,,,,,,,,,,
sci-8af1844cfb27,rar_science,shipped,,,,,114.0,169.0,,,,,,,,,,,grounding,8.0,26.0,0.5,1.0,0.5,0.41935483870967744,0.5178571428571429,0.875,0.75,0.0,0.0,1.0,0.0,0.5,0.25,0.625,0.375,0.7096774193548387,0.6607142857142858,0.03636363636363636,0.0,0.0,0.0,4.0,8.0,,,,,,,,,,,,,,,,,,,,,,,,,,
sci-8af1844cfb27,rar_science,baseline,,,,,114.0,169.0,,,,,,,,,,,grounding,11.0,26.0,0.18181818181818182,1.0,0.8181818181818181,0.1702127659574468,0.16999999999999998,1.4545454545454546,0.5454545454545454,0.0,0.0,1.0,0.0,0.0,0.09090909090909091,0.09090909090909091,0.0,0.0851063829787234,0.06999999999999999,0.1766053391053391,0.09090909090909091,0.18181818181818182,0.03178639542275906,2.0,11.0,,,,,,,,,,,,,,,,,,,,,,,,,,
sci-8af1844cfb27,rar_science,agentic,,,,,114.0,169.0,,,,,,,,,,,grounding,10.0,26.0,0.3,1.0,0.7,0.29411764705882354,0.31034482758620696,1.0,0.7,0.0,0.0,1.0,0.0,0.0,0.0,0.0,0.0,0.0,0.0,0.2694047619047619,0.2,0.3,0.02857142857142857,3.0,10.0,,,,,,,,,,,,,,,,,,,,,,,,,,
sci-8af1844cfb27,rar_science,agentic-tools,,,,,114.0,169.0,,,,,,,,,,,grounding,13.0,26.0,0.23076923076923078,1.0,0.7692307692307692,0.2,0.20588235294117646,1.1538461538461537,0.6923076923076923,0.0,0.0,1.0,0.0,0.0,0.15384615384615385,0.15384615384615385,0.07692307692307693,0.13333333333333333,0.13725490196078433,0.06999666999667,0.0,0.0,0.01282051282051282,3.0,13.0,,,,,,,,,,,,,,,,,,,,,,,,,,
sci-a8cd6180f491,rar_science,shipped,,,,,30.0,30.0,,,,,,,,,,,grounding,7.0,20.0,0.0,1.0,1.0,0.0,0.0,2.7142857142857144,0.14285714285714285,0.0,0.0,2.0,0.14285714285714285,0.42857142857142855,0.14285714285714285,0.42857142857142855,0.0,0.4583333333333333,0.4,0.015873015873015872,0.0,0.0,0.023809523809523808,0.0,7.0,,,,,,,,,,,,,,,,,,,,,,,,,,
sci-a8cd6180f491,rar_science,baseline,,,,,30.0,30.0,,,,,,,,,,,grounding,8.0,20.0,0.125,1.0,0.875,0.04,0.048387096774193554,2.75,0.25,0.0,0.0,1.0,0.0,0.625,0.0,0.625,0.0,0.72,0.6935483870967744,0.013888888888888888,0.0,0.0,0.0,1.0,8.0,,,,,,,,,,,,,,,,,,,,,,,,,,
sci-a8cd6180f491,rar_science,agentic,,,,,30.0,30.0,,,,,,,,,,,grounding,9.0,20.0,0.0,1.0,1.0,0.0,0.0,4.555555555555555,0.1111111111111111,0.0,0.0,1.0,0.0,0.1111111111111111,0.0,0.1111111111111111,0.0,0.06451612903225806,0.13043478260869568,0.13726150392817058,0.1111111111111111,0.2222222222222222,0.04845679012345679,0.0,9.0,,,,,,,,,,,,,,,,,,,,,,,,,,
sci-a8cd6180f491,rar_science,agentic-tools,,,,,30.0,30.0,,,,,,,,,,,grounding,7.0,20.0,0.0,1.0,1.0,0.0,0.0,3.2857142857142856,0.0,0.0,0.0,1.0,0.0,0.2857142857142857,0.0,0.2857142857142857,0.0,0.2727272727272727,0.32203389830508466,0.09801587301587301,0.0,0.0,0.023809523809523808,0.0,7.0,,,,,,,,,,,,,,,,,,,,,,,,,,
sci-acc5a4fc4c49,rar_science,shipped,,,,,38.0,97.0,,,,,,,,,,,grounding,8.0,30.0,0.25,1.0,0.75,0.11764705882352941,0.18181818181818182,1.125,0.625,0.0,0.0,1.0,0.0,0.25,0.375,0.5,0.125,0.5294117647058824,0.40909090909090906,0.0,0.0,0.0,0.0,2.0,8.0,,,,,,,,,,,,,,,,,,,,,,,,,,
sci-acc5a4fc4c49,rar_science,baseline,,,,,38.0,97.0,,,,,,,,,,,grounding,14.0,30.0,0.07142857142857142,0.9285714285714286,0.8571428571428572,0.04081632653061224,0.02678571428571428,4.785714285714286,0.2857142857142857,0.0,0.0,1.0,0.0,0.14285714285714285,0.2857142857142857,0.42857142857142855,0.07142857142857142,0.3877551020408163,0.3571428571428571,0.03824279711884754,0.0,0.0,0.005494505494505495,1.0,14.0,,,,,,,,,,,,,,,,,,,,,,,,,,
sci-acc5a4fc4c49,rar_science,agentic,,,,,38.0,97.0,,,,,,,,,,,grounding,14.0,30.0,0.0,1.0,1.0,0.0,0.0,5.5,0.07142857142857142,0.0,0.0,1.0,0.0,0.0,0.07142857142857142,0.07142857142857142,0.0,0.07142857142857142,0.059322033898305086,0.07770305091733663,0.0,0.07142857142857142,0.0,0.0,14.0,,,,,,,,,,,,,,,,,,,,,,,,,,
sci-acc5a4fc4c49,rar_science,agentic-tools,,,,,38.0,97.0,,,,,,,,,,,grounding,14.0,30.0,0.0,1.0,1.0,0.0,0.0,5.928571428571429,0.0,0.0,0.0,1.0,0.0,0.0,0.0,0.0,0.0,0.0,0.0,0.06966248037676608,0.0,0.07142857142857142,0.0,0.0,14.0,,,,,,,,,,,,,,,,,,,,,,,,,,
sci-b9f57b678ecc,rar_science,shipped,,,,,53.0,18.0,,,,,,,,,,,grounding,7.0,9.0,0.14285714285714285,1.0,0.8571428571428572,0.11538461538461539,0.06122448979591836,1.2857142857142858,0.5714285714285714,0.0,0.0,1.0,0.0,0.2857142857142857,0.14285714285714285,0.2857142857142857,0.14285714285714285,0.3076923076923077,0.2653061224489796,0.014285714285714287,0.0,0.0,0.015873015873015872,1.0,7.0,,,,,,,,,,,,,,,,,,,,,,,,,,
sci-b9f57b678ecc,rar_science,baseline,,,,,53.0,18.0,,,,,,,,,,,grounding,12.0,9.0,0.08333333333333333,1.0,0.9166666666666666,0.13513513513513514,0.11111111111111109,1.4166666666666667,0.6666666666666666,0.0,0.0,1.0,0.0,0.08333333333333333,0.0,0.08333333333333333,0.0,0.02702702702702703,0.09999999999999998,0.013986013986013986,0.0,0.0,0.0,1.0,12.0,,,,,,,,,,,,,,,,,,,,,,,,,,
sci-b9f57b678ecc,rar_science,agentic,,,,,53.0,18.0,,,,,,,,,,,grounding,15.0,9.0,0.2,1.0,0.8,0.23404255319148937,0.23076923076923073,1.7333333333333334,0.4666666666666667,0.0,0.0,1.0,0.0,0.0,0.0,0.0,0.0,0.0,0.0,0.02222222222222222,0.0,0.06666666666666667,0.01619047619047619,3.0,15.0,,,,,,,,,,,,,,,,,,,,,,,,,,
sci-b9f57b678ecc,rar_science,agentic-tools,,,,,53.0,18.0,,,,,,,,,,,grounding,15.0,9.0,0.13333333333333333,1.0,0.8666666666666667,0.12962962962962962,0.11818181818181817,1.3333333333333333,0.5333333333333333,0.0,0.0,1.0,0.0,0.0,0.0,0.0,0.0,0.0,0.0,0.02222222222222222,0.0,0.06666666666666667,0.007407407407407407,2.0,15.0,,,,,,,,,,,,,,,,,,,,,,,,,,
sci-be1b014411ab,rar_science,shipped,,,,,139.0,25.0,,,,,,,,,,,grounding,8.0,51.0,0.125,1.0,0.875,0.1,0.05084745762711864,4.125,0.125,0.0,0.0,1.0,0.0,0.0,0.25,0.25,0.0,0.26666666666666666,0.28813559322033894,0.0,0.0,0.0,0.040625,1.0,8.0,,,,,,,,,,,,,,,,,,,,,,,,,,
sci-be1b014411ab,rar_science,baseline,,,,,139.0,25.0,,,,,,,,,,,grounding,16.0,51.0,0.0625,1.0,0.9375,0.04081632653061224,0.02542372881355932,3.875,0.125,0.0,0.0,1.0,0.0,0.0,0.0625,0.0625,0.0,0.08163265306122448,0.05932203389830508,0.0,0.0,0.0,0.026515151515151512,1.0,16.0,,,,,,,,,,,,,,,,,,,,,,,,,,
sci-be1b014411ab,rar_science,agentic,,,,,139.0,25.0,,,,,,,,,,,grounding,15.0,51.0,0.0,1.0,1.0,0.0,0.0,4.0,0.13333333333333333,0.0,0.0,1.0,0.0,0.0,0.0,0.0,0.0,0.0,0.0,0.0,0.0,0.0,0.10523809523809526,0.0,15.0,,,,,,,,,,,,,,,,,,,,,,,,,,
sci-be1b014411ab,rar_science,agentic-tools,,,,,139.0,25.0,,,,,,,,,,,grounding,11.0,51.0,0.09090909090909091,1.0,0.9090909090909091,0.08823529411764706,0.10204081632653063,4.090909090909091,0.18181818181818182,0.0,0.0,1.0,0.0,0.0,0.0,0.0,0.0,0.0,0.0,0.0,0.0,0.0,0.12878787878787878,1.0,11.0,,,,,,,,,,,,,,,,,,,,,,,,,,
sci-c23a2106d46f,rar_science,shipped,,,,,11.0,62.0,,,,,,,,,,,grounding,7.0,23.0,0.0,1.0,1.0,0.0,0.0,3.142857142857143,0.14285714285714285,0.0,0.0,1.0,0.0,0.2857142857142857,0.2857142857142857,0.5714285714285714,0.0,0.4166666666666667,0.4489795918367347,0.04603174603174603,0.0,0.0,0.0,0.0,7.0,,,,,,,,,,,,,,,,,,,,,,,,,,
sci-c23a2106d46f,rar_science,baseline,,,,,11.0,62.0,,,,,,,,,,,grounding,9.0,23.0,0.2222222222222222,1.0,0.7777777777777778,0.24,0.19402985074626866,2.7777777777777777,0.2222222222222222,0.0,0.0,5.0,0.1111111111111111,0.1111111111111111,0.1111111111111111,0.1111111111111111,0.1111111111111111,0.04,0.04477611940298507,0.037037037037037035,0.0,0.1111111111111111,0.0,2.0,9.0,,,,,,,,,,,,,,,,,,,,,,,,,,
sci-c23a2106d46f,rar_science,agentic,,,,,11.0,62.0,,,,,,,,,,,grounding,12.0,23.0,0.0,1.0,1.0,0.0,0.0,3.9166666666666665,0.08333333333333333,0.0,0.0,1.0,0.0,0.0,0.16666666666666666,0.16666666666666666,0.0,0.10256410256410256,0.18947368421052632,0.1863095238095238,0.16666666666666666,0.16666666666666666,0.0,0.0,12.0,,,,,,,,,,,,,,,,,,,,,,,,,,
sci-c23a2106d46f,rar_science,agentic-tools,,,,,11.0,62.0,,,,,,,,,,,grounding,9.0,23.0,0.0,0.8888888888888888,0.8888888888888888,0.0,0.0,3.2222222222222223,0.1111111111111111,0.0,0.0,1.0,0.0,0.0,0.0,0.0,0.0,0.0,0.0,0.1111111111111111,0.1111111111111111,0.1111111111111111,0.0,0.0,9.0,,,,,,,,,,,,,,,,,,,,,,,,,,
sci-d1dec685a824,rar_science,shipped,,,,,31.0,33.0,,,,,,,,,,,grounding,7.0,18.0,0.14285714285714285,1.0,0.8571428571428572,0.1111111111111111,0.05357142857142856,2.2857142857142856,0.2857142857142857,0.0,0.0,1.0,0.0,0.5714285714285714,0.2857142857142857,0.5714285714285714,0.14285714285714285,0.5925925925925926,0.48214285714285704,0.017857142857142856,0.0,0.0,0.0,1.0,7.0,,,,,,,,,,,,,,,,,,,,,,,,,,
sci-d1dec685a824,rar_science,baseline,,,,,31.0,33.0,,,,,,,,,,,grounding,10.0,18.0,0.0,1.0,1.0,0.0,0.0,3.2,0.2,0.0,0.0,1.0,0.0,0.2,0.0,0.2,0.0,0.14705882352941177,0.19512195121951217,0.06194805194805195,0.0,0.1,0.0,0.0,10.0,,,,,,,,,,,,,,,,,,,,,,,,,,
sci-d1dec685a824,rar_science,agentic,,,,,31.0,33.0,,,,,,,,,,,grounding,7.0,18.0,0.0,1.0,1.0,0.0,0.0,4.714285714285714,0.0,0.0,0.0,1.0,0.0,0.0,0.0,0.0,0.0,0.0,0.0,0.10656010656010657,0.0,0.14285714285714285,0.014285714285714287,0.0,7.0,,,,,,,,,,,,,,,,,,,,,,,,,,
sci-d1dec685a824,rar_science,agentic-tools,,,,,31.0,33.0,,,,,,,,,,,grounding,7.0,18.0,0.0,1.0,1.0,0.0,0.0,2.857142857142857,0.2857142857142857,0.0,0.0,1.0,0.0,0.0,0.0,0.0,0.0,0.0,0.0,0.10158730158730159,0.0,0.14285714285714285,0.0,0.0,7.0,,,,,,,,,,,,,,,,,,,,,,,,,,
sci-da510f1356cb,rar_science,shipped,,,,,42.0,30.0,,,,,,,,,,,grounding,7.0,21.0,0.14285714285714285,1.0,0.8571428571428572,0.17391304347826086,0.14285714285714285,1.8571428571428572,0.14285714285714285,0.0,0.0,3.0,0.14285714285714285,0.2857142857142857,0.5714285714285714,0.7142857142857143,0.14285714285714285,0.6956521739130435,0.6122448979591836,0.0,0.0,0.0,0.0,1.0,7.0,,,,,,,,,,,,,,,,,,,,,,,,,,
sci-da510f1356cb,rar_science,baseline,,,,,42.0,30.0,,,,,,,,,,,grounding,12.0,21.0,0.08333333333333333,1.0,0.9166666666666666,0.05263157894736842,0.03296703296703297,1.3333333333333333,0.6666666666666666,0.0,0.0,1.0,0.0,0.08333333333333333,0.3333333333333333,0.3333333333333333,0.0,0.3157894736842105,0.38461538461538464,0.0,0.0,0.0,0.0,1.0,12.0,,,,,,,,,,,,,,,,,,,,,,,,,,
sci-da510f1356cb,rar_science,agentic,,,,,42.0,30.0,,,,,,,,,,,grounding,12.0,21.0,0.0,0.9166666666666666,0.9166666666666666,0.0,0.0,2.3333333333333335,0.16666666666666666,0.0,0.0,1.0,0.0,0.16666666666666666,0.25,0.3333333333333333,0.0,0.2777777777777778,0.33673469387755106,0.07671957671957673,0.0,0.08333333333333333,0.0,0.0,12.0,,,,,,,,,,,,,,,,,,,,,,,,,,
sci-da510f1356cb,rar_science,agentic-tools,,,,,42.0,30.0,,,,,,,,,,,grounding,6.0,21.0,0.0,1.0,1.0,0.0,0.0,3.0,0.3333333333333333,0.0,0.0,1.0,0.0,0.0,0.16666666666666666,0.16666666666666666,0.0,0.26666666666666666,0.1590909090909091,0.13744588744588745,0.16666666666666666,0.16666666666666666,0.0,0.0,6.0,,,,,,,,,,,,,,,,,,,,,,,,,,
sci-da7d555f397b,rar_science,shipped,,,,,48.0,43.0,,,,,,,,,,,grounding,7.0,36.0,0.0,1.0,1.0,0.0,0.0,3.4285714285714284,0.2857142857142857,0.0,0.0,3.0,0.14285714285714285,0.14285714285714285,0.0,0.14285714285714285,0.0,0.19230769230769232,0.20408163265306126,0.04285714285714286,0.0,0.14285714285714285,0.0,0.0,7.0,,,,,,,,,,,,,,,,,,,,,,,,,,
sci-da7d555f397b,rar_science,baseline,,,,,48.0,43.0,,,,,,,,,,,grounding,9.0,36.0,0.1111111111111111,1.0,0.8888888888888888,0.07142857142857142,0.16071428571428573,3.888888888888889,0.2222222222222222,0.0,0.0,1.0,0.0,0.3333333333333333,0.2222222222222222,0.4444444444444444,0.1111111111111111,0.4642857142857143,0.5178571428571429,0.16083916083916083,0.2222222222222222,0.2222222222222222,0.0,1.0,9.0,,,,,,,,,,,,,,,,,,,,,,,,,,
sci-da7d555f397b,rar_science,agentic,,,,,48.0,43.0,,,,,,,,,,,grounding,8.0,36.0,0.0,1.0,1.0,0.0,0.0,6.75,0.0,0.0,0.0,2.0,0.5,0.0,0.0,0.0,0.0,0.0,0.0,0.25161603102779573,0.125,0.5,0.0,0.0,8.0,,,,,,,,,,,,,,,,,,,,,,,,,,
sci-da7d555f397b,rar_science,agentic-tools,,,,,48.0,43.0,,,,,,,,,,,grounding,15.0,36.0,0.0,1.0,1.0,0.0,0.0,4.333333333333333,0.0,0.0,0.0,1.0,0.0,0.0,0.06666666666666667,0.06666666666666667,0.0,0.05660377358490566,0.05882352941176471,0.15592592592592594,0.2,0.26666666666666666,0.0,0.0,15.0,,,,,,,,,,,,,,,,,,,,,,,,,,
sci-e12680ade60e,rar_science,shipped,,,,,140.0,308.0,,,,,,,,,,,grounding,9.0,44.0,0.2222222222222222,1.0,0.7777777777777778,0.11764705882352941,0.18181818181818182,2.6666666666666665,0.4444444444444444,0.0,0.0,6.0,0.1111111111111111,0.2222222222222222,0.1111111111111111,0.2222222222222222,0.1111111111111111,0.23529411764705882,0.196969696969697,0.018518518518518517,0.0,0.0,0.0303030303030303,2.0,9.0,,,,,,,,,,,,,,,,,,,,,,,,,,
sci-e12680ade60e,rar_science,baseline,,,,,140.0,308.0,,,,,,,,,,,grounding,11.0,44.0,0.0,1.0,1.0,0.0,0.0,2.909090909090909,0.09090909090909091,0.0,0.0,2.0,0.09090909090909091,0.09090909090909091,0.09090909090909091,0.09090909090909091,0.0,0.02631578947368421,0.03409090909090909,0.030991735537190087,0.0,0.0,0.024793388429752063,0.0,11.0,,,,,,,,,,,,,,,,,,,,,,,,,,
sci-e12680ade60e,rar_science,agentic,,,,,140.0,308.0,,,,,,,,,,,grounding,12.0,44.0,0.0,1.0,1.0,0.0,0.0,3.75,0.08333333333333333,0.0,0.0,1.0,0.0,0.0,0.0,0.0,0.0,0.0,0.0,0.11340488215488216,0.0,0.16666666666666666,0.0,0.0,12.0,,,,,,,,,,,,,,,,,,,,,,,,,,
sci-e12680ade60e,rar_science,agentic-tools,,,,,140.0,308.0,,,,,,,,,,,grounding,12.0,44.0,0.0,1.0,1.0,0.0,0.0,4.0,0.0,0.0,0.0,1.0,0.0,0.0,0.0,0.0,0.0,0.0,0.0,0.14166666666666666,0.16666666666666666,0.25,0.01875,0.0,12.0,,,,,,,,,,,,,,,,,,,,,,,,,,
sci-e74b83fd436a,rar_science,shipped,,,,,12.0,156.0,,,,,,,,,,,grounding,7.0,44.0,0.0,1.0,1.0,0.0,0.0,4.142857142857143,0.14285714285714285,0.0,0.0,3.0,0.14285714285714285,0.42857142857142855,0.14285714285714285,0.42857142857142855,0.0,0.3870967741935484,0.37037037037037035,0.07658730158730158,0.0,0.0,0.0,0.0,7.0,,,,,,,,,,,,,,,,,,,,,,,,,,
sci-e74b83fd436a,rar_science,baseline,,,,,12.0,156.0,,,,,,,,,,,grounding,9.0,44.0,0.0,1.0,1.0,0.0,0.0,6.333333333333333,0.0,0.0,0.0,2.0,0.1111111111111111,0.1111111111111111,0.1111111111111111,0.1111111111111111,0.0,0.05714285714285714,0.0410958904109589,0.22689594356261023,0.1111111111111111,0.2222222222222222,0.010101010101010102,0.0,9.0,,,,,,,,,,,,,,,,,,,,,,,,,,
sci-e74b83fd436a,rar_science,agentic,,,,,12.0,156.0,,,,,,,,,,,grounding,15.0,44.0,0.0,0.9333333333333333,0.9333333333333333,0.0,0.0,5.533333333333333,0.0,0.0,0.0,1.0,0.0,0.0,0.0,0.0,0.0,0.0,0.0,0.41203944203944204,0.4,0.5333333333333333,0.015873015873015876,0.0,15.0,,,,,,,,,,,,,,,,,,,,,,,,,,
sci-e74b83fd436a,rar_science,agentic-tools,,,,,12.0,156.0,,,,,,,,,,,grounding,16.0,44.0,0.0,1.0,1.0,0.0,0.0,5.375,0.0625,0.0,0.0,1.0,0.0,0.0,0.0,0.0,0.0,0.0,0.0,0.4187026515151515,0.4375,0.5625,0.0140625,0.0,16.0,,,,,,,,,,,,,,,,,,,,,,,,,,
sci-ea25bcc0bf72,rar_science,shipped,,,,,21.0,24.0,,,,,,,,,,,grounding,7.0,15.0,0.0,1.0,1.0,0.0,0.0,3.4285714285714284,0.0,0.0,0.0,3.0,0.14285714285714285,0.5714285714285714,0.14285714285714285,0.5714285714285714,0.0,0.5185185185185185,0.5714285714285713,0.0347985347985348,0.0,0.0,0.0,0.0,7.0,,,,,,,,,,,,,,,,,,,,,,,,,,
sci-ea25bcc0bf72,rar_science,baseline,,,,,21.0,24.0,,,,,,,,,,,grounding,7.0,15.0,0.2857142857142857,1.0,0.7142857142857143,0.16666666666666666,0.17857142857142855,2.142857142857143,0.2857142857142857,0.0,0.0,5.0,0.14285714285714285,0.14285714285714285,0.0,0.14285714285714285,0.14285714285714285,0.125,0.12499999999999999,0.0496031746031746,0.0,0.0,0.0,2.0,7.0,,,,,,,,,,,,,,,,,,,,,,,,,,
sci-ea25bcc0bf72,rar_science,agentic,,,,,21.0,24.0,,,,,,,,,,,grounding,8.0,15.0,0.0,1.0,1.0,0.0,0.0,3.875,0.0,0.0,0.0,2.0,0.25,0.0,0.0,0.0,0.0,0.0,0.0,0.019230769230769232,0.0,0.0,0.0,0.0,8.0,,,,,,,,,,,,,,,,,,,,,,,,,,
sci-ea25bcc0bf72,rar_science,agentic-tools,,,,,21.0,24.0,,,,,,,,,,,grounding,7.0,15.0,0.0,1.0,1.0,0.0,0.0,3.857142857142857,0.0,0.0,0.0,1.0,0.0,0.0,0.14285714285714285,0.14285714285714285,0.0,0.043478260869565216,0.14516129032258063,0.0,0.0,0.0,0.047619047619047616,0.0,7.0,,,,,,,,,,,,,,,,,,,,,,,,,,
sci-eca9a0437743,rar_science,shipped,,,,,32.0,11.0,,,,,,,,,,,grounding,7.0,7.0,0.2857142857142857,1.0,0.7142857142857143,0.27586206896551724,0.23333333333333328,1.0,0.7142857142857143,0.0,0.0,3.0,0.2857142857142857,0.0,0.14285714285714285,0.14285714285714285,0.14285714285714285,0.13793103448275862,0.11666666666666664,0.0,0.0,0.0,0.0,2.0,7.0,,,,,,,,,,,,,,,,,,,,,,,,,,
sci-eca9a0437743,rar_science,baseline,,,,,32.0,11.0,,,,,,,,,,,grounding,10.0,7.0,0.4,1.0,0.6,0.2777777777777778,0.37209302325581395,0.8,0.8,0.0,0.0,1.0,0.0,0.2,0.0,0.2,0.1,0.1388888888888889,0.186046511627907,0.0,0.0,0.0,0.0,4.0,10.0,,,,,,,,,,,,,,,,,,,,,,,,,,
sci-eca9a0437743,rar_science,agentic,,,,,32.0,11.0,,,,,,,,,,,grounding,16.0,7.0,0.25,1.0,0.75,0.24,0.2631578947368421,1.0625,0.6875,0.0,0.0,1.0,0.0,0.0,0.0,0.0,0.0,0.0,0.0,0.0,0.0,0.0,0.0,4.0,16.0,,,,,,,,,,,,,,,,,,,,,,,,,,
sci-eca9a0437743,rar_science,agentic-tools,,,,,32.0,11.0,,,,,,,,,,,grounding,16.0,7.0,0.1875,1.0,0.8125,0.20754716981132076,0.19047619047619047,1.4375,0.5625,0.0,0.0,1.0,0.0,0.0,0.0,0.0,0.0,0.0,0.0,0.0,0.0,0.0,0.0,3.0,16.0,,,,,,,,,,,,,,,,,,,,,,,,,,
sci-f6b7d71c6b3c,rar_science,shipped,,,,,74.0,22.0,,,,,,,,,,,grounding,7.0,27.0,0.14285714285714285,1.0,0.8571428571428572,0.10344827586206896,0.05084745762711864,3.5714285714285716,0.14285714285714285,0.0,0.0,6.0,0.14285714285714285,0.2857142857142857,0.2857142857142857,0.42857142857142855,0.14285714285714285,0.4482758620689655,0.38983050847457623,0.0,0.0,0.0,0.03896103896103896,1.0,7.0,,,,,,,,,,,,,,,,,,,,,,,,,,
sci-f6b7d71c6b3c,rar_science,baseline,,,,,74.0,22.0,,,,,,,,,,,grounding,15.0,27.0,0.0,0.7333333333333333,0.7333333333333333,0.0,0.0,2.8666666666666667,0.06666666666666667,0.0,0.0,1.0,0.0,0.2,0.13333333333333333,0.2,0.0,0.16981132075471697,0.17829457364341086,0.0044444444444444444,0.0,0.0,0.016883116883116885,0.0,15.0,,,,,,,,,,,,,,,,,,,,,,,,,,
sci-f6b7d71c6b3c,rar_science,agentic,,,,,74.0,22.0,,,,,,,,,,,grounding,16.0,27.0,0.0,0.75,0.75,0.0,0.0,3.0625,0.125,0.0,0.0,1.0,0.0,0.0,0.0625,0.0625,0.0,0.07936507936507936,0.078125,0.0,0.0,0.0,0.057692307692307696,0.0,16.0,,,,,,,,,,,,,,,,,,,,,,,,,,
sci-f6b7d71c6b3c,rar_science,agentic-tools,,,,,74.0,22.0,,,,,,,,,,,grounding,15.0,27.0,0.0,0.7333333333333333,0.7333333333333333,0.0,0.0,3.2666666666666666,0.06666666666666667,0.0,0.0,1.0,0.0,0.0,0.06666666666666667,0.06666666666666667,0.0,0.09433962264150944,0.07936507936507936,0.005128205128205128,0.0,0.0,0.024444444444444446,0.0,15.0,,,,,,,,,,,,,,,,,,,,,,,,,,
sci-f6b96b82605e,rar_science,shipped,,,,,23.0,9.0,,,,,,,,,,,grounding,7.0,13.0,0.14285714285714285,1.0,0.8571428571428572,0.08695652173913043,0.06122448979591836,3.2857142857142856,0.14285714285714285,0.0,0.0,5.0,0.2857142857142857,0.2857142857142857,0.0,0.2857142857142857,0.14285714285714285,0.30434782608695654,0.2653061224489796,0.0,0.0,0.0,0.031746031746031744,1.0,7.0,,,,,,,,,,,,,,,,,,,,,,,,,,
sci-f6b96b82605e,rar_science,baseline,,,,,23.0,9.0,,,,,,,,,,,grounding,7.0,13.0,0.0,1.0,1.0,0.0,0.0,4.142857142857143,0.14285714285714285,0.0,0.0,1.0,0.0,0.2857142857142857,0.0,0.2857142857142857,0.0,0.4,0.33898305084745756,0.0,0.0,0.0,0.0,0.0,7.0,,,,,,,,,,,,,,,,,,,,,,,,,,
sci-f6b96b82605e,rar_science,agentic,,,,,23.0,9.0,,,,,,,,,,,grounding,8.0,13.0,0.0,1.0,1.0,0.0,0.0,4.375,0.0,0.0,0.0,1.0,0.0,0.375,0.0,0.375,0.0,0.3333333333333333,0.3768115942028985,0.030357142857142857,0.0,0.0,0.027777777777777776,0.0,8.0,,,,,,,,,,,,,,,,,,,,,,,,,,
sci-f6b96b82605e,rar_science,agentic-tools,,,,,23.0,9.0,,,,,,,,,,,grounding,7.0,13.0,0.0,1.0,1.0,0.0,0.0,3.142857142857143,0.0,0.0,0.0,1.0,0.0,0.0,0.0,0.0,0.0,0.0,0.0,0.0,0.0,0.0,0.0,0.0,7.0,,,,,,,,,,,,,,,,,,,,,,,,,,
sci-f83b10fdfa1f,rar_science,shipped,,,,,128.0,133.0,,,,,,,,,,,grounding,8.0,35.0,0.0,1.0,1.0,0.0,0.0,3.125,0.375,0.0,0.0,1.0,0.0,0.0,0.0,0.0,0.0,0.0,0.0,0.07291666666666667,0.125,0.125,0.04821428571428571,0.0,8.0,,,,,,,,,,,,,,,,,,,,,,,,,,
sci-f83b10fdfa1f,rar_science,baseline,,,,,128.0,133.0,,,,,,,,,,,grounding,10.0,35.0,0.1,1.0,0.9,0.04878048780487805,0.09782608695652173,3.4,0.3,0.0,0.0,1.0,0.0,0.0,0.0,0.0,0.0,0.0,0.0,0.1625,0.1,0.2,0.06666666666666667,1.0,10.0,,,,,,,,,,,,,,,,,,,,,,,,,,
sci-f83b10fdfa1f,rar_science,agentic,,,,,128.0,133.0,,,,,,,,,,,grounding,10.0,35.0,0.0,1.0,1.0,0.0,0.0,3.2,0.2,0.0,0.0,1.0,0.0,0.0,0.0,0.0,0.0,0.0,0.0,0.51,0.6,0.8,0.075,0.0,10.0,,,,,,,,,,,,,,,,,,,,,,,,,,
sci-f83b10fdfa1f,rar_science,agentic-tools,,,,,128.0,133.0,,,,,,,,,,,grounding,15.0,35.0,0.06666666666666667,1.0,0.9333333333333333,0.05555555555555555,0.05426356589147286,3.7333333333333334,0.06666666666666667,0.0,0.0,1.0,0.0,0.0,0.0,0.0,0.0,0.0,0.0,0.3011111111111111,0.26666666666666666,0.4666666666666667,0.12777777777777777,1.0,15.0,,,,,,,,,,,,,,,,,,,,,,,,,,
med-02a8056b1d15,rar_medicine,shipped,10.0,,,,,,,,,,,,,,,,lint,,,,,,,,,,,,,,,,,,,,,,,,,,"{'item_count_7_20': {'name': 'item_count_7_20', 'applicable': True, 'passed': True, 'reason': ''}}",0.7,0.0,1.0,1.0,0.1,0.0,0.0,0.0,0.0,0.5591216087341309,0.1,1.0,0.1,1.0,1.0,1.0,1.0,1.0,1.0,0.0,1.0,0.8,1.0,23.0,[]
med-02a8056b1d15,rar_medicine,baseline,7.0,,,,,,,,,,,,,,,,lint,,,,,,,,,,,,,,,,,,,,,,,,,,"{'item_count_7_20': {'name': 'item_count_7_20', 'applicable': True, 'passed': True, 'reason': ''}}",0.8571428571428571,0.0,1.0,0.0,0.14285714285714285,0.0,0.0,1.0,1.0,0.6824964284896851,0.14285714285714285,1.0,0.0,1.0,1.0,1.0,1.0,1.0,1.0,1.0,1.0,0.8571428571428571,1.0,11.0,"[{'pitfall_index': 5, 'positive_index': 1, 'similarity': 0.6824964284896851}]"
med-02a8056b1d15,rar_medicine,agentic,10.0,,,,,,,,,,,,,,,,lint,,,,,,,,,,,,,,,,,,,,,,,,,,"{'item_count_7_20': {'name': 'item_count_7_20', 'applicable': True, 'passed': True, 'reason': ''}}",0.6,0.0,1.0,1.0,0.2,0.0,0.0,0.0,0.0,0.459963858127594,0.2,1.0,0.0,1.0,1.0,1.0,1.0,1.0,1.0,0.0,1.0,0.8,1.0,17.0,[]
med-02a8056b1d15,rar_medicine,agentic-tools,11.0,,,,,,,,,,,,,,,,lint,,,,,,,,,,,,,,,,,,,,,,,,,,"{'item_count_7_20': {'name': 'item_count_7_20', 'applicable': True, 'passed': True, 'reason': ''}}",0.5454545454545454,0.0,1.0,1.0,0.18181818181818182,1.0,0.05,0.0,0.0,0.3690863847732544,0.18181818181818182,0.9090909090909091,0.0,1.0,0.9090909090909091,1.0,1.0,1.0,0.9090909090909091,0.0,1.0,0.9090909090909091,1.0,20.0,[]
med-27bf6ad66800,rar_medicine,shipped,10.0,,,,,,,,,,,,,,,,lint,,,,,,,,,,,,,,,,,,,,,,,,,,"{'item_count_7_20': {'name': 'item_count_7_20', 'applicable': True, 'passed': True, 'reason': ''}}",0.8,0.0,1.0,0.0,0.2,0.0,0.0,0.0,0.0,0.19095154106616974,0.2,1.0,0.0,1.0,0.9,1.0,1.0,1.0,1.0,1.0,1.0,0.9,1.0,21.0,[]
med-27bf6ad66800,rar_medicine,baseline,10.0,,,,,,,,,,,,,,,,lint,,,,,,,,,,,,,,,,,,,,,,,,,,"{'item_count_7_20': {'name': 'item_count_7_20', 'applicable': True, 'passed': True, 'reason': ''}}",0.7,0.0,1.0,1.0,0.1,1.0,0.041666666666666664,0.0,0.0,0.4339752495288849,0.1,0.9,0.0,1.0,0.9,1.0,1.0,1.0,0.9,0.0,1.0,1.0,1.0,24.0,[]
med-27bf6ad66800,rar_medicine,agentic,12.0,,,,,,,,,,,,,,,,lint,,,,,,,,,,,,,,,,,,,,,,,,,,"{'item_count_7_20': {'name': 'item_count_7_20', 'applicable': True, 'passed': True, 'reason': ''}}",0.75,0.0,1.0,1.0,0.16666666666666666,0.0,0.0,0.0,0.0,0.262201726436615,0.16666666666666666,1.0,0.0,1.0,1.0,0.9166666666666666,1.0,1.0,1.0,0.0,1.0,1.0,1.0,23.0,[]
med-27bf6ad66800,rar_medicine,agentic-tools,9.0,,,,,,,,,,,,,,,,lint,,,,,,,,,,,,,,,,,,,,,,,,,,"{'item_count_7_20': {'name': 'item_count_7_20', 'applicable': True, 'passed': True, 'reason': ''}}",0.5555555555555556,0.0,1.0,1.0,0.3333333333333333,0.0,0.0,0.0,0.0,0.3981420397758484,0.3333333333333333,1.0,0.0,1.0,1.0,0.8888888888888888,1.0,1.0,1.0,0.0,1.0,1.0,1.0,11.0,[]
med-3e58d5c52834,rar_medicine,shipped,10.0,,,,,,,,,,,,,,,,lint,,,,,,,,,,,,,,,,,,,,,,,,,,"{'item_count_7_20': {'name': 'item_count_7_20', 'applicable': True, 'passed': True, 'reason': ''}}",0.8,0.0,1.0,0.0,0.2,0.0,0.0,0.0,0.0,0.20434045791625977,0.2,1.0,0.1,1.0,1.0,1.0,1.0,1.0,1.0,0.5,1.0,0.9,1.0,21.0,[]
med-3e58d5c52834,rar_medicine,baseline,8.0,,,,,,,,,,,,,,,,lint,,,,,,,,,,,,,,,,,,,,,,,,,,"{'item_count_7_20': {'name': 'item_count_7_20', 'applicable': True, 'passed': True, 'reason': ''}}",0.875,0.0,1.0,0.0,0.25,1.0,0.08333333333333333,1.0,2.0,0.7646080255508423,0.25,0.875,0.0,1.0,1.0,1.0,1.0,1.0,0.875,1.0,1.0,1.0,1.0,12.0,"[{'pitfall_index': 7, 'positive_index': 0, 'similarity': 0.6874338388442993}, {'pitfall_index': 7, 'positive_index': 4, 'similarity': 0.7646080255508423}]"
med-3e58d5c52834,rar_medicine,agentic,6.0,,,,,,,,,,,,,,,,lint,,,,,,,,,,,,,,,,,,,,,,,,,,"{'item_count_7_20': {'name': 'item_count_7_20', 'applicable': True, 'passed': False, 'reason': '6 items'}}",0.3333333333333333,0.0,0.0,1.0,0.0,0.0,0.0,0.0,0.0,0.0,0.0,0.6666666666666666,0.0,0.0,0.5,1.0,1.0,1.0,0.6666666666666666,,1.0,0.8333333333333334,1.0,11.0,[]
med-3e58d5c52834,rar_medicine,agentic-tools,8.0,,,,,,,,,,,,,,,,lint,,,,,,,,,,,,,,,,,,,,,,,,,,"{'item_count_7_20': {'name': 'item_count_7_20', 'applicable': True, 'passed': True, 'reason': ''}}",0.625,0.0,1.0,1.0,0.0,1.0,0.05,0.0,0.0,0.0,0.0,0.875,0.0,1.0,1.0,1.0,1.0,1.0,0.875,,1.0,0.75,1.0,20.0,[]
med-44131a7ca41d,rar_medicine,shipped,10.0,,,,,,,,,,,,,,,,lint,,,,,,,,,,,,,,,,,,,,,,,,,,"{'item_count_7_20': {'name': 'item_count_7_20', 'applicable': True, 'passed': True, 'reason': ''}}",0.8,0.0,1.0,0.0,0.2,0.0,0.0,0.0,0.0,0.3283396363258362,0.2,1.0,0.0,1.0,1.0,1.0,1.0,1.0,1.0,1.0,1.0,0.8,1.0,21.0,[]
med-44131a7ca41d,rar_medicine,baseline,9.0,,,,,,,,,,,,,,,,lint,,,,,,,,,,,,,,,,,,,,,,,,,,"{'item_count_7_20': {'name': 'item_count_7_20', 'applicable': True, 'passed': True, 'reason': ''}}",0.8888888888888888,0.0,1.0,0.0,0.2222222222222222,0.0,0.0,0.0,0.0,0.5343207716941833,0.2222222222222222,1.0,0.0,1.0,1.0,1.0,1.0,1.0,1.0,1.0,1.0,0.8888888888888888,1.0,15.0,[]
med-44131a7ca41d,rar_medicine,agentic,15.0,,,,,,,,,,,,,,,,lint,,,,,,,,,,,,,,,,,,,,,,,,,,"{'item_count_7_20': {'name': 'item_count_7_20', 'applicable': True, 'passed': True, 'reason': ''}}",0.8,0.0,1.0,1.0,0.06666666666666667,0.0,0.0,0.0,0.0,0.26836204528808594,0.06666666666666667,1.0,0.0,1.0,1.0,1.0,1.0,1.0,1.0,0.0,1.0,0.8666666666666667,1.0,49.0,[]
med-44131a7ca41d,rar_medicine,agentic-tools,15.0,,,,,,,,,,,,,,,,lint,,,,,,,,,,,,,,,,,,,,,,,,,,"{'item_count_7_20': {'name': 'item_count_7_20', 'applicable': True, 'passed': True, 'reason': ''}}",0.4,0.0,1.0,1.0,0.06666666666666667,1.0,0.18181818181818182,0.0,0.0,0.11783508956432343,0.06666666666666667,0.6666666666666666,0.0,1.0,1.0,1.0,1.0,1.0,0.6666666666666666,0.0,1.0,0.8,1.0,55.0,[]
med-44c1b0452475,rar_medicine,shipped,9.0,,,,,,,,,,,,,,,,lint,,,,,,,,,,,,,,,,,,,,,,,,,,"{'item_count_7_20': {'name': 'item_count_7_20', 'applicable': True, 'passed': True, 'reason': ''}}",0.8888888888888888,0.0,1.0,0.0,0.1111111111111111,0.0,0.0,0.0,0.0,0.38196489214897156,0.1111111111111111,1.0,0.0,1.0,1.0,1.0,1.0,1.0,1.0,1.0,1.0,0.8888888888888888,1.0,20.0,[]
med-44c1b0452475,rar_medicine,baseline,5.0,,,,,,,,,,,,,,,,lint,,,,,,,,,,,,,,,,,,,,,,,,,,"{'item_count_7_20': {'name': 'item_count_7_20', 'applicable': True, 'passed': False, 'reason': '5 items'}}",0.6,0.0,0.0,0.0,0.2,0.0,0.0,0.0,0.0,0.4735482931137085,0.2,1.0,0.0,0.0,1.0,1.0,1.0,1.0,1.0,0.0,1.0,0.8,1.0,5.0,[]
med-44c1b0452475,rar_medicine,agentic,7.0,,,,,,,,,,,,,,,,lint,,,,,,,,,,,,,,,,,,,,,,,,,,"{'item_count_7_20': {'name': 'item_count_7_20', 'applicable': True, 'passed': True, 'reason': ''}}",0.42857142857142855,0.0,1.0,1.0,0.14285714285714285,0.0,0.0,1.0,2.0,0.9248962998390198,0.14285714285714285,0.8571428571428571,0.0,1.0,1.0,1.0,1.0,1.0,0.8571428571428571,0.0,1.0,0.42857142857142855,1.0,11.0,"[{'pitfall_index': 5, 'positive_index': 0, 'similarity': 0.8578569293022156}, {'pitfall_index': 5, 'positive_index': 6, 'similarity': 0.9248962998390198}]"
med-44c1b0452475,rar_medicine,agentic-tools,5.0,,,,,,,,,,,,,,,,lint,,,,,,,,,,,,,,,,,,,,,,,,,,"{'item_count_7_20': {'name': 'item_count_7_20', 'applicable': True, 'passed': False, 'reason': '5 items'}}",0.6,0.0,0.0,1.0,0.4,0.0,0.0,0.0,0.0,0.5573017001152039,0.4,1.0,0.0,0.0,1.0,1.0,1.0,1.0,1.0,0.0,1.0,1.0,1.0,2.0,[]
med-45b65c37ae12,rar_medicine,shipped,10.0,,,,,,,,,,,,,,,,lint,,,,,,,,,,,,,,,,,,,,,,,,,,"{'item_count_7_20': {'name': 'item_count_7_20', 'applicable': True, 'passed': True, 'reason': ''}}",0.9,0.0,1.0,1.0,0.0,0.0,0.0,0.0,0.0,0.0,0.0,1.0,0.0,1.0,1.0,1.0,1.0,1.0,1.0,,1.0,0.9,1.0,33.0,[]
med-45b65c37ae12,rar_medicine,baseline,9.0,,,,,,,,,,,,,,,,lint,,,,,,,,,,,,,,,,,,,,,,,,,,"{'item_count_7_20': {'name': 'item_count_7_20', 'applicable': True, 'passed': True, 'reason': ''}}",0.7777777777777778,0.0,1.0,0.0,0.2222222222222222,0.0,0.0,0.0,0.0,0.5355076193809509,0.2222222222222222,1.0,0.0,1.0,1.0,1.0,1.0,1.0,1.0,1.0,1.0,0.7777777777777778,1.0,14.0,[]
med-45b65c37ae12,rar_medicine,agentic,10.0,,,,,,,,,,,,,,,,lint,,,,,,,,,,,,,,,,,,,,,,,,,,"{'item_count_7_20': {'name': 'item_count_7_20', 'applicable': True, 'passed': True, 'reason': ''}}",0.6,0.0,1.0,1.0,0.1,0.0,0.0,0.0,0.0,0.45310190320014954,0.1,1.0,0.0,1.0,1.0,1.0,1.0,1.0,1.0,0.0,1.0,0.7,1.0,23.0,[]
med-45b65c37ae12,rar_medicine,agentic-tools,10.0,,,,,,,,,,,,,,,,lint,,,,,,,,,,,,,,,,,,,,,,,,,,"{'item_count_7_20': {'name': 'item_count_7_20', 'applicable': True, 'passed': True, 'reason': ''}}",0.8,0.0,1.0,1.0,0.2,0.0,0.0,0.0,0.0,0.33855462074279785,0.2,1.0,0.0,1.0,1.0,1.0,1.0,1.0,1.0,0.0,1.0,1.0,1.0,17.0,[]
med-53e3b6247ade,rar_medicine,shipped,10.0,,,,,,,,,,,,,,,,lint,,,,,,,,,,,,,,,,,,,,,,,,,,"{'item_count_7_20': {'name': 'item_count_7_20', 'applicable': True, 'passed': True, 'reason': ''}}",0.9,0.0,1.0,0.0,0.1,0.0,0.0,0.0,0.0,0.07140302658081055,0.1,1.0,0.0,1.0,1.0,1.0,1.0,1.0,1.0,0.0,1.0,1.0,1.0,23.0,[]
med-53e3b6247ade,rar_medicine,baseline,9.0,,,,,,,,,,,,,,,,lint,,,,,,,,,,,,,,,,,,,,,,,,,,"{'item_count_7_20': {'name': 'item_count_7_20', 'applicable': True, 'passed': True, 'reason': ''}}",0.8888888888888888,0.0,1.0,0.0,0.2222222222222222,0.0,0.0,0.0,0.0,0.4308127462863922,0.2222222222222222,1.0,0.0,1.0,1.0,1.0,1.0,1.0,1.0,1.0,1.0,0.8888888888888888,1.0,14.0,[]
med-53e3b6247ade,rar_medicine,agentic,11.0,,,,,,,,,,,,,,,,lint,,,,,,,,,,,,,,,,,,,,,,,,,,"{'item_count_7_20': {'name': 'item_count_7_20', 'applicable': True, 'passed': True, 'reason': ''}}",0.7272727272727273,0.0,1.0,1.0,0.18181818181818182,0.0,0.0,0.0,0.0,0.32062748074531555,0.18181818181818182,1.0,0.0,1.0,1.0,1.0,1.0,1.0,1.0,0.0,1.0,0.9090909090909091,1.0,23.0,[]
med-53e3b6247ade,rar_medicine,agentic-tools,12.0,,,,,,,,,,,,,,,,lint,,,,,,,,,,,,,,,,,,,,,,,,,,"{'item_count_7_20': {'name': 'item_count_7_20', 'applicable': True, 'passed': True, 'reason': ''}}",0.4166666666666667,0.0,1.0,1.0,0.25,1.0,0.2857142857142857,0.0,0.0,0.5086772441864014,0.25,0.8333333333333334,0.0,1.0,0.8333333333333334,1.0,1.0,1.0,0.8333333333333334,0.0,1.0,0.9166666666666666,1.0,14.0,[]
med-5a729ac36da6,rar_medicine,shipped,8.0,,,,,,,,,,,,,,,,lint,,,,,,,,,,,,,,,,,,,,,,,,,,"{'item_count_7_20': {'name': 'item_count_7_20', 'applicable': True, 'passed': True, 'reason': ''}}",0.625,0.0,1.0,0.0,0.25,0.0,0.0,0.0,0.0,0.5031613111495972,0.25,1.0,0.0,1.0,0.875,1.0,1.0,1.0,1.0,0.5,1.0,1.0,0.875,11.0,[]
med-5a729ac36da6,rar_medicine,baseline,10.0,,,,,,,,,,,,,,,,lint,,,,,,,,,,,,,,,,,,,,,,,,,,"{'item_count_7_20': {'name': 'item_count_7_20', 'applicable': True, 'passed': True, 'reason': ''}}",0.8,0.0,1.0,0.0,0.2,0.0,0.0,0.0,0.0,0.5502915382385254,0.2,1.0,0.0,1.0,1.0,1.0,1.0,1.0,1.0,0.0,1.0,1.0,1.0,17.0,[]
med-5a729ac36da6,rar_medicine,agentic,6.0,,,,,,,,,,,,,,,,lint,,,,,,,,,,,,,,,,,,,,,,,,,,"{'item_count_7_20': {'name': 'item_count_7_20', 'applicable': True, 'passed': False, 'reason': '6 items'}}",0.8333333333333334,0.0,0.0,1.0,0.16666666666666666,0.0,0.0,1.0,3.0,0.7979893684387207,0.16666666666666666,1.0,0.0,0.0,1.0,1.0,1.0,1.0,1.0,0.0,1.0,1.0,1.0,6.0,"[{'pitfall_index': 4, 'positive_index': 0, 'similarity': 0.7763787508010864}, {'pitfall_index': 4, 'positive_index': 2, 'similarity': 0.6079530715942383}, {'pitfall_index': 4, 'positive_index': 5, 'similarity': 0.7979893684387207}]"
med-5a729ac36da6,rar_medicine,agentic-tools,9.0,,,,,,,,,,,,,,,,lint,,,,,,,,,,,,,,,,,,,,,,,,,,"{'item_count_7_20': {'name': 'item_count_7_20', 'applicable': True, 'passed': True, 'reason': ''}}",0.4444444444444444,0.0,1.0,1.0,0.3333333333333333,0.0,0.0,0.0,0.0,0.5513615012168884,0.3333333333333333,1.0,0.0,1.0,0.8888888888888888,1.0,1.0,1.0,1.0,0.0,1.0,0.8888888888888888,1.0,11.0,[]
med-5c4c1ea586d0,rar_medicine,shipped,10.0,,,,,,,,,,,,,,,,lint,,,,,,,,,,,,,,,,,,,,,,,,,,"{'item_count_7_20': {'name': 'item_count_7_20', 'applicable': True, 'passed': True, 'reason': ''}}",0.9,0.0,1.0,0.0,0.2,0.0,0.0,0.0,0.0,0.31226298213005066,0.2,1.0,0.1,1.0,1.0,1.0,1.0,1.0,1.0,0.5,1.0,1.0,1.0,19.0,[]
med-5c4c1ea586d0,rar_medicine,baseline,9.0,,,,,,,,,,,,,,,,lint,,,,,,,,,,,,,,,,,,,,,,,,,,"{'item_count_7_20': {'name': 'item_count_7_20', 'applicable': True, 'passed': True, 'reason': ''}}",0.6666666666666666,0.0,1.0,0.0,0.2222222222222222,1.0,0.06666666666666667,0.0,0.0,0.5371395349502563,0.2222222222222222,0.6666666666666666,0.0,1.0,1.0,1.0,1.0,1.0,0.6666666666666666,1.0,1.0,1.0,1.0,15.0,[]
med-5c4c1ea586d0,rar_medicine,agentic,10.0,,,,,,,,,,,,,,,,lint,,,,,,,,,,,,,,,,,,,,,,,,,,"{'item_count_7_20': {'name': 'item_count_7_20', 'applicable': True, 'passed': True, 'reason': ''}}",0.8,0.0,1.0,1.0,0.2,0.0,0.0,0.0,0.0,0.3363038897514343,0.2,1.0,0.0,1.0,1.0,1.0,1.0,1.0,1.0,0.0,1.0,1.0,1.0,13.0,[]
med-5c4c1ea586d0,rar_medicine,agentic-tools,11.0,,,,,,,,,,,,,,,,lint,,,,,,,,,,,,,,,,,,,,,,,,,,"{'item_count_7_20': {'name': 'item_count_7_20', 'applicable': True, 'passed': True, 'reason': ''}}",0.5454545454545454,0.0,1.0,1.0,0.18181818181818182,0.0,0.0,0.0,0.0,0.5859599709510803,0.18181818181818182,1.0,0.0,1.0,0.9090909090909091,1.0,1.0,1.0,1.0,0.0,1.0,0.8181818181818182,1.0,26.0,[]
med-6c38d46aa8e9,rar_medicine,shipped,11.0,,,,,,,,,,,,,,,,lint,,,,,,,,,,,,,,,,,,,,,,,,,,"{'item_count_7_20': {'name': 'item_count_7_20', 'applicable': True, 'passed': True, 'reason': ''}}",0.9090909090909091,0.0,1.0,0.0,0.09090909090909091,0.0,0.0,0.0,0.0,0.29247233271598816,0.09090909090909091,1.0,0.0,1.0,1.0,1.0,1.0,1.0,1.0,1.0,1.0,0.9090909090909091,1.0,33.0,[]
med-6c38d46aa8e9,rar_medicine,baseline,10.0,,,,,,,,,,,,,,,,lint,,,,,,,,,,,,,,,,,,,,,,,,,,"{'item_count_7_20': {'name': 'item_count_7_20', 'applicable': True, 'passed': True, 'reason': ''}}",0.9,0.0,1.0,0.0,0.2,0.0,0.0,1.0,1.0,0.6791099309921265,0.2,1.0,0.0,1.0,0.9,1.0,1.0,1.0,1.0,1.0,1.0,1.0,1.0,19.0,"[{'pitfall_index': 8, 'positive_index': 0, 'similarity': 0.6791099309921265}]"
med-6c38d46aa8e9,rar_medicine,agentic,12.0,,,,,,,,,,,,,,,,lint,,,,,,,,,,,,,,,,,,,,,,,,,,"{'item_count_7_20': {'name': 'item_count_7_20', 'applicable': True, 'passed': True, 'reason': ''}}",0.75,0.0,1.0,1.0,0.16666666666666666,1.0,0.03225806451612903,0.0,0.0,0.5674862861633301,0.16666666666666666,0.9166666666666666,0.0,1.0,0.9166666666666666,1.0,1.0,1.0,0.9166666666666666,0.0,1.0,0.9166666666666666,1.0,31.0,[]
med-6c38d46aa8e9,rar_medicine,agentic-tools,11.0,,,,,,,,,,,,,,,,lint,,,,,,,,,,,,,,,,,,,,,,,,,,"{'item_count_7_20': {'name': 'item_count_7_20', 'applicable': True, 'passed': True, 'reason': ''}}",0.6363636363636364,0.0,1.0,1.0,0.18181818181818182,0.0,0.0,1.0,1.0,0.6094915866851807,0.18181818181818182,0.9090909090909091,0.0,1.0,0.9090909090909091,1.0,1.0,1.0,0.9090909090909091,0.0,1.0,0.8181818181818182,1.0,26.0,"[{'pitfall_index': 8, 'positive_index': 0, 'similarity': 0.6094915866851807}]"
med-75b39d0ce8c6,rar_medicine,shipped,10.0,,,,,,,,,,,,,,,,lint,,,,,,,,,,,,,,,,,,,,,,,,,,"{'item_count_7_20': {'name': 'item_count_7_20', 'applicable': True, 'passed': True, 'reason': ''}}",0.7,0.0,1.0,0.0,0.2,0.0,0.0,0.0,0.0,0.46991902589797974,0.2,1.0,0.0,1.0,0.9,1.0,1.0,1.0,1.0,0.5,1.0,0.9,1.0,20.0,[]
med-75b39d0ce8c6,rar_medicine,baseline,7.0,,,,,,,,,,,,,,,,lint,,,,,,,,,,,,,,,,,,,,,,,,,,"{'item_count_7_20': {'name': 'item_count_7_20', 'applicable': True, 'passed': True, 'reason': ''}}",0.8571428571428571,0.0,1.0,0.0,0.2857142857142857,0.0,0.0,1.0,1.0,0.7653380632400513,0.2857142857142857,1.0,0.0,1.0,1.0,1.0,1.0,1.0,1.0,1.0,1.0,0.8571428571428571,1.0,8.0,"[{'pitfall_index': 6, 'positive_index': 2, 'similarity': 0.7653380632400513}]"
med-75b39d0ce8c6,rar_medicine,agentic,11.0,,,,,,,,,,,,,,,,lint,,,,,,,,,,,,,,,,,,,,,,,,,,"{'item_count_7_20': {'name': 'item_count_7_20', 'applicable': True, 'passed': True, 'reason': ''}}",0.7272727272727273,0.0,1.0,1.0,0.18181818181818182,1.0,0.05,0.0,0.0,0.5186822414398193,0.18181818181818182,0.9090909090909091,0.0,1.0,0.9090909090909091,1.0,1.0,1.0,0.9090909090909091,0.0,1.0,1.0,1.0,20.0,[]
med-75b39d0ce8c6,rar_medicine,agentic-tools,11.0,,,,,,,,,,,,,,,,lint,,,,,,,,,,,,,,,,,,,,,,,,,,"{'item_count_7_20': {'name': 'item_count_7_20', 'applicable': True, 'passed': True, 'reason': ''}}",0.7272727272727273,0.0,1.0,1.0,0.18181818181818182,1.0,0.038461538461538464,1.0,1.0,0.759646475315094,0.18181818181818182,0.9090909090909091,0.0,1.0,1.0,1.0,1.0,1.0,0.9090909090909091,0.0,1.0,1.0,1.0,26.0,"[{'pitfall_index': 10, 'positive_index': 4, 'similarity': 0.759646475315094}]"
med-769d6769c7d8,rar_medicine,shipped,12.0,,,,,,,,,,,,,,,,lint,,,,,,,,,,,,,,,,,,,,,,,,,,"{'item_count_7_20': {'name': 'item_count_7_20', 'applicable': True, 'passed': True, 'reason': ''}}",0.9166666666666666,0.0,1.0,0.0,0.16666666666666666,0.0,0.0,0.0,0.0,0.5786123871803284,0.16666666666666666,1.0,0.08333333333333333,1.0,1.0,1.0,1.0,1.0,1.0,0.5,1.0,1.0,1.0,33.0,[]
med-769d6769c7d8,rar_medicine,baseline,8.0,,,,,,,,,,,,,,,,lint,,,,,,,,,,,,,,,,,,,,,,,,,,"{'item_count_7_20': {'name': 'item_count_7_20', 'applicable': True, 'passed': True, 'reason': ''}}",0.875,0.0,1.0,0.0,0.125,1.0,0.07142857142857142,0.0,0.0,0.26279252767562866,0.125,0.875,0.0,1.0,1.0,1.0,1.0,1.0,0.875,1.0,1.0,1.0,1.0,14.0,[]
med-769d6769c7d8,rar_medicine,agentic,15.0,,,,,,,,,,,,,,,,lint,,,,,,,,,,,,,,,,,,,,,,,,,,"{'item_count_7_20': {'name': 'item_count_7_20', 'applicable': True, 'passed': True, 'reason': ''}}",0.6666666666666666,0.0,1.0,1.0,0.2,0.0,0.0,0.0,0.0,0.5475127100944519,0.2,1.0,0.0,1.0,1.0,1.0,1.0,1.0,1.0,0.0,1.0,0.8666666666666667,1.0,35.0,[]
med-769d6769c7d8,rar_medicine,agentic-tools,15.0,,,,,,,,,,,,,,,,lint,,,,,,,,,,,,,,,,,,,,,,,,,,"{'item_count_7_20': {'name': 'item_count_7_20', 'applicable': True, 'passed': True, 'reason': ''}}",0.6,0.0,1.0,1.0,0.26666666666666666,0.0,0.0,0.0,0.0,0.4539591073989868,0.26666666666666666,1.0,0.0,1.0,1.0,1.0,1.0,1.0,1.0,0.0,1.0,0.8666666666666667,1.0,38.0,[]
med-8227a3f56ff4,rar_medicine,shipped,10.0,,,,,,,,,,,,,,,,lint,,,,,,,,,,,,,,,,,,,,,,,,,,"{'item_count_7_20': {'name': 'item_count_7_20', 'applicable': True, 'passed': True, 'reason': ''}}",0.8,0.0,1.0,0.0,0.2,0.0,0.0,1.0,1.0,0.6078394651412964,0.2,1.0,0.0,1.0,0.9,1.0,1.0,1.0,1.0,1.0,1.0,0.8,1.0,21.0,"[{'pitfall_index': 9, 'positive_index': 4, 'similarity': 0.6078394651412964}]"
med-8227a3f56ff4,rar_medicine,baseline,8.0,,,,,,,,,,,,,,,,lint,,,,,,,,,,,,,,,,,,,,,,,,,,"{'item_count_7_20': {'name': 'item_count_7_20', 'applicable': True, 'passed': True, 'reason': ''}}",0.875,0.0,1.0,0.0,0.25,0.0,0.0,1.0,1.0,0.6931119561195374,0.25,1.0,0.0,1.0,1.0,1.0,1.0,1.0,1.0,1.0,1.0,0.875,1.0,11.0,"[{'pitfall_index': 7, 'positive_index': 3, 'similarity': 0.6931119561195374}]"
med-8227a3f56ff4,rar_medicine,agentic,9.0,,,,,,,,,,,,,,,,lint,,,,,,,,,,,,,,,,,,,,,,,,,,"{'item_count_7_20': {'name': 'item_count_7_20', 'applicable': True, 'passed': True, 'reason': ''}}",0.7777777777777778,0.0,1.0,1.0,0.2222222222222222,0.0,0.0,0.0,0.0,0.39197540283203125,0.2222222222222222,1.0,0.0,1.0,1.0,1.0,1.0,1.0,1.0,0.0,1.0,1.0,1.0,11.0,[]
med-8227a3f56ff4,rar_medicine,agentic-tools,6.0,,,,,,,,,,,,,,,,lint,,,,,,,,,,,,,,,,,,,,,,,,,,"{'item_count_7_20': {'name': 'item_count_7_20', 'applicable': True, 'passed': False, 'reason': '6 items'}}",0.6666666666666666,0.0,0.0,1.0,0.16666666666666666,0.0,0.0,0.0,0.0,0.5189475417137146,0.16666666666666666,1.0,0.0,0.0,1.0,1.0,1.0,1.0,1.0,0.0,1.0,0.8333333333333334,1.0,7.0,[]
med-82b936c85c28,rar_medicine,shipped,8.0,,,,,,,,,,,,,,,,lint,,,,,,,,,,,,,,,,,,,,,,,,,,"{'item_count_7_20': {'name': 'item_count_7_20', 'applicable': True, 'passed': True, 'reason': ''}}",0.75,0.0,1.0,0.0,0.125,0.0,0.0,0.0,0.0,0.27459123730659485,0.125,1.0,0.0,1.0,1.0,1.0,1.0,1.0,1.0,1.0,1.0,0.75,1.0,16.0,[]
med-82b936c85c28,rar_medicine,baseline,9.0,,,,,,,,,,,,,,,,lint,,,,,,,,,,,,,,,,,,,,,,,,,,"{'item_count_7_20': {'name': 'item_count_7_20', 'applicable': True, 'passed': True, 'reason': ''}}",0.5555555555555556,0.0,1.0,0.0,0.2222222222222222,0.0,0.0,1.0,3.0,0.7954385280609131,0.2222222222222222,1.0,0.1111111111111111,1.0,0.8888888888888888,1.0,1.0,1.0,1.0,0.5,1.0,0.7777777777777778,1.0,14.0,"[{'pitfall_index': 7, 'positive_index': 0, 'similarity': 0.7327508926391602}, {'pitfall_index': 7, 'positive_index': 1, 'similarity': 0.7954385280609131}, {'pitfall_index': 8, 'positive_index': 1, 'similarity': 0.7100954055786133}]"
med-82b936c85c28,rar_medicine,agentic,12.0,,,,,,,,,,,,,,,,lint,,,,,,,,,,,,,,,,,,,,,,,,,,"{'item_count_7_20': {'name': 'item_count_7_20', 'applicable': True, 'passed': True, 'reason': ''}}",0.5,0.0,1.0,1.0,0.25,0.0,0.0,0.0,0.0,0.5603262186050415,0.25,1.0,0.0,1.0,1.0,1.0,1.0,1.0,1.0,0.0,1.0,0.75,1.0,24.0,[]
med-82b936c85c28,rar_medicine,agentic-tools,10.0,,,,,,,,,,,,,,,,lint,,,,,,,,,,,,,,,,,,,,,,,,,,"{'item_count_7_20': {'name': 'item_count_7_20', 'applicable': True, 'passed': True, 'reason': ''}}",0.5,0.0,1.0,1.0,0.2,0.0,0.0,1.0,1.0,0.6103886365890503,0.2,1.0,0.0,1.0,0.9,1.0,1.0,1.0,1.0,0.0,1.0,0.8,1.0,17.0,"[{'pitfall_index': 9, 'positive_index': 1, 'similarity': 0.6103886365890503}]"
med-91ae4098e221,rar_medicine,shipped,10.0,,,,,,,,,,,,,,,,lint,,,,,,,,,,,,,,,,,,,,,,,,,,"{'item_count_7_20': {'name': 'item_count_7_20', 'applicable': True, 'passed': True, 'reason': ''}}",0.8,0.0,1.0,0.0,0.1,0.0,0.0,0.0,0.0,0.33685868978500366,0.1,1.0,0.0,1.0,1.0,1.0,1.0,1.0,1.0,1.0,1.0,0.8,1.0,24.0,[]
med-91ae4098e221,rar_medicine,baseline,9.0,,,,,,,,,,,,,,,,lint,,,,,,,,,,,,,,,,,,,,,,,,,,"{'item_count_7_20': {'name': 'item_count_7_20', 'applicable': True, 'passed': True, 'reason': ''}}",0.7777777777777778,0.0,1.0,0.0,0.2222222222222222,0.0,0.0,0.0,0.0,0.5235190391540527,0.2222222222222222,1.0,0.0,1.0,1.0,1.0,1.0,1.0,1.0,1.0,1.0,0.7777777777777778,1.0,16.0,[]
med-91ae4098e221,rar_medicine,agentic,7.0,,,,,,,,,,,,,,,,lint,,,,,,,,,,,,,,,,,,,,,,,,,,"{'item_count_7_20': {'name': 'item_count_7_20', 'applicable': True, 'passed': True, 'reason': ''}}",0.42857142857142855,0.0,1.0,1.0,0.14285714285714285,0.0,0.0,1.0,1.0,0.6336064338684082,0.14285714285714285,1.0,0.0,1.0,1.0,1.0,1.0,1.0,1.0,0.0,1.0,0.5714285714285714,1.0,5.0,"[{'pitfall_index': 5, 'positive_index': 0, 'similarity': 0.6336064338684082}]"
med-91ae4098e221,rar_medicine,agentic-tools,9.0,,,,,,,,,,,,,,,,lint,,,,,,,,,,,,,,,,,,,,,,,,,,"{'item_count_7_20': {'name': 'item_count_7_20', 'applicable': True, 'passed': True, 'reason': ''}}",0.5555555555555556,0.0,1.0,1.0,0.2222222222222222,0.0,0.0,0.0,0.0,0.5987446308135986,0.2222222222222222,1.0,0.0,1.0,0.7777777777777778,1.0,1.0,1.0,1.0,0.0,1.0,0.8888888888888888,1.0,14.0,[]
med-931e7fb4de55,rar_medicine,shipped,10.0,,,,,,,,,,,,,,,,lint,,,,,,,,,,,,,,,,,,,,,,,,,,"{'item_count_7_20': {'name': 'item_count_7_20', 'applicable': True, 'passed': True, 'reason': ''}}",1.0,1.0,1.0,0.0,0.2,0.0,0.0,1.0,1.0,0.6107398867607117,0.2,1.0,0.0,1.0,1.0,1.0,1.0,1.0,1.0,1.0,1.0,1.0,1.0,21.0,"[{'pitfall_index': 8, 'positive_index': 2, 'similarity': 0.6107398867607117}]"
med-931e7fb4de55,rar_medicine,baseline,7.0,,,,,,,,,,,,,,,,lint,,,,,,,,,,,,,,,,,,,,,,,,,,"{'item_count_7_20': {'name': 'item_count_7_20', 'applicable': True, 'passed': True, 'reason': ''}}",1.0,1.0,1.0,0.0,0.2857142857142857,0.0,0.0,0.0,0.0,0.46172332763671875,0.2857142857142857,1.0,0.0,1.0,1.0,1.0,1.0,1.0,1.0,1.0,1.0,1.0,1.0,6.0,[]
med-931e7fb4de55,rar_medicine,agentic,10.0,,,,,,,,,,,,,,,,lint,,,,,,,,,,,,,,,,,,,,,,,,,,"{'item_count_7_20': {'name': 'item_count_7_20', 'applicable': True, 'passed': True, 'reason': ''}}",0.5,0.0,1.0,1.0,0.2,1.0,0.25,0.0,0.0,0.45123809576034546,0.2,0.8,0.0,1.0,1.0,1.0,1.0,1.0,0.8,0.0,1.0,0.9,1.0,20.0,[]
med-931e7fb4de55,rar_medicine,agentic-tools,8.0,,,,,,,,,,,,,,,,lint,,,,,,,,,,,,,,,,,,,,,,,,,,"{'item_count_7_20': {'name': 'item_count_7_20', 'applicable': True, 'passed': True, 'reason': ''}}",0.5,0.0,1.0,1.0,0.25,1.0,0.1111111111111111,0.0,0.0,0.46540653705596924,0.25,0.875,0.0,1.0,1.0,1.0,1.0,1.0,0.875,0.0,1.0,0.875,1.0,9.0,[]
med-960f0934dd5d,rar_medicine,shipped,9.0,,,,,,,,,,,,,,,,lint,,,,,,,,,,,,,,,,,,,,,,,,,,"{'item_count_7_20': {'name': 'item_count_7_20', 'applicable': True, 'passed': True, 'reason': ''}}",0.7777777777777778,0.0,1.0,0.0,0.1111111111111111,0.0,0.0,1.0,1.0,0.6803545355796814,0.1111111111111111,1.0,0.0,1.0,0.8888888888888888,1.0,1.0,1.0,1.0,1.0,1.0,0.8888888888888888,1.0,19.0,"[{'pitfall_index': 8, 'positive_index': 0, 'similarity': 0.6803545355796814}]"
med-960f0934dd5d,rar_medicine,baseline,6.0,,,,,,,,,,,,,,,,lint,,,,,,,,,,,,,,,,,,,,,,,,,,"{'item_count_7_20': {'name': 'item_count_7_20', 'applicable': True, 'passed': False, 'reason': '6 items'}}",1.0,0.0,0.0,0.0,0.3333333333333333,0.0,0.0,0.0,0.0,0.5669063329696655,0.3333333333333333,1.0,0.0,0.0,1.0,1.0,1.0,1.0,1.0,1.0,1.0,1.0,1.0,5.0,[]
med-960f0934dd5d,rar_medicine,agentic,7.0,,,,,,,,,,,,,,,,lint,,,,,,,,,,,,,,,,,,,,,,,,,,"{'item_count_7_20': {'name': 'item_count_7_20', 'applicable': True, 'passed': True, 'reason': ''}}",0.2857142857142857,0.0,1.0,1.0,0.14285714285714285,1.0,0.08333333333333333,1.0,2.0,0.8298438191413879,0.14285714285714285,0.8571428571428571,0.0,1.0,1.0,1.0,1.0,1.0,0.8571428571428571,0.0,1.0,0.5714285714285714,1.0,12.0,"[{'pitfall_index': 5, 'positive_index': 0, 'similarity': 0.8298437595367432}, {'pitfall_index': 5, 'positive_index': 6, 'similarity': 0.8298438191413879}]"
med-960f0934dd5d,rar_medicine,agentic-tools,6.0,,,,,,,,,,,,,,,,lint,,,,,,,,,,,,,,,,,,,,,,,,,,"{'item_count_7_20': {'name': 'item_count_7_20', 'applicable': True, 'passed': False, 'reason': '6 items'}}",0.6666666666666666,0.0,0.0,1.0,0.16666666666666666,0.0,0.0,0.0,0.0,0.5925991535186768,0.16666666666666666,1.0,0.0,0.0,0.8333333333333334,1.0,1.0,1.0,1.0,0.0,1.0,1.0,1.0,7.0,[]
med-a5b48b2e083f,rar_medicine,shipped,9.0,,,,,,,,,,,,,,,,lint,,,,,,,,,,,,,,,,,,,,,,,,,,"{'item_count_7_20': {'name': 'item_count_7_20', 'applicable': True, 'passed': True, 'reason': ''}}",1.0,1.0,1.0,0.0,0.1111111111111111,0.0,0.0,0.0,0.0,0.2459123730659485,0.1111111111111111,1.0,0.0,1.0,1.0,1.0,1.0,1.0,1.0,1.0,1.0,1.0,1.0,21.0,[]
med-a5b48b2e083f,rar_medicine,baseline,7.0,,,,,,,,,,,,,,,,lint,,,,,,,,,,,,,,,,,,,,,,,,,,"{'item_count_7_20': {'name': 'item_count_7_20', 'applicable': True, 'passed': True, 'reason': ''}}",0.7142857142857143,0.0,1.0,0.0,0.2857142857142857,0.0,0.0,1.0,1.0,0.6023247241973877,0.2857142857142857,1.0,0.0,1.0,0.7142857142857143,1.0,1.0,1.0,1.0,1.0,1.0,1.0,1.0,7.0,"[{'pitfall_index': 6, 'positive_index': 0, 'similarity': 0.6023247241973877}]"
med-a5b48b2e083f,rar_medicine,agentic,11.0,,,,,,,,,,,,,,,,lint,,,,,,,,,,,,,,,,,,,,,,,,,,"{'item_count_7_20': {'name': 'item_count_7_20', 'applicable': True, 'passed': True, 'reason': ''}}",0.8181818181818182,0.0,1.0,1.0,0.18181818181818182,0.0,0.0,0.0,0.0,0.5617936849594116,0.18181818181818182,1.0,0.0,1.0,1.0,1.0,1.0,1.0,1.0,0.0,1.0,1.0,1.0,23.0,[]
med-a5b48b2e083f,rar_medicine,agentic-tools,7.0,,,,,,,,,,,,,,,,lint,,,,,,,,,,,,,,,,,,,,,,,,,,"{'item_count_7_20': {'name': 'item_count_7_20', 'applicable': True, 'passed': True, 'reason': ''}}",0.7142857142857143,0.0,1.0,1.0,0.14285714285714285,0.0,0.0,1.0,1.0,0.7181510925292969,0.14285714285714285,1.0,0.0,1.0,1.0,1.0,1.0,1.0,1.0,0.0,1.0,0.8571428571428571,1.0,11.0,"[{'pitfall_index': 6, 'positive_index': 0, 'similarity': 0.7181510925292969}]"
med-ac6f5e1f72e2,rar_medicine,shipped,10.0,,,,,,,,,,,,,,,,lint,,,,,,,,,,,,,,,,,,,,,,,,,,"{'item_count_7_20': {'name': 'item_count_7_20', 'applicable': True, 'passed': True, 'reason': ''}}",0.9,0.0,1.0,0.0,0.1,0.0,0.0,0.0,0.0,0.23571260273456573,0.1,1.0,0.0,1.0,1.0,1.0,1.0,1.0,1.0,1.0,1.0,0.9,1.0,24.0,[]
med-ac6f5e1f72e2,rar_medicine,baseline,9.0,,,,,,,,,,,,,,,,lint,,,,,,,,,,,,,,,,,,,,,,,,,,"{'item_count_7_20': {'name': 'item_count_7_20', 'applicable': True, 'passed': True, 'reason': ''}}",0.8888888888888888,0.0,1.0,0.0,0.2222222222222222,0.0,0.0,0.0,0.0,0.37506961822509766,0.2222222222222222,1.0,0.0,1.0,0.8888888888888888,1.0,1.0,1.0,1.0,1.0,1.0,1.0,1.0,14.0,[]
med-ac6f5e1f72e2,rar_medicine,agentic,10.0,,,,,,,,,,,,,,,,lint,,,,,,,,,,,,,,,,,,,,,,,,,,"{'item_count_7_20': {'name': 'item_count_7_20', 'applicable': True, 'passed': True, 'reason': ''}}",0.5,0.0,1.0,1.0,0.2,1.0,0.15384615384615385,0.0,0.0,0.4848400354385376,0.2,0.8,0.0,1.0,1.0,1.0,1.0,1.0,0.8,0.0,1.0,1.0,0.9,13.0,[]
med-ac6f5e1f72e2,rar_medicine,agentic-tools,10.0,,,,,,,,,,,,,,,,lint,,,,,,,,,,,,,,,,,,,,,,,,,,"{'item_count_7_20': {'name': 'item_count_7_20', 'applicable': True, 'passed': True, 'reason': ''}}",0.8,0.0,1.0,1.0,0.2,0.0,0.0,1.0,1.0,0.6691397428512573,0.2,1.0,0.0,1.0,1.0,1.0,1.0,1.0,1.0,0.0,1.0,1.0,1.0,17.0,"[{'pitfall_index': 8, 'positive_index': 0, 'similarity': 0.6691397428512573}]"
med-b2be91e4d044,rar_medicine,shipped,11.0,,,,,,,,,,,,,,,,lint,,,,,,,,,,,,,,,,,,,,,,,,,,"{'item_count_7_20': {'name': 'item_count_7_20', 'applicable': True, 'passed': True, 'reason': ''}}",0.8181818181818182,0.0,1.0,0.0,0.18181818181818182,0.0,0.0,0.0,0.0,0.31866514682769775,0.18181818181818182,1.0,0.0,1.0,1.0,1.0,1.0,1.0,1.0,0.5,1.0,0.9090909090909091,1.0,27.0,[]
med-b2be91e4d044,rar_medicine,baseline,12.0,,,,,,,,,,,,,,,,lint,,,,,,,,,,,,,,,,,,,,,,,,,,"{'item_count_7_20': {'name': 'item_count_7_20', 'applicable': True, 'passed': True, 'reason': ''}}",0.6666666666666666,0.0,1.0,0.0,0.25,0.0,0.0,1.0,3.0,0.8147474527359009,0.25,1.0,0.0,1.0,1.0,1.0,1.0,1.0,1.0,1.0,1.0,0.6666666666666666,1.0,24.0,"[{'pitfall_index': 9, 'positive_index': 1, 'similarity': 0.8147474527359009}, {'pitfall_index': 10, 'positive_index': 2, 'similarity': 0.7087066173553467}, {'pitfall_index': 11, 'positive_index': 7, 'similarity': 0.6653808355331421}]"
med-b2be91e4d044,rar_medicine,agentic,16.0,,,,,,,,,,,,,,,,lint,,,,,,,,,,,,,,,,,,,,,,,,,,"{'item_count_7_20': {'name': 'item_count_7_20', 'applicable': True, 'passed': True, 'reason': ''}}",0.5,0.0,1.0,1.0,0.1875,1.0,0.2222222222222222,0.0,0.0,0.404762327671051,0.1875,0.875,0.0,1.0,1.0,1.0,1.0,1.0,0.875,0.0,1.0,0.8125,1.0,36.0,[]
med-b2be91e4d044,rar_medicine,agentic-tools,13.0,,,,,,,,,,,,,,,,lint,,,,,,,,,,,,,,,,,,,,,,,,,,"{'item_count_7_20': {'name': 'item_count_7_20', 'applicable': True, 'passed': True, 'reason': ''}}",0.6153846153846154,0.0,1.0,1.0,0.07692307692307693,1.0,0.08571428571428572,0.0,0.0,0.3681386709213257,0.07692307692307693,0.9230769230769231,0.0,1.0,1.0,1.0,1.0,1.0,0.9230769230769231,0.0,1.0,0.7692307692307693,1.0,35.0,[]
med-ba0b7452f8cd,rar_medicine,shipped,8.0,,,,,,,,,,,,,,,,lint,,,,,,,,,,,,,,,,,,,,,,,,,,"{'item_count_7_20': {'name': 'item_count_7_20', 'applicable': True, 'passed': True, 'reason': ''}}",0.5,0.0,1.0,0.0,0.125,0.0,0.0,0.0,0.0,0.3294753432273865,0.125,1.0,0.0,1.0,0.875,1.0,1.0,1.0,1.0,1.0,1.0,0.625,1.0,15.0,[]
med-ba0b7452f8cd,rar_medicine,baseline,8.0,,,,,,,,,,,,,,,,lint,,,,,,,,,,,,,,,,,,,,,,,,,,"{'item_count_7_20': {'name': 'item_count_7_20', 'applicable': True, 'passed': True, 'reason': ''}}",0.875,0.0,1.0,0.0,0.125,0.0,0.0,1.0,2.0,0.7025647759437561,0.125,1.0,0.0,1.0,1.0,1.0,1.0,1.0,1.0,1.0,1.0,0.875,1.0,16.0,"[{'pitfall_index': 5, 'positive_index': 0, 'similarity': 0.7025647759437561}, {'pitfall_index': 5, 'positive_index': 1, 'similarity': 0.7025647759437561}]"
med-ba0b7452f8cd,rar_medicine,agentic,13.0,,,,,,,,,,,,,,,,lint,,,,,,,,,,,,,,,,,,,,,,,,,,"{'item_count_7_20': {'name': 'item_count_7_20', 'applicable': True, 'passed': True, 'reason': ''}}",0.5384615384615384,0.0,1.0,1.0,0.23076923076923078,1.0,0.2608695652173913,1.0,1.0,0.7087172865867615,0.23076923076923078,0.8461538461538461,0.0,1.0,1.0,1.0,1.0,1.0,0.8461538461538461,0.0,1.0,0.9230769230769231,1.0,23.0,"[{'pitfall_index': 10, 'positive_index': 1, 'similarity': 0.7087172865867615}]"
med-ba0b7452f8cd,rar_medicine,agentic-tools,13.0,,,,,,,,,,,,,,,,lint,,,,,,,,,,,,,,,,,,,,,,,,,,"{'item_count_7_20': {'name': 'item_count_7_20', 'applicable': True, 'passed': True, 'reason': ''}}",0.5384615384615384,0.0,1.0,1.0,0.23076923076923078,0.0,0.0,1.0,3.0,0.7370280027389526,0.23076923076923078,1.0,0.0,1.0,1.0,1.0,1.0,1.0,1.0,0.0,1.0,0.7692307692307693,1.0,31.0,"[{'pitfall_index': 10, 'positive_index': 0, 'similarity': 0.7370280027389526}, {'pitfall_index': 10, 'positive_index': 1, 'similarity': 0.7354562878608704}, {'pitfall_index': 10, 'positive_index': 2, 'similarity': 0.6102694272994995}]"
med-bbb832a8fec2,rar_medicine,shipped,11.0,,,,,,,,,,,,,,,,lint,,,,,,,,,,,,,,,,,,,,,,,,,,"{'item_count_7_20': {'name': 'item_count_7_20', 'applicable': True, 'passed': True, 'reason': ''}}",0.9090909090909091,0.0,1.0,1.0,0.09090909090909091,0.0,0.0,0.0,0.0,0.22606272995471954,0.09090909090909091,1.0,0.09090909090909091,1.0,1.0,1.0,1.0,1.0,1.0,0.0,1.0,1.0,1.0,33.0,[]
med-bbb832a8fec2,rar_medicine,baseline,8.0,,,,,,,,,,,,,,,,lint,,,,,,,,,,,,,,,,,,,,,,,,,,"{'item_count_7_20': {'name': 'item_count_7_20', 'applicable': True, 'passed': True, 'reason': ''}}",0.875,0.0,1.0,1.0,0.125,0.0,0.0,0.0,0.0,0.4377419352531433,0.125,1.0,0.0,1.0,1.0,1.0,1.0,1.0,1.0,0.0,1.0,1.0,1.0,14.0,[]
med-bbb832a8fec2,rar_medicine,agentic,11.0,,,,,,,,,,,,,,,,lint,,,,,,,,,,,,,,,,,,,,,,,,,,"{'item_count_7_20': {'name': 'item_count_7_20', 'applicable': True, 'passed': True, 'reason': ''}}",0.2727272727272727,0.0,1.0,1.0,0.18181818181818182,1.0,0.15,0.0,0.0,0.5194014310836792,0.18181818181818182,0.5454545454545454,0.0,1.0,0.9090909090909091,1.0,1.0,1.0,0.5454545454545454,0.0,1.0,1.0,1.0,20.0,[]
med-bbb832a8fec2,rar_medicine,agentic-tools,11.0,,,,,,,,,,,,,,,,lint,,,,,,,,,,,,,,,,,,,,,,,,,,"{'item_count_7_20': {'name': 'item_count_7_20', 'applicable': True, 'passed': True, 'reason': ''}}",0.2727272727272727,0.0,1.0,1.0,0.18181818181818182,1.0,0.16666666666666666,0.0,0.0,0.5632642507553101,0.18181818181818182,0.6363636363636364,0.0,1.0,0.8181818181818182,1.0,1.0,1.0,0.6363636363636364,0.0,1.0,1.0,1.0,24.0,[]
med-bf99d4ee36f1,rar_medicine,shipped,11.0,,,,,,,,,,,,,,,,lint,,,,,,,,,,,,,,,,,,,,,,,,,,"{'item_count_7_20': {'name': 'item_count_7_20', 'applicable': True, 'passed': True, 'reason': ''}}",1.0,1.0,1.0,0.0,0.18181818181818182,0.0,0.0,0.0,0.0,0.4901564121246338,0.18181818181818182,1.0,0.0,1.0,1.0,1.0,1.0,1.0,1.0,1.0,1.0,1.0,1.0,26.0,[]
med-bf99d4ee36f1,rar_medicine,baseline,8.0,,,,,,,,,,,,,,,,lint,,,,,,,,,,,,,,,,,,,,,,,,,,"{'item_count_7_20': {'name': 'item_count_7_20', 'applicable': True, 'passed': True, 'reason': ''}}",0.75,0.0,1.0,0.0,0.25,0.0,0.0,0.0,0.0,0.4416865408420563,0.25,1.0,0.0,1.0,1.0,1.0,1.0,1.0,1.0,0.5,1.0,0.875,1.0,11.0,[]
med-bf99d4ee36f1,rar_medicine,agentic,14.0,,,,,,,,,,,,,,,,lint,,,,,,,,,,,,,,,,,,,,,,,,,,"{'item_count_7_20': {'name': 'item_count_7_20', 'applicable': True, 'passed': True, 'reason': ''}}",0.42857142857142855,0.0,1.0,1.0,0.21428571428571427,0.0,0.0,0.0,0.0,0.44050219655036926,0.21428571428571427,0.9285714285714286,0.0,1.0,1.0,1.0,1.0,1.0,0.9285714285714286,0.0,1.0,0.7142857142857143,0.9285714285714286,40.0,[]
med-bf99d4ee36f1,rar_medicine,agentic-tools,14.0,,,,,,,,,,,,,,,,lint,,,,,,,,,,,,,,,,,,,,,,,,,,"{'item_count_7_20': {'name': 'item_count_7_20', 'applicable': True, 'passed': True, 'reason': ''}}",0.35714285714285715,0.0,1.0,1.0,0.21428571428571427,1.0,0.16666666666666666,1.0,1.0,0.6663564443588257,0.21428571428571427,0.7857142857142857,0.0,1.0,1.0,1.0,1.0,1.0,0.7857142857142857,0.0,1.0,0.7142857142857143,0.9285714285714286,36.0,"[{'pitfall_index': 11, 'positive_index': 0, 'similarity': 0.6663564443588257}]"
med-c8812f74fcb4,rar_medicine,shipped,10.0,,,,,,,,,,,,,,,,lint,,,,,,,,,,,,,,,,,,,,,,,,,,"{'item_count_7_20': {'name': 'item_count_7_20', 'applicable': True, 'passed': True, 'reason': ''}}",0.8,0.0,1.0,0.0,0.2,0.0,0.0,0.0,0.0,0.11087200790643692,0.2,1.0,0.1,1.0,1.0,1.0,1.0,1.0,1.0,0.5,1.0,0.9,1.0,21.0,[]
med-c8812f74fcb4,rar_medicine,baseline,8.0,,,,,,,,,,,,,,,,lint,,,,,,,,,,,,,,,,,,,,,,,,,,"{'item_count_7_20': {'name': 'item_count_7_20', 'applicable': True, 'passed': True, 'reason': ''}}",0.75,0.0,1.0,0.0,0.25,0.0,0.0,0.0,0.0,0.4551205039024353,0.25,1.0,0.125,1.0,1.0,1.0,1.0,1.0,1.0,0.0,1.0,1.0,1.0,12.0,[]
med-c8812f74fcb4,rar_medicine,agentic,15.0,,,,,,,,,,,,,,,,lint,,,,,,,,,,,,,,,,,,,,,,,,,,"{'item_count_7_20': {'name': 'item_count_7_20', 'applicable': True, 'passed': True, 'reason': ''}}",0.5333333333333333,0.0,1.0,1.0,0.2,1.0,0.17777777777777778,1.0,1.0,0.7332574129104614,0.2,0.8,0.0,1.0,1.0,1.0,1.0,1.0,0.8,0.0,1.0,0.9333333333333333,1.0,45.0,"[{'pitfall_index': 11, 'positive_index': 0, 'similarity': 0.7332574129104614}]"
med-c8812f74fcb4,rar_medicine,agentic-tools,15.0,,,,,,,,,,,,,,,,lint,,,,,,,,,,,,,,,,,,,,,,,,,,"{'item_count_7_20': {'name': 'item_count_7_20', 'applicable': True, 'passed': True, 'reason': ''}}",0.5333333333333333,0.0,1.0,1.0,0.26666666666666666,1.0,0.02564102564102564,0.0,0.0,0.48524144291877747,0.26666666666666666,0.9333333333333333,0.0,1.0,1.0,1.0,1.0,1.0,0.9333333333333333,0.0,1.0,0.8666666666666667,1.0,39.0,[]
med-c98a2c1d81b2,rar_medicine,shipped,11.0,,,,,,,,,,,,,,,,lint,,,,,,,,,,,,,,,,,,,,,,,,,,"{'item_count_7_20': {'name': 'item_count_7_20', 'applicable': True, 'passed': True, 'reason': ''}}",0.9090909090909091,0.0,1.0,0.0,0.09090909090909091,0.0,0.0,0.0,0.0,0.056138064712285995,0.09090909090909091,1.0,0.0,1.0,1.0,1.0,1.0,1.0,1.0,0.0,1.0,1.0,1.0,32.0,[]
med-c98a2c1d81b2,rar_medicine,baseline,8.0,,,,,,,,,,,,,,,,lint,,,,,,,,,,,,,,,,,,,,,,,,,,"{'item_count_7_20': {'name': 'item_count_7_20', 'applicable': True, 'passed': True, 'reason': ''}}",1.0,1.0,1.0,0.0,0.25,0.0,0.0,0.0,0.0,0.3628537654876709,0.25,1.0,0.0,1.0,1.0,1.0,1.0,1.0,1.0,1.0,1.0,1.0,1.0,11.0,[]
med-c98a2c1d81b2,rar_medicine,agentic,11.0,,,,,,,,,,,,,,,,lint,,,,,,,,,,,,,,,,,,,,,,,,,,"{'item_count_7_20': {'name': 'item_count_7_20', 'applicable': True, 'passed': True, 'reason': ''}}",0.45454545454545453,0.0,1.0,1.0,0.0,1.0,0.19444444444444445,0.0,0.0,0.0,0.0,0.45454545454545453,0.0,1.0,1.0,1.0,1.0,1.0,0.45454545454545453,,1.0,1.0,1.0,36.0,[]
med-c98a2c1d81b2,rar_medicine,agentic-tools,10.0,,,,,,,,,,,,,,,,lint,,,,,,,,,,,,,,,,,,,,,,,,,,"{'item_count_7_20': {'name': 'item_count_7_20', 'applicable': True, 'passed': True, 'reason': ''}}",0.7,0.0,1.0,1.0,0.2,0.0,0.0,0.0,0.0,0.3501136004924774,0.2,1.0,0.0,1.0,1.0,1.0,1.0,1.0,1.0,0.0,1.0,0.9,1.0,19.0,[]
med-d9d6d0e87ecb,rar_medicine,shipped,9.0,,,,,,,,,,,,,,,,lint,,,,,,,,,,,,,,,,,,,,,,,,,,"{'item_count_7_20': {'name': 'item_count_7_20', 'applicable': True, 'passed': True, 'reason': ''}}",0.8888888888888888,0.0,1.0,0.0,0.1111111111111111,0.0,0.0,0.0,0.0,0.4276539385318756,0.1111111111111111,1.0,0.0,1.0,0.8888888888888888,1.0,1.0,1.0,1.0,1.0,1.0,1.0,1.0,21.0,[]
med-d9d6d0e87ecb,rar_medicine,baseline,6.0,,,,,,,,,,,,,,,,lint,,,,,,,,,,,,,,,,,,,,,,,,,,"{'item_count_7_20': {'name': 'item_count_7_20', 'applicable': True, 'passed': False, 'reason': '6 items'}}",0.6666666666666666,0.0,0.0,0.0,0.16666666666666666,0.0,0.0,0.0,0.0,0.28476375341415405,0.16666666666666666,1.0,0.0,0.0,1.0,1.0,1.0,1.0,1.0,1.0,1.0,0.6666666666666666,1.0,8.0,[]
med-d9d6d0e87ecb,rar_medicine,agentic,9.0,,,,,,,,,,,,,,,,lint,,,,,,,,,,,,,,,,,,,,,,,,,,"{'item_count_7_20': {'name': 'item_count_7_20', 'applicable': True, 'passed': True, 'reason': ''}}",0.3333333333333333,0.0,1.0,1.0,0.2222222222222222,0.0,0.0,0.0,0.0,0.5463278889656067,0.2222222222222222,0.7777777777777778,0.0,1.0,1.0,1.0,1.0,1.0,0.7777777777777778,0.0,1.0,0.7777777777777778,1.0,14.0,[]
med-d9d6d0e87ecb,rar_medicine,agentic-tools,11.0,,,,,,,,,,,,,,,,lint,,,,,,,,,,,,,,,,,,,,,,,,,,"{'item_count_7_20': {'name': 'item_count_7_20', 'applicable': True, 'passed': True, 'reason': ''}}",0.45454545454545453,0.0,1.0,1.0,0.18181818181818182,0.0,0.0,0.0,0.0,0.5650385618209839,0.18181818181818182,1.0,0.0,1.0,1.0,1.0,1.0,1.0,1.0,0.0,1.0,0.6363636363636364,1.0,23.0,[]
med-dc7957448669,rar_medicine,shipped,9.0,,,,,,,,,,,,,,,,lint,,,,,,,,,,,,,,,,,,,,,,,,,,"{'item_count_7_20': {'name': 'item_count_7_20', 'applicable': True, 'passed': True, 'reason': ''}}",0.7777777777777778,0.0,1.0,0.0,0.1111111111111111,0.0,0.0,0.0,0.0,0.5123609900474548,0.1111111111111111,1.0,0.0,1.0,0.8888888888888888,1.0,1.0,1.0,1.0,1.0,1.0,0.8888888888888888,1.0,20.0,[]
med-dc7957448669,rar_medicine,baseline,8.0,,,,,,,,,,,,,,,,lint,,,,,,,,,,,,,,,,,,,,,,,,,,"{'item_count_7_20': {'name': 'item_count_7_20', 'applicable': True, 'passed': True, 'reason': ''}}",0.875,0.0,1.0,0.0,0.25,1.0,0.125,1.0,2.0,0.6305181384086609,0.25,0.875,0.0,1.0,1.0,1.0,1.0,1.0,0.875,1.0,1.0,1.0,1.0,8.0,"[{'pitfall_index': 6, 'positive_index': 1, 'similarity': 0.6305181384086609}, {'pitfall_index': 7, 'positive_index': 4, 'similarity': 0.6138299703598022}]"
med-dc7957448669,rar_medicine,agentic,7.0,,,,,,,,,,,,,,,,lint,,,,,,,,,,,,,,,,,,,,,,,,,,"{'item_count_7_20': {'name': 'item_count_7_20', 'applicable': True, 'passed': True, 'reason': ''}}",0.8571428571428571,0.0,1.0,1.0,0.0,0.0,0.0,0.0,0.0,0.0,0.0,1.0,0.0,1.0,1.0,1.0,1.0,1.0,1.0,,1.0,0.8571428571428571,1.0,6.0,[]
med-dc7957448669,rar_medicine,agentic-tools,12.0,,,,,,,,,,,,,,,,lint,,,,,,,,,,,,,,,,,,,,,,,,,,"{'item_count_7_20': {'name': 'item_count_7_20', 'applicable': True, 'passed': True, 'reason': ''}}",0.8333333333333334,0.0,1.0,1.0,0.08333333333333333,0.0,0.0,0.0,0.0,0.38140392303466797,0.08333333333333333,1.0,0.0,1.0,1.0,1.0,1.0,1.0,1.0,0.0,1.0,0.9166666666666666,1.0,31.0,[]
med-e6c4ba1af357,rar_medicine,shipped,8.0,,,,,,,,,,,,,,,,lint,,,,,,,,,,,,,,,,,,,,,,,,,,"{'item_count_7_20': {'name': 'item_count_7_20', 'applicable': True, 'passed': True, 'reason': ''}}",0.625,0.0,1.0,0.0,0.125,0.0,0.0,0.0,0.0,0.09566058218479156,0.125,1.0,0.0,1.0,1.0,1.0,1.0,1.0,1.0,1.0,1.0,0.625,1.0,14.0,[]
med-e6c4ba1af357,rar_medicine,baseline,8.0,,,,,,,,,,,,,,,,lint,,,,,,,,,,,,,,,,,,,,,,,,,,"{'item_count_7_20': {'name': 'item_count_7_20', 'applicable': True, 'passed': True, 'reason': ''}}",0.75,0.0,1.0,0.0,0.125,0.0,0.0,0.0,0.0,0.3666136860847473,0.125,0.875,0.0,1.0,1.0,1.0,1.0,1.0,0.875,1.0,1.0,0.875,1.0,16.0,[]
med-e6c4ba1af357,rar_medicine,agentic,10.0,,,,,,,,,,,,,,,,lint,,,,,,,,,,,,,,,,,,,,,,,,,,"{'item_count_7_20': {'name': 'item_count_7_20', 'applicable': True, 'passed': True, 'reason': ''}}",0.6,0.0,1.0,1.0,0.2,0.0,0.0,0.0,0.0,0.420923113822937,0.2,1.0,0.0,1.0,1.0,1.0,1.0,1.0,1.0,0.0,1.0,0.8,1.0,17.0,[]
med-e6c4ba1af357,rar_medicine,agentic-tools,6.0,,,,,,,,,,,,,,,,lint,,,,,,,,,,,,,,,,,,,,,,,,,,"{'item_count_7_20': {'name': 'item_count_7_20', 'applicable': True, 'passed': False, 'reason': '6 items'}}",0.6666666666666666,0.0,0.0,1.0,0.16666666666666666,0.0,0.0,0.0,0.0,0.28960439562797546,0.16666666666666666,1.0,0.0,0.0,1.0,1.0,1.0,1.0,1.0,0.0,1.0,0.8333333333333334,1.0,7.0,[]
med-e9a2fe585dc6,rar_medicine,shipped,10.0,,,,,,,,,,,,,,,,lint,,,,,,,,,,,,,,,,,,,,,,,,,,"{'item_count_7_20': {'name': 'item_count_7_20', 'applicable': True, 'passed': True, 'reason': ''}}",0.9,0.0,1.0,0.0,0.2,0.0,0.0,0.0,0.0,0.45236608386039734,0.2,1.0,0.1,1.0,1.0,1.0,1.0,1.0,1.0,0.5,1.0,1.0,1.0,21.0,[]
med-e9a2fe585dc6,rar_medicine,baseline,7.0,,,,,,,,,,,,,,,,lint,,,,,,,,,,,,,,,,,,,,,,,,,,"{'item_count_7_20': {'name': 'item_count_7_20', 'applicable': True, 'passed': True, 'reason': ''}}",1.0,1.0,1.0,0.0,0.14285714285714285,0.0,0.0,0.0,0.0,0.4668797254562378,0.14285714285714285,1.0,0.0,1.0,1.0,1.0,1.0,1.0,1.0,1.0,1.0,1.0,1.0,8.0,[]
med-e9a2fe585dc6,rar_medicine,agentic,13.0,,,,,,,,,,,,,,,,lint,,,,,,,,,,,,,,,,,,,,,,,,,,"{'item_count_7_20': {'name': 'item_count_7_20', 'applicable': True, 'passed': True, 'reason': ''}}",0.38461538461538464,0.0,1.0,1.0,0.15384615384615385,1.0,0.08333333333333333,0.0,0.0,0.4125264883041382,0.15384615384615385,0.6153846153846154,0.0,1.0,1.0,1.0,1.0,1.0,0.6153846153846154,0.0,1.0,0.8461538461538461,1.0,36.0,[]
med-e9a2fe585dc6,rar_medicine,agentic-tools,11.0,,,,,,,,,,,,,,,,lint,,,,,,,,,,,,,,,,,,,,,,,,,,"{'item_count_7_20': {'name': 'item_count_7_20', 'applicable': True, 'passed': True, 'reason': ''}}",0.6363636363636364,0.0,1.0,1.0,0.18181818181818182,0.0,0.0,0.0,0.0,0.47113609313964844,0.18181818181818182,1.0,0.0,1.0,1.0,1.0,1.0,1.0,1.0,0.0,1.0,0.8181818181818182,1.0,23.0,[]
med-f1727cd9627c,rar_medicine,shipped,10.0,,,,,,,,,,,,,,,,lint,,,,,,,,,,,,,,,,,,,,,,,,,,"{'item_count_7_20': {'name': 'item_count_7_20', 'applicable': True, 'passed': True, 'reason': ''}}",0.8,0.0,1.0,0.0,0.2,0.0,0.0,0.0,0.0,0.23604315519332886,0.2,1.0,0.0,1.0,0.8,1.0,1.0,1.0,1.0,1.0,1.0,1.0,1.0,19.0,[]
med-f1727cd9627c,rar_medicine,baseline,8.0,,,,,,,,,,,,,,,,lint,,,,,,,,,,,,,,,,,,,,,,,,,,"{'item_count_7_20': {'name': 'item_count_7_20', 'applicable': True, 'passed': True, 'reason': ''}}",1.0,1.0,1.0,0.0,0.25,0.0,0.0,0.0,0.0,0.48805689811706543,0.25,1.0,0.0,1.0,1.0,1.0,1.0,1.0,1.0,1.0,1.0,1.0,1.0,9.0,[]
med-f1727cd9627c,rar_medicine,agentic,9.0,,,,,,,,,,,,,,,,lint,,,,,,,,,,,,,,,,,,,,,,,,,,"{'item_count_7_20': {'name': 'item_count_7_20', 'applicable': True, 'passed': True, 'reason': ''}}",0.6666666666666666,0.0,1.0,1.0,0.2222222222222222,0.0,0.0,0.0,0.0,0.2578395903110504,0.2222222222222222,1.0,0.0,1.0,1.0,1.0,1.0,1.0,1.0,0.0,1.0,0.8888888888888888,1.0,6.0,[]
med-f1727cd9627c,rar_medicine,agentic-tools,8.0,,,,,,,,,,,,,,,,lint,,,,,,,,,,,,,,,,,,,,,,,,,,"{'item_count_7_20': {'name': 'item_count_7_20', 'applicable': True, 'passed': True, 'reason': ''}}",0.625,0.0,1.0,1.0,0.25,1.0,0.3333333333333333,0.0,0.0,0.5939701199531555,0.25,0.875,0.0,1.0,0.75,1.0,1.0,1.0,0.875,0.0,1.0,1.0,1.0,9.0,[]
med-fff27f593ee9,rar_medicine,shipped,13.0,,,,,,,,,,,,,,,,lint,,,,,,,,,,,,,,,,,,,,,,,,,,"{'item_count_7_20': {'name': 'item_count_7_20', 'applicable': True, 'passed': True, 'reason': ''}}",0.8461538461538461,0.0,1.0,1.0,0.07692307692307693,0.0,0.0,0.0,0.0,0.28800055384635925,0.07692307692307693,1.0,0.07692307692307693,1.0,0.9230769230769231,1.0,1.0,1.0,1.0,0.0,1.0,1.0,1.0,47.0,[]
med-fff27f593ee9,rar_medicine,baseline,9.0,,,,,,,,,,,,,,,,lint,,,,,,,,,,,,,,,,,,,,,,,,,,"{'item_count_7_20': {'name': 'item_count_7_20', 'applicable': True, 'passed': True, 'reason': ''}}",0.7777777777777778,0.0,1.0,0.0,0.2222222222222222,0.0,0.0,0.0,0.0,0.5648316144943237,0.2222222222222222,1.0,0.0,1.0,1.0,1.0,1.0,1.0,1.0,1.0,1.0,0.7777777777777778,1.0,14.0,[]
med-fff27f593ee9,rar_medicine,agentic,13.0,,,,,,,,,,,,,,,,lint,,,,,,,,,,,,,,,,,,,,,,,,,,"{'item_count_7_20': {'name': 'item_count_7_20', 'applicable': True, 'passed': True, 'reason': ''}}",0.8461538461538461,0.0,1.0,1.0,0.07692307692307693,0.0,0.0,0.0,0.0,0.3545924425125122,0.07692307692307693,1.0,0.0,1.0,1.0,1.0,1.0,1.0,1.0,0.0,1.0,0.9230769230769231,1.0,44.0,[]
med-fff27f593ee9,rar_medicine,agentic-tools,12.0,,,,,,,,,,,,,,,,lint,,,,,,,,,,,,,,,,,,,,,,,,,,"{'item_count_7_20': {'name': 'item_count_7_20', 'applicable': True, 'passed': True, 'reason': ''}}",0.6666666666666666,0.0,1.0,1.0,0.16666666666666666,1.0,0.06451612903225806,0.0,0.0,0.3883415460586548,0.16666666666666666,0.9166666666666666,0.0,1.0,1.0,1.0,1.0,1.0,0.9166666666666666,0.0,1.0,0.9166666666666666,1.0,31.0,[]
med-197191f4a201,rar_medicine,shipped,8.0,,,,,,,,,,,,,,,,lint,,,,,,,,,,,,,,,,,,,,,,,,,,"{'item_count_7_20': {'name': 'item_count_7_20', 'applicable': True, 'passed': True, 'reason': ''}}",0.625,0.0,1.0,0.0,0.125,0.0,0.0,0.0,0.0,0.5610148310661316,0.125,1.0,0.0,1.0,1.0,1.0,1.0,1.0,1.0,1.0,1.0,0.625,1.0,15.0,[]
med-197191f4a201,rar_medicine,baseline,7.0,,,,,,,,,,,,,,,,lint,,,,,,,,,,,,,,,,,,,,,,,,,,"{'item_count_7_20': {'name': 'item_count_7_20', 'applicable': True, 'passed': True, 'reason': ''}}",1.0,1.0,1.0,0.0,0.2857142857142857,0.0,0.0,0.0,0.0,0.48247766494750977,0.2857142857142857,1.0,0.0,1.0,1.0,1.0,1.0,1.0,1.0,1.0,1.0,1.0,1.0,7.0,[]
med-197191f4a201,rar_medicine,agentic,6.0,,,,,,,,,,,,,,,,lint,,,,,,,,,,,,,,,,,,,,,,,,,,"{'item_count_7_20': {'name': 'item_count_7_20', 'applicable': True, 'passed': False, 'reason': '6 items'}}",0.3333333333333333,0.0,0.0,1.0,0.16666666666666666,0.0,0.0,0.0,0.0,0.577479362487793,0.16666666666666666,1.0,0.0,0.0,1.0,1.0,1.0,1.0,1.0,0.0,1.0,0.5,1.0,8.0,[]
med-197191f4a201,rar_medicine,agentic-tools,5.0,,,,,,,,,,,,,,,,lint,,,,,,,,,,,,,,,,,,,,,,,,,,"{'item_count_7_20': {'name': 'item_count_7_20', 'applicable': True, 'passed': False, 'reason': '5 items'}}",0.2,0.0,0.0,1.0,0.4,0.0,0.0,1.0,1.0,0.7396872043609619,0.4,1.0,0.0,0.0,1.0,1.0,1.0,1.0,1.0,0.0,1.0,0.6,1.0,2.0,"[{'pitfall_index': 3, 'positive_index': 0, 'similarity': 0.7396872043609619}]"
med-22cfe7cfc240,rar_medicine,shipped,10.0,,,,,,,,,,,,,,,,lint,,,,,,,,,,,,,,,,,,,,,,,,,,"{'item_count_7_20': {'name': 'item_count_7_20', 'applicable': True, 'passed': True, 'reason': ''}}",0.9,0.0,1.0,0.0,0.2,0.0,0.0,0.0,0.0,0.4212205410003662,0.2,1.0,0.0,1.0,1.0,1.0,1.0,1.0,1.0,1.0,1.0,0.9,1.0,21.0,[]
med-22cfe7cfc240,rar_medicine,baseline,9.0,,,,,,,,,,,,,,,,lint,,,,,,,,,,,,,,,,,,,,,,,,,,"{'item_count_7_20': {'name': 'item_count_7_20', 'applicable': True, 'passed': True, 'reason': ''}}",1.0,1.0,1.0,0.0,0.3333333333333333,0.0,0.0,0.0,0.0,0.5417118668556213,0.3333333333333333,1.0,0.0,1.0,1.0,1.0,1.0,1.0,1.0,1.0,1.0,1.0,1.0,12.0,[]
med-22cfe7cfc240,rar_medicine,agentic,8.0,,,,,,,,,,,,,,,,lint,,,,,,,,,,,,,,,,,,,,,,,,,,"{'item_count_7_20': {'name': 'item_count_7_20', 'applicable': True, 'passed': True, 'reason': ''}}",0.75,0.0,1.0,1.0,0.25,0.0,0.0,0.0,0.0,0.3350498676300049,0.25,1.0,0.0,1.0,1.0,1.0,1.0,1.0,1.0,0.0,1.0,1.0,1.0,9.0,[]
med-22cfe7cfc240,rar_medicine,agentic-tools,13.0,,,,,,,,,,,,,,,,lint,,,,,,,,,,,,,,,,,,,,,,,,,,"{'item_count_7_20': {'name': 'item_count_7_20', 'applicable': True, 'passed': True, 'reason': ''}}",0.8461538461538461,0.0,1.0,1.0,0.15384615384615385,0.0,0.0,0.0,0.0,0.4451419711112976,0.15384615384615385,1.0,0.0,1.0,1.0,1.0,1.0,1.0,1.0,0.0,1.0,1.0,1.0,38.0,[]
med-243ec32e8cc8,rar_medicine,shipped,9.0,,,,,,,,,,,,,,,,lint,,,,,,,,,,,,,,,,,,,,,,,,,,"{'item_count_7_20': {'name': 'item_count_7_20', 'applicable': True, 'passed': True, 'reason': ''}}",0.7777777777777778,0.0,1.0,0.0,0.2222222222222222,0.0,0.0,0.0,0.0,0.5697382688522339,0.2222222222222222,1.0,0.0,1.0,0.8888888888888888,1.0,1.0,1.0,1.0,0.5,1.0,1.0,1.0,16.0,[]
med-243ec32e8cc8,rar_medicine,baseline,7.0,,,,,,,,,,,,,,,,lint,,,,,,,,,,,,,,,,,,,,,,,,,,"{'item_count_7_20': {'name': 'item_count_7_20', 'applicable': True, 'passed': True, 'reason': ''}}",0.8571428571428571,0.0,1.0,0.0,0.2857142857142857,0.0,0.0,1.0,2.0,0.6372730731964111,0.2857142857142857,1.0,0.0,1.0,1.0,1.0,1.0,1.0,1.0,1.0,1.0,0.8571428571428571,1.0,8.0,"[{'pitfall_index': 5, 'positive_index': 0, 'similarity': 0.6372730731964111}, {'pitfall_index': 5, 'positive_index': 1, 'similarity': 0.6010433435440063}]"
med-243ec32e8cc8,rar_medicine,agentic,9.0,,,,,,,,,,,,,,,,lint,,,,,,,,,,,,,,,,,,,,,,,,,,"{'item_count_7_20': {'name': 'item_count_7_20', 'applicable': True, 'passed': True, 'reason': ''}}",0.5555555555555556,0.0,1.0,1.0,0.2222222222222222,0.0,0.0,0.0,0.0,0.5111221075057983,0.2222222222222222,1.0,0.0,1.0,1.0,1.0,1.0,1.0,1.0,0.0,1.0,0.7777777777777778,1.0,16.0,[]
med-243ec32e8cc8,rar_medicine,agentic-tools,10.0,,,,,,,,,,,,,,,,lint,,,,,,,,,,,,,,,,,,,,,,,,,,"{'item_count_7_20': {'name': 'item_count_7_20', 'applicable': True, 'passed': True, 'reason': ''}}",0.4,0.0,1.0,1.0,0.2,0.0,0.0,1.0,1.0,0.624991774559021,0.2,1.0,0.0,1.0,0.8,1.0,1.0,1.0,1.0,0.0,1.0,0.7,1.0,12.0,"[{'pitfall_index': 9, 'positive_index': 1, 'similarity': 0.624991774559021}]"
med-28da216cd16f,rar_medicine,shipped,10.0,,,,,,,,,,,,,,,,lint,,,,,,,,,,,,,,,,,,,,,,,,,,"{'item_count_7_20': {'name': 'item_count_7_20', 'applicable': True, 'passed': True, 'reason': ''}}",0.9,0.0,1.0,0.0,0.1,0.0,0.0,0.0,0.0,0.42324164509773254,0.1,1.0,0.0,1.0,1.0,1.0,1.0,1.0,1.0,1.0,1.0,0.9,1.0,26.0,[]
med-28da216cd16f,rar_medicine,baseline,11.0,,,,,,,,,,,,,,,,lint,,,,,,,,,,,,,,,,,,,,,,,,,,"{'item_count_7_20': {'name': 'item_count_7_20', 'applicable': True, 'passed': True, 'reason': ''}}",0.7272727272727273,0.0,1.0,0.0,0.18181818181818182,0.0,0.0,0.0,0.0,0.425229012966156,0.18181818181818182,1.0,0.0,1.0,0.9090909090909091,1.0,1.0,1.0,1.0,0.5,1.0,0.9090909090909091,1.0,23.0,[]
med-28da216cd16f,rar_medicine,agentic,13.0,,,,,,,,,,,,,,,,lint,,,,,,,,,,,,,,,,,,,,,,,,,,"{'item_count_7_20': {'name': 'item_count_7_20', 'applicable': True, 'passed': True, 'reason': ''}}",0.46153846153846156,0.0,1.0,1.0,0.23076923076923078,1.0,0.06060606060606061,0.0,0.0,0.5058894157409668,0.23076923076923078,0.6923076923076923,0.0,1.0,0.9230769230769231,1.0,1.0,1.0,0.6923076923076923,0.0,1.0,1.0,1.0,33.0,[]
med-28da216cd16f,rar_medicine,agentic-tools,13.0,,,,,,,,,,,,,,,,lint,,,,,,,,,,,,,,,,,,,,,,,,,,"{'item_count_7_20': {'name': 'item_count_7_20', 'applicable': True, 'passed': True, 'reason': ''}}",0.6153846153846154,0.0,1.0,1.0,0.23076923076923078,0.0,0.0,0.0,0.0,0.5678669810295105,0.23076923076923078,1.0,0.0,1.0,0.7692307692307693,1.0,1.0,1.0,1.0,0.0,1.0,1.0,1.0,31.0,[]
med-2b6e00e2fa33,rar_medicine,shipped,10.0,,,,,,,,,,,,,,,,lint,,,,,,,,,,,,,,,,,,,,,,,,,,"{'item_count_7_20': {'name': 'item_count_7_20', 'applicable': True, 'passed': True, 'reason': ''}}",0.9,0.0,1.0,0.0,0.1,0.0,0.0,0.0,0.0,0.4489605724811554,0.1,1.0,0.0,1.0,0.9,1.0,1.0,1.0,1.0,1.0,1.0,1.0,1.0,26.0,[]
med-2b6e00e2fa33,rar_medicine,baseline,8.0,,,,,,,,,,,,,,,,lint,,,,,,,,,,,,,,,,,,,,,,,,,,"{'item_count_7_20': {'name': 'item_count_7_20', 'applicable': True, 'passed': True, 'reason': ''}}",1.0,1.0,1.0,0.0,0.25,0.0,0.0,1.0,2.0,0.6111090183258057,0.25,1.0,0.0,1.0,1.0,1.0,1.0,1.0,1.0,1.0,1.0,1.0,1.0,11.0,"[{'pitfall_index': 6, 'positive_index': 1, 'similarity': 0.6111090183258057}, {'pitfall_index': 7, 'positive_index': 1, 'similarity': 0.6079725027084351}]"
med-2b6e00e2fa33,rar_medicine,agentic,11.0,,,,,,,,,,,,,,,,lint,,,,,,,,,,,,,,,,,,,,,,,,,,"{'item_count_7_20': {'name': 'item_count_7_20', 'applicable': True, 'passed': True, 'reason': ''}}",0.7272727272727273,0.0,1.0,1.0,0.18181818181818182,0.0,0.0,0.0,0.0,0.43387264013290405,0.18181818181818182,1.0,0.0,1.0,0.9090909090909091,1.0,1.0,1.0,1.0,0.0,1.0,1.0,1.0,23.0,[]
med-2b6e00e2fa33,rar_medicine,agentic-tools,6.0,,,,,,,,,,,,,,,,lint,,,,,,,,,,,,,,,,,,,,,,,,,,"{'item_count_7_20': {'name': 'item_count_7_20', 'applicable': True, 'passed': False, 'reason': '6 items'}}",0.6666666666666666,0.0,0.0,1.0,0.16666666666666666,0.0,0.0,0.0,0.0,0.28830859065055847,0.16666666666666666,1.0,0.0,0.0,1.0,1.0,1.0,1.0,1.0,0.0,1.0,0.8333333333333334,1.0,6.0,[]
med-310a19614101,rar_medicine,shipped,10.0,,,,,,,,,,,,,,,,lint,,,,,,,,,,,,,,,,,,,,,,,,,,"{'item_count_7_20': {'name': 'item_count_7_20', 'applicable': True, 'passed': True, 'reason': ''}}",0.8,0.0,1.0,0.0,0.2,0.0,0.0,0.0,0.0,0.27938729524612427,0.2,1.0,0.0,1.0,0.9,1.0,1.0,1.0,1.0,0.5,1.0,1.0,1.0,21.0,[]
med-310a19614101,rar_medicine,baseline,10.0,,,,,,,,,,,,,,,,lint,,,,,,,,,,,,,,,,,,,,,,,,,,"{'item_count_7_20': {'name': 'item_count_7_20', 'applicable': True, 'passed': True, 'reason': ''}}",0.8,0.0,1.0,0.0,0.2,0.0,0.0,0.0,0.0,0.4409558176994324,0.2,1.0,0.0,1.0,0.9,1.0,1.0,1.0,1.0,1.0,1.0,0.9,1.0,21.0,[]
med-310a19614101,rar_medicine,agentic,13.0,,,,,,,,,,,,,,,,lint,,,,,,,,,,,,,,,,,,,,,,,,,,"{'item_count_7_20': {'name': 'item_count_7_20', 'applicable': True, 'passed': True, 'reason': ''}}",0.23076923076923078,0.0,1.0,1.0,0.23076923076923078,1.0,0.3103448275862069,0.0,0.0,0.4856973886489868,0.23076923076923078,0.6923076923076923,0.0,1.0,0.8461538461538461,1.0,1.0,1.0,0.6923076923076923,0.0,1.0,0.6153846153846154,1.0,29.0,[]
med-310a19614101,rar_medicine,agentic-tools,12.0,,,,,,,,,,,,,,,,lint,,,,,,,,,,,,,,,,,,,,,,,,,,"{'item_count_7_20': {'name': 'item_count_7_20', 'applicable': True, 'passed': True, 'reason': ''}}",0.25,0.0,1.0,1.0,0.25,1.0,0.07407407407407407,1.0,1.0,0.6622689962387085,0.25,0.9166666666666666,0.0,1.0,0.6666666666666666,1.0,1.0,1.0,0.9166666666666666,0.0,1.0,0.6666666666666666,1.0,27.0,"[{'pitfall_index': 10, 'positive_index': 0, 'similarity': 0.6622689962387085}]"
med-339d1a40dbd7,rar_medicine,shipped,9.0,,,,,,,,,,,,,,,,lint,,,,,,,,,,,,,,,,,,,,,,,,,,"{'item_count_7_20': {'name': 'item_count_7_20', 'applicable': True, 'passed': True, 'reason': ''}}",1.0,1.0,1.0,0.0,0.1111111111111111,0.0,0.0,0.0,0.0,0.5086881518363953,0.1111111111111111,1.0,0.0,1.0,1.0,1.0,1.0,1.0,1.0,1.0,1.0,1.0,1.0,19.0,[]
med-339d1a40dbd7,rar_medicine,baseline,8.0,,,,,,,,,,,,,,,,lint,,,,,,,,,,,,,,,,,,,,,,,,,,"{'item_count_7_20': {'name': 'item_count_7_20', 'applicable': True, 'passed': True, 'reason': ''}}",0.875,0.0,1.0,0.0,0.25,0.0,0.0,1.0,2.0,0.7913075685501099,0.25,1.0,0.0,1.0,1.0,1.0,1.0,1.0,1.0,1.0,1.0,0.875,1.0,8.0,"[{'pitfall_index': 6, 'positive_index': 0, 'similarity': 0.7913075685501099}, {'pitfall_index': 7, 'positive_index': 0, 'similarity': 0.6980282068252563}]"
med-339d1a40dbd7,rar_medicine,agentic,12.0,,,,,,,,,,,,,,,,lint,,,,,,,,,,,,,,,,,,,,,,,,,,"{'item_count_7_20': {'name': 'item_count_7_20', 'applicable': True, 'passed': True, 'reason': ''}}",0.5833333333333334,0.0,1.0,1.0,0.16666666666666666,0.0,0.0,0.0,0.0,0.5818776488304138,0.16666666666666666,1.0,0.0,1.0,1.0,1.0,1.0,1.0,1.0,0.0,1.0,0.75,1.0,27.0,[]
med-339d1a40dbd7,rar_medicine,agentic-tools,9.0,,,,,,,,,,,,,,,,lint,,,,,,,,,,,,,,,,,,,,,,,,,,"{'item_count_7_20': {'name': 'item_count_7_20', 'applicable': True, 'passed': True, 'reason': ''}}",0.6666666666666666,0.0,1.0,1.0,0.2222222222222222,0.0,0.0,0.0,0.0,0.35854658484458923,0.2222222222222222,1.0,0.0,1.0,1.0,1.0,1.0,1.0,1.0,0.0,1.0,0.8888888888888888,1.0,14.0,[]
med-346fbc60b4f9,rar_medicine,shipped,10.0,,,,,,,,,,,,,,,,lint,,,,,,,,,,,,,,,,,,,,,,,,,,"{'item_count_7_20': {'name': 'item_count_7_20', 'applicable': True, 'passed': True, 'reason': ''}}",1.0,1.0,1.0,0.0,0.1,0.0,0.0,0.0,0.0,0.17595809698104858,0.1,1.0,0.0,1.0,1.0,1.0,1.0,1.0,1.0,1.0,1.0,1.0,1.0,24.0,[]
med-346fbc60b4f9,rar_medicine,baseline,8.0,,,,,,,,,,,,,,,,lint,,,,,,,,,,,,,,,,,,,,,,,,,,"{'item_count_7_20': {'name': 'item_count_7_20', 'applicable': True, 'passed': True, 'reason': ''}}",1.0,1.0,1.0,0.0,0.125,0.0,0.0,0.0,0.0,0.4207131564617157,0.125,1.0,0.0,1.0,1.0,1.0,1.0,1.0,1.0,1.0,1.0,1.0,1.0,14.0,[]
med-346fbc60b4f9,rar_medicine,agentic,11.0,,,,,,,,,,,,,,,,lint,,,,,,,,,,,,,,,,,,,,,,,,,,"{'item_count_7_20': {'name': 'item_count_7_20', 'applicable': True, 'passed': True, 'reason': ''}}",0.5454545454545454,0.0,1.0,1.0,0.18181818181818182,0.0,0.0,0.0,0.0,0.5975656509399414,0.18181818181818182,1.0,0.0,1.0,0.9090909090909091,1.0,1.0,1.0,1.0,0.0,1.0,0.7272727272727273,1.0,26.0,[]
med-346fbc60b4f9,rar_medicine,agentic-tools,10.0,,,,,,,,,,,,,,,,lint,,,,,,,,,,,,,,,,,,,,,,,,,,"{'item_count_7_20': {'name': 'item_count_7_20', 'applicable': True, 'passed': True, 'reason': ''}}",0.7,0.0,1.0,1.0,0.2,0.0,0.0,0.0,0.0,0.5677812099456787,0.2,1.0,0.0,1.0,1.0,1.0,1.0,1.0,1.0,0.0,1.0,0.9,1.0,17.0,[]
med-39fe6d9a022e,rar_medicine,shipped,10.0,,,,,,,,,,,,,,,,lint,,,,,,,,,,,,,,,,,,,,,,,,,,"{'item_count_7_20': {'name': 'item_count_7_20', 'applicable': True, 'passed': True, 'reason': ''}}",1.0,1.0,1.0,0.0,0.1,0.0,0.0,0.0,0.0,0.18326401710510254,0.1,1.0,0.0,1.0,1.0,1.0,1.0,1.0,1.0,1.0,1.0,1.0,1.0,26.0,[]
med-39fe6d9a022e,rar_medicine,baseline,8.0,,,,,,,,,,,,,,,,lint,,,,,,,,,,,,,,,,,,,,,,,,,,"{'item_count_7_20': {'name': 'item_count_7_20', 'applicable': True, 'passed': True, 'reason': ''}}",0.875,0.0,1.0,0.0,0.25,0.0,0.0,0.0,0.0,0.41131556034088135,0.25,1.0,0.0,1.0,1.0,1.0,1.0,1.0,1.0,1.0,1.0,0.875,1.0,9.0,[]
med-39fe6d9a022e,rar_medicine,agentic,12.0,,,,,,,,,,,,,,,,lint,,,,,,,,,,,,,,,,,,,,,,,,,,"{'item_count_7_20': {'name': 'item_count_7_20', 'applicable': True, 'passed': True, 'reason': ''}}",0.5833333333333334,0.0,1.0,1.0,0.25,0.0,0.0,1.0,1.0,0.6050257086753845,0.25,1.0,0.0,1.0,1.0,1.0,1.0,1.0,1.0,0.0,1.0,0.8333333333333334,1.0,20.0,"[{'pitfall_index': 11, 'positive_index': 4, 'similarity': 0.6050257086753845}]"
med-39fe6d9a022e,rar_medicine,agentic-tools,7.0,,,,,,,,,,,,,,,,lint,,,,,,,,,,,,,,,,,,,,,,,,,,"{'item_count_7_20': {'name': 'item_count_7_20', 'applicable': True, 'passed': True, 'reason': ''}}",0.42857142857142855,0.0,1.0,1.0,0.2857142857142857,0.0,0.0,0.0,0.0,0.503398060798645,0.2857142857142857,1.0,0.0,1.0,1.0,1.0,1.0,1.0,1.0,0.0,1.0,0.7142857142857143,1.0,8.0,[]
med-3a854c06e788,rar_medicine,shipped,8.0,,,,,,,,,,,,,,,,lint,,,,,,,,,,,,,,,,,,,,,,,,,,"{'item_count_7_20': {'name': 'item_count_7_20', 'applicable': True, 'passed': True, 'reason': ''}}",0.5,0.0,1.0,1.0,0.25,0.0,0.0,0.0,0.0,0.40562963485717773,0.25,1.0,0.125,1.0,1.0,1.0,1.0,1.0,1.0,0.0,1.0,0.75,1.0,11.0,[]
med-3a854c06e788,rar_medicine,baseline,8.0,,,,,,,,,,,,,,,,lint,,,,,,,,,,,,,,,,,,,,,,,,,,"{'item_count_7_20': {'name': 'item_count_7_20', 'applicable': True, 'passed': True, 'reason': ''}}",0.875,0.0,1.0,0.0,0.25,0.0,0.0,0.0,0.0,0.4069897532463074,0.25,1.0,0.0,1.0,1.0,1.0,1.0,1.0,1.0,1.0,1.0,0.8571428571428571,1.0,11.0,[]
med-3a854c06e788,rar_medicine,agentic,6.0,,,,,,,,,,,,,,,,lint,,,,,,,,,,,,,,,,,,,,,,,,,,"{'item_count_7_20': {'name': 'item_count_7_20', 'applicable': True, 'passed': False, 'reason': '6 items'}}",0.3333333333333333,0.0,0.0,1.0,0.16666666666666666,0.0,0.0,0.0,0.0,0.5526376962661743,0.16666666666666666,1.0,0.0,0.0,1.0,1.0,1.0,1.0,1.0,0.0,1.0,0.5,1.0,7.0,[]
med-3a854c06e788,rar_medicine,agentic-tools,5.0,,,,,,,,,,,,,,,,lint,,,,,,,,,,,,,,,,,,,,,,,,,,"{'item_count_7_20': {'name': 'item_count_7_20', 'applicable': True, 'passed': False, 'reason': '5 items'}}",0.6,0.0,0.0,1.0,0.2,0.0,0.0,1.0,1.0,0.6085109710693359,0.2,1.0,0.0,0.0,1.0,1.0,1.0,1.0,1.0,0.0,1.0,0.8,1.0,5.0,"[{'pitfall_index': 4, 'positive_index': 0, 'similarity': 0.6085109710693359}]"
med-43e518d3d57e,rar_medicine,shipped,8.0,,,,,,,,,,,,,,,,lint,,,,,,,,,,,,,,,,,,,,,,,,,,"{'item_count_7_20': {'name': 'item_count_7_20', 'applicable': True, 'passed': True, 'reason': ''}}",0.375,0.0,1.0,0.0,0.25,0.0,0.0,1.0,1.0,0.868952751159668,0.25,1.0,0.0,1.0,0.875,1.0,1.0,1.0,1.0,1.0,1.0,0.5,1.0,11.0,"[{'pitfall_index': 6, 'positive_index': 0, 'similarity': 0.868952751159668}]"
med-43e518d3d57e,rar_medicine,baseline,8.0,,,,,,,,,,,,,,,,lint,,,,,,,,,,,,,,,,,,,,,,,,,,"{'item_count_7_20': {'name': 'item_count_7_20', 'applicable': True, 'passed': True, 'reason': ''}}",0.75,0.0,1.0,0.0,0.25,0.0,0.0,0.0,0.0,0.40856459736824036,0.25,1.0,0.0,1.0,1.0,1.0,1.0,1.0,1.0,1.0,1.0,0.75,1.0,11.0,[]
med-43e518d3d57e,rar_medicine,agentic,11.0,,,,,,,,,,,,,,,,lint,,,,,,,,,,,,,,,,,,,,,,,,,,"{'item_count_7_20': {'name': 'item_count_7_20', 'applicable': True, 'passed': True, 'reason': ''}}",0.6363636363636364,0.0,1.0,1.0,0.18181818181818182,1.0,0.07692307692307693,1.0,2.0,0.7335812449455261,0.18181818181818182,0.9090909090909091,0.0,1.0,1.0,1.0,1.0,1.0,0.9090909090909091,0.0,1.0,0.9090909090909091,1.0,26.0,"[{'pitfall_index': 8, 'positive_index': 1, 'similarity': 0.7335812449455261}, {'pitfall_index': 8, 'positive_index': 2, 'similarity': 0.6554657220840454}]"
med-43e518d3d57e,rar_medicine,agentic-tools,6.0,,,,,,,,,,,,,,,,lint,,,,,,,,,,,,,,,,,,,,,,,,,,"{'item_count_7_20': {'name': 'item_count_7_20', 'applicable': True, 'passed': False, 'reason': '6 items'}}",0.5,0.0,0.0,1.0,0.16666666666666666,0.0,0.0,0.0,0.0,0.5507863759994507,0.16666666666666666,1.0,0.0,0.0,1.0,1.0,1.0,1.0,1.0,0.0,1.0,0.6666666666666666,1.0,8.0,[]
med-48491d33ec3d,rar_medicine,shipped,10.0,,,,,,,,,,,,,,,,lint,,,,,,,,,,,,,,,,,,,,,,,,,,"{'item_count_7_20': {'name': 'item_count_7_20', 'applicable': True, 'passed': True, 'reason': ''}}",0.9,0.0,1.0,0.0,0.1,0.0,0.0,0.0,0.0,0.09118662774562836,0.1,1.0,0.0,1.0,1.0,1.0,1.0,1.0,1.0,1.0,1.0,0.9,1.0,23.0,[]
med-48491d33ec3d,rar_medicine,baseline,7.0,,,,,,,,,,,,,,,,lint,,,,,,,,,,,,,,,,,,,,,,,,,,"{'item_count_7_20': {'name': 'item_count_7_20', 'applicable': True, 'passed': True, 'reason': ''}}",1.0,1.0,1.0,0.0,0.14285714285714285,0.0,0.0,1.0,1.0,0.6189209222793579,0.14285714285714285,1.0,0.0,1.0,1.0,1.0,1.0,1.0,1.0,1.0,1.0,1.0,1.0,11.0,"[{'pitfall_index': 6, 'positive_index': 0, 'similarity': 0.6189209222793579}]"
med-48491d33ec3d,rar_medicine,agentic,10.0,,,,,,,,,,,,,,,,lint,,,,,,,,,,,,,,,,,,,,,,,,,,"{'item_count_7_20': {'name': 'item_count_7_20', 'applicable': True, 'passed': True, 'reason': ''}}",0.5,0.0,1.0,1.0,0.2,1.0,0.15789473684210525,0.0,0.0,0.4935492277145386,0.2,0.8,0.0,1.0,1.0,1.0,1.0,1.0,0.8,0.0,1.0,0.9,1.0,19.0,[]
med-48491d33ec3d,rar_medicine,agentic-tools,7.0,,,,,,,,,,,,,,,,lint,,,,,,,,,,,,,,,,,,,,,,,,,,"{'item_count_7_20': {'name': 'item_count_7_20', 'applicable': True, 'passed': True, 'reason': ''}}",0.7142857142857143,0.0,1.0,1.0,0.2857142857142857,0.0,0.0,0.0,0.0,0.3878079056739807,0.2857142857142857,1.0,0.0,1.0,1.0,1.0,1.0,1.0,1.0,0.0,1.0,1.0,1.0,7.0,[]
med-51d19faca215,rar_medicine,shipped,10.0,,,,,,,,,,,,,,,,lint,,,,,,,,,,,,,,,,,,,,,,,,,,"{'item_count_7_20': {'name': 'item_count_7_20', 'applicable': True, 'passed': True, 'reason': ''}}",0.9,0.0,1.0,0.0,0.1,0.0,0.0,0.0,0.0,0.3184637725353241,0.1,1.0,0.0,1.0,1.0,1.0,1.0,1.0,1.0,1.0,1.0,0.9,1.0,24.0,[]
med-51d19faca215,rar_medicine,baseline,8.0,,,,,,,,,,,,,,,,lint,,,,,,,,,,,,,,,,,,,,,,,,,,"{'item_count_7_20': {'name': 'item_count_7_20', 'applicable': True, 'passed': True, 'reason': ''}}",0.75,0.0,1.0,0.0,0.125,1.0,0.06666666666666667,1.0,1.0,0.6801789402961731,0.125,0.75,0.0,1.0,1.0,1.0,1.0,1.0,0.75,1.0,1.0,1.0,1.0,15.0,"[{'pitfall_index': 7, 'positive_index': 0, 'similarity': 0.6801789402961731}]"
med-51d19faca215,rar_medicine,agentic,9.0,,,,,,,,,,,,,,,,lint,,,,,,,,,,,,,,,,,,,,,,,,,,"{'item_count_7_20': {'name': 'item_count_7_20', 'applicable': True, 'passed': True, 'reason': ''}}",0.3333333333333333,0.0,1.0,1.0,0.2222222222222222,0.0,0.0,1.0,1.0,0.6053704023361206,0.2222222222222222,0.8888888888888888,0.0,1.0,0.7777777777777778,1.0,1.0,1.0,0.8888888888888888,0.0,1.0,0.5555555555555556,1.0,11.0,"[{'pitfall_index': 8, 'positive_index': 0, 'similarity': 0.6053704023361206}]"
med-51d19faca215,rar_medicine,agentic-tools,6.0,,,,,,,,,,,,,,,,lint,,,,,,,,,,,,,,,,,,,,,,,,,,"{'item_count_7_20': {'name': 'item_count_7_20', 'applicable': True, 'passed': False, 'reason': '6 items'}}",0.5,0.0,0.0,1.0,0.0,0.0,0.0,0.0,0.0,0.0,0.0,1.0,0.0,0.0,1.0,1.0,1.0,1.0,1.0,,1.0,0.5,1.0,9.0,[]
med-533a7b79571a,rar_medicine,shipped,12.0,,,,,,,,,,,,,,,,lint,,,,,,,,,,,,,,,,,,,,,,,,,,"{'item_count_7_20': {'name': 'item_count_7_20', 'applicable': True, 'passed': True, 'reason': ''}}",0.75,0.0,1.0,0.0,0.25,0.0,0.0,1.0,2.0,0.9696550369262695,0.25,1.0,0.08333333333333333,1.0,0.9166666666666666,1.0,1.0,1.0,1.0,0.3333333333333333,1.0,1.0,1.0,24.0,"[{'pitfall_index': 9, 'positive_index': 2, 'similarity': 0.9696550369262695}, {'pitfall_index': 11, 'positive_index': 5, 'similarity': 0.6458459496498108}]"
med-533a7b79571a,rar_medicine,baseline,9.0,,,,,,,,,,,,,,,,lint,,,,,,,,,,,,,,,,,,,,,,,,,,"{'item_count_7_20': {'name': 'item_count_7_20', 'applicable': True, 'passed': True, 'reason': ''}}",1.0,1.0,1.0,0.0,0.2222222222222222,0.0,0.0,1.0,3.0,0.6987378597259521,0.2222222222222222,1.0,0.0,1.0,1.0,1.0,1.0,1.0,1.0,1.0,1.0,1.0,1.0,16.0,"[{'pitfall_index': 7, 'positive_index': 0, 'similarity': 0.6774768829345703}, {'pitfall_index': 7, 'positive_index': 2, 'similarity': 0.6987378597259521}, {'pitfall_index': 8, 'positive_index': 3, 'similarity': 0.6473079323768616}]"
med-533a7b79571a,rar_medicine,agentic,12.0,,,,,,,,,,,,,,,,lint,,,,,,,,,,,,,,,,,,,,,,,,,,"{'item_count_7_20': {'name': 'item_count_7_20', 'applicable': True, 'passed': True, 'reason': ''}}",0.5833333333333334,0.0,1.0,1.0,0.25,0.0,0.0,1.0,1.0,0.619840145111084,0.25,1.0,0.0,1.0,1.0,1.0,1.0,1.0,1.0,0.0,1.0,0.8333333333333334,1.0,24.0,"[{'pitfall_index': 9, 'positive_index': 6, 'similarity': 0.619840145111084}]"
med-533a7b79571a,rar_medicine,agentic-tools,12.0,,,,,,,,,,,,,,,,lint,,,,,,,,,,,,,,,,,,,,,,,,,,"{'item_count_7_20': {'name': 'item_count_7_20', 'applicable': True, 'passed': True, 'reason': ''}}",0.9166666666666666,0.0,1.0,1.0,0.08333333333333333,0.0,0.0,0.0,0.0,0.4028714895248413,0.08333333333333333,1.0,0.0,1.0,1.0,1.0,1.0,1.0,1.0,0.0,1.0,1.0,1.0,38.0,[]
med-64de5a90cbca,rar_medicine,shipped,10.0,,,,,,,,,,,,,,,,lint,,,,,,,,,,,,,,,,,,,,,,,,,,"{'item_count_7_20': {'name': 'item_count_7_20', 'applicable': True, 'passed': True, 'reason': ''}}",0.9,0.0,1.0,0.0,0.2,0.0,0.0,0.0,0.0,0.3969550132751465,0.2,1.0,0.1,1.0,1.0,1.0,1.0,1.0,1.0,0.5,1.0,1.0,1.0,20.0,[]
med-64de5a90cbca,rar_medicine,baseline,10.0,,,,,,,,,,,,,,,,lint,,,,,,,,,,,,,,,,,,,,,,,,,,"{'item_count_7_20': {'name': 'item_count_7_20', 'applicable': True, 'passed': True, 'reason': ''}}",0.6,0.0,1.0,0.0,0.2,0.0,0.0,0.0,0.0,0.43709373474121094,0.2,0.6,0.0,1.0,1.0,1.0,1.0,1.0,0.6,1.0,1.0,1.0,1.0,13.0,[]
med-64de5a90cbca,rar_medicine,agentic,15.0,,,,,,,,,,,,,,,,lint,,,,,,,,,,,,,,,,,,,,,,,,,,"{'item_count_7_20': {'name': 'item_count_7_20', 'applicable': True, 'passed': True, 'reason': ''}}",0.4,0.0,1.0,1.0,0.2,1.0,0.24390243902439024,0.0,0.0,0.4470621943473816,0.2,0.6,0.0,1.0,1.0,1.0,1.0,1.0,0.6,0.0,1.0,1.0,0.9333333333333333,41.0,[]
med-64de5a90cbca,rar_medicine,agentic-tools,14.0,,,,,,,,,,,,,,,,lint,,,,,,,,,,,,,,,,,,,,,,,,,,"{'item_count_7_20': {'name': 'item_count_7_20', 'applicable': True, 'passed': True, 'reason': ''}}",0.7142857142857143,0.0,1.0,1.0,0.14285714285714285,1.0,0.08888888888888889,0.0,0.0,0.5728732347488403,0.14285714285714285,0.9285714285714286,0.0,1.0,1.0,1.0,1.0,1.0,0.9285714285714286,0.0,1.0,0.9285714285714286,0.9285714285714286,45.0,[]
med-70fca288ce5a,rar_medicine,shipped,8.0,,,,,,,,,,,,,,,,lint,,,,,,,,,,,,,,,,,,,,,,,,,,"{'item_count_7_20': {'name': 'item_count_7_20', 'applicable': True, 'passed': True, 'reason': ''}}",0.875,0.0,1.0,0.0,0.125,0.0,0.0,0.0,0.0,0.1878879964351654,0.125,1.0,0.0,1.0,1.0,1.0,1.0,1.0,1.0,1.0,1.0,1.0,0.875,16.0,[]
med-70fca288ce5a,rar_medicine,baseline,11.0,,,,,,,,,,,,,,,,lint,,,,,,,,,,,,,,,,,,,,,,,,,,"{'item_count_7_20': {'name': 'item_count_7_20', 'applicable': True, 'passed': True, 'reason': ''}}",0.8181818181818182,0.0,1.0,0.0,0.2727272727272727,0.0,0.0,0.0,0.0,0.47847864031791687,0.2727272727272727,1.0,0.0,1.0,0.9090909090909091,1.0,1.0,1.0,1.0,1.0,1.0,1.0,0.9090909090909091,19.0,[]
med-70fca288ce5a,rar_medicine,agentic,8.0,,,,,,,,,,,,,,,,lint,,,,,,,,,,,,,,,,,,,,,,,,,,"{'item_count_7_20': {'name': 'item_count_7_20', 'applicable': True, 'passed': True, 'reason': ''}}",0.375,0.0,1.0,1.0,0.25,1.0,0.1111111111111111,0.0,0.0,0.4270046055316925,0.25,0.875,0.0,1.0,0.875,0.875,1.0,1.0,0.875,0.0,1.0,0.75,1.0,9.0,[]
med-70fca288ce5a,rar_medicine,agentic-tools,12.0,,,,,,,,,,,,,,,,lint,,,,,,,,,,,,,,,,,,,,,,,,,,"{'item_count_7_20': {'name': 'item_count_7_20', 'applicable': True, 'passed': True, 'reason': ''}}",0.5833333333333334,0.0,1.0,1.0,0.25,1.0,0.041666666666666664,0.0,0.0,0.378505140542984,0.25,0.9166666666666666,0.0,1.0,1.0,0.9166666666666666,1.0,1.0,0.9166666666666666,0.0,1.0,1.0,1.0,24.0,[]
med-8087bfa21ada,rar_medicine,shipped,9.0,,,,,,,,,,,,,,,,lint,,,,,,,,,,,,,,,,,,,,,,,,,,"{'item_count_7_20': {'name': 'item_count_7_20', 'applicable': True, 'passed': True, 'reason': ''}}",0.8888888888888888,0.0,1.0,0.0,0.1111111111111111,0.0,0.0,0.0,0.0,0.37257125973701477,0.1111111111111111,1.0,0.0,1.0,0.8888888888888888,1.0,1.0,1.0,1.0,1.0,1.0,1.0,1.0,20.0,[]
med-8087bfa21ada,rar_medicine,baseline,8.0,,,,,,,,,,,,,,,,lint,,,,,,,,,,,,,,,,,,,,,,,,,,"{'item_count_7_20': {'name': 'item_count_7_20', 'applicable': True, 'passed': True, 'reason': ''}}",0.875,0.0,1.0,0.0,0.25,0.0,0.0,1.0,1.0,0.7199192047119141,0.25,1.0,0.0,1.0,1.0,1.0,1.0,1.0,1.0,0.5,1.0,1.0,1.0,11.0,"[{'pitfall_index': 5, 'positive_index': 1, 'similarity': 0.7199192047119141}]"
med-8087bfa21ada,rar_medicine,agentic,15.0,,,,,,,,,,,,,,,,lint,,,,,,,,,,,,,,,,,,,,,,,,,,"{'item_count_7_20': {'name': 'item_count_7_20', 'applicable': True, 'passed': True, 'reason': ''}}",0.3333333333333333,0.0,1.0,1.0,0.2,1.0,0.1951219512195122,1.0,1.0,0.6614969968795776,0.2,0.6,0.0,1.0,1.0,1.0,1.0,1.0,0.6,0.0,1.0,0.8,1.0,41.0,"[{'pitfall_index': 13, 'positive_index': 7, 'similarity': 0.6614969968795776}]"
med-8087bfa21ada,rar_medicine,agentic-tools,6.0,,,,,,,,,,,,,,,,lint,,,,,,,,,,,,,,,,,,,,,,,,,,"{'item_count_7_20': {'name': 'item_count_7_20', 'applicable': True, 'passed': False, 'reason': '6 items'}}",0.5,0.0,0.0,1.0,0.16666666666666666,0.0,0.0,1.0,1.0,0.713134229183197,0.16666666666666666,0.6666666666666666,0.0,0.0,1.0,1.0,1.0,1.0,0.6666666666666666,0.0,1.0,1.0,1.0,6.0,"[{'pitfall_index': 5, 'positive_index': 2, 'similarity': 0.713134229183197}]"
med-9eeced93c38b,rar_medicine,shipped,10.0,,,,,,,,,,,,,,,,lint,,,,,,,,,,,,,,,,,,,,,,,,,,"{'item_count_7_20': {'name': 'item_count_7_20', 'applicable': True, 'passed': True, 'reason': ''}}",0.7,0.0,1.0,0.0,0.1,0.0,0.0,1.0,1.0,0.6094438433647156,0.1,1.0,0.0,1.0,0.9,1.0,1.0,1.0,1.0,1.0,1.0,0.8,1.0,26.0,"[{'pitfall_index': 8, 'positive_index': 0, 'similarity': 0.6094438433647156}]"
med-9eeced93c38b,rar_medicine,baseline,7.0,,,,,,,,,,,,,,,,lint,,,,,,,,,,,,,,,,,,,,,,,,,,"{'item_count_7_20': {'name': 'item_count_7_20', 'applicable': True, 'passed': True, 'reason': ''}}",0.7142857142857143,0.0,1.0,0.0,0.2857142857142857,0.0,0.0,1.0,1.0,0.63373202085495,0.2857142857142857,1.0,0.0,1.0,1.0,1.0,1.0,1.0,1.0,0.5,1.0,0.8571428571428571,1.0,8.0,"[{'pitfall_index': 5, 'positive_index': 1, 'similarity': 0.63373202085495}]"
med-9eeced93c38b,rar_medicine,agentic,8.0,,,,,,,,,,,,,,,,lint,,,,,,,,,,,,,,,,,,,,,,,,,,"{'item_count_7_20': {'name': 'item_count_7_20', 'applicable': True, 'passed': True, 'reason': ''}}",0.5,0.0,1.0,1.0,0.25,0.0,0.0,0.0,0.0,0.3548583686351776,0.25,0.875,0.0,1.0,1.0,1.0,1.0,1.0,0.875,0.0,1.0,0.875,1.0,9.0,[]
med-9eeced93c38b,rar_medicine,agentic-tools,6.0,,,,,,,,,,,,,,,,lint,,,,,,,,,,,,,,,,,,,,,,,,,,"{'item_count_7_20': {'name': 'item_count_7_20', 'applicable': True, 'passed': False, 'reason': '6 items'}}",0.6666666666666666,0.0,0.0,1.0,0.16666666666666666,1.0,0.25,0.0,0.0,0.4678371846675873,0.16666666666666666,0.8333333333333334,0.0,0.0,1.0,1.0,1.0,1.0,0.8333333333333334,0.0,1.0,1.0,1.0,4.0,[]
med-a05b680eb6c1,rar_medicine,shipped,10.0,,,,,,,,,,,,,,,,lint,,,,,,,,,,,,,,,,,,,,,,,,,,"{'item_count_7_20': {'name': 'item_count_7_20', 'applicable': True, 'passed': True, 'reason': ''}}",0.7,0.0,1.0,0.0,0.2,0.0,0.0,1.0,1.0,0.8550847768783569,0.2,1.0,0.0,1.0,1.0,1.0,1.0,1.0,1.0,1.0,1.0,0.7,1.0,19.0,"[{'pitfall_index': 9, 'positive_index': 1, 'similarity': 0.8550847768783569}]"
med-a05b680eb6c1,rar_medicine,baseline,9.0,,,,,,,,,,,,,,,,lint,,,,,,,,,,,,,,,,,,,,,,,,,,"{'item_count_7_20': {'name': 'item_count_7_20', 'applicable': True, 'passed': True, 'reason': ''}}",0.8888888888888888,0.0,1.0,0.0,0.1111111111111111,0.0,0.0,0.0,0.0,0.24876590073108673,0.1111111111111111,1.0,0.0,1.0,1.0,1.0,1.0,1.0,1.0,1.0,1.0,0.8888888888888888,1.0,21.0,[]
med-a05b680eb6c1,rar_medicine,agentic,15.0,,,,,,,,,,,,,,,,lint,,,,,,,,,,,,,,,,,,,,,,,,,,"{'item_count_7_20': {'name': 'item_count_7_20', 'applicable': True, 'passed': True, 'reason': ''}}",0.26666666666666666,0.0,1.0,1.0,0.2,0.0,0.0,1.0,1.0,0.6633609533309937,0.2,0.6,0.0,1.0,1.0,1.0,1.0,1.0,0.6,0.0,1.0,0.7333333333333333,1.0,21.0,"[{'pitfall_index': 13, 'positive_index': 0, 'similarity': 0.6633609533309937}]"
med-a05b680eb6c1,rar_medicine,agentic-tools,16.0,,,,,,,,,,,,,,,,lint,,,,,,,,,,,,,,,,,,,,,,,,,,"{'item_count_7_20': {'name': 'item_count_7_20', 'applicable': True, 'passed': True, 'reason': ''}}",0.5,0.0,1.0,1.0,0.125,0.0,0.0,0.0,0.0,0.465302050113678,0.125,0.75,0.0,1.0,1.0,1.0,1.0,1.0,0.75,0.0,1.0,0.6875,0.875,35.0,[]
med-b21da7abe861,rar_medicine,shipped,10.0,,,,,,,,,,,,,,,,lint,,,,,,,,,,,,,,,,,,,,,,,,,,"{'item_count_7_20': {'name': 'item_count_7_20', 'applicable': True, 'passed': True, 'reason': ''}}",0.9,0.0,1.0,0.0,0.1,0.0,0.0,0.0,0.0,0.18538370728492737,0.1,1.0,0.0,1.0,1.0,1.0,1.0,1.0,1.0,0.0,1.0,1.0,1.0,26.0,[]
med-b21da7abe861,rar_medicine,baseline,8.0,,,,,,,,,,,,,,,,lint,,,,,,,,,,,,,,,,,,,,,,,,,,"{'item_count_7_20': {'name': 'item_count_7_20', 'applicable': True, 'passed': True, 'reason': ''}}",0.875,0.0,1.0,0.0,0.25,0.0,0.0,1.0,1.0,0.6303660869598389,0.25,1.0,0.0,1.0,1.0,1.0,1.0,1.0,1.0,1.0,1.0,0.875,1.0,11.0,"[{'pitfall_index': 7, 'positive_index': 0, 'similarity': 0.6303660869598389}]"
med-b21da7abe861,rar_medicine,agentic,11.0,,,,,,,,,,,,,,,,lint,,,,,,,,,,,,,,,,,,,,,,,,,,"{'item_count_7_20': {'name': 'item_count_7_20', 'applicable': True, 'passed': True, 'reason': ''}}",0.45454545454545453,0.0,1.0,1.0,0.18181818181818182,1.0,0.1,1.0,1.0,0.6730726957321167,0.18181818181818182,0.9090909090909091,0.0,1.0,0.7272727272727273,1.0,1.0,1.0,0.9090909090909091,0.0,1.0,0.8181818181818182,1.0,20.0,"[{'pitfall_index': 9, 'positive_index': 0, 'similarity': 0.6730726957321167}]"
med-b21da7abe861,rar_medicine,agentic-tools,10.0,,,,,,,,,,,,,,,,lint,,,,,,,,,,,,,,,,,,,,,,,,,,"{'item_count_7_20': {'name': 'item_count_7_20', 'applicable': True, 'passed': True, 'reason': ''}}",0.4,0.0,1.0,1.0,0.1,0.0,0.0,0.0,0.0,0.3513139486312866,0.1,1.0,0.0,1.0,0.4,1.0,1.0,1.0,1.0,0.0,1.0,1.0,1.0,24.0,[]
med-b78dbf37f022,rar_medicine,shipped,7.0,,,,,,,,,,,,,,,,lint,,,,,,,,,,,,,,,,,,,,,,,,,,"{'item_count_7_20': {'name': 'item_count_7_20', 'applicable': True, 'passed': True, 'reason': ''}}",1.0,1.0,1.0,0.0,0.14285714285714285,0.0,0.0,0.0,0.0,0.28412163257598877,0.14285714285714285,1.0,0.0,1.0,1.0,1.0,1.0,1.0,1.0,1.0,1.0,1.0,1.0,11.0,[]
med-b78dbf37f022,rar_medicine,baseline,6.0,,,,,,,,,,,,,,,,lint,,,,,,,,,,,,,,,,,,,,,,,,,,"{'item_count_7_20': {'name': 'item_count_7_20', 'applicable': True, 'passed': False, 'reason': '6 items'}}",0.5,0.0,0.0,0.0,0.16666666666666666,0.0,0.0,0.0,0.0,0.5293310880661011,0.16666666666666666,1.0,0.0,0.0,1.0,1.0,1.0,1.0,1.0,1.0,1.0,0.6666666666666666,0.8333333333333334,8.0,[]
med-b78dbf37f022,rar_medicine,agentic,14.0,,,,,,,,,,,,,,,,lint,,,,,,,,,,,,,,,,,,,,,,,,,,"{'item_count_7_20': {'name': 'item_count_7_20', 'applicable': True, 'passed': True, 'reason': ''}}",0.42857142857142855,0.0,1.0,1.0,0.21428571428571427,1.0,0.1,1.0,2.0,0.8660018444061279,0.21428571428571427,0.8571428571428571,0.0,1.0,1.0,1.0,1.0,1.0,0.8571428571428571,0.0,1.0,0.7857142857142857,1.0,40.0,"[{'pitfall_index': 10, 'positive_index': 0, 'similarity': 0.6049624681472778}, {'pitfall_index': 11, 'positive_index': 1, 'similarity': 0.8660018444061279}]"
med-b78dbf37f022,rar_medicine,agentic-tools,15.0,,,,,,,,,,,,,,,,lint,,,,,,,,,,,,,,,,,,,,,,,,,,"{'item_count_7_20': {'name': 'item_count_7_20', 'applicable': True, 'passed': True, 'reason': ''}}",0.6666666666666666,0.0,1.0,1.0,0.2,0.0,0.0,1.0,1.0,0.7049959301948547,0.2,1.0,0.0,1.0,1.0,1.0,1.0,1.0,1.0,0.0,1.0,0.8666666666666667,1.0,41.0,"[{'pitfall_index': 11, 'positive_index': 1, 'similarity': 0.7049959301948547}]"
med-b89d3eed861e,rar_medicine,shipped,14.0,,,,,,,,,,,,,,,,lint,,,,,,,,,,,,,,,,,,,,,,,,,,"{'item_count_7_20': {'name': 'item_count_7_20', 'applicable': True, 'passed': True, 'reason': ''}}",0.9285714285714286,0.0,1.0,0.0,0.07142857142857142,0.0,0.0,0.0,0.0,0.3961796164512634,0.07142857142857142,1.0,0.0,1.0,0.9285714285714286,1.0,1.0,1.0,1.0,1.0,1.0,1.0,1.0,40.0,[]
med-b89d3eed861e,rar_medicine,baseline,13.0,,,,,,,,,,,,,,,,lint,,,,,,,,,,,,,,,,,,,,,,,,,,"{'item_count_7_20': {'name': 'item_count_7_20', 'applicable': True, 'passed': True, 'reason': ''}}",0.8461538461538461,0.0,1.0,0.0,0.15384615384615385,1.0,0.3076923076923077,0.0,0.0,0.5821597576141357,0.15384615384615385,0.9230769230769231,0.0,1.0,0.9230769230769231,1.0,1.0,1.0,0.9230769230769231,1.0,1.0,0.9230769230769231,1.0,26.0,[]
med-b89d3eed861e,rar_medicine,agentic,8.0,,,,,,,,,,,,,,,,lint,,,,,,,,,,,,,,,,,,,,,,,,,,"{'item_count_7_20': {'name': 'item_count_7_20', 'applicable': True, 'passed': True, 'reason': ''}}",0.375,0.0,1.0,1.0,0.125,1.0,0.2,0.0,0.0,0.5721001029014587,0.125,0.625,0.0,1.0,1.0,1.0,1.0,1.0,0.625,0.0,1.0,0.875,1.0,10.0,[]
med-b89d3eed861e,rar_medicine,agentic-tools,8.0,,,,,,,,,,,,,,,,lint,,,,,,,,,,,,,,,,,,,,,,,,,,"{'item_count_7_20': {'name': 'item_count_7_20', 'applicable': True, 'passed': True, 'reason': ''}}",0.625,0.0,1.0,1.0,0.125,1.0,0.06666666666666667,1.0,1.0,0.7024749517440796,0.125,0.875,0.0,1.0,1.0,1.0,1.0,1.0,0.875,0.0,1.0,0.875,1.0,15.0,"[{'pitfall_index': 7, 'positive_index': 4, 'similarity': 0.7024749517440796}]"
med-c18f142a5a38,rar_medicine,shipped,10.0,,,,,,,,,,,,,,,,lint,,,,,,,,,,,,,,,,,,,,,,,,,,"{'item_count_7_20': {'name': 'item_count_7_20', 'applicable': True, 'passed': True, 'reason': ''}}",1.0,1.0,1.0,0.0,0.2,0.0,0.0,0.0,0.0,0.32797497510910034,0.2,1.0,0.0,1.0,1.0,1.0,1.0,1.0,1.0,1.0,1.0,1.0,1.0,21.0,[]
med-c18f142a5a38,rar_medicine,baseline,8.0,,,,,,,,,,,,,,,,lint,,,,,,,,,,,,,,,,,,,,,,,,,,"{'item_count_7_20': {'name': 'item_count_7_20', 'applicable': True, 'passed': True, 'reason': ''}}",1.0,1.0,1.0,0.0,0.25,0.0,0.0,0.0,0.0,0.335652619600296,0.25,1.0,0.0,1.0,1.0,1.0,1.0,1.0,1.0,1.0,1.0,1.0,1.0,11.0,[]
med-c18f142a5a38,rar_medicine,agentic,6.0,,,,,,,,,,,,,,,,lint,,,,,,,,,,,,,,,,,,,,,,,,,,"{'item_count_7_20': {'name': 'item_count_7_20', 'applicable': True, 'passed': False, 'reason': '6 items'}}",0.3333333333333333,0.0,0.0,1.0,0.5,0.0,0.0,0.0,0.0,0.21964196860790253,0.5,0.8333333333333334,0.0,0.0,1.0,1.0,1.0,1.0,0.8333333333333334,0.0,1.0,1.0,1.0,2.0,[]
med-c18f142a5a38,rar_medicine,agentic-tools,6.0,,,,,,,,,,,,,,,,lint,,,,,,,,,,,,,,,,,,,,,,,,,,"{'item_count_7_20': {'name': 'item_count_7_20', 'applicable': True, 'passed': False, 'reason': '6 items'}}",0.6666666666666666,0.0,0.0,1.0,0.3333333333333333,0.0,0.0,0.0,0.0,0.38509249687194824,0.3333333333333333,1.0,0.0,0.0,1.0,1.0,1.0,1.0,1.0,0.0,1.0,1.0,1.0,5.0,[]
med-c284c536782e,rar_medicine,shipped,8.0,,,,,,,,,,,,,,,,lint,,,,,,,,,,,,,,,,,,,,,,,,,,"{'item_count_7_20': {'name': 'item_count_7_20', 'applicable': True, 'passed': True, 'reason': ''}}",0.75,0.0,1.0,0.0,0.125,0.0,0.0,0.0,0.0,0.5894799828529358,0.125,1.0,0.0,1.0,0.75,1.0,1.0,1.0,1.0,1.0,1.0,1.0,1.0,15.0,[]
med-c284c536782e,rar_medicine,baseline,7.0,,,,,,,,,,,,,,,,lint,,,,,,,,,,,,,,,,,,,,,,,,,,"{'item_count_7_20': {'name': 'item_count_7_20', 'applicable': True, 'passed': True, 'reason': ''}}",0.7142857142857143,0.0,1.0,0.0,0.2857142857142857,0.0,0.0,0.0,0.0,0.5405571460723877,0.2857142857142857,1.0,0.0,1.0,0.8571428571428571,1.0,1.0,1.0,1.0,0.5,1.0,1.0,1.0,8.0,[]
med-c284c536782e,rar_medicine,agentic,6.0,,,,,,,,,,,,,,,,lint,,,,,,,,,,,,,,,,,,,,,,,,,,"{'item_count_7_20': {'name': 'item_count_7_20', 'applicable': True, 'passed': False, 'reason': '6 items'}}",0.3333333333333333,0.0,0.0,1.0,0.16666666666666666,0.0,0.0,1.0,1.0,0.7570540904998779,0.16666666666666666,0.8333333333333334,0.0,0.0,0.8333333333333334,1.0,1.0,1.0,0.8333333333333334,0.0,1.0,0.6666666666666666,1.0,6.0,"[{'pitfall_index': 5, 'positive_index': 0, 'similarity': 0.7570540904998779}]"
med-c284c536782e,rar_medicine,agentic-tools,6.0,,,,,,,,,,,,,,,,lint,,,,,,,,,,,,,,,,,,,,,,,,,,"{'item_count_7_20': {'name': 'item_count_7_20', 'applicable': True, 'passed': False, 'reason': '6 items'}}",0.3333333333333333,0.0,0.0,1.0,0.16666666666666666,1.0,0.5,1.0,1.0,0.707770586013794,0.16666666666666666,0.8333333333333334,0.0,0.0,1.0,1.0,1.0,1.0,0.8333333333333334,0.0,1.0,0.6666666666666666,1.0,6.0,"[{'pitfall_index': 4, 'positive_index': 0, 'similarity': 0.707770586013794}]"
med-c55945849375,rar_medicine,shipped,10.0,,,,,,,,,,,,,,,,lint,,,,,,,,,,,,,,,,,,,,,,,,,,"{'item_count_7_20': {'name': 'item_count_7_20', 'applicable': True, 'passed': True, 'reason': ''}}",1.0,1.0,1.0,0.0,0.1,0.0,0.0,0.0,0.0,0.43452024459838867,0.1,1.0,0.0,1.0,1.0,1.0,1.0,1.0,1.0,1.0,1.0,1.0,1.0,27.0,[]
med-c55945849375,rar_medicine,baseline,10.0,,,,,,,,,,,,,,,,lint,,,,,,,,,,,,,,,,,,,,,,,,,,"{'item_count_7_20': {'name': 'item_count_7_20', 'applicable': True, 'passed': True, 'reason': ''}}",0.8,0.0,1.0,0.0,0.2,0.0,0.0,0.0,0.0,0.5483849048614502,0.2,1.0,0.0,1.0,1.0,1.0,1.0,1.0,1.0,1.0,1.0,0.8,1.0,19.0,[]
med-c55945849375,rar_medicine,agentic,14.0,,,,,,,,,,,,,,,,lint,,,,,,,,,,,,,,,,,,,,,,,,,,"{'item_count_7_20': {'name': 'item_count_7_20', 'applicable': True, 'passed': True, 'reason': ''}}",0.2857142857142857,0.0,1.0,1.0,0.21428571428571427,1.0,0.2857142857142857,0.0,0.0,0.47987034916877747,0.21428571428571427,0.7142857142857143,0.0,1.0,1.0,1.0,1.0,1.0,0.7142857142857143,0.0,1.0,0.6428571428571429,1.0,35.0,[]
med-c55945849375,rar_medicine,agentic-tools,8.0,,,,,,,,,,,,,,,,lint,,,,,,,,,,,,,,,,,,,,,,,,,,"{'item_count_7_20': {'name': 'item_count_7_20', 'applicable': True, 'passed': True, 'reason': ''}}",0.875,0.0,1.0,1.0,0.0,0.0,0.0,0.0,0.0,0.0,0.0,0.875,0.0,1.0,1.0,1.0,1.0,1.0,0.875,,1.0,1.0,1.0,17.0,[]
med-c5613cc475ed,rar_medicine,shipped,12.0,,,,,,,,,,,,,,,,lint,,,,,,,,,,,,,,,,,,,,,,,,,,"{'item_count_7_20': {'name': 'item_count_7_20', 'applicable': True, 'passed': True, 'reason': ''}}",0.8333333333333334,0.0,1.0,0.0,0.08333333333333333,0.0,0.0,0.0,0.0,0.24631014466285706,0.08333333333333333,1.0,0.0,1.0,0.9166666666666666,1.0,1.0,1.0,1.0,1.0,1.0,0.9166666666666666,1.0,40.0,[]
med-c5613cc475ed,rar_medicine,baseline,12.0,,,,,,,,,,,,,,,,lint,,,,,,,,,,,,,,,,,,,,,,,,,,"{'item_count_7_20': {'name': 'item_count_7_20', 'applicable': True, 'passed': True, 'reason': ''}}",0.75,0.0,1.0,0.0,0.16666666666666666,0.0,0.0,0.0,0.0,0.5092687606811523,0.16666666666666666,0.8333333333333334,0.0,1.0,1.0,1.0,1.0,1.0,0.8333333333333334,1.0,1.0,0.8333333333333334,1.0,31.0,[]
med-c5613cc475ed,rar_medicine,agentic,7.0,,,,,,,,,,,,,,,,lint,,,,,,,,,,,,,,,,,,,,,,,,,,"{'item_count_7_20': {'name': 'item_count_7_20', 'applicable': True, 'passed': True, 'reason': ''}}",0.0,0.0,1.0,1.0,0.14285714285714285,0.0,0.0,0.0,0.0,0.5311019420623779,0.14285714285714285,0.42857142857142855,0.0,1.0,0.5714285714285714,1.0,1.0,1.0,0.42857142857142855,0.0,1.0,0.8571428571428571,1.0,8.0,[]
med-c5613cc475ed,rar_medicine,agentic-tools,7.0,,,,,,,,,,,,,,,,lint,,,,,,,,,,,,,,,,,,,,,,,,,,"{'item_count_7_20': {'name': 'item_count_7_20', 'applicable': True, 'passed': True, 'reason': ''}}",0.8571428571428571,0.0,1.0,1.0,0.0,1.0,0.06666666666666667,0.0,0.0,0.0,0.0,0.8571428571428571,0.0,1.0,1.0,1.0,1.0,1.0,0.8571428571428571,,1.0,1.0,1.0,15.0,[]
med-cbdf1f80d3c5,rar_medicine,shipped,7.0,,,,,,,,,,,,,,,,lint,,,,,,,,,,,,,,,,,,,,,,,,,,"{'item_count_7_20': {'name': 'item_count_7_20', 'applicable': True, 'passed': True, 'reason': ''}}",0.8571428571428571,0.0,1.0,0.0,0.14285714285714285,0.0,0.0,0.0,0.0,0.49363505840301514,0.14285714285714285,1.0,0.0,1.0,0.8571428571428571,1.0,1.0,1.0,1.0,1.0,1.0,1.0,1.0,11.0,[]
med-cbdf1f80d3c5,rar_medicine,baseline,7.0,,,,,,,,,,,,,,,,lint,,,,,,,,,,,,,,,,,,,,,,,,,,"{'item_count_7_20': {'name': 'item_count_7_20', 'applicable': True, 'passed': True, 'reason': ''}}",1.0,1.0,1.0,0.0,0.2857142857142857,0.0,0.0,1.0,1.0,0.6843340396881104,0.2857142857142857,1.0,0.0,1.0,1.0,1.0,1.0,1.0,1.0,1.0,1.0,1.0,1.0,7.0,"[{'pitfall_index': 6, 'positive_index': 1, 'similarity': 0.6843340396881104}]"
med-cbdf1f80d3c5,rar_medicine,agentic,9.0,,,,,,,,,,,,,,,,lint,,,,,,,,,,,,,,,,,,,,,,,,,,"{'item_count_7_20': {'name': 'item_count_7_20', 'applicable': True, 'passed': True, 'reason': ''}}",0.6666666666666666,0.0,1.0,1.0,0.2222222222222222,0.0,0.0,0.0,0.0,0.5536367893218994,0.2222222222222222,1.0,0.0,1.0,1.0,1.0,1.0,1.0,1.0,0.0,1.0,0.8888888888888888,0.8888888888888888,16.0,[]
med-cbdf1f80d3c5,rar_medicine,agentic-tools,9.0,,,,,,,,,,,,,,,,lint,,,,,,,,,,,,,,,,,,,,,,,,,,"{'item_count_7_20': {'name': 'item_count_7_20', 'applicable': True, 'passed': True, 'reason': ''}}",0.4444444444444444,0.0,1.0,1.0,0.0,1.0,0.13333333333333333,0.0,0.0,0.0,0.0,0.7777777777777778,0.0,1.0,1.0,1.0,1.0,1.0,0.7777777777777778,,1.0,0.6666666666666666,1.0,15.0,[]
med-cbe76ed81c5b,rar_medicine,shipped,9.0,,,,,,,,,,,,,,,,lint,,,,,,,,,,,,,,,,,,,,,,,,,,"{'item_count_7_20': {'name': 'item_count_7_20', 'applicable': True, 'passed': True, 'reason': ''}}",0.5555555555555556,0.0,1.0,1.0,0.2222222222222222,0.0,0.0,0.0,0.0,0.3511587977409363,0.2222222222222222,1.0,0.2222222222222222,1.0,1.0,1.0,1.0,1.0,1.0,0.0,1.0,0.7777777777777778,1.0,14.0,[]
med-cbe76ed81c5b,rar_medicine,baseline,9.0,,,,,,,,,,,,,,,,lint,,,,,,,,,,,,,,,,,,,,,,,,,,"{'item_count_7_20': {'name': 'item_count_7_20', 'applicable': True, 'passed': True, 'reason': ''}}",0.8888888888888888,0.0,1.0,0.0,0.2222222222222222,0.0,0.0,0.0,0.0,0.44211775064468384,0.2222222222222222,1.0,0.0,1.0,1.0,1.0,1.0,1.0,1.0,0.5,1.0,1.0,1.0,16.0,[]
med-cbe76ed81c5b,rar_medicine,agentic,9.0,,,,,,,,,,,,,,,,lint,,,,,,,,,,,,,,,,,,,,,,,,,,"{'item_count_7_20': {'name': 'item_count_7_20', 'applicable': True, 'passed': True, 'reason': ''}}",0.4444444444444444,0.0,1.0,1.0,0.2222222222222222,1.0,0.0625,0.0,0.0,0.40553176403045654,0.2222222222222222,0.8888888888888888,0.0,1.0,0.8888888888888888,1.0,1.0,1.0,0.8888888888888888,0.0,1.0,0.8888888888888888,1.0,16.0,[]
med-cbe76ed81c5b,rar_medicine,agentic-tools,6.0,,,,,,,,,,,,,,,,lint,,,,,,,,,,,,,,,,,,,,,,,,,,"{'item_count_7_20': {'name': 'item_count_7_20', 'applicable': True, 'passed': False, 'reason': '6 items'}}",0.16666666666666666,0.0,0.0,1.0,0.6666666666666666,0.0,,0.0,0.0,0.5942972302436829,0.6666666666666666,0.8333333333333334,0.0,0.0,1.0,1.0,1.0,1.0,0.8333333333333334,0.0,1.0,1.0,1.0,0.0,[]
med-cc0494519c68,rar_medicine,shipped,10.0,,,,,,,,,,,,,,,,lint,,,,,,,,,,,,,,,,,,,,,,,,,,"{'item_count_7_20': {'name': 'item_count_7_20', 'applicable': True, 'passed': True, 'reason': ''}}",0.7,0.0,1.0,0.0,0.1,0.0,0.0,1.0,1.0,0.6273770332336426,0.1,1.0,0.0,1.0,1.0,1.0,1.0,1.0,1.0,1.0,1.0,0.7,1.0,24.0,"[{'pitfall_index': 8, 'positive_index': 0, 'similarity': 0.6273770332336426}]"
med-cc0494519c68,rar_medicine,baseline,10.0,,,,,,,,,,,,,,,,lint,,,,,,,,,,,,,,,,,,,,,,,,,,"{'item_count_7_20': {'name': 'item_count_7_20', 'applicable': True, 'passed': True, 'reason': ''}}",1.0,1.0,1.0,0.0,0.2,0.0,0.0,0.0,0.0,0.5505003929138184,0.2,1.0,0.0,1.0,1.0,1.0,1.0,1.0,1.0,1.0,1.0,1.0,1.0,20.0,[]
med-cc0494519c68,rar_medicine,agentic,11.0,,,,,,,,,,,,,,,,lint,,,,,,,,,,,,,,,,,,,,,,,,,,"{'item_count_7_20': {'name': 'item_count_7_20', 'applicable': True, 'passed': True, 'reason': ''}}",0.6363636363636364,0.0,1.0,1.0,0.18181818181818182,0.0,0.0,1.0,2.0,0.6234633922576904,0.18181818181818182,1.0,0.0,1.0,0.7272727272727273,1.0,1.0,1.0,1.0,0.0,1.0,0.8181818181818182,1.0,24.0,"[{'pitfall_index': 9, 'positive_index': 2, 'similarity': 0.6049125790596008}, {'pitfall_index': 9, 'positive_index': 3, 'similarity': 0.6234633922576904}]"
med-cc0494519c68,rar_medicine,agentic-tools,11.0,,,,,,,,,,,,,,,,lint,,,,,,,,,,,,,,,,,,,,,,,,,,"{'item_count_7_20': {'name': 'item_count_7_20', 'applicable': True, 'passed': True, 'reason': ''}}",0.5454545454545454,0.0,1.0,1.0,0.2727272727272727,1.0,0.10526315789473684,0.0,0.0,0.39605817198753357,0.2727272727272727,0.9090909090909091,0.0,1.0,0.9090909090909091,1.0,1.0,1.0,0.9090909090909091,0.0,1.0,0.9090909090909091,1.0,19.0,[]
med-d078d9e5c01b,rar_medicine,shipped,7.0,,,,,,,,,,,,,,,,lint,,,,,,,,,,,,,,,,,,,,,,,,,,"{'item_count_7_20': {'name': 'item_count_7_20', 'applicable': True, 'passed': True, 'reason': ''}}",0.7142857142857143,0.0,1.0,0.0,0.14285714285714285,0.0,0.0,0.0,0.0,0.5284783244132996,0.14285714285714285,1.0,0.0,1.0,0.8571428571428571,1.0,1.0,1.0,1.0,1.0,1.0,0.8571428571428571,1.0,12.0,[]
med-d078d9e5c01b,rar_medicine,baseline,6.0,,,,,,,,,,,,,,,,lint,,,,,,,,,,,,,,,,,,,,,,,,,,"{'item_count_7_20': {'name': 'item_count_7_20', 'applicable': True, 'passed': False, 'reason': '6 items'}}",1.0,0.0,0.0,0.0,0.16666666666666666,0.0,0.0,0.0,0.0,0.2034984529018402,0.16666666666666666,1.0,0.0,0.0,1.0,1.0,1.0,1.0,1.0,1.0,1.0,1.0,1.0,8.0,[]
med-d078d9e5c01b,rar_medicine,agentic,6.0,,,,,,,,,,,,,,,,lint,,,,,,,,,,,,,,,,,,,,,,,,,,"{'item_count_7_20': {'name': 'item_count_7_20', 'applicable': True, 'passed': False, 'reason': '6 items'}}",0.5,0.0,0.0,1.0,0.16666666666666666,0.0,0.0,0.0,0.0,0.5881695747375488,0.16666666666666666,0.6666666666666666,0.0,0.0,1.0,1.0,1.0,1.0,0.6666666666666666,0.0,1.0,1.0,1.0,6.0,[]
med-d078d9e5c01b,rar_medicine,agentic-tools,4.0,,,,,,,,,,,,,,,,lint,,,,,,,,,,,,,,,,,,,,,,,,,,"{'item_count_7_20': {'name': 'item_count_7_20', 'applicable': True, 'passed': False, 'reason': '4 items'}}",0.5,0.0,0.0,1.0,0.25,1.0,0.3333333333333333,1.0,1.0,0.7034335732460022,0.25,0.75,0.0,0.0,1.0,1.0,1.0,1.0,0.75,0.0,1.0,1.0,1.0,3.0,"[{'pitfall_index': 3, 'positive_index': 2, 'similarity': 0.7034335732460022}]"
med-deb27cd3a8f9,rar_medicine,shipped,8.0,,,,,,,,,,,,,,,,lint,,,,,,,,,,,,,,,,,,,,,,,,,,"{'item_count_7_20': {'name': 'item_count_7_20', 'applicable': True, 'passed': True, 'reason': ''}}",0.875,0.0,1.0,0.0,0.125,0.0,0.0,0.0,0.0,0.49646010994911194,0.125,1.0,0.0,1.0,0.875,1.0,1.0,1.0,1.0,1.0,1.0,1.0,1.0,16.0,[]
med-deb27cd3a8f9,rar_medicine,baseline,5.0,,,,,,,,,,,,,,,,lint,,,,,,,,,,,,,,,,,,,,,,,,,,"{'item_count_7_20': {'name': 'item_count_7_20', 'applicable': True, 'passed': False, 'reason': '5 items'}}",0.8,0.0,0.0,0.0,0.2,0.0,0.0,1.0,1.0,0.7964606285095215,0.2,1.0,0.0,0.0,1.0,1.0,1.0,1.0,1.0,1.0,1.0,0.75,1.0,5.0,"[{'pitfall_index': 4, 'positive_index': 0, 'similarity': 0.7964606285095215}]"
med-deb27cd3a8f9,rar_medicine,agentic,7.0,,,,,,,,,,,,,,,,lint,,,,,,,,,,,,,,,,,,,,,,,,,,"{'item_count_7_20': {'name': 'item_count_7_20', 'applicable': True, 'passed': True, 'reason': ''}}",0.8571428571428571,0.0,1.0,1.0,0.14285714285714285,0.0,0.0,0.0,0.0,0.49889105558395386,0.14285714285714285,1.0,0.0,1.0,1.0,1.0,1.0,1.0,1.0,0.0,1.0,1.0,1.0,12.0,[]
med-deb27cd3a8f9,rar_medicine,agentic-tools,6.0,,,,,,,,,,,,,,,,lint,,,,,,,,,,,,,,,,,,,,,,,,,,"{'item_count_7_20': {'name': 'item_count_7_20', 'applicable': True, 'passed': False, 'reason': '6 items'}}",0.5,0.0,0.0,1.0,0.3333333333333333,0.0,0.0,1.0,3.0,0.6727392077445984,0.3333333333333333,1.0,0.0,0.0,1.0,1.0,1.0,1.0,1.0,0.0,1.0,0.8333333333333334,1.0,5.0,"[{'pitfall_index': 4, 'positive_index': 0, 'similarity': 0.6277434825897217}, {'pitfall_index': 4, 'positive_index': 3, 'similarity': 0.6107895374298096}, {'pitfall_index': 5, 'positive_index': 0, 'similarity': 0.6727392077445984}]"
med-eab5c7860802,rar_medicine,shipped,9.0,,,,,,,,,,,,,,,,lint,,,,,,,,,,,,,,,,,,,,,,,,,,"{'item_count_7_20': {'name': 'item_count_7_20', 'applicable': True, 'passed': True, 'reason': ''}}",1.0,1.0,1.0,0.0,0.1111111111111111,0.0,0.0,0.0,0.0,0.06117289140820503,0.1111111111111111,1.0,0.0,1.0,1.0,1.0,1.0,1.0,1.0,1.0,1.0,1.0,1.0,21.0,[]
med-eab5c7860802,rar_medicine,baseline,8.0,,,,,,,,,,,,,,,,lint,,,,,,,,,,,,,,,,,,,,,,,,,,"{'item_count_7_20': {'name': 'item_count_7_20', 'applicable': True, 'passed': True, 'reason': ''}}",0.75,0.0,1.0,0.0,0.25,0.0,0.0,1.0,1.0,0.9373964071273804,0.25,1.0,0.0,1.0,0.875,1.0,1.0,1.0,1.0,1.0,1.0,0.875,1.0,8.0,"[{'pitfall_index': 6, 'positive_index': 0, 'similarity': 0.9373964071273804}]"
med-eab5c7860802,rar_medicine,agentic,12.0,,,,,,,,,,,,,,,,lint,,,,,,,,,,,,,,,,,,,,,,,,,,"{'item_count_7_20': {'name': 'item_count_7_20', 'applicable': True, 'passed': True, 'reason': ''}}",0.5,0.0,1.0,1.0,0.16666666666666666,1.0,0.10344827586206896,1.0,2.0,0.6678774356842041,0.16666666666666666,0.75,0.0,1.0,1.0,1.0,1.0,1.0,0.75,0.0,1.0,0.9166666666666666,1.0,29.0,"[{'pitfall_index': 10, 'positive_index': 0, 'similarity': 0.6487299203872681}, {'pitfall_index': 11, 'positive_index': 3, 'similarity': 0.6678774356842041}]"
med-eab5c7860802,rar_medicine,agentic-tools,7.0,,,,,,,,,,,,,,,,lint,,,,,,,,,,,,,,,,,,,,,,,,,,"{'item_count_7_20': {'name': 'item_count_7_20', 'applicable': True, 'passed': True, 'reason': ''}}",0.5714285714285714,0.0,1.0,1.0,0.14285714285714285,1.0,0.2727272727272727,1.0,1.0,0.6451195478439331,0.14285714285714285,0.8571428571428571,0.0,1.0,1.0,1.0,1.0,1.0,0.8571428571428571,0.0,1.0,0.8571428571428571,1.0,11.0,"[{'pitfall_index': 5, 'positive_index': 2, 'similarity': 0.6451195478439331}]"
med-f5bc99c4e922,rar_medicine,shipped,9.0,,,,,,,,,,,,,,,,lint,,,,,,,,,,,,,,,,,,,,,,,,,,"{'item_count_7_20': {'name': 'item_count_7_20', 'applicable': True, 'passed': True, 'reason': ''}}",0.6666666666666666,0.0,1.0,0.0,0.2222222222222222,0.0,0.0,1.0,2.0,0.8077242970466614,0.2222222222222222,1.0,0.0,1.0,1.0,1.0,1.0,1.0,1.0,1.0,1.0,0.6666666666666666,1.0,16.0,"[{'pitfall_index': 7, 'positive_index': 0, 'similarity': 0.6549031138420105}, {'pitfall_index': 8, 'positive_index': 1, 'similarity': 0.8077242970466614}]"
med-f5bc99c4e922,rar_medicine,baseline,6.0,,,,,,,,,,,,,,,,lint,,,,,,,,,,,,,,,,,,,,,,,,,,"{'item_count_7_20': {'name': 'item_count_7_20', 'applicable': True, 'passed': False, 'reason': '6 items'}}",1.0,0.0,0.0,0.0,0.16666666666666666,0.0,0.0,0.0,0.0,0.5747658014297485,0.16666666666666666,1.0,0.0,0.0,1.0,1.0,1.0,1.0,1.0,1.0,1.0,1.0,1.0,8.0,[]
med-f5bc99c4e922,rar_medicine,agentic,9.0,,,,,,,,,,,,,,,,lint,,,,,,,,,,,,,,,,,,,,,,,,,,"{'item_count_7_20': {'name': 'item_count_7_20', 'applicable': True, 'passed': True, 'reason': ''}}",0.4444444444444444,0.0,1.0,1.0,0.1111111111111111,1.0,0.058823529411764705,0.0,0.0,0.4689202308654785,0.1111111111111111,0.8888888888888888,0.0,1.0,0.8888888888888888,1.0,1.0,1.0,0.8888888888888888,0.0,1.0,0.7777777777777778,1.0,17.0,[]
med-f5bc99c4e922,rar_medicine,agentic-tools,9.0,,,,,,,,,,,,,,,,lint,,,,,,,,,,,,,,,,,,,,,,,,,,"{'item_count_7_20': {'name': 'item_count_7_20', 'applicable': True, 'passed': True, 'reason': ''}}",0.4444444444444444,0.0,1.0,1.0,0.2222222222222222,0.0,0.0,0.0,0.0,0.5052602291107178,0.2222222222222222,1.0,0.0,1.0,1.0,1.0,1.0,1.0,1.0,0.0,1.0,0.6666666666666666,1.0,11.0,[]
med-f6f123aa5ea7,rar_medicine,shipped,8.0,,,,,,,,,,,,,,,,lint,,,,,,,,,,,,,,,,,,,,,,,,,,"{'item_count_7_20': {'name': 'item_count_7_20', 'applicable': True, 'passed': True, 'reason': ''}}",1.0,1.0,1.0,0.0,0.25,0.0,0.0,1.0,1.0,0.6134595274925232,0.25,1.0,0.0,1.0,1.0,1.0,1.0,1.0,1.0,1.0,1.0,1.0,1.0,11.0,"[{'pitfall_index': 7, 'positive_index': 4, 'similarity': 0.6134595274925232}]"
med-f6f123aa5ea7,rar_medicine,baseline,5.0,,,,,,,,,,,,,,,,lint,,,,,,,,,,,,,,,,,,,,,,,,,,"{'item_count_7_20': {'name': 'item_count_7_20', 'applicable': True, 'passed': False, 'reason': '5 items'}}",1.0,0.0,0.0,0.0,0.2,0.0,0.0,0.0,0.0,0.27143600583076477,0.2,1.0,0.0,0.0,1.0,1.0,1.0,1.0,1.0,1.0,1.0,1.0,1.0,5.0,[]
med-f6f123aa5ea7,rar_medicine,agentic,6.0,,,,,,,,,,,,,,,,lint,,,,,,,,,,,,,,,,,,,,,,,,,,"{'item_count_7_20': {'name': 'item_count_7_20', 'applicable': True, 'passed': False, 'reason': '6 items'}}",0.8333333333333334,0.0,0.0,1.0,0.16666666666666666,0.0,0.0,0.0,0.0,0.5915322303771973,0.16666666666666666,1.0,0.0,0.0,1.0,1.0,1.0,1.0,1.0,0.0,1.0,1.0,1.0,7.0,[]
med-f6f123aa5ea7,rar_medicine,agentic-tools,9.0,,,,,,,,,,,,,,,,lint,,,,,,,,,,,,,,,,,,,,,,,,,,"{'item_count_7_20': {'name': 'item_count_7_20', 'applicable': True, 'passed': True, 'reason': ''}}",0.7777777777777778,0.0,1.0,1.0,0.2222222222222222,0.0,0.0,0.0,0.0,0.5937001705169678,0.2222222222222222,1.0,0.0,1.0,1.0,1.0,1.0,1.0,1.0,0.0,1.0,1.0,1.0,14.0,[]
sci-1074b372b376,rar_science,shipped,7.0,,,,,,,,,,,,,,,,lint,,,,,,,,,,,,,,,,,,,,,,,,,,"{'item_count_7_20': {'name': 'item_count_7_20', 'applicable': True, 'passed': True, 'reason': ''}}",1.0,1.0,1.0,1.0,0.14285714285714285,0.0,0.0,0.0,0.0,0.4442127048969269,0.14285714285714285,0.8571428571428571,0.0,1.0,1.0,1.0,1.0,1.0,,,1.0,1.0,1.0,11.0,[]
sci-1074b372b376,rar_science,baseline,10.0,,,,,,,,,,,,,,,,lint,,,,,,,,,,,,,,,,,,,,,,,,,,"{'item_count_7_20': {'name': 'item_count_7_20', 'applicable': True, 'passed': True, 'reason': ''}}",0.9,0.0,1.0,1.0,0.2,0.0,0.0,0.0,0.0,0.37792664766311646,0.2,1.0,0.2,1.0,1.0,1.0,1.0,1.0,,,1.0,0.9,1.0,20.0,[]
sci-1074b372b376,rar_science,agentic,6.0,,,,,,,,,,,,,,,,lint,,,,,,,,,,,,,,,,,,,,,,,,,,"{'item_count_7_20': {'name': 'item_count_7_20', 'applicable': True, 'passed': False, 'reason': '6 items'}}",0.8333333333333334,0.0,0.0,1.0,0.3333333333333333,0.0,,0.0,0.0,0.0,0.3333333333333333,1.0,0.0,0.0,0.8333333333333334,1.0,1.0,1.0,,,1.0,1.0,1.0,0.0,[]
sci-1074b372b376,rar_science,agentic-tools,15.0,,,,,,,,,,,,,,,,lint,,,,,,,,,,,,,,,,,,,,,,,,,,"{'item_count_7_20': {'name': 'item_count_7_20', 'applicable': True, 'passed': True, 'reason': ''}}",0.9333333333333333,0.0,1.0,1.0,0.13333333333333333,0.0,0.0,0.0,0.0,0.3771474361419678,0.13333333333333333,1.0,0.0,1.0,0.9333333333333333,1.0,1.0,1.0,,,1.0,1.0,1.0,47.0,[]
sci-1cbb3e0b742d,rar_science,shipped,9.0,,,,,,,,,,,,,,,,lint,,,,,,,,,,,,,,,,,,,,,,,,,,"{'item_count_7_20': {'name': 'item_count_7_20', 'applicable': True, 'passed': True, 'reason': ''}}",1.0,1.0,1.0,1.0,0.1111111111111111,1.0,0.2631578947368421,0.0,0.0,0.35578736662864685,0.1111111111111111,0.7777777777777778,0.1111111111111111,1.0,1.0,1.0,1.0,1.0,,,1.0,1.0,1.0,19.0,[]
sci-1cbb3e0b742d,rar_science,baseline,15.0,,,,,,,,,,,,,,,,lint,,,,,,,,,,,,,,,,,,,,,,,,,,"{'item_count_7_20': {'name': 'item_count_7_20', 'applicable': True, 'passed': True, 'reason': ''}}",1.0,1.0,1.0,0.0,0.2,0.0,0.0,0.0,0.0,0.4585478901863098,0.2,1.0,0.13333333333333333,1.0,1.0,1.0,1.0,1.0,,,1.0,1.0,1.0,41.0,[]
sci-1cbb3e0b742d,rar_science,agentic,15.0,,,,,,,,,,,,,,,,lint,,,,,,,,,,,,,,,,,,,,,,,,,,"{'item_count_7_20': {'name': 'item_count_7_20', 'applicable': True, 'passed': True, 'reason': ''}}",1.0,1.0,1.0,1.0,0.06666666666666667,0.0,0.0,0.0,0.0,0.40559476613998413,0.06666666666666667,1.0,0.0,1.0,1.0,1.0,1.0,1.0,,,1.0,1.0,1.0,45.0,[]
sci-1cbb3e0b742d,rar_science,agentic-tools,15.0,,,,,,,,,,,,,,,,lint,,,,,,,,,,,,,,,,,,,,,,,,,,"{'item_count_7_20': {'name': 'item_count_7_20', 'applicable': True, 'passed': True, 'reason': ''}}",0.9333333333333333,0.0,1.0,1.0,0.13333333333333333,0.0,0.0,0.0,0.0,0.30015742778778076,0.13333333333333333,1.0,0.0,1.0,0.9333333333333333,1.0,1.0,1.0,,,1.0,1.0,1.0,44.0,[]
sci-200bfdc23b84,rar_science,shipped,7.0,,,,,,,,,,,,,,,,lint,,,,,,,,,,,,,,,,,,,,,,,,,,"{'item_count_7_20': {'name': 'item_count_7_20', 'applicable': True, 'passed': True, 'reason': ''}}",1.0,1.0,1.0,1.0,0.0,1.0,0.06666666666666667,0.0,0.0,0.0,0.0,0.8571428571428571,0.0,1.0,1.0,1.0,1.0,1.0,,,1.0,1.0,1.0,15.0,[]
sci-200bfdc23b84,rar_science,baseline,12.0,,,,,,,,,,,,,,,,lint,,,,,,,,,,,,,,,,,,,,,,,,,,"{'item_count_7_20': {'name': 'item_count_7_20', 'applicable': True, 'passed': True, 'reason': ''}}",0.9166666666666666,0.0,1.0,1.0,0.08333333333333333,0.0,0.0,1.0,1.0,0.7001816034317017,0.08333333333333333,1.0,0.08333333333333333,1.0,1.0,1.0,1.0,1.0,,,1.0,0.9166666666666666,1.0,26.0,"[{'pitfall_index': 11, 'positive_index': 8, 'similarity': 0.7001816034317017}]"
sci-200bfdc23b84,rar_science,agentic,14.0,,,,,,,,,,,,,,,,lint,,,,,,,,,,,,,,,,,,,,,,,,,,"{'item_count_7_20': {'name': 'item_count_7_20', 'applicable': True, 'passed': True, 'reason': ''}}",1.0,1.0,1.0,1.0,0.0,1.0,0.07142857142857142,0.0,0.0,0.0,0.0,0.8571428571428571,0.0,1.0,1.0,1.0,1.0,1.0,,,1.0,1.0,1.0,56.0,[]
sci-200bfdc23b84,rar_science,agentic-tools,11.0,,,,,,,,,,,,,,,,lint,,,,,,,,,,,,,,,,,,,,,,,,,,"{'item_count_7_20': {'name': 'item_count_7_20', 'applicable': True, 'passed': True, 'reason': ''}}",1.0,1.0,1.0,1.0,0.0,0.0,0.0,0.0,0.0,0.0,0.0,1.0,0.0,1.0,1.0,1.0,1.0,1.0,,,1.0,1.0,1.0,38.0,[]
sci-2907ae60d945,rar_science,shipped,7.0,,,,,,,,,,,,,,,,lint,,,,,,,,,,,,,,,,,,,,,,,,,,"{'item_count_7_20': {'name': 'item_count_7_20', 'applicable': True, 'passed': True, 'reason': ''}}",0.8571428571428571,0.0,1.0,0.0,0.14285714285714285,0.0,0.0,0.0,0.0,0.2180338054895401,0.14285714285714285,0.8571428571428571,0.0,1.0,1.0,1.0,1.0,1.0,,,1.0,1.0,0.8571428571428571,11.0,[]
sci-2907ae60d945,rar_science,baseline,8.0,,,,,,,,,,,,,,,,lint,,,,,,,,,,,,,,,,,,,,,,,,,,"{'item_count_7_20': {'name': 'item_count_7_20', 'applicable': True, 'passed': True, 'reason': ''}}",1.0,1.0,1.0,0.0,0.25,1.0,0.18181818181818182,1.0,1.0,0.6931489706039429,0.25,0.875,0.125,1.0,1.0,1.0,1.0,1.0,,,1.0,1.0,1.0,11.0,"[{'pitfall_index': 7, 'positive_index': 3, 'similarity': 0.6931489706039429}]"
sci-2907ae60d945,rar_science,agentic,6.0,,,,,,,,,,,,,,,,lint,,,,,,,,,,,,,,,,,,,,,,,,,,"{'item_count_7_20': {'name': 'item_count_7_20', 'applicable': True, 'passed': False, 'reason': '6 items'}}",0.8333333333333334,0.0,0.0,1.0,0.0,0.0,0.0,0.0,0.0,0.0,0.0,1.0,0.0,0.0,1.0,1.0,1.0,1.0,,,1.0,1.0,0.8333333333333334,9.0,[]
sci-2907ae60d945,rar_science,agentic-tools,5.0,,,,,,,,,,,,,,,,lint,,,,,,,,,,,,,,,,,,,,,,,,,,"{'item_count_7_20': {'name': 'item_count_7_20', 'applicable': True, 'passed': False, 'reason': '5 items'}}",1.0,0.0,0.0,1.0,0.0,1.0,0.125,0.0,0.0,0.0,0.0,0.8,0.0,0.0,1.0,1.0,1.0,1.0,,,1.0,1.0,1.0,8.0,[]
sci-2f3b45de3872,rar_science,shipped,7.0,,,,,,,,,,,,,,,,lint,,,,,,,,,,,,,,,,,,,,,,,,,,"{'item_count_7_20': {'name': 'item_count_7_20', 'applicable': True, 'passed': True, 'reason': ''}}",0.8571428571428571,0.0,1.0,1.0,0.14285714285714285,0.0,0.0,0.0,0.0,0.4078775644302368,0.14285714285714285,0.8571428571428571,0.0,1.0,0.8571428571428571,1.0,1.0,1.0,,,1.0,1.0,1.0,11.0,[]
sci-2f3b45de3872,rar_science,baseline,10.0,,,,,,,,,,,,,,,,lint,,,,,,,,,,,,,,,,,,,,,,,,,,"{'item_count_7_20': {'name': 'item_count_7_20', 'applicable': True, 'passed': True, 'reason': ''}}",1.0,1.0,1.0,0.0,0.3,1.0,0.18181818181818182,0.0,0.0,0.5101805329322815,0.3,0.8,0.1,1.0,1.0,1.0,1.0,1.0,,,1.0,1.0,1.0,11.0,[]
sci-2f3b45de3872,rar_science,agentic,6.0,,,,,,,,,,,,,,,,lint,,,,,,,,,,,,,,,,,,,,,,,,,,"{'item_count_7_20': {'name': 'item_count_7_20', 'applicable': True, 'passed': False, 'reason': '6 items'}}",0.8333333333333334,0.0,0.0,1.0,0.6666666666666666,0.0,,1.0,1.0,0.6072873473167419,0.6666666666666666,1.0,0.0,0.0,1.0,1.0,1.0,1.0,,,1.0,0.8333333333333334,1.0,0.0,"[{'pitfall_index': 4, 'positive_index': 1, 'similarity': 0.6072873473167419}]"
sci-2f3b45de3872,rar_science,agentic-tools,16.0,,,,,,,,,,,,,,,,lint,,,,,,,,,,,,,,,,,,,,,,,,,,"{'item_count_7_20': {'name': 'item_count_7_20', 'applicable': True, 'passed': True, 'reason': ''}}",1.0,1.0,1.0,1.0,0.0625,0.0,0.0,0.0,0.0,0.5419566035270691,0.0625,0.8125,0.0,1.0,1.0,1.0,1.0,1.0,,,1.0,1.0,1.0,62.0,[]
sci-423a28946a42,rar_science,shipped,8.0,,,,,,,,,,,,,,,,lint,,,,,,,,,,,,,,,,,,,,,,,,,,"{'item_count_7_20': {'name': 'item_count_7_20', 'applicable': True, 'passed': True, 'reason': ''}}",1.0,1.0,1.0,0.0,0.125,0.0,0.0,0.0,0.0,0.08364475518465042,0.125,0.875,0.0,1.0,1.0,1.0,1.0,1.0,,,1.0,1.0,1.0,15.0,[]
sci-423a28946a42,rar_science,baseline,14.0,,,,,,,,,,,,,,,,lint,,,,,,,,,,,,,,,,,,,,,,,,,,"{'item_count_7_20': {'name': 'item_count_7_20', 'applicable': True, 'passed': True, 'reason': ''}}",1.0,1.0,1.0,0.0,0.21428571428571427,1.0,0.08823529411764706,0.0,0.0,0.46834710240364075,0.21428571428571427,0.9285714285714286,0.07142857142857142,1.0,1.0,1.0,1.0,1.0,,,1.0,1.0,1.0,34.0,[]
sci-423a28946a42,rar_science,agentic,6.0,,,,,,,,,,,,,,,,lint,,,,,,,,,,,,,,,,,,,,,,,,,,"{'item_count_7_20': {'name': 'item_count_7_20', 'applicable': True, 'passed': False, 'reason': '6 items'}}",1.0,0.0,0.0,1.0,0.16666666666666666,0.0,0.0,0.0,0.0,0.288786381483078,0.16666666666666666,0.6666666666666666,0.0,0.0,1.0,1.0,1.0,1.0,,,1.0,1.0,1.0,7.0,[]
sci-423a28946a42,rar_science,agentic-tools,5.0,,,,,,,,,,,,,,,,lint,,,,,,,,,,,,,,,,,,,,,,,,,,"{'item_count_7_20': {'name': 'item_count_7_20', 'applicable': True, 'passed': False, 'reason': '5 items'}}",0.8,0.0,0.0,1.0,0.6,0.0,,0.0,0.0,0.4108048677444458,0.6,1.0,0.0,0.0,0.8,1.0,1.0,1.0,,,1.0,1.0,1.0,0.0,[]
sci-4260e6a475a5,rar_science,shipped,8.0,,,,,,,,,,,,,,,,lint,,,,,,,,,,,,,,,,,,,,,,,,,,"{'item_count_7_20': {'name': 'item_count_7_20', 'applicable': True, 'passed': True, 'reason': ''}}",1.0,1.0,1.0,1.0,0.125,1.0,0.125,0.0,0.0,0.44969069957733154,0.125,0.625,0.0,1.0,1.0,1.0,1.0,1.0,,,1.0,1.0,1.0,16.0,[]
sci-4260e6a475a5,rar_science,baseline,8.0,,,,,,,,,,,,,,,,lint,,,,,,,,,,,,,,,,,,,,,,,,,,"{'item_count_7_20': {'name': 'item_count_7_20', 'applicable': True, 'passed': True, 'reason': ''}}",1.0,1.0,1.0,1.0,0.125,0.0,0.0,0.0,0.0,0.21298165619373322,0.125,1.0,0.125,1.0,1.0,1.0,1.0,1.0,,,1.0,1.0,1.0,11.0,[]
sci-4260e6a475a5,rar_science,agentic,14.0,,,,,,,,,,,,,,,,lint,,,,,,,,,,,,,,,,,,,,,,,,,,"{'item_count_7_20': {'name': 'item_count_7_20', 'applicable': True, 'passed': True, 'reason': ''}}",0.8571428571428571,0.0,1.0,1.0,0.21428571428571427,1.0,0.10714285714285714,0.0,0.0,0.46774935722351074,0.21428571428571427,0.6428571428571429,0.0,1.0,0.8571428571428571,1.0,1.0,1.0,,,1.0,1.0,1.0,28.0,[]
sci-4260e6a475a5,rar_science,agentic-tools,13.0,,,,,,,,,,,,,,,,lint,,,,,,,,,,,,,,,,,,,,,,,,,,"{'item_count_7_20': {'name': 'item_count_7_20', 'applicable': True, 'passed': True, 'reason': ''}}",1.0,1.0,1.0,1.0,0.23076923076923078,1.0,0.14285714285714285,1.0,1.0,0.6487730145454407,0.23076923076923078,0.9230769230769231,0.0,1.0,1.0,1.0,1.0,1.0,,,1.0,1.0,1.0,21.0,"[{'pitfall_index': 10, 'positive_index': 3, 'similarity': 0.6487730145454407}]"
sci-4430faf0f105,rar_science,shipped,7.0,,,,,,,,,,,,,,,,lint,,,,,,,,,,,,,,,,,,,,,,,,,,"{'item_count_7_20': {'name': 'item_count_7_20', 'applicable': True, 'passed': True, 'reason': ''}}",1.0,1.0,1.0,1.0,0.14285714285714285,0.0,0.0,0.0,0.0,0.22473156452178955,0.14285714285714285,0.8571428571428571,0.0,1.0,1.0,1.0,1.0,1.0,,,1.0,1.0,1.0,11.0,[]
sci-4430faf0f105,rar_science,baseline,12.0,,,,,,,,,,,,,,,,lint,,,,,,,,,,,,,,,,,,,,,,,,,,"{'item_count_7_20': {'name': 'item_count_7_20', 'applicable': True, 'passed': True, 'reason': ''}}",1.0,1.0,1.0,0.0,0.25,1.0,0.05,0.0,0.0,0.5552191734313965,0.25,0.9166666666666666,0.08333333333333333,1.0,1.0,1.0,1.0,1.0,,,1.0,1.0,1.0,20.0,[]
sci-4430faf0f105,rar_science,agentic,15.0,,,,,,,,,,,,,,,,lint,,,,,,,,,,,,,,,,,,,,,,,,,,"{'item_count_7_20': {'name': 'item_count_7_20', 'applicable': True, 'passed': True, 'reason': ''}}",1.0,1.0,1.0,1.0,0.13333333333333333,0.0,0.0,0.0,0.0,0.4400184452533722,0.13333333333333333,0.9333333333333333,0.0,1.0,1.0,1.0,1.0,1.0,,,1.0,1.0,1.0,22.0,[]
sci-4430faf0f105,rar_science,agentic-tools,6.0,,,,,,,,,,,,,,,,lint,,,,,,,,,,,,,,,,,,,,,,,,,,"{'item_count_7_20': {'name': 'item_count_7_20', 'applicable': True, 'passed': False, 'reason': '6 items'}}",0.8333333333333334,0.0,0.0,1.0,0.16666666666666666,0.0,0.0,0.0,0.0,0.2716854214668274,0.16666666666666666,0.6666666666666666,0.0,0.0,1.0,1.0,1.0,1.0,,,1.0,1.0,0.8333333333333334,4.0,[]
sci-46a70d998b40,rar_science,shipped,7.0,,,,,,,,,,,,,,,,lint,,,,,,,,,,,,,,,,,,,,,,,,,,"{'item_count_7_20': {'name': 'item_count_7_20', 'applicable': True, 'passed': True, 'reason': ''}}",0.8571428571428571,0.0,1.0,1.0,0.14285714285714285,1.0,0.36363636363636365,0.0,0.0,0.3228485584259033,0.14285714285714285,0.5714285714285714,0.0,1.0,1.0,1.0,1.0,1.0,,,1.0,1.0,0.8571428571428571,11.0,[]
sci-46a70d998b40,rar_science,baseline,9.0,,,,,,,,,,,,,,,,lint,,,,,,,,,,,,,,,,,,,,,,,,,,"{'item_count_7_20': {'name': 'item_count_7_20', 'applicable': True, 'passed': True, 'reason': ''}}",1.0,1.0,1.0,1.0,0.3333333333333333,0.0,0.0,0.0,0.0,0.4078930914402008,0.3333333333333333,1.0,0.3333333333333333,1.0,1.0,1.0,1.0,1.0,,,1.0,1.0,1.0,11.0,[]
sci-46a70d998b40,rar_science,agentic,8.0,,,,,,,,,,,,,,,,lint,,,,,,,,,,,,,,,,,,,,,,,,,,"{'item_count_7_20': {'name': 'item_count_7_20', 'applicable': True, 'passed': True, 'reason': ''}}",1.0,1.0,1.0,1.0,0.25,0.0,0.0,0.0,0.0,0.44496840238571167,0.25,1.0,0.0,1.0,1.0,1.0,1.0,1.0,,,1.0,1.0,1.0,11.0,[]
sci-46a70d998b40,rar_science,agentic-tools,8.0,,,,,,,,,,,,,,,,lint,,,,,,,,,,,,,,,,,,,,,,,,,,"{'item_count_7_20': {'name': 'item_count_7_20', 'applicable': True, 'passed': True, 'reason': ''}}",1.0,1.0,1.0,1.0,0.25,0.0,0.0,0.0,0.0,0.5060164332389832,0.25,1.0,0.0,1.0,1.0,1.0,1.0,1.0,,,1.0,1.0,1.0,11.0,[]
sci-4705912940bd,rar_science,shipped,8.0,,,,,,,,,,,,,,,,lint,,,,,,,,,,,,,,,,,,,,,,,,,,"{'item_count_7_20': {'name': 'item_count_7_20', 'applicable': True, 'passed': True, 'reason': ''}}",0.75,0.0,1.0,1.0,0.25,0.0,0.0,0.0,0.0,0.33902207016944885,0.25,0.875,0.0,1.0,0.875,1.0,1.0,1.0,,,1.0,0.875,1.0,11.0,[]
sci-4705912940bd,rar_science,baseline,11.0,,,,,,,,,,,,,,,,lint,,,,,,,,,,,,,,,,,,,,,,,,,,"{'item_count_7_20': {'name': 'item_count_7_20', 'applicable': True, 'passed': True, 'reason': ''}}",1.0,1.0,1.0,0.0,0.18181818181818182,0.0,0.0,0.0,0.0,0.37092655897140503,0.18181818181818182,1.0,0.09090909090909091,1.0,1.0,1.0,1.0,1.0,,,1.0,1.0,1.0,8.0,[]
sci-4705912940bd,rar_science,agentic,7.0,,,,,,,,,,,,,,,,lint,,,,,,,,,,,,,,,,,,,,,,,,,,"{'item_count_7_20': {'name': 'item_count_7_20', 'applicable': True, 'passed': True, 'reason': ''}}",0.8571428571428571,0.0,1.0,1.0,0.14285714285714285,0.0,0.0,0.0,0.0,0.4188098907470703,0.14285714285714285,1.0,0.0,1.0,0.8571428571428571,1.0,1.0,1.0,,,1.0,1.0,1.0,8.0,[]
sci-4705912940bd,rar_science,agentic-tools,10.0,,,,,,,,,,,,,,,,lint,,,,,,,,,,,,,,,,,,,,,,,,,,"{'item_count_7_20': {'name': 'item_count_7_20', 'applicable': True, 'passed': True, 'reason': ''}}",0.8,0.0,1.0,1.0,0.0,0.0,0.0,0.0,0.0,0.0,0.0,1.0,0.0,1.0,0.9,1.0,1.0,1.0,,,1.0,0.9,1.0,21.0,[]
sci-530fc857ec78,rar_science,shipped,8.0,,,,,,,,,,,,,,,,lint,,,,,,,,,,,,,,,,,,,,,,,,,,"{'item_count_7_20': {'name': 'item_count_7_20', 'applicable': True, 'passed': True, 'reason': ''}}",1.0,1.0,1.0,1.0,0.125,0.0,0.0,0.0,0.0,0.3166722357273102,0.125,0.75,0.0,1.0,1.0,1.0,1.0,1.0,,,1.0,1.0,1.0,16.0,[]
sci-530fc857ec78,rar_science,baseline,11.0,,,,,,,,,,,,,,,,lint,,,,,,,,,,,,,,,,,,,,,,,,,,"{'item_count_7_20': {'name': 'item_count_7_20', 'applicable': True, 'passed': True, 'reason': ''}}",1.0,1.0,1.0,0.0,0.18181818181818182,1.0,0.125,0.0,0.0,0.25219303369522095,0.18181818181818182,0.9090909090909091,0.09090909090909091,1.0,1.0,1.0,1.0,1.0,,,1.0,1.0,1.0,24.0,[]
sci-530fc857ec78,rar_science,agentic,6.0,,,,,,,,,,,,,,,,lint,,,,,,,,,,,,,,,,,,,,,,,,,,"{'item_count_7_20': {'name': 'item_count_7_20', 'applicable': True, 'passed': False, 'reason': '6 items'}}",0.8333333333333334,0.0,0.0,1.0,0.16666666666666666,1.0,0.5,0.0,0.0,0.16885684430599213,0.16666666666666666,0.6666666666666666,0.0,0.0,0.8333333333333334,1.0,1.0,1.0,,,1.0,1.0,1.0,6.0,[]
sci-530fc857ec78,rar_science,agentic-tools,5.0,,,,,,,,,,,,,,,,lint,,,,,,,,,,,,,,,,,,,,,,,,,,"{'item_count_7_20': {'name': 'item_count_7_20', 'applicable': True, 'passed': False, 'reason': '5 items'}}",1.0,0.0,0.0,1.0,0.0,0.0,0.0,0.0,0.0,0.0,0.0,0.8,0.0,0.0,1.0,1.0,1.0,1.0,,,1.0,1.0,1.0,6.0,[]
sci-5c5822f383a5,rar_science,shipped,8.0,,,,,,,,,,,,,,,,lint,,,,,,,,,,,,,,,,,,,,,,,,,,"{'item_count_7_20': {'name': 'item_count_7_20', 'applicable': True, 'passed': True, 'reason': ''}}",1.0,1.0,1.0,0.0,0.125,1.0,0.1875,0.0,0.0,0.1415150761604309,0.125,0.625,0.0,1.0,1.0,1.0,1.0,1.0,,,1.0,1.0,1.0,16.0,[]
sci-5c5822f383a5,rar_science,baseline,13.0,,,,,,,,,,,,,,,,lint,,,,,,,,,,,,,,,,,,,,,,,,,,"{'item_count_7_20': {'name': 'item_count_7_20', 'applicable': True, 'passed': True, 'reason': ''}}",1.0,1.0,1.0,0.0,0.23076923076923078,1.0,0.07142857142857142,0.0,0.0,0.492135226726532,0.23076923076923078,0.9230769230769231,0.15384615384615385,1.0,1.0,1.0,1.0,1.0,,,1.0,1.0,1.0,28.0,[]
sci-5c5822f383a5,rar_science,agentic,15.0,,,,,,,,,,,,,,,,lint,,,,,,,,,,,,,,,,,,,,,,,,,,"{'item_count_7_20': {'name': 'item_count_7_20', 'applicable': True, 'passed': True, 'reason': ''}}",0.8666666666666667,0.0,1.0,1.0,0.06666666666666667,0.0,0.0,0.0,0.0,0.2997659742832184,0.06666666666666667,0.6666666666666666,0.0,1.0,0.8666666666666667,1.0,1.0,1.0,,,1.0,1.0,1.0,43.0,[]
sci-5c5822f383a5,rar_science,agentic-tools,13.0,,,,,,,,,,,,,,,,lint,,,,,,,,,,,,,,,,,,,,,,,,,,"{'item_count_7_20': {'name': 'item_count_7_20', 'applicable': True, 'passed': True, 'reason': ''}}",1.0,1.0,1.0,1.0,0.15384615384615385,1.0,0.05263157894736842,0.0,0.0,0.4964606761932373,0.15384615384615385,0.8461538461538461,0.0,1.0,1.0,1.0,1.0,1.0,,,1.0,1.0,1.0,38.0,[]
sci-615e52d990f9,rar_science,shipped,7.0,,,,,,,,,,,,,,,,lint,,,,,,,,,,,,,,,,,,,,,,,,,,"{'item_count_7_20': {'name': 'item_count_7_20', 'applicable': True, 'passed': True, 'reason': ''}}",1.0,1.0,1.0,1.0,0.14285714285714285,0.0,0.0,0.0,0.0,0.3415343165397644,0.14285714285714285,1.0,0.14285714285714285,1.0,1.0,1.0,1.0,1.0,,,1.0,1.0,1.0,11.0,[]
sci-615e52d990f9,rar_science,baseline,13.0,,,,,,,,,,,,,,,,lint,,,,,,,,,,,,,,,,,,,,,,,,,,"{'item_count_7_20': {'name': 'item_count_7_20', 'applicable': True, 'passed': True, 'reason': ''}}",0.9230769230769231,0.0,1.0,0.0,0.23076923076923078,0.0,0.0,0.0,0.0,0.3549196720123291,0.23076923076923078,1.0,0.15384615384615385,1.0,0.9230769230769231,1.0,1.0,1.0,,,1.0,1.0,1.0,28.0,[]
sci-615e52d990f9,rar_science,agentic,8.0,,,,,,,,,,,,,,,,lint,,,,,,,,,,,,,,,,,,,,,,,,,,"{'item_count_7_20': {'name': 'item_count_7_20', 'applicable': True, 'passed': True, 'reason': ''}}",0.875,0.0,1.0,1.0,0.0,0.0,0.0,0.0,0.0,0.0,0.0,0.625,0.0,1.0,1.0,1.0,1.0,1.0,,,1.0,0.875,1.0,13.0,[]
sci-615e52d990f9,rar_science,agentic-tools,14.0,,,,,,,,,,,,,,,,lint,,,,,,,,,,,,,,,,,,,,,,,,,,"{'item_count_7_20': {'name': 'item_count_7_20', 'applicable': True, 'passed': True, 'reason': ''}}",0.9285714285714286,0.0,1.0,1.0,0.14285714285714285,0.0,0.0,0.0,0.0,0.527438759803772,0.14285714285714285,1.0,0.0,1.0,1.0,1.0,1.0,1.0,,,1.0,0.9285714285714286,1.0,45.0,[]
sci-6601b6700272,rar_science,shipped,8.0,,,,,,,,,,,,,,,,lint,,,,,,,,,,,,,,,,,,,,,,,,,,"{'item_count_7_20': {'name': 'item_count_7_20', 'applicable': True, 'passed': True, 'reason': ''}}",1.0,1.0,1.0,1.0,0.125,0.0,0.0,0.0,0.0,0.2571883797645569,0.125,1.0,0.125,1.0,1.0,1.0,1.0,1.0,,,1.0,1.0,1.0,16.0,[]
sci-6601b6700272,rar_science,baseline,10.0,,,,,,,,,,,,,,,,lint,,,,,,,,,,,,,,,,,,,,,,,,,,"{'item_count_7_20': {'name': 'item_count_7_20', 'applicable': True, 'passed': True, 'reason': ''}}",1.0,1.0,1.0,0.0,0.1,0.0,0.0,0.0,0.0,0.24687403440475464,0.1,1.0,0.0,1.0,1.0,1.0,1.0,1.0,,,1.0,1.0,1.0,26.0,[]
sci-6601b6700272,rar_science,agentic,15.0,,,,,,,,,,,,,,,,lint,,,,,,,,,,,,,,,,,,,,,,,,,,"{'item_count_7_20': {'name': 'item_count_7_20', 'applicable': True, 'passed': True, 'reason': ''}}",1.0,1.0,1.0,1.0,0.06666666666666667,1.0,0.03125,0.0,0.0,0.36065852642059326,0.06666666666666667,0.9333333333333333,0.0,1.0,1.0,1.0,1.0,1.0,,,1.0,1.0,1.0,64.0,[]
sci-6601b6700272,rar_science,agentic-tools,5.0,,,,,,,,,,,,,,,,lint,,,,,,,,,,,,,,,,,,,,,,,,,,"{'item_count_7_20': {'name': 'item_count_7_20', 'applicable': True, 'passed': False, 'reason': '5 items'}}",1.0,0.0,0.0,1.0,0.0,0.0,0.0,0.0,0.0,0.0,0.0,1.0,0.0,0.0,1.0,1.0,1.0,1.0,,,1.0,1.0,1.0,4.0,[]
sci-674358162aab,rar_science,shipped,7.0,,,,,,,,,,,,,,,,lint,,,,,,,,,,,,,,,,,,,,,,,,,,"{'item_count_7_20': {'name': 'item_count_7_20', 'applicable': True, 'passed': True, 'reason': ''}}",1.0,1.0,1.0,1.0,0.14285714285714285,1.0,0.3333333333333333,0.0,0.0,0.34070420265197754,0.14285714285714285,0.42857142857142855,0.14285714285714285,1.0,1.0,1.0,1.0,1.0,,,1.0,1.0,1.0,12.0,[]
sci-674358162aab,rar_science,baseline,17.0,,,,,,,,,,,,,,,,lint,,,,,,,,,,,,,,,,,,,,,,,,,,"{'item_count_7_20': {'name': 'item_count_7_20', 'applicable': True, 'passed': True, 'reason': ''}}",1.0,1.0,1.0,0.0,0.23529411764705882,1.0,0.1111111111111111,0.0,0.0,0.5592774152755737,0.23529411764705882,0.8823529411764706,0.11764705882352941,1.0,1.0,1.0,1.0,1.0,,,1.0,1.0,1.0,54.0,[]
sci-674358162aab,rar_science,agentic,15.0,,,,,,,,,,,,,,,,lint,,,,,,,,,,,,,,,,,,,,,,,,,,"{'item_count_7_20': {'name': 'item_count_7_20', 'applicable': True, 'passed': True, 'reason': ''}}",1.0,1.0,1.0,1.0,0.13333333333333333,1.0,0.019230769230769232,1.0,2.0,0.7319249510765076,0.13333333333333333,0.9333333333333333,0.0,1.0,1.0,1.0,1.0,1.0,,,1.0,1.0,1.0,52.0,"[{'pitfall_index': 12, 'positive_index': 3, 'similarity': 0.6116815209388733}, {'pitfall_index': 13, 'positive_index': 2, 'similarity': 0.7319249510765076}]"
sci-674358162aab,rar_science,agentic-tools,16.0,,,,,,,,,,,,,,,,lint,,,,,,,,,,,,,,,,,,,,,,,,,,"{'item_count_7_20': {'name': 'item_count_7_20', 'applicable': True, 'passed': True, 'reason': ''}}",0.9375,0.0,1.0,1.0,0.1875,1.0,0.08,0.0,0.0,0.5755150318145752,0.1875,0.9375,0.0,1.0,0.9375,1.0,1.0,1.0,,,1.0,1.0,1.0,50.0,[]
sci-70db910e68ee,rar_science,shipped,7.0,,,,,,,,,,,,,,,,lint,,,,,,,,,,,,,,,,,,,,,,,,,,"{'item_count_7_20': {'name': 'item_count_7_20', 'applicable': True, 'passed': True, 'reason': ''}}",1.0,1.0,1.0,1.0,0.14285714285714285,0.0,0.0,0.0,0.0,0.4889628291130066,0.14285714285714285,1.0,0.0,1.0,1.0,1.0,1.0,1.0,,,1.0,1.0,1.0,11.0,[]
sci-70db910e68ee,rar_science,baseline,12.0,,,,,,,,,,,,,,,,lint,,,,,,,,,,,,,,,,,,,,,,,,,,"{'item_count_7_20': {'name': 'item_count_7_20', 'applicable': True, 'passed': True, 'reason': ''}}",1.0,1.0,1.0,0.0,0.25,0.0,0.0,0.0,0.0,0.4360578954219818,0.25,0.9166666666666666,0.08333333333333333,1.0,1.0,1.0,1.0,1.0,,,1.0,1.0,1.0,26.0,[]
sci-70db910e68ee,rar_science,agentic,15.0,,,,,,,,,,,,,,,,lint,,,,,,,,,,,,,,,,,,,,,,,,,,"{'item_count_7_20': {'name': 'item_count_7_20', 'applicable': True, 'passed': True, 'reason': ''}}",1.0,1.0,1.0,1.0,0.2,1.0,0.024390243902439025,0.0,0.0,0.5998234748840332,0.2,0.4666666666666667,0.0,1.0,1.0,1.0,1.0,1.0,,,1.0,1.0,1.0,41.0,[]
sci-70db910e68ee,rar_science,agentic-tools,6.0,,,,,,,,,,,,,,,,lint,,,,,,,,,,,,,,,,,,,,,,,,,,"{'item_count_7_20': {'name': 'item_count_7_20', 'applicable': True, 'passed': False, 'reason': '6 items'}}",1.0,0.0,0.0,1.0,0.0,0.0,0.0,0.0,0.0,0.0,0.0,0.8333333333333334,0.0,0.0,1.0,1.0,1.0,1.0,,,1.0,1.0,1.0,12.0,[]
sci-71c07f577946,rar_science,shipped,7.0,,,,,,,,,,,,,,,,lint,,,,,,,,,,,,,,,,,,,,,,,,,,"{'item_count_7_20': {'name': 'item_count_7_20', 'applicable': True, 'passed': True, 'reason': ''}}",1.0,1.0,1.0,1.0,0.14285714285714285,0.0,0.0,0.0,0.0,0.27199041843414307,0.14285714285714285,0.8571428571428571,0.0,1.0,1.0,1.0,1.0,1.0,,,1.0,1.0,1.0,11.0,[]
sci-71c07f577946,rar_science,baseline,12.0,,,,,,,,,,,,,,,,lint,,,,,,,,,,,,,,,,,,,,,,,,,,"{'item_count_7_20': {'name': 'item_count_7_20', 'applicable': True, 'passed': True, 'reason': ''}}",1.0,1.0,1.0,0.0,0.25,0.0,0.0,0.0,0.0,0.5544030070304871,0.25,1.0,0.16666666666666666,1.0,1.0,1.0,1.0,1.0,,,1.0,1.0,1.0,26.0,[]
sci-71c07f577946,rar_science,agentic,6.0,,,,,,,,,,,,,,,,lint,,,,,,,,,,,,,,,,,,,,,,,,,,"{'item_count_7_20': {'name': 'item_count_7_20', 'applicable': True, 'passed': False, 'reason': '6 items'}}",0.5,0.0,0.0,1.0,0.6666666666666666,0.0,,0.0,0.0,0.47834837436676025,0.6666666666666666,1.0,0.0,0.0,0.8333333333333334,1.0,1.0,1.0,,,1.0,0.6666666666666666,1.0,0.0,[]
sci-71c07f577946,rar_science,agentic-tools,5.0,,,,,,,,,,,,,,,,lint,,,,,,,,,,,,,,,,,,,,,,,,,,"{'item_count_7_20': {'name': 'item_count_7_20', 'applicable': True, 'passed': False, 'reason': '5 items'}}",0.6,0.0,0.0,1.0,0.6,0.0,,0.0,0.0,0.21587428450584412,0.6,1.0,0.0,0.0,1.0,1.0,1.0,1.0,,,1.0,0.6,1.0,0.0,[]
sci-78456e89e0b3,rar_science,shipped,7.0,,,,,,,,,,,,,,,,lint,,,,,,,,,,,,,,,,,,,,,,,,,,"{'item_count_7_20': {'name': 'item_count_7_20', 'applicable': True, 'passed': True, 'reason': ''}}",0.8571428571428571,0.0,1.0,1.0,0.14285714285714285,0.0,0.0,0.0,0.0,0.18331585824489594,0.14285714285714285,1.0,0.0,1.0,1.0,1.0,1.0,1.0,,,1.0,1.0,0.8571428571428571,11.0,[]
sci-78456e89e0b3,rar_science,baseline,11.0,,,,,,,,,,,,,,,,lint,,,,,,,,,,,,,,,,,,,,,,,,,,"{'item_count_7_20': {'name': 'item_count_7_20', 'applicable': True, 'passed': True, 'reason': ''}}",0.9090909090909091,0.0,1.0,0.0,0.18181818181818182,0.0,0.0,0.0,0.0,0.49626612663269043,0.18181818181818182,1.0,0.09090909090909091,1.0,1.0,1.0,1.0,1.0,,,1.0,1.0,0.9090909090909091,23.0,[]
sci-78456e89e0b3,rar_science,agentic,7.0,,,,,,,,,,,,,,,,lint,,,,,,,,,,,,,,,,,,,,,,,,,,"{'item_count_7_20': {'name': 'item_count_7_20', 'applicable': True, 'passed': True, 'reason': ''}}",1.0,1.0,1.0,1.0,0.0,0.0,0.0,0.0,0.0,0.0,0.0,0.8571428571428571,0.0,1.0,1.0,1.0,1.0,1.0,,,1.0,1.0,1.0,10.0,[]
sci-78456e89e0b3,rar_science,agentic-tools,15.0,,,,,,,,,,,,,,,,lint,,,,,,,,,,,,,,,,,,,,,,,,,,"{'item_count_7_20': {'name': 'item_count_7_20', 'applicable': True, 'passed': True, 'reason': ''}}",1.0,1.0,1.0,1.0,0.13333333333333333,0.0,0.0,0.0,0.0,0.5951730012893677,0.13333333333333333,1.0,0.0,1.0,1.0,1.0,1.0,1.0,,,1.0,1.0,1.0,47.0,[]
sci-801539f7bca0,rar_science,shipped,8.0,,,,,,,,,,,,,,,,lint,,,,,,,,,,,,,,,,,,,,,,,,,,"{'item_count_7_20': {'name': 'item_count_7_20', 'applicable': True, 'passed': True, 'reason': ''}}",1.0,1.0,1.0,1.0,0.125,0.0,0.0,0.0,0.0,0.5007047653198242,0.125,0.75,0.0,1.0,1.0,1.0,1.0,1.0,,,1.0,1.0,1.0,16.0,[]
sci-801539f7bca0,rar_science,baseline,10.0,,,,,,,,,,,,,,,,lint,,,,,,,,,,,,,,,,,,,,,,,,,,"{'item_count_7_20': {'name': 'item_count_7_20', 'applicable': True, 'passed': True, 'reason': ''}}",0.9,0.0,1.0,0.0,0.2,0.0,0.0,0.0,0.0,0.37358641624450684,0.2,1.0,0.1,1.0,0.9,1.0,1.0,1.0,,,1.0,1.0,1.0,20.0,[]
sci-801539f7bca0,rar_science,agentic,6.0,,,,,,,,,,,,,,,,lint,,,,,,,,,,,,,,,,,,,,,,,,,,"{'item_count_7_20': {'name': 'item_count_7_20', 'applicable': True, 'passed': False, 'reason': '6 items'}}",0.8333333333333334,0.0,0.0,1.0,0.0,0.0,0.0,0.0,0.0,0.0,0.0,0.8333333333333334,0.0,0.0,1.0,1.0,1.0,1.0,,,1.0,0.8333333333333334,1.0,8.0,[]
sci-801539f7bca0,rar_science,agentic-tools,5.0,,,,,,,,,,,,,,,,lint,,,,,,,,,,,,,,,,,,,,,,,,,,"{'item_count_7_20': {'name': 'item_count_7_20', 'applicable': True, 'passed': False, 'reason': '5 items'}}",0.8,0.0,0.0,1.0,0.4,1.0,0.5,0.0,0.0,0.4495982825756073,0.4,0.8,0.0,0.0,0.8,1.0,1.0,1.0,,,1.0,1.0,1.0,2.0,[]
sci-870a3c2acf5f,rar_science,shipped,9.0,,,,,,,,,,,,,,,,lint,,,,,,,,,,,,,,,,,,,,,,,,,,"{'item_count_7_20': {'name': 'item_count_7_20', 'applicable': True, 'passed': True, 'reason': ''}}",1.0,1.0,1.0,1.0,0.2222222222222222,1.0,0.125,0.0,0.0,0.34701263904571533,0.2222222222222222,0.6666666666666666,0.1111111111111111,1.0,1.0,1.0,1.0,1.0,,,1.0,1.0,1.0,16.0,[]
sci-870a3c2acf5f,rar_science,baseline,9.0,,,,,,,,,,,,,,,,lint,,,,,,,,,,,,,,,,,,,,,,,,,,"{'item_count_7_20': {'name': 'item_count_7_20', 'applicable': True, 'passed': True, 'reason': ''}}",1.0,1.0,1.0,0.0,0.2222222222222222,1.0,0.07142857142857142,0.0,0.0,0.45646458864212036,0.2222222222222222,0.8888888888888888,0.1111111111111111,1.0,1.0,1.0,1.0,1.0,,,1.0,1.0,1.0,14.0,[]
sci-870a3c2acf5f,rar_science,agentic,6.0,,,,,,,,,,,,,,,,lint,,,,,,,,,,,,,,,,,,,,,,,,,,"{'item_count_7_20': {'name': 'item_count_7_20', 'applicable': True, 'passed': False, 'reason': '6 items'}}",1.0,0.0,0.0,1.0,0.16666666666666666,0.0,0.0,0.0,0.0,0.3120613396167755,0.16666666666666666,0.6666666666666666,0.0,0.0,1.0,1.0,1.0,1.0,,,1.0,1.0,1.0,6.0,[]
sci-870a3c2acf5f,rar_science,agentic-tools,16.0,,,,,,,,,,,,,,,,lint,,,,,,,,,,,,,,,,,,,,,,,,,,"{'item_count_7_20': {'name': 'item_count_7_20', 'applicable': True, 'passed': True, 'reason': ''}}",0.875,0.0,1.0,1.0,0.0,0.0,0.0,0.0,0.0,0.0,0.0,1.0,0.0,1.0,0.875,1.0,1.0,1.0,,,1.0,1.0,1.0,76.0,[]
sci-88a263c8039c,rar_science,shipped,8.0,,,,,,,,,,,,,,,,lint,,,,,,,,,,,,,,,,,,,,,,,,,,"{'item_count_7_20': {'name': 'item_count_7_20', 'applicable': True, 'passed': True, 'reason': ''}}",0.875,0.0,1.0,1.0,0.125,1.0,0.125,0.0,0.0,0.44901520013809204,0.125,0.75,0.0,1.0,1.0,1.0,1.0,1.0,,,1.0,0.875,1.0,16.0,[]
sci-88a263c8039c,rar_science,baseline,12.0,,,,,,,,,,,,,,,,lint,,,,,,,,,,,,,,,,,,,,,,,,,,"{'item_count_7_20': {'name': 'item_count_7_20', 'applicable': True, 'passed': True, 'reason': ''}}",1.0,1.0,1.0,0.0,0.16666666666666666,0.0,0.0,0.0,0.0,0.5661562085151672,0.16666666666666666,1.0,0.08333333333333333,1.0,1.0,1.0,1.0,1.0,,,1.0,1.0,1.0,32.0,[]
sci-88a263c8039c,rar_science,agentic,15.0,,,,,,,,,,,,,,,,lint,,,,,,,,,,,,,,,,,,,,,,,,,,"{'item_count_7_20': {'name': 'item_count_7_20', 'applicable': True, 'passed': True, 'reason': ''}}",0.8666666666666667,0.0,1.0,1.0,0.06666666666666667,1.0,0.0392156862745098,0.0,0.0,0.34299877285957336,0.06666666666666667,0.9333333333333333,0.0,1.0,0.9333333333333333,1.0,1.0,1.0,,,1.0,0.9333333333333333,1.0,51.0,[]
sci-88a263c8039c,rar_science,agentic-tools,6.0,,,,,,,,,,,,,,,,lint,,,,,,,,,,,,,,,,,,,,,,,,,,"{'item_count_7_20': {'name': 'item_count_7_20', 'applicable': True, 'passed': False, 'reason': '6 items'}}",1.0,0.0,0.0,1.0,0.3333333333333333,0.0,0.0,0.0,0.0,0.15397703647613525,0.3333333333333333,0.8333333333333334,0.0,0.0,1.0,1.0,1.0,1.0,,,1.0,1.0,1.0,5.0,[]
sci-8c97efc18a60,rar_science,shipped,7.0,,,,,,,,,,,,,,,,lint,,,,,,,,,,,,,,,,,,,,,,,,,,"{'item_count_7_20': {'name': 'item_count_7_20', 'applicable': True, 'passed': True, 'reason': ''}}",0.8571428571428571,0.0,1.0,1.0,0.14285714285714285,1.0,0.09090909090909091,0.0,0.0,0.5903105139732361,0.14285714285714285,0.7142857142857143,0.0,1.0,0.8571428571428571,1.0,1.0,1.0,,,1.0,1.0,1.0,11.0,[]
sci-8c97efc18a60,rar_science,baseline,8.0,,,,,,,,,,,,,,,,lint,,,,,,,,,,,,,,,,,,,,,,,,,,"{'item_count_7_20': {'name': 'item_count_7_20', 'applicable': True, 'passed': True, 'reason': ''}}",1.0,1.0,1.0,0.0,0.25,1.0,0.2222222222222222,0.0,0.0,0.34331297874450684,0.25,0.75,0.125,1.0,1.0,1.0,1.0,1.0,,,1.0,1.0,1.0,9.0,[]
sci-8c97efc18a60,rar_science,agentic,7.0,,,,,,,,,,,,,,,,lint,,,,,,,,,,,,,,,,,,,,,,,,,,"{'item_count_7_20': {'name': 'item_count_7_20', 'applicable': True, 'passed': True, 'reason': ''}}",0.8571428571428571,0.0,1.0,1.0,0.14285714285714285,0.0,0.0,0.0,0.0,0.4304717183113098,0.14285714285714285,1.0,0.0,1.0,1.0,1.0,1.0,1.0,,,1.0,1.0,0.8571428571428571,11.0,[]
sci-8c97efc18a60,rar_science,agentic-tools,11.0,,,,,,,,,,,,,,,,lint,,,,,,,,,,,,,,,,,,,,,,,,,,"{'item_count_7_20': {'name': 'item_count_7_20', 'applicable': True, 'passed': True, 'reason': ''}}",1.0,1.0,1.0,1.0,0.18181818181818182,0.0,0.0,1.0,2.0,0.6412010788917542,0.18181818181818182,1.0,0.0,1.0,1.0,1.0,1.0,1.0,,,1.0,1.0,1.0,27.0,"[{'pitfall_index': 9, 'positive_index': 0, 'similarity': 0.6242620348930359}, {'pitfall_index': 10, 'positive_index': 2, 'similarity': 0.6412010788917542}]"
sci-96d4e5af66b6,rar_science,shipped,8.0,,,,,,,,,,,,,,,,lint,,,,,,,,,,,,,,,,,,,,,,,,,,"{'item_count_7_20': {'name': 'item_count_7_20', 'applicable': True, 'passed': True, 'reason': ''}}",1.0,1.0,1.0,1.0,0.125,0.0,0.0,0.0,0.0,0.16709677875041962,0.125,0.75,0.0,1.0,1.0,1.0,1.0,1.0,,,1.0,1.0,1.0,16.0,[]
sci-96d4e5af66b6,rar_science,baseline,13.0,,,,,,,,,,,,,,,,lint,,,,,,,,,,,,,,,,,,,,,,,,,,"{'item_count_7_20': {'name': 'item_count_7_20', 'applicable': True, 'passed': True, 'reason': ''}}",1.0,1.0,1.0,0.0,0.23076923076923078,0.0,0.0,0.0,0.0,0.35268765687942505,0.23076923076923078,1.0,0.07692307692307693,1.0,1.0,1.0,1.0,1.0,,,1.0,1.0,1.0,33.0,[]
sci-96d4e5af66b6,rar_science,agentic,8.0,,,,,,,,,,,,,,,,lint,,,,,,,,,,,,,,,,,,,,,,,,,,"{'item_count_7_20': {'name': 'item_count_7_20', 'applicable': True, 'passed': True, 'reason': ''}}",1.0,1.0,1.0,1.0,0.125,0.0,0.0,0.0,0.0,0.31407615542411804,0.125,0.875,0.0,1.0,1.0,1.0,1.0,1.0,,,1.0,1.0,1.0,11.0,[]
sci-96d4e5af66b6,rar_science,agentic-tools,4.0,,,,,,,,,,,,,,,,lint,,,,,,,,,,,,,,,,,,,,,,,,,,"{'item_count_7_20': {'name': 'item_count_7_20', 'applicable': True, 'passed': False, 'reason': '4 items'}}",1.0,0.0,0.0,1.0,0.25,0.0,0.0,0.0,0.0,0.15836673974990845,0.25,1.0,0.0,0.0,1.0,1.0,1.0,1.0,,,1.0,1.0,1.0,3.0,[]
sci-9dd57081a4e1,rar_science,shipped,8.0,,,,,,,,,,,,,,,,lint,,,,,,,,,,,,,,,,,,,,,,,,,,"{'item_count_7_20': {'name': 'item_count_7_20', 'applicable': True, 'passed': True, 'reason': ''}}",1.0,1.0,1.0,1.0,0.125,1.0,0.25,0.0,0.0,0.04912029951810837,0.125,0.625,0.0,1.0,1.0,1.0,1.0,1.0,,,1.0,1.0,1.0,16.0,[]
sci-9dd57081a4e1,rar_science,baseline,10.0,,,,,,,,,,,,,,,,lint,,,,,,,,,,,,,,,,,,,,,,,,,,"{'item_count_7_20': {'name': 'item_count_7_20', 'applicable': True, 'passed': True, 'reason': ''}}",1.0,1.0,1.0,1.0,0.1,1.0,0.08333333333333333,1.0,1.0,0.6032322645187378,0.1,0.8,0.1,1.0,1.0,1.0,1.0,1.0,,,1.0,1.0,1.0,24.0,"[{'pitfall_index': 9, 'positive_index': 1, 'similarity': 0.6032322645187378}]"
sci-9dd57081a4e1,rar_science,agentic,14.0,,,,,,,,,,,,,,,,lint,,,,,,,,,,,,,,,,,,,,,,,,,,"{'item_count_7_20': {'name': 'item_count_7_20', 'applicable': True, 'passed': True, 'reason': ''}}",1.0,1.0,1.0,1.0,0.07142857142857142,1.0,0.06818181818181818,0.0,0.0,0.3650500774383545,0.07142857142857142,0.7857142857142857,0.0,1.0,1.0,1.0,1.0,1.0,,,1.0,1.0,1.0,44.0,[]
sci-9dd57081a4e1,rar_science,agentic-tools,14.0,,,,,,,,,,,,,,,,lint,,,,,,,,,,,,,,,,,,,,,,,,,,"{'item_count_7_20': {'name': 'item_count_7_20', 'applicable': True, 'passed': True, 'reason': ''}}",0.9285714285714286,0.0,1.0,1.0,0.07142857142857142,0.0,0.0,0.0,0.0,0.2464105188846588,0.07142857142857142,0.9285714285714286,0.0,1.0,0.9285714285714286,1.0,1.0,1.0,,,1.0,1.0,1.0,44.0,[]
sci-b89c9561e59a,rar_science,shipped,8.0,,,,,,,,,,,,,,,,lint,,,,,,,,,,,,,,,,,,,,,,,,,,"{'item_count_7_20': {'name': 'item_count_7_20', 'applicable': True, 'passed': True, 'reason': ''}}",1.0,1.0,1.0,1.0,0.25,0.0,0.0,0.0,0.0,0.2904355525970459,0.25,0.875,0.0,1.0,1.0,1.0,1.0,1.0,,,1.0,1.0,1.0,12.0,[]
sci-b89c9561e59a,rar_science,baseline,11.0,,,,,,,,,,,,,,,,lint,,,,,,,,,,,,,,,,,,,,,,,,,,"{'item_count_7_20': {'name': 'item_count_7_20', 'applicable': True, 'passed': True, 'reason': ''}}",1.0,1.0,1.0,0.0,0.18181818181818182,0.0,0.0,0.0,0.0,0.3255346119403839,0.18181818181818182,1.0,0.0,1.0,1.0,1.0,1.0,1.0,,,1.0,1.0,1.0,26.0,[]
sci-b89c9561e59a,rar_science,agentic,6.0,,,,,,,,,,,,,,,,lint,,,,,,,,,,,,,,,,,,,,,,,,,,"{'item_count_7_20': {'name': 'item_count_7_20', 'applicable': True, 'passed': False, 'reason': '6 items'}}",0.5,0.0,0.0,1.0,0.3333333333333333,0.0,0.0,0.0,0.0,0.2630256712436676,0.3333333333333333,1.0,0.0,0.0,1.0,1.0,1.0,1.0,,,1.0,0.5,1.0,3.0,[]
sci-b89c9561e59a,rar_science,agentic-tools,5.0,,,,,,,,,,,,,,,,lint,,,,,,,,,,,,,,,,,,,,,,,,,,"{'item_count_7_20': {'name': 'item_count_7_20', 'applicable': True, 'passed': False, 'reason': '5 items'}}",1.0,0.0,0.0,1.0,0.6,0.0,,1.0,1.0,0.8152718544006348,0.6,1.0,0.0,0.0,1.0,1.0,1.0,1.0,,,1.0,1.0,1.0,0.0,"[{'pitfall_index': 3, 'positive_index': 0, 'similarity': 0.8152718544006348}]"
sci-c482b1d1dd52,rar_science,shipped,7.0,,,,,,,,,,,,,,,,lint,,,,,,,,,,,,,,,,,,,,,,,,,,"{'item_count_7_20': {'name': 'item_count_7_20', 'applicable': True, 'passed': True, 'reason': ''}}",1.0,1.0,1.0,1.0,0.14285714285714285,0.0,0.0,0.0,0.0,0.4485480785369873,0.14285714285714285,0.8571428571428571,0.14285714285714285,1.0,1.0,1.0,1.0,1.0,,,1.0,1.0,1.0,11.0,[]
sci-c482b1d1dd52,rar_science,baseline,8.0,,,,,,,,,,,,,,,,lint,,,,,,,,,,,,,,,,,,,,,,,,,,"{'item_count_7_20': {'name': 'item_count_7_20', 'applicable': True, 'passed': True, 'reason': ''}}",0.875,0.0,1.0,1.0,0.25,0.0,0.0,0.0,0.0,0.5645861625671387,0.25,1.0,0.25,1.0,1.0,1.0,1.0,1.0,,,1.0,0.875,1.0,11.0,[]
sci-c482b1d1dd52,rar_science,agentic,8.0,,,,,,,,,,,,,,,,lint,,,,,,,,,,,,,,,,,,,,,,,,,,"{'item_count_7_20': {'name': 'item_count_7_20', 'applicable': True, 'passed': True, 'reason': ''}}",0.75,0.0,1.0,1.0,0.25,0.0,0.0,0.0,0.0,0.44854339957237244,0.25,1.0,0.0,1.0,1.0,1.0,1.0,1.0,,,1.0,0.75,1.0,9.0,[]
sci-c482b1d1dd52,rar_science,agentic-tools,6.0,,,,,,,,,,,,,,,,lint,,,,,,,,,,,,,,,,,,,,,,,,,,"{'item_count_7_20': {'name': 'item_count_7_20', 'applicable': True, 'passed': False, 'reason': '6 items'}}",0.8333333333333334,0.0,0.0,1.0,0.3333333333333333,0.0,0.0,1.0,1.0,0.6892194747924805,0.3333333333333333,1.0,0.0,0.0,1.0,1.0,1.0,1.0,,,1.0,0.8333333333333334,1.0,3.0,"[{'pitfall_index': 5, 'positive_index': 0, 'similarity': 0.6892194747924805}]"
sci-cd724737b87b,rar_science,shipped,7.0,,,,,,,,,,,,,,,,lint,,,,,,,,,,,,,,,,,,,,,,,,,,"{'item_count_7_20': {'name': 'item_count_7_20', 'applicable': True, 'passed': True, 'reason': ''}}",1.0,1.0,1.0,1.0,0.14285714285714285,1.0,0.2727272727272727,0.0,0.0,0.36189746856689453,0.14285714285714285,0.7142857142857143,0.0,1.0,1.0,1.0,1.0,1.0,,,1.0,1.0,1.0,11.0,[]
sci-cd724737b87b,rar_science,baseline,11.0,,,,,,,,,,,,,,,,lint,,,,,,,,,,,,,,,,,,,,,,,,,,"{'item_count_7_20': {'name': 'item_count_7_20', 'applicable': True, 'passed': True, 'reason': ''}}",1.0,1.0,1.0,0.0,0.2727272727272727,0.0,0.0,1.0,1.0,0.6343340277671814,0.2727272727272727,1.0,0.09090909090909091,1.0,1.0,1.0,1.0,1.0,,,1.0,1.0,1.0,17.0,"[{'pitfall_index': 8, 'positive_index': 0, 'similarity': 0.6343340277671814}]"
sci-cd724737b87b,rar_science,agentic,11.0,,,,,,,,,,,,,,,,lint,,,,,,,,,,,,,,,,,,,,,,,,,,"{'item_count_7_20': {'name': 'item_count_7_20', 'applicable': True, 'passed': True, 'reason': ''}}",0.9090909090909091,0.0,1.0,1.0,0.18181818181818182,1.0,0.5,0.0,0.0,0.3517151474952698,0.18181818181818182,0.6363636363636364,0.0,1.0,0.9090909090909091,1.0,1.0,1.0,,,1.0,1.0,1.0,24.0,[]
sci-cd724737b87b,rar_science,agentic-tools,15.0,,,,,,,,,,,,,,,,lint,,,,,,,,,,,,,,,,,,,,,,,,,,"{'item_count_7_20': {'name': 'item_count_7_20', 'applicable': True, 'passed': True, 'reason': ''}}",1.0,1.0,1.0,1.0,0.06666666666666667,0.0,0.0,0.0,0.0,0.45782431960105896,0.06666666666666667,0.8,0.0,1.0,1.0,1.0,1.0,1.0,,,1.0,1.0,1.0,57.0,[]
sci-ce709b73231a,rar_science,shipped,7.0,,,,,,,,,,,,,,,,lint,,,,,,,,,,,,,,,,,,,,,,,,,,"{'item_count_7_20': {'name': 'item_count_7_20', 'applicable': True, 'passed': True, 'reason': ''}}",1.0,1.0,1.0,1.0,0.14285714285714285,0.0,0.0,0.0,0.0,0.23065093159675598,0.14285714285714285,0.7142857142857143,0.0,1.0,1.0,1.0,1.0,1.0,,,1.0,1.0,1.0,12.0,[]
sci-ce709b73231a,rar_science,baseline,13.0,,,,,,,,,,,,,,,,lint,,,,,,,,,,,,,,,,,,,,,,,,,,"{'item_count_7_20': {'name': 'item_count_7_20', 'applicable': True, 'passed': True, 'reason': ''}}",1.0,1.0,1.0,0.0,0.23076923076923078,1.0,0.07142857142857142,0.0,0.0,0.4159986972808838,0.23076923076923078,0.9230769230769231,0.15384615384615385,1.0,1.0,1.0,1.0,1.0,,,1.0,1.0,1.0,28.0,[]
sci-ce709b73231a,rar_science,agentic,14.0,,,,,,,,,,,,,,,,lint,,,,,,,,,,,,,,,,,,,,,,,,,,"{'item_count_7_20': {'name': 'item_count_7_20', 'applicable': True, 'passed': True, 'reason': ''}}",1.0,1.0,1.0,1.0,0.21428571428571427,0.0,0.0,0.0,0.0,0.5678454041481018,0.21428571428571427,1.0,0.0,1.0,1.0,1.0,1.0,1.0,,,1.0,1.0,1.0,38.0,[]
sci-ce709b73231a,rar_science,agentic-tools,14.0,,,,,,,,,,,,,,,,lint,,,,,,,,,,,,,,,,,,,,,,,,,,"{'item_count_7_20': {'name': 'item_count_7_20', 'applicable': True, 'passed': True, 'reason': ''}}",0.8571428571428571,0.0,1.0,1.0,0.21428571428571427,1.0,0.02564102564102564,0.0,0.0,0.513405442237854,0.21428571428571427,0.9285714285714286,0.0,1.0,1.0,0.8571428571428571,1.0,1.0,,,1.0,1.0,1.0,39.0,[]
sci-d0020349f91f,rar_science,shipped,9.0,,,,,,,,,,,,,,,,lint,,,,,,,,,,,,,,,,,,,,,,,,,,"{'item_count_7_20': {'name': 'item_count_7_20', 'applicable': True, 'passed': True, 'reason': ''}}",0.8888888888888888,0.0,1.0,1.0,0.1111111111111111,1.0,0.14285714285714285,0.0,0.0,0.2775766849517822,0.1111111111111111,0.7777777777777778,0.1111111111111111,1.0,1.0,1.0,1.0,1.0,,,1.0,0.8888888888888888,1.0,21.0,[]
sci-d0020349f91f,rar_science,baseline,10.0,,,,,,,,,,,,,,,,lint,,,,,,,,,,,,,,,,,,,,,,,,,,"{'item_count_7_20': {'name': 'item_count_7_20', 'applicable': True, 'passed': True, 'reason': ''}}",0.9,0.0,1.0,1.0,0.2,1.0,0.10526315789473684,0.0,0.0,0.5686985850334167,0.2,0.9,0.1,1.0,0.9,1.0,1.0,1.0,,,1.0,1.0,1.0,19.0,[]
sci-d0020349f91f,rar_science,agentic,6.0,,,,,,,,,,,,,,,,lint,,,,,,,,,,,,,,,,,,,,,,,,,,"{'item_count_7_20': {'name': 'item_count_7_20', 'applicable': True, 'passed': False, 'reason': '6 items'}}",0.8333333333333334,0.0,0.0,1.0,0.3333333333333333,0.0,,0.0,0.0,0.2597610354423523,0.3333333333333333,0.6666666666666666,0.0,0.0,1.0,1.0,1.0,1.0,,,1.0,0.8333333333333334,1.0,0.0,[]
sci-d0020349f91f,rar_science,agentic-tools,5.0,,,,,,,,,,,,,,,,lint,,,,,,,,,,,,,,,,,,,,,,,,,,"{'item_count_7_20': {'name': 'item_count_7_20', 'applicable': True, 'passed': False, 'reason': '5 items'}}",1.0,0.0,0.0,1.0,0.6,0.0,0.0,0.0,0.0,0.4727513790130615,0.6,1.0,0.0,0.0,1.0,1.0,1.0,1.0,,,1.0,1.0,1.0,1.0,[]
sci-debd831207ba,rar_science,shipped,7.0,,,,,,,,,,,,,,,,lint,,,,,,,,,,,,,,,,,,,,,,,,,,"{'item_count_7_20': {'name': 'item_count_7_20', 'applicable': True, 'passed': True, 'reason': ''}}",1.0,1.0,1.0,1.0,0.14285714285714285,0.0,0.0,0.0,0.0,0.24386507272720337,0.14285714285714285,0.7142857142857143,0.14285714285714285,1.0,1.0,1.0,1.0,1.0,,,1.0,1.0,1.0,12.0,[]
sci-debd831207ba,rar_science,baseline,14.0,,,,,,,,,,,,,,,,lint,,,,,,,,,,,,,,,,,,,,,,,,,,"{'item_count_7_20': {'name': 'item_count_7_20', 'applicable': True, 'passed': True, 'reason': ''}}",1.0,1.0,1.0,0.0,0.21428571428571427,1.0,0.08333333333333333,0.0,0.0,0.39669764041900635,0.21428571428571427,0.9285714285714286,0.14285714285714285,1.0,1.0,1.0,1.0,1.0,,,1.0,1.0,1.0,36.0,[]
sci-debd831207ba,rar_science,agentic,6.0,,,,,,,,,,,,,,,,lint,,,,,,,,,,,,,,,,,,,,,,,,,,"{'item_count_7_20': {'name': 'item_count_7_20', 'applicable': True, 'passed': False, 'reason': '6 items'}}",0.8333333333333334,0.0,0.0,1.0,0.0,1.0,0.1111111111111111,0.0,0.0,0.0,0.0,0.6666666666666666,0.0,0.0,0.8333333333333334,1.0,1.0,1.0,,,1.0,1.0,1.0,9.0,[]
sci-debd831207ba,rar_science,agentic-tools,6.0,,,,,,,,,,,,,,,,lint,,,,,,,,,,,,,,,,,,,,,,,,,,"{'item_count_7_20': {'name': 'item_count_7_20', 'applicable': True, 'passed': False, 'reason': '6 items'}}",1.0,0.0,0.0,1.0,0.3333333333333333,0.0,0.0,1.0,1.0,0.6736499071121216,0.3333333333333333,1.0,0.0,0.0,1.0,1.0,1.0,1.0,,,1.0,1.0,1.0,3.0,"[{'pitfall_index': 5, 'positive_index': 2, 'similarity': 0.6736499071121216}]"
sci-e86ea8cb138a,rar_science,shipped,7.0,,,,,,,,,,,,,,,,lint,,,,,,,,,,,,,,,,,,,,,,,,,,"{'item_count_7_20': {'name': 'item_count_7_20', 'applicable': True, 'passed': True, 'reason': ''}}",1.0,1.0,1.0,1.0,0.14285714285714285,0.0,0.0,0.0,0.0,0.21979209780693054,0.14285714285714285,0.8571428571428571,0.0,1.0,1.0,1.0,1.0,1.0,,,1.0,1.0,1.0,12.0,[]
sci-e86ea8cb138a,rar_science,baseline,12.0,,,,,,,,,,,,,,,,lint,,,,,,,,,,,,,,,,,,,,,,,,,,"{'item_count_7_20': {'name': 'item_count_7_20', 'applicable': True, 'passed': True, 'reason': ''}}",0.9166666666666666,0.0,1.0,0.0,0.25,0.0,0.0,0.0,0.0,0.24405963718891144,0.25,1.0,0.16666666666666666,1.0,1.0,1.0,1.0,1.0,,,1.0,0.9166666666666666,1.0,24.0,[]
sci-e86ea8cb138a,rar_science,agentic,6.0,,,,,,,,,,,,,,,,lint,,,,,,,,,,,,,,,,,,,,,,,,,,"{'item_count_7_20': {'name': 'item_count_7_20', 'applicable': True, 'passed': False, 'reason': '6 items'}}",0.8333333333333334,0.0,0.0,1.0,0.16666666666666666,0.0,0.0,0.0,0.0,0.26465922594070435,0.16666666666666666,0.8333333333333334,0.0,0.0,1.0,1.0,1.0,1.0,,,1.0,0.8333333333333334,1.0,8.0,[]
sci-e86ea8cb138a,rar_science,agentic-tools,14.0,,,,,,,,,,,,,,,,lint,,,,,,,,,,,,,,,,,,,,,,,,,,"{'item_count_7_20': {'name': 'item_count_7_20', 'applicable': True, 'passed': True, 'reason': ''}}",1.0,1.0,1.0,1.0,0.2857142857142857,0.0,0.0,1.0,1.0,0.6109575033187866,0.2857142857142857,1.0,0.0,1.0,1.0,1.0,1.0,1.0,,,1.0,1.0,1.0,27.0,"[{'pitfall_index': 9, 'positive_index': 7, 'similarity': 0.6109575033187866}]"
sci-045492df8b2b,rar_science,shipped,7.0,,,,,,,,,,,,,,,,lint,,,,,,,,,,,,,,,,,,,,,,,,,,"{'item_count_7_20': {'name': 'item_count_7_20', 'applicable': True, 'passed': True, 'reason': ''}}",0.8571428571428571,0.0,1.0,1.0,0.14285714285714285,1.0,0.09090909090909091,0.0,0.0,0.18376030027866364,0.14285714285714285,0.5714285714285714,0.14285714285714285,1.0,0.8571428571428571,1.0,1.0,1.0,,,1.0,1.0,1.0,11.0,[]
sci-045492df8b2b,rar_science,baseline,9.0,,,,,,,,,,,,,,,,lint,,,,,,,,,,,,,,,,,,,,,,,,,,"{'item_count_7_20': {'name': 'item_count_7_20', 'applicable': True, 'passed': True, 'reason': ''}}",0.8888888888888888,0.0,1.0,0.0,0.2222222222222222,0.0,0.0,0.0,0.0,0.33933424949645996,0.2222222222222222,1.0,0.1111111111111111,1.0,0.8888888888888888,1.0,1.0,1.0,,,1.0,1.0,1.0,16.0,[]
sci-045492df8b2b,rar_science,agentic,9.0,,,,,,,,,,,,,,,,lint,,,,,,,,,,,,,,,,,,,,,,,,,,"{'item_count_7_20': {'name': 'item_count_7_20', 'applicable': True, 'passed': True, 'reason': ''}}",0.8888888888888888,0.0,1.0,1.0,0.1111111111111111,0.0,0.0,0.0,0.0,0.32211732864379883,0.1111111111111111,1.0,0.0,1.0,1.0,1.0,1.0,1.0,,,1.0,0.8888888888888888,1.0,19.0,[]
sci-045492df8b2b,rar_science,agentic-tools,13.0,,,,,,,,,,,,,,,,lint,,,,,,,,,,,,,,,,,,,,,,,,,,"{'item_count_7_20': {'name': 'item_count_7_20', 'applicable': True, 'passed': True, 'reason': ''}}",0.9230769230769231,0.0,1.0,1.0,0.0,0.0,0.0,0.0,0.0,0.0,0.0,1.0,0.0,1.0,1.0,1.0,1.0,1.0,,,1.0,0.9230769230769231,1.0,44.0,[]
sci-180557220f0a,rar_science,shipped,7.0,,,,,,,,,,,,,,,,lint,,,,,,,,,,,,,,,,,,,,,,,,,,"{'item_count_7_20': {'name': 'item_count_7_20', 'applicable': True, 'passed': True, 'reason': ''}}",0.8571428571428571,0.0,1.0,0.0,0.14285714285714285,0.0,0.0,0.0,0.0,0.26164960861206055,0.14285714285714285,0.7142857142857143,0.0,1.0,1.0,1.0,1.0,1.0,,,1.0,0.8571428571428571,1.0,12.0,[]
sci-180557220f0a,rar_science,baseline,10.0,,,,,,,,,,,,,,,,lint,,,,,,,,,,,,,,,,,,,,,,,,,,"{'item_count_7_20': {'name': 'item_count_7_20', 'applicable': True, 'passed': True, 'reason': ''}}",0.8,0.0,1.0,0.0,0.2,1.0,0.1,0.0,0.0,0.41624799370765686,0.2,0.8,0.1,1.0,0.9,1.0,1.0,1.0,,,1.0,0.9,1.0,20.0,[]
sci-180557220f0a,rar_science,agentic,7.0,,,,,,,,,,,,,,,,lint,,,,,,,,,,,,,,,,,,,,,,,,,,"{'item_count_7_20': {'name': 'item_count_7_20', 'applicable': True, 'passed': True, 'reason': ''}}",0.5714285714285714,0.0,1.0,1.0,0.2857142857142857,0.0,0.0,0.0,0.0,0.3237556517124176,0.2857142857142857,0.8571428571428571,0.0,1.0,1.0,1.0,1.0,1.0,,,1.0,0.5714285714285714,1.0,6.0,[]
sci-180557220f0a,rar_science,agentic-tools,16.0,,,,,,,,,,,,,,,,lint,,,,,,,,,,,,,,,,,,,,,,,,,,"{'item_count_7_20': {'name': 'item_count_7_20', 'applicable': True, 'passed': True, 'reason': ''}}",0.75,0.0,1.0,1.0,0.125,0.0,0.0,0.0,0.0,0.5672459602355957,0.125,0.75,0.0,1.0,0.9375,1.0,1.0,1.0,,,1.0,0.8125,1.0,59.0,[]
sci-256b4b58e6fc,rar_science,shipped,7.0,,,,,,,,,,,,,,,,lint,,,,,,,,,,,,,,,,,,,,,,,,,,"{'item_count_7_20': {'name': 'item_count_7_20', 'applicable': True, 'passed': True, 'reason': ''}}",0.8571428571428571,0.0,1.0,1.0,0.14285714285714285,0.0,0.0,0.0,0.0,0.2927744388580322,0.14285714285714285,0.8571428571428571,0.0,1.0,1.0,1.0,1.0,1.0,,,1.0,1.0,0.8571428571428571,12.0,[]
sci-256b4b58e6fc,rar_science,baseline,12.0,,,,,,,,,,,,,,,,lint,,,,,,,,,,,,,,,,,,,,,,,,,,"{'item_count_7_20': {'name': 'item_count_7_20', 'applicable': True, 'passed': True, 'reason': ''}}",0.9166666666666666,0.0,1.0,1.0,0.25,0.0,0.0,0.0,0.0,0.4263591468334198,0.25,1.0,0.25,1.0,0.9166666666666666,1.0,1.0,1.0,,,1.0,1.0,1.0,26.0,[]
sci-256b4b58e6fc,rar_science,agentic,12.0,,,,,,,,,,,,,,,,lint,,,,,,,,,,,,,,,,,,,,,,,,,,"{'item_count_7_20': {'name': 'item_count_7_20', 'applicable': True, 'passed': True, 'reason': ''}}",0.8333333333333334,0.0,1.0,1.0,0.16666666666666666,1.0,0.15151515151515152,0.0,0.0,0.49095070362091064,0.16666666666666666,0.75,0.0,1.0,1.0,1.0,1.0,1.0,,,1.0,1.0,0.8333333333333334,33.0,[]
sci-256b4b58e6fc,rar_science,agentic-tools,7.0,,,,,,,,,,,,,,,,lint,,,,,,,,,,,,,,,,,,,,,,,,,,"{'item_count_7_20': {'name': 'item_count_7_20', 'applicable': True, 'passed': True, 'reason': ''}}",1.0,1.0,1.0,1.0,0.14285714285714285,0.0,0.0,0.0,0.0,0.3659084737300873,0.14285714285714285,1.0,0.0,1.0,1.0,1.0,1.0,1.0,,,1.0,1.0,1.0,11.0,[]
sci-2892b69a6237,rar_science,shipped,8.0,,,,,,,,,,,,,,,,lint,,,,,,,,,,,,,,,,,,,,,,,,,,"{'item_count_7_20': {'name': 'item_count_7_20', 'applicable': True, 'passed': True, 'reason': ''}}",1.0,1.0,1.0,1.0,0.125,0.0,0.0,0.0,0.0,0.40488073229789734,0.125,0.875,0.0,1.0,1.0,1.0,1.0,1.0,,,1.0,1.0,1.0,16.0,[]
sci-2892b69a6237,rar_science,baseline,11.0,,,,,,,,,,,,,,,,lint,,,,,,,,,,,,,,,,,,,,,,,,,,"{'item_count_7_20': {'name': 'item_count_7_20', 'applicable': True, 'passed': True, 'reason': ''}}",1.0,1.0,1.0,1.0,0.18181818181818182,0.0,0.0,1.0,1.0,0.7263326644897461,0.18181818181818182,1.0,0.18181818181818182,1.0,1.0,1.0,1.0,1.0,,,1.0,1.0,1.0,24.0,"[{'pitfall_index': 9, 'positive_index': 5, 'similarity': 0.7263326644897461}]"
sci-2892b69a6237,rar_science,agentic,8.0,,,,,,,,,,,,,,,,lint,,,,,,,,,,,,,,,,,,,,,,,,,,"{'item_count_7_20': {'name': 'item_count_7_20', 'applicable': True, 'passed': True, 'reason': ''}}",0.875,0.0,1.0,1.0,0.25,0.0,0.0,0.0,0.0,0.34147363901138306,0.25,0.75,0.0,1.0,0.875,1.0,1.0,1.0,,,1.0,1.0,1.0,5.0,[]
sci-2892b69a6237,rar_science,agentic-tools,5.0,,,,,,,,,,,,,,,,lint,,,,,,,,,,,,,,,,,,,,,,,,,,"{'item_count_7_20': {'name': 'item_count_7_20', 'applicable': True, 'passed': False, 'reason': '5 items'}}",1.0,0.0,0.0,1.0,0.4,0.0,0.0,0.0,0.0,0.5793696045875549,0.4,0.6,0.0,0.0,1.0,1.0,1.0,1.0,,,1.0,1.0,1.0,2.0,[]
sci-2894a3c6c89c,rar_science,shipped,8.0,,,,,,,,,,,,,,,,lint,,,,,,,,,,,,,,,,,,,,,,,,,,"{'item_count_7_20': {'name': 'item_count_7_20', 'applicable': True, 'passed': True, 'reason': ''}}",1.0,1.0,1.0,1.0,0.125,1.0,0.25,0.0,0.0,0.42203301191329956,0.125,0.5,0.0,1.0,1.0,1.0,1.0,1.0,,,1.0,1.0,1.0,16.0,[]
sci-2894a3c6c89c,rar_science,baseline,13.0,,,,,,,,,,,,,,,,lint,,,,,,,,,,,,,,,,,,,,,,,,,,"{'item_count_7_20': {'name': 'item_count_7_20', 'applicable': True, 'passed': True, 'reason': ''}}",1.0,1.0,1.0,0.0,0.15384615384615385,0.0,0.0,0.0,0.0,0.40553781390190125,0.15384615384615385,1.0,0.07692307692307693,1.0,1.0,1.0,1.0,1.0,,,1.0,1.0,1.0,34.0,[]
sci-2894a3c6c89c,rar_science,agentic,6.0,,,,,,,,,,,,,,,,lint,,,,,,,,,,,,,,,,,,,,,,,,,,"{'item_count_7_20': {'name': 'item_count_7_20', 'applicable': True, 'passed': False, 'reason': '6 items'}}",1.0,0.0,0.0,1.0,0.16666666666666666,1.0,0.125,0.0,0.0,0.2780029773712158,0.16666666666666666,0.5,0.0,0.0,1.0,1.0,1.0,1.0,,,1.0,1.0,1.0,8.0,[]
sci-2894a3c6c89c,rar_science,agentic-tools,5.0,,,,,,,,,,,,,,,,lint,,,,,,,,,,,,,,,,,,,,,,,,,,"{'item_count_7_20': {'name': 'item_count_7_20', 'applicable': True, 'passed': False, 'reason': '5 items'}}",1.0,0.0,0.0,1.0,0.4,0.0,0.0,0.0,0.0,0.44053810834884644,0.4,0.6,0.0,0.0,1.0,1.0,1.0,1.0,,,1.0,1.0,1.0,2.0,[]
sci-31945f4df73d,rar_science,shipped,7.0,,,,,,,,,,,,,,,,lint,,,,,,,,,,,,,,,,,,,,,,,,,,"{'item_count_7_20': {'name': 'item_count_7_20', 'applicable': True, 'passed': True, 'reason': ''}}",1.0,1.0,1.0,1.0,0.14285714285714285,0.0,0.0,0.0,0.0,0.32004454731941223,0.14285714285714285,0.8571428571428571,0.0,1.0,1.0,1.0,1.0,1.0,,,1.0,1.0,1.0,11.0,[]
sci-31945f4df73d,rar_science,baseline,9.0,,,,,,,,,,,,,,,,lint,,,,,,,,,,,,,,,,,,,,,,,,,,"{'item_count_7_20': {'name': 'item_count_7_20', 'applicable': True, 'passed': True, 'reason': ''}}",1.0,1.0,1.0,1.0,0.2222222222222222,0.0,0.0,0.0,0.0,0.3578755259513855,0.2222222222222222,1.0,0.1111111111111111,1.0,1.0,1.0,1.0,1.0,,,1.0,1.0,1.0,14.0,[]
sci-31945f4df73d,rar_science,agentic,9.0,,,,,,,,,,,,,,,,lint,,,,,,,,,,,,,,,,,,,,,,,,,,"{'item_count_7_20': {'name': 'item_count_7_20', 'applicable': True, 'passed': True, 'reason': ''}}",0.5555555555555556,0.0,1.0,1.0,0.2222222222222222,1.0,0.14285714285714285,1.0,1.0,0.6395942568778992,0.2222222222222222,0.8888888888888888,0.0,1.0,1.0,1.0,1.0,1.0,,,1.0,0.5555555555555556,1.0,14.0,"[{'pitfall_index': 6, 'positive_index': 4, 'similarity': 0.6395942568778992}]"
sci-31945f4df73d,rar_science,agentic-tools,5.0,,,,,,,,,,,,,,,,lint,,,,,,,,,,,,,,,,,,,,,,,,,,"{'item_count_7_20': {'name': 'item_count_7_20', 'applicable': True, 'passed': False, 'reason': '5 items'}}",0.8,0.0,0.0,1.0,0.2,0.0,0.0,1.0,1.0,0.7765035033226013,0.2,1.0,0.0,0.0,1.0,1.0,1.0,1.0,,,1.0,0.8,1.0,4.0,"[{'pitfall_index': 3, 'positive_index': 0, 'similarity': 0.7765035033226013}]"
sci-3c61ccbecbf0,rar_science,shipped,7.0,,,,,,,,,,,,,,,,lint,,,,,,,,,,,,,,,,,,,,,,,,,,"{'item_count_7_20': {'name': 'item_count_7_20', 'applicable': True, 'passed': True, 'reason': ''}}",1.0,1.0,1.0,1.0,0.14285714285714285,0.0,0.0,0.0,0.0,0.3823762834072113,0.14285714285714285,0.7142857142857143,0.0,1.0,1.0,1.0,1.0,1.0,,,1.0,1.0,1.0,12.0,[]
sci-3c61ccbecbf0,rar_science,baseline,14.0,,,,,,,,,,,,,,,,lint,,,,,,,,,,,,,,,,,,,,,,,,,,"{'item_count_7_20': {'name': 'item_count_7_20', 'applicable': True, 'passed': True, 'reason': ''}}",0.9285714285714286,0.0,1.0,0.0,0.2857142857142857,0.0,0.0,0.0,0.0,0.518176257610321,0.2857142857142857,1.0,0.14285714285714285,1.0,0.9285714285714286,1.0,1.0,1.0,,,1.0,1.0,1.0,31.0,[]
sci-3c61ccbecbf0,rar_science,agentic,6.0,,,,,,,,,,,,,,,,lint,,,,,,,,,,,,,,,,,,,,,,,,,,"{'item_count_7_20': {'name': 'item_count_7_20', 'applicable': True, 'passed': False, 'reason': '6 items'}}",0.8333333333333334,0.0,0.0,1.0,0.6666666666666666,0.0,,0.0,0.0,0.4186669588088989,0.6666666666666666,1.0,0.0,0.0,1.0,1.0,1.0,1.0,,,1.0,0.8333333333333334,1.0,0.0,[]
sci-3c61ccbecbf0,rar_science,agentic-tools,4.0,,,,,,,,,,,,,,,,lint,,,,,,,,,,,,,,,,,,,,,,,,,,"{'item_count_7_20': {'name': 'item_count_7_20', 'applicable': True, 'passed': False, 'reason': '4 items'}}",1.0,0.0,0.0,1.0,0.25,0.0,0.0,0.0,0.0,0.3431338965892792,0.25,0.75,0.0,0.0,1.0,1.0,1.0,1.0,,,1.0,1.0,1.0,3.0,[]
sci-4043bf8ee284,rar_science,shipped,9.0,,,,,,,,,,,,,,,,lint,,,,,,,,,,,,,,,,,,,,,,,,,,"{'item_count_7_20': {'name': 'item_count_7_20', 'applicable': True, 'passed': True, 'reason': ''}}",0.8888888888888888,0.0,1.0,1.0,0.1111111111111111,0.0,0.0,0.0,0.0,0.11427795886993408,0.1111111111111111,1.0,0.0,1.0,1.0,1.0,1.0,1.0,,,1.0,0.8888888888888888,1.0,21.0,[]
sci-4043bf8ee284,rar_science,baseline,10.0,,,,,,,,,,,,,,,,lint,,,,,,,,,,,,,,,,,,,,,,,,,,"{'item_count_7_20': {'name': 'item_count_7_20', 'applicable': True, 'passed': True, 'reason': ''}}",1.0,1.0,1.0,0.0,0.2,0.0,0.0,0.0,0.0,0.4269225597381592,0.2,1.0,0.1,1.0,1.0,1.0,1.0,1.0,,,1.0,1.0,1.0,19.0,[]
sci-4043bf8ee284,rar_science,agentic,16.0,,,,,,,,,,,,,,,,lint,,,,,,,,,,,,,,,,,,,,,,,,,,"{'item_count_7_20': {'name': 'item_count_7_20', 'applicable': True, 'passed': True, 'reason': ''}}",0.75,0.0,1.0,1.0,0.25,0.0,0.0,1.0,1.0,0.7293300628662109,0.25,1.0,0.0,1.0,1.0,1.0,1.0,1.0,,,1.0,0.75,1.0,41.0,"[{'pitfall_index': 13, 'positive_index': 4, 'similarity': 0.7293300628662109}]"
sci-4043bf8ee284,rar_science,agentic-tools,6.0,,,,,,,,,,,,,,,,lint,,,,,,,,,,,,,,,,,,,,,,,,,,"{'item_count_7_20': {'name': 'item_count_7_20', 'applicable': True, 'passed': False, 'reason': '6 items'}}",0.6666666666666666,0.0,0.0,1.0,0.5,0.0,0.0,0.0,0.0,0.47067350149154663,0.5,0.8333333333333334,0.0,0.0,0.6666666666666666,1.0,1.0,1.0,,,1.0,0.8333333333333334,1.0,2.0,[]
sci-42ea0adaccfd,rar_science,shipped,7.0,,,,,,,,,,,,,,,,lint,,,,,,,,,,,,,,,,,,,,,,,,,,"{'item_count_7_20': {'name': 'item_count_7_20', 'applicable': True, 'passed': True, 'reason': ''}}",1.0,1.0,1.0,1.0,0.14285714285714285,1.0,0.09090909090909091,0.0,0.0,0.3011571764945984,0.14285714285714285,0.5714285714285714,0.0,1.0,1.0,1.0,1.0,1.0,,,1.0,1.0,1.0,11.0,[]
sci-42ea0adaccfd,rar_science,baseline,9.0,,,,,,,,,,,,,,,,lint,,,,,,,,,,,,,,,,,,,,,,,,,,"{'item_count_7_20': {'name': 'item_count_7_20', 'applicable': True, 'passed': True, 'reason': ''}}",1.0,1.0,1.0,0.0,0.2222222222222222,0.0,0.0,0.0,0.0,0.49409791827201843,0.2222222222222222,1.0,0.1111111111111111,1.0,1.0,1.0,1.0,1.0,,,1.0,1.0,1.0,16.0,[]
sci-42ea0adaccfd,rar_science,agentic,6.0,,,,,,,,,,,,,,,,lint,,,,,,,,,,,,,,,,,,,,,,,,,,"{'item_count_7_20': {'name': 'item_count_7_20', 'applicable': True, 'passed': False, 'reason': '6 items'}}",0.8333333333333334,0.0,0.0,1.0,0.0,0.0,0.0,0.0,0.0,0.0,0.0,0.5,0.0,0.0,1.0,1.0,1.0,1.0,,,1.0,0.8333333333333334,1.0,8.0,[]
sci-42ea0adaccfd,rar_science,agentic-tools,6.0,,,,,,,,,,,,,,,,lint,,,,,,,,,,,,,,,,,,,,,,,,,,"{'item_count_7_20': {'name': 'item_count_7_20', 'applicable': True, 'passed': False, 'reason': '6 items'}}",0.8333333333333334,0.0,0.0,1.0,0.5,0.0,0.0,0.0,0.0,0.3396969735622406,0.5,0.8333333333333334,0.0,0.0,0.8333333333333334,1.0,1.0,1.0,,,1.0,1.0,1.0,2.0,[]
sci-4374acc76fa7,rar_science,shipped,7.0,,,,,,,,,,,,,,,,lint,,,,,,,,,,,,,,,,,,,,,,,,,,"{'item_count_7_20': {'name': 'item_count_7_20', 'applicable': True, 'passed': True, 'reason': ''}}",1.0,1.0,1.0,1.0,0.14285714285714285,1.0,0.16666666666666666,0.0,0.0,0.10670717060565948,0.14285714285714285,0.5714285714285714,0.0,1.0,1.0,1.0,1.0,1.0,,,1.0,1.0,1.0,12.0,[]
sci-4374acc76fa7,rar_science,baseline,11.0,,,,,,,,,,,,,,,,lint,,,,,,,,,,,,,,,,,,,,,,,,,,"{'item_count_7_20': {'name': 'item_count_7_20', 'applicable': True, 'passed': True, 'reason': ''}}",1.0,1.0,1.0,0.0,0.18181818181818182,1.0,0.16666666666666666,0.0,0.0,0.466655969619751,0.18181818181818182,0.8181818181818182,0.0,1.0,1.0,1.0,1.0,1.0,,,1.0,1.0,1.0,24.0,[]
sci-4374acc76fa7,rar_science,agentic,15.0,,,,,,,,,,,,,,,,lint,,,,,,,,,,,,,,,,,,,,,,,,,,"{'item_count_7_20': {'name': 'item_count_7_20', 'applicable': True, 'passed': True, 'reason': ''}}",0.8666666666666667,0.0,1.0,1.0,0.2,0.0,0.0,1.0,1.0,0.6238179206848145,0.2,1.0,0.0,1.0,0.9333333333333333,1.0,1.0,1.0,,,1.0,0.9333333333333333,1.0,47.0,"[{'pitfall_index': 11, 'positive_index': 6, 'similarity': 0.6238179206848145}]"
sci-4374acc76fa7,rar_science,agentic-tools,15.0,,,,,,,,,,,,,,,,lint,,,,,,,,,,,,,,,,,,,,,,,,,,"{'item_count_7_20': {'name': 'item_count_7_20', 'applicable': True, 'passed': True, 'reason': ''}}",0.9333333333333333,0.0,1.0,1.0,0.3333333333333333,0.0,0.0,1.0,1.0,0.6350414752960205,0.3333333333333333,1.0,0.0,1.0,0.9333333333333333,1.0,1.0,1.0,,,1.0,1.0,1.0,31.0,"[{'pitfall_index': 13, 'positive_index': 6, 'similarity': 0.6350414752960205}]"
sci-4ff615cd292d,rar_science,shipped,7.0,,,,,,,,,,,,,,,,lint,,,,,,,,,,,,,,,,,,,,,,,,,,"{'item_count_7_20': {'name': 'item_count_7_20', 'applicable': True, 'passed': True, 'reason': ''}}",0.8571428571428571,0.0,1.0,1.0,0.14285714285714285,0.0,0.0,0.0,0.0,0.3214726746082306,0.14285714285714285,0.8571428571428571,0.0,1.0,0.8571428571428571,1.0,1.0,1.0,,,1.0,1.0,1.0,12.0,[]
sci-4ff615cd292d,rar_science,baseline,8.0,,,,,,,,,,,,,,,,lint,,,,,,,,,,,,,,,,,,,,,,,,,,"{'item_count_7_20': {'name': 'item_count_7_20', 'applicable': True, 'passed': True, 'reason': ''}}",0.875,0.0,1.0,0.0,0.25,0.0,0.0,1.0,1.0,0.7246493101119995,0.25,1.0,0.125,1.0,1.0,1.0,1.0,1.0,,,1.0,0.875,1.0,8.0,"[{'pitfall_index': 7, 'positive_index': 4, 'similarity': 0.7246493101119995}]"
sci-4ff615cd292d,rar_science,agentic,6.0,,,,,,,,,,,,,,,,lint,,,,,,,,,,,,,,,,,,,,,,,,,,"{'item_count_7_20': {'name': 'item_count_7_20', 'applicable': True, 'passed': False, 'reason': '6 items'}}",0.6666666666666666,0.0,0.0,1.0,0.16666666666666666,1.0,0.25,0.0,0.0,0.46816286444664,0.16666666666666666,0.6666666666666666,0.0,0.0,0.8333333333333334,1.0,1.0,1.0,,,1.0,0.8333333333333334,1.0,4.0,[]
sci-4ff615cd292d,rar_science,agentic-tools,5.0,,,,,,,,,,,,,,,,lint,,,,,,,,,,,,,,,,,,,,,,,,,,"{'item_count_7_20': {'name': 'item_count_7_20', 'applicable': True, 'passed': False, 'reason': '5 items'}}",1.0,0.0,0.0,1.0,0.0,0.0,0.0,0.0,0.0,0.0,0.0,1.0,0.0,0.0,1.0,1.0,1.0,1.0,,,1.0,1.0,1.0,7.0,[]
sci-51a643fb0239,rar_science,shipped,7.0,,,,,,,,,,,,,,,,lint,,,,,,,,,,,,,,,,,,,,,,,,,,"{'item_count_7_20': {'name': 'item_count_7_20', 'applicable': True, 'passed': True, 'reason': ''}}",1.0,1.0,1.0,1.0,0.0,0.0,0.0,0.0,0.0,0.0,0.0,0.8571428571428571,0.0,1.0,1.0,1.0,1.0,1.0,,,1.0,1.0,1.0,15.0,[]
sci-51a643fb0239,rar_science,baseline,9.0,,,,,,,,,,,,,,,,lint,,,,,,,,,,,,,,,,,,,,,,,,,,"{'item_count_7_20': {'name': 'item_count_7_20', 'applicable': True, 'passed': True, 'reason': ''}}",0.8888888888888888,0.0,1.0,0.0,0.2222222222222222,1.0,0.2,0.0,0.0,0.41886523365974426,0.2222222222222222,0.6666666666666666,0.0,1.0,1.0,1.0,1.0,1.0,,,1.0,0.8888888888888888,1.0,15.0,[]
sci-51a643fb0239,rar_science,agentic,6.0,,,,,,,,,,,,,,,,lint,,,,,,,,,,,,,,,,,,,,,,,,,,"{'item_count_7_20': {'name': 'item_count_7_20', 'applicable': True, 'passed': False, 'reason': '6 items'}}",0.6666666666666666,0.0,0.0,1.0,0.0,0.0,0.0,0.0,0.0,0.0,0.0,1.0,0.0,0.0,1.0,1.0,1.0,1.0,,,1.0,0.6666666666666666,1.0,11.0,[]
sci-51a643fb0239,rar_science,agentic-tools,6.0,,,,,,,,,,,,,,,,lint,,,,,,,,,,,,,,,,,,,,,,,,,,"{'item_count_7_20': {'name': 'item_count_7_20', 'applicable': True, 'passed': False, 'reason': '6 items'}}",0.8333333333333334,0.0,0.0,1.0,0.0,0.0,0.0,0.0,0.0,0.0,0.0,1.0,0.0,0.0,1.0,1.0,1.0,1.0,,,1.0,0.8333333333333334,1.0,5.0,[]
sci-59e13b52684e,rar_science,shipped,8.0,,,,,,,,,,,,,,,,lint,,,,,,,,,,,,,,,,,,,,,,,,,,"{'item_count_7_20': {'name': 'item_count_7_20', 'applicable': True, 'passed': True, 'reason': ''}}",1.0,1.0,1.0,0.0,0.125,1.0,0.125,0.0,0.0,0.1998334676027298,0.125,0.625,0.0,1.0,1.0,1.0,1.0,1.0,,,1.0,1.0,1.0,16.0,[]
sci-59e13b52684e,rar_science,baseline,10.0,,,,,,,,,,,,,,,,lint,,,,,,,,,,,,,,,,,,,,,,,,,,"{'item_count_7_20': {'name': 'item_count_7_20', 'applicable': True, 'passed': True, 'reason': ''}}",1.0,1.0,1.0,0.0,0.1,1.0,0.11538461538461539,0.0,0.0,0.21842271089553833,0.1,0.9,0.0,1.0,1.0,1.0,1.0,1.0,,,1.0,1.0,1.0,26.0,[]
sci-59e13b52684e,rar_science,agentic,6.0,,,,,,,,,,,,,,,,lint,,,,,,,,,,,,,,,,,,,,,,,,,,"{'item_count_7_20': {'name': 'item_count_7_20', 'applicable': True, 'passed': False, 'reason': '6 items'}}",0.8333333333333334,0.0,0.0,1.0,0.0,1.0,0.3333333333333333,0.0,0.0,0.0,0.0,0.6666666666666666,0.0,0.0,1.0,1.0,1.0,1.0,,,1.0,0.8333333333333334,1.0,9.0,[]
sci-59e13b52684e,rar_science,agentic-tools,5.0,,,,,,,,,,,,,,,,lint,,,,,,,,,,,,,,,,,,,,,,,,,,"{'item_count_7_20': {'name': 'item_count_7_20', 'applicable': True, 'passed': False, 'reason': '5 items'}}",0.8,0.0,0.0,1.0,0.6,0.0,0.0,0.0,0.0,0.336570680141449,0.6,1.0,0.0,0.0,1.0,1.0,1.0,1.0,,,1.0,0.8,1.0,1.0,[]
sci-7232a342c126,rar_science,shipped,7.0,,,,,,,,,,,,,,,,lint,,,,,,,,,,,,,,,,,,,,,,,,,,"{'item_count_7_20': {'name': 'item_count_7_20', 'applicable': True, 'passed': True, 'reason': ''}}",1.0,1.0,1.0,1.0,0.14285714285714285,1.0,0.18181818181818182,0.0,0.0,0.3959457278251648,0.14285714285714285,0.8571428571428571,0.0,1.0,1.0,1.0,1.0,1.0,,,1.0,1.0,1.0,11.0,[]
sci-7232a342c126,rar_science,baseline,13.0,,,,,,,,,,,,,,,,lint,,,,,,,,,,,,,,,,,,,,,,,,,,"{'item_count_7_20': {'name': 'item_count_7_20', 'applicable': True, 'passed': True, 'reason': ''}}",1.0,1.0,1.0,0.0,0.23076923076923078,0.0,0.0,0.0,0.0,0.5992726683616638,0.23076923076923078,1.0,0.07692307692307693,1.0,1.0,1.0,1.0,1.0,,,1.0,1.0,1.0,28.0,[]
sci-7232a342c126,rar_science,agentic,16.0,,,,,,,,,,,,,,,,lint,,,,,,,,,,,,,,,,,,,,,,,,,,"{'item_count_7_20': {'name': 'item_count_7_20', 'applicable': True, 'passed': True, 'reason': ''}}",0.6875,0.0,1.0,1.0,0.1875,0.0,0.0,0.0,0.0,0.5305972099304199,0.1875,1.0,0.0,1.0,0.6875,1.0,1.0,1.0,,,1.0,1.0,1.0,40.0,[]
sci-7232a342c126,rar_science,agentic-tools,5.0,,,,,,,,,,,,,,,,lint,,,,,,,,,,,,,,,,,,,,,,,,,,"{'item_count_7_20': {'name': 'item_count_7_20', 'applicable': True, 'passed': False, 'reason': '5 items'}}",1.0,0.0,0.0,1.0,0.2,0.0,0.0,0.0,0.0,0.415465772151947,0.2,1.0,0.0,0.0,1.0,1.0,1.0,1.0,,,1.0,1.0,1.0,3.0,[]
sci-774dda56a4b0,rar_science,shipped,7.0,,,,,,,,,,,,,,,,lint,,,,,,,,,,,,,,,,,,,,,,,,,,"{'item_count_7_20': {'name': 'item_count_7_20', 'applicable': True, 'passed': True, 'reason': ''}}",1.0,1.0,1.0,1.0,0.0,0.0,0.0,0.0,0.0,0.0,0.0,0.8571428571428571,0.0,1.0,1.0,1.0,1.0,1.0,,,1.0,1.0,1.0,16.0,[]
sci-774dda56a4b0,rar_science,baseline,10.0,,,,,,,,,,,,,,,,lint,,,,,,,,,,,,,,,,,,,,,,,,,,"{'item_count_7_20': {'name': 'item_count_7_20', 'applicable': True, 'passed': True, 'reason': ''}}",0.9,0.0,1.0,0.0,0.3,0.0,0.0,0.0,0.0,0.45877331495285034,0.3,1.0,0.2,1.0,1.0,1.0,1.0,1.0,,,1.0,0.9,1.0,16.0,[]
sci-774dda56a4b0,rar_science,agentic,6.0,,,,,,,,,,,,,,,,lint,,,,,,,,,,,,,,,,,,,,,,,,,,"{'item_count_7_20': {'name': 'item_count_7_20', 'applicable': True, 'passed': False, 'reason': '6 items'}}",0.6666666666666666,0.0,0.0,1.0,0.3333333333333333,0.0,0.0,0.0,0.0,0.47583818435668945,0.3333333333333333,1.0,0.0,0.0,0.8333333333333334,1.0,1.0,1.0,,,1.0,0.8,1.0,3.0,[]
sci-774dda56a4b0,rar_science,agentic-tools,16.0,,,,,,,,,,,,,,,,lint,,,,,,,,,,,,,,,,,,,,,,,,,,"{'item_count_7_20': {'name': 'item_count_7_20', 'applicable': True, 'passed': True, 'reason': ''}}",0.875,0.0,1.0,1.0,0.25,0.0,0.0,1.0,1.0,0.6919121742248535,0.25,1.0,0.0,1.0,0.9375,1.0,1.0,1.0,,,1.0,0.9375,1.0,41.0,"[{'pitfall_index': 13, 'positive_index': 2, 'similarity': 0.6919121742248535}]"
sci-87fc64569182,rar_science,shipped,7.0,,,,,,,,,,,,,,,,lint,,,,,,,,,,,,,,,,,,,,,,,,,,"{'item_count_7_20': {'name': 'item_count_7_20', 'applicable': True, 'passed': True, 'reason': ''}}",1.0,1.0,1.0,1.0,0.0,0.0,0.0,0.0,0.0,0.0,0.0,0.7142857142857143,0.0,1.0,1.0,1.0,1.0,1.0,,,1.0,1.0,1.0,16.0,[]
sci-87fc64569182,rar_science,baseline,7.0,,,,,,,,,,,,,,,,lint,,,,,,,,,,,,,,,,,,,,,,,,,,"{'item_count_7_20': {'name': 'item_count_7_20', 'applicable': True, 'passed': True, 'reason': ''}}",0.8571428571428571,0.0,1.0,0.0,0.2857142857142857,0.0,0.0,0.0,0.0,0.4785447418689728,0.2857142857142857,1.0,0.0,1.0,1.0,1.0,1.0,1.0,,,1.0,0.8571428571428571,1.0,7.0,[]
sci-87fc64569182,rar_science,agentic,6.0,,,,,,,,,,,,,,,,lint,,,,,,,,,,,,,,,,,,,,,,,,,,"{'item_count_7_20': {'name': 'item_count_7_20', 'applicable': True, 'passed': False, 'reason': '6 items'}}",0.6666666666666666,0.0,0.0,1.0,0.16666666666666666,1.0,0.3333333333333333,1.0,1.0,0.6176413893699646,0.16666666666666666,0.8333333333333334,0.0,0.0,1.0,1.0,1.0,1.0,,,1.0,0.6666666666666666,1.0,6.0,"[{'pitfall_index': 2, 'positive_index': 3, 'similarity': 0.6176413893699646}]"
sci-87fc64569182,rar_science,agentic-tools,6.0,,,,,,,,,,,,,,,,lint,,,,,,,,,,,,,,,,,,,,,,,,,,"{'item_count_7_20': {'name': 'item_count_7_20', 'applicable': True, 'passed': False, 'reason': '6 items'}}",0.8333333333333334,0.0,0.0,1.0,0.6666666666666666,0.0,0.0,0.0,0.0,0.25489261746406555,0.6666666666666666,1.0,0.0,0.0,1.0,1.0,1.0,1.0,,,1.0,0.8333333333333334,1.0,1.0,[]
sci-8af1844cfb27,rar_science,shipped,8.0,,,,,,,,,,,,,,,,lint,,,,,,,,,,,,,,,,,,,,,,,,,,"{'item_count_7_20': {'name': 'item_count_7_20', 'applicable': True, 'passed': True, 'reason': ''}}",1.0,1.0,1.0,1.0,0.125,1.0,0.25,0.0,0.0,0.058482129126787186,0.125,0.5,0.0,1.0,1.0,1.0,1.0,1.0,,,1.0,1.0,1.0,16.0,[]
sci-8af1844cfb27,rar_science,baseline,11.0,,,,,,,,,,,,,,,,lint,,,,,,,,,,,,,,,,,,,,,,,,,,"{'item_count_7_20': {'name': 'item_count_7_20', 'applicable': True, 'passed': True, 'reason': ''}}",0.9090909090909091,0.0,1.0,1.0,0.09090909090909091,1.0,0.09523809523809523,0.0,0.0,0.4890742599964142,0.09090909090909091,0.9090909090909091,0.09090909090909091,1.0,1.0,1.0,1.0,1.0,,,1.0,0.9090909090909091,1.0,21.0,[]
sci-8af1844cfb27,rar_science,agentic,10.0,,,,,,,,,,,,,,,,lint,,,,,,,,,,,,,,,,,,,,,,,,,,"{'item_count_7_20': {'name': 'item_count_7_20', 'applicable': True, 'passed': True, 'reason': ''}}",0.7,0.0,1.0,1.0,0.0,1.0,0.08695652173913043,0.0,0.0,0.0,0.0,0.4,0.0,1.0,1.0,0.9,1.0,1.0,,,1.0,0.8,1.0,23.0,[]
sci-8af1844cfb27,rar_science,agentic-tools,13.0,,,,,,,,,,,,,,,,lint,,,,,,,,,,,,,,,,,,,,,,,,,,"{'item_count_7_20': {'name': 'item_count_7_20', 'applicable': True, 'passed': True, 'reason': ''}}",1.0,1.0,1.0,1.0,0.0,1.0,0.02127659574468085,0.0,0.0,0.0,0.0,0.7692307692307693,0.0,1.0,1.0,1.0,1.0,1.0,,,1.0,1.0,1.0,47.0,[]
sci-a8cd6180f491,rar_science,shipped,7.0,,,,,,,,,,,,,,,,lint,,,,,,,,,,,,,,,,,,,,,,,,,,"{'item_count_7_20': {'name': 'item_count_7_20', 'applicable': True, 'passed': True, 'reason': ''}}",1.0,1.0,1.0,1.0,0.14285714285714285,0.0,0.0,0.0,0.0,0.21283115446567535,0.14285714285714285,1.0,0.0,1.0,1.0,1.0,1.0,1.0,,,1.0,1.0,1.0,9.0,[]
sci-a8cd6180f491,rar_science,baseline,8.0,,,,,,,,,,,,,,,,lint,,,,,,,,,,,,,,,,,,,,,,,,,,"{'item_count_7_20': {'name': 'item_count_7_20', 'applicable': True, 'passed': True, 'reason': ''}}",1.0,1.0,1.0,0.0,0.25,0.0,0.0,0.0,0.0,0.31806135177612305,0.25,1.0,0.0,1.0,1.0,1.0,1.0,1.0,,,1.0,1.0,1.0,11.0,[]
sci-a8cd6180f491,rar_science,agentic,9.0,,,,,,,,,,,,,,,,lint,,,,,,,,,,,,,,,,,,,,,,,,,,"{'item_count_7_20': {'name': 'item_count_7_20', 'applicable': True, 'passed': True, 'reason': ''}}",0.8888888888888888,0.0,1.0,1.0,0.2222222222222222,1.0,0.14285714285714285,0.0,0.0,0.4641995429992676,0.2222222222222222,0.8888888888888888,0.0,1.0,1.0,1.0,1.0,1.0,,,1.0,0.8888888888888888,1.0,14.0,[]
sci-a8cd6180f491,rar_science,agentic-tools,7.0,,,,,,,,,,,,,,,,lint,,,,,,,,,,,,,,,,,,,,,,,,,,"{'item_count_7_20': {'name': 'item_count_7_20', 'applicable': True, 'passed': True, 'reason': ''}}",0.8571428571428571,0.0,1.0,1.0,0.2857142857142857,1.0,0.16666666666666666,0.0,0.0,0.548803448677063,0.2857142857142857,0.8571428571428571,0.0,1.0,0.8571428571428571,1.0,1.0,1.0,,,1.0,1.0,1.0,6.0,[]
sci-acc5a4fc4c49,rar_science,shipped,8.0,,,,,,,,,,,,,,,,lint,,,,,,,,,,,,,,,,,,,,,,,,,,"{'item_count_7_20': {'name': 'item_count_7_20', 'applicable': True, 'passed': True, 'reason': ''}}",1.0,1.0,1.0,1.0,0.125,1.0,0.5714285714285714,0.0,0.0,0.4198203384876251,0.125,0.625,0.125,1.0,1.0,1.0,1.0,1.0,,,1.0,1.0,1.0,14.0,[]
sci-acc5a4fc4c49,rar_science,baseline,14.0,,,,,,,,,,,,,,,,lint,,,,,,,,,,,,,,,,,,,,,,,,,,"{'item_count_7_20': {'name': 'item_count_7_20', 'applicable': True, 'passed': True, 'reason': ''}}",0.7857142857142857,0.0,1.0,1.0,0.21428571428571427,0.0,0.0,0.0,0.0,0.3357735872268677,0.21428571428571427,1.0,0.21428571428571427,1.0,0.7857142857142857,1.0,1.0,1.0,,,1.0,1.0,1.0,34.0,[]
sci-acc5a4fc4c49,rar_science,agentic,14.0,,,,,,,,,,,,,,,,lint,,,,,,,,,,,,,,,,,,,,,,,,,,"{'item_count_7_20': {'name': 'item_count_7_20', 'applicable': True, 'passed': True, 'reason': ''}}",0.9285714285714286,0.0,1.0,1.0,0.07142857142857142,1.0,0.3333333333333333,0.0,0.0,0.44495242834091187,0.07142857142857142,0.8571428571428571,0.0,1.0,0.9285714285714286,1.0,1.0,1.0,,,1.0,1.0,1.0,42.0,[]
sci-acc5a4fc4c49,rar_science,agentic-tools,14.0,,,,,,,,,,,,,,,,lint,,,,,,,,,,,,,,,,,,,,,,,,,,"{'item_count_7_20': {'name': 'item_count_7_20', 'applicable': True, 'passed': True, 'reason': ''}}",1.0,1.0,1.0,1.0,0.07142857142857142,0.0,0.0,0.0,0.0,0.5369380712509155,0.07142857142857142,1.0,0.0,1.0,1.0,1.0,1.0,1.0,,,1.0,1.0,1.0,54.0,[]
sci-b9f57b678ecc,rar_science,shipped,7.0,,,,,,,,,,,,,,,,lint,,,,,,,,,,,,,,,,,,,,,,,,,,"{'item_count_7_20': {'name': 'item_count_7_20', 'applicable': True, 'passed': True, 'reason': ''}}",1.0,1.0,1.0,1.0,0.14285714285714285,1.0,0.16666666666666666,0.0,0.0,0.17435966432094574,0.14285714285714285,0.5714285714285714,0.0,1.0,1.0,1.0,1.0,1.0,,,1.0,1.0,1.0,12.0,[]
sci-b9f57b678ecc,rar_science,baseline,12.0,,,,,,,,,,,,,,,,lint,,,,,,,,,,,,,,,,,,,,,,,,,,"{'item_count_7_20': {'name': 'item_count_7_20', 'applicable': True, 'passed': True, 'reason': ''}}",0.9166666666666666,0.0,1.0,0.0,0.3333333333333333,0.0,0.0,0.0,0.0,0.5670625567436218,0.3333333333333333,1.0,0.08333333333333333,1.0,0.9166666666666666,1.0,1.0,1.0,,,1.0,1.0,1.0,20.0,[]
sci-b9f57b678ecc,rar_science,agentic,15.0,,,,,,,,,,,,,,,,lint,,,,,,,,,,,,,,,,,,,,,,,,,,"{'item_count_7_20': {'name': 'item_count_7_20', 'applicable': True, 'passed': True, 'reason': ''}}",1.0,1.0,1.0,1.0,0.0,1.0,0.04054054054054054,0.0,0.0,0.0,0.0,0.8,0.0,1.0,1.0,1.0,1.0,1.0,,,1.0,1.0,1.0,74.0,[]
sci-b9f57b678ecc,rar_science,agentic-tools,15.0,,,,,,,,,,,,,,,,lint,,,,,,,,,,,,,,,,,,,,,,,,,,"{'item_count_7_20': {'name': 'item_count_7_20', 'applicable': True, 'passed': True, 'reason': ''}}",1.0,1.0,1.0,1.0,0.06666666666666667,0.0,0.0,0.0,0.0,0.42965206503868103,0.06666666666666667,1.0,0.0,1.0,1.0,1.0,1.0,1.0,,,1.0,1.0,1.0,63.0,[]
sci-be1b014411ab,rar_science,shipped,8.0,,,,,,,,,,,,,,,,lint,,,,,,,,,,,,,,,,,,,,,,,,,,"{'item_count_7_20': {'name': 'item_count_7_20', 'applicable': True, 'passed': True, 'reason': ''}}",1.0,1.0,1.0,1.0,0.125,1.0,0.125,0.0,0.0,0.3683556914329529,0.125,0.625,0.0,1.0,1.0,1.0,1.0,1.0,,,1.0,1.0,1.0,16.0,[]
sci-be1b014411ab,rar_science,baseline,16.0,,,,,,,,,,,,,,,,lint,,,,,,,,,,,,,,,,,,,,,,,,,,"{'item_count_7_20': {'name': 'item_count_7_20', 'applicable': True, 'passed': True, 'reason': ''}}",1.0,1.0,1.0,0.0,0.1875,1.0,0.05555555555555555,1.0,1.0,0.666756272315979,0.1875,0.9375,0.125,1.0,1.0,1.0,1.0,1.0,,,1.0,1.0,1.0,54.0,"[{'pitfall_index': 13, 'positive_index': 2, 'similarity': 0.666756272315979}]"
sci-be1b014411ab,rar_science,agentic,15.0,,,,,,,,,,,,,,,,lint,,,,,,,,,,,,,,,,,,,,,,,,,,"{'item_count_7_20': {'name': 'item_count_7_20', 'applicable': True, 'passed': True, 'reason': ''}}",0.8,0.0,1.0,1.0,0.0,0.0,0.0,0.0,0.0,0.0,0.0,0.7333333333333333,0.0,1.0,1.0,1.0,1.0,1.0,,,1.0,0.8,1.0,59.0,[]
sci-be1b014411ab,rar_science,agentic-tools,11.0,,,,,,,,,,,,,,,,lint,,,,,,,,,,,,,,,,,,,,,,,,,,"{'item_count_7_20': {'name': 'item_count_7_20', 'applicable': True, 'passed': True, 'reason': ''}}",0.6363636363636364,0.0,1.0,1.0,0.0,1.0,0.17857142857142858,0.0,0.0,0.0,0.0,0.2727272727272727,0.0,1.0,0.8181818181818182,1.0,1.0,1.0,,,1.0,0.8181818181818182,1.0,28.0,[]
sci-c23a2106d46f,rar_science,shipped,7.0,,,,,,,,,,,,,,,,lint,,,,,,,,,,,,,,,,,,,,,,,,,,"{'item_count_7_20': {'name': 'item_count_7_20', 'applicable': True, 'passed': True, 'reason': ''}}",1.0,1.0,1.0,1.0,0.14285714285714285,0.0,0.0,0.0,0.0,0.4272304177284241,0.14285714285714285,0.8571428571428571,0.14285714285714285,1.0,1.0,1.0,1.0,1.0,,,1.0,1.0,1.0,12.0,[]
sci-c23a2106d46f,rar_science,baseline,9.0,,,,,,,,,,,,,,,,lint,,,,,,,,,,,,,,,,,,,,,,,,,,"{'item_count_7_20': {'name': 'item_count_7_20', 'applicable': True, 'passed': True, 'reason': ''}}",0.8888888888888888,0.0,1.0,0.0,0.3333333333333333,0.0,0.0,0.0,0.0,0.4172811210155487,0.3333333333333333,1.0,0.2222222222222222,1.0,0.8888888888888888,1.0,1.0,1.0,,,1.0,1.0,1.0,12.0,[]
sci-c23a2106d46f,rar_science,agentic,12.0,,,,,,,,,,,,,,,,lint,,,,,,,,,,,,,,,,,,,,,,,,,,"{'item_count_7_20': {'name': 'item_count_7_20', 'applicable': True, 'passed': True, 'reason': ''}}",0.75,0.0,1.0,1.0,0.25,1.0,0.08695652173913043,0.0,0.0,0.5499663949012756,0.25,0.8333333333333334,0.0,1.0,0.9166666666666666,1.0,1.0,1.0,,,1.0,0.8333333333333334,1.0,23.0,[]
sci-c23a2106d46f,rar_science,agentic-tools,9.0,,,,,,,,,,,,,,,,lint,,,,,,,,,,,,,,,,,,,,,,,,,,"{'item_count_7_20': {'name': 'item_count_7_20', 'applicable': True, 'passed': True, 'reason': ''}}",0.7777777777777778,0.0,1.0,1.0,0.2222222222222222,0.0,0.0,0.0,0.0,0.3782060146331787,0.2222222222222222,1.0,0.0,1.0,0.8888888888888888,1.0,1.0,1.0,,,1.0,0.8888888888888888,1.0,14.0,[]
sci-d1dec685a824,rar_science,shipped,7.0,,,,,,,,,,,,,,,,lint,,,,,,,,,,,,,,,,,,,,,,,,,,"{'item_count_7_20': {'name': 'item_count_7_20', 'applicable': True, 'passed': True, 'reason': ''}}",1.0,1.0,1.0,1.0,0.14285714285714285,0.0,0.0,0.0,0.0,0.2813979387283325,0.14285714285714285,0.8571428571428571,0.0,1.0,1.0,1.0,1.0,1.0,,,1.0,1.0,1.0,11.0,[]
sci-d1dec685a824,rar_science,baseline,10.0,,,,,,,,,,,,,,,,lint,,,,,,,,,,,,,,,,,,,,,,,,,,"{'item_count_7_20': {'name': 'item_count_7_20', 'applicable': True, 'passed': True, 'reason': ''}}",1.0,1.0,1.0,0.0,0.2,1.0,0.05263157894736842,0.0,0.0,0.5112012028694153,0.2,0.9,0.0,1.0,1.0,1.0,1.0,1.0,,,1.0,1.0,1.0,19.0,[]
sci-d1dec685a824,rar_science,agentic,7.0,,,,,,,,,,,,,,,,lint,,,,,,,,,,,,,,,,,,,,,,,,,,"{'item_count_7_20': {'name': 'item_count_7_20', 'applicable': True, 'passed': True, 'reason': ''}}",0.42857142857142855,0.0,1.0,1.0,0.14285714285714285,1.0,0.125,0.0,0.0,0.28550484776496887,0.14285714285714285,0.8571428571428571,0.0,1.0,0.42857142857142855,1.0,1.0,1.0,,,1.0,1.0,1.0,8.0,[]
sci-d1dec685a824,rar_science,agentic-tools,7.0,,,,,,,,,,,,,,,,lint,,,,,,,,,,,,,,,,,,,,,,,,,,"{'item_count_7_20': {'name': 'item_count_7_20', 'applicable': True, 'passed': True, 'reason': ''}}",0.7142857142857143,0.0,1.0,1.0,0.2857142857142857,0.0,0.0,0.0,0.0,0.4199175238609314,0.2857142857142857,0.42857142857142855,0.0,1.0,0.7142857142857143,1.0,1.0,1.0,,,1.0,1.0,1.0,4.0,[]
sci-da510f1356cb,rar_science,shipped,7.0,,,,,,,,,,,,,,,,lint,,,,,,,,,,,,,,,,,,,,,,,,,,"{'item_count_7_20': {'name': 'item_count_7_20', 'applicable': True, 'passed': True, 'reason': ''}}",0.8571428571428571,0.0,1.0,1.0,0.14285714285714285,0.0,0.0,0.0,0.0,0.44245752692222595,0.14285714285714285,1.0,0.0,1.0,1.0,1.0,1.0,1.0,,,1.0,1.0,0.8571428571428571,12.0,[]
sci-da510f1356cb,rar_science,baseline,12.0,,,,,,,,,,,,,,,,lint,,,,,,,,,,,,,,,,,,,,,,,,,,"{'item_count_7_20': {'name': 'item_count_7_20', 'applicable': True, 'passed': True, 'reason': ''}}",1.0,1.0,1.0,0.0,0.25,0.0,0.0,0.0,0.0,0.34095144271850586,0.25,1.0,0.08333333333333333,1.0,1.0,1.0,1.0,1.0,,,1.0,1.0,1.0,26.0,[]
sci-da510f1356cb,rar_science,agentic,12.0,,,,,,,,,,,,,,,,lint,,,,,,,,,,,,,,,,,,,,,,,,,,"{'item_count_7_20': {'name': 'item_count_7_20', 'applicable': True, 'passed': True, 'reason': ''}}",1.0,1.0,1.0,1.0,0.08333333333333333,0.0,0.0,0.0,0.0,0.36904221773147583,0.08333333333333333,0.4166666666666667,0.0,1.0,1.0,1.0,1.0,1.0,,,1.0,1.0,1.0,28.0,[]
sci-da510f1356cb,rar_science,agentic-tools,6.0,,,,,,,,,,,,,,,,lint,,,,,,,,,,,,,,,,,,,,,,,,,,"{'item_count_7_20': {'name': 'item_count_7_20', 'applicable': True, 'passed': False, 'reason': '6 items'}}",0.8333333333333334,0.0,0.0,1.0,0.16666666666666666,0.0,,0.0,0.0,0.17912808060646057,0.16666666666666666,0.6666666666666666,0.0,0.0,1.0,1.0,1.0,1.0,,,1.0,0.8333333333333334,1.0,0.0,[]
sci-da7d555f397b,rar_science,shipped,7.0,,,,,,,,,,,,,,,,lint,,,,,,,,,,,,,,,,,,,,,,,,,,"{'item_count_7_20': {'name': 'item_count_7_20', 'applicable': True, 'passed': True, 'reason': ''}}",1.0,1.0,1.0,1.0,0.14285714285714285,0.0,0.0,0.0,0.0,0.21866850554943085,0.14285714285714285,0.7142857142857143,0.14285714285714285,1.0,1.0,1.0,1.0,1.0,,,1.0,1.0,1.0,12.0,[]
sci-da7d555f397b,rar_science,baseline,9.0,,,,,,,,,,,,,,,,lint,,,,,,,,,,,,,,,,,,,,,,,,,,"{'item_count_7_20': {'name': 'item_count_7_20', 'applicable': True, 'passed': True, 'reason': ''}}",0.7777777777777778,0.0,1.0,1.0,0.1111111111111111,0.0,0.0,0.0,0.0,0.16538098454475403,0.1111111111111111,1.0,0.1111111111111111,1.0,1.0,1.0,1.0,1.0,,,1.0,0.7777777777777778,1.0,19.0,[]
sci-da7d555f397b,rar_science,agentic,8.0,,,,,,,,,,,,,,,,lint,,,,,,,,,,,,,,,,,,,,,,,,,,"{'item_count_7_20': {'name': 'item_count_7_20', 'applicable': True, 'passed': True, 'reason': ''}}",0.875,0.0,1.0,1.0,0.25,0.0,0.0,0.0,0.0,0.1940528154373169,0.25,1.0,0.0,1.0,1.0,1.0,1.0,1.0,,,1.0,0.875,1.0,8.0,[]
sci-da7d555f397b,rar_science,agentic-tools,15.0,,,,,,,,,,,,,,,,lint,,,,,,,,,,,,,,,,,,,,,,,,,,"{'item_count_7_20': {'name': 'item_count_7_20', 'applicable': True, 'passed': True, 'reason': ''}}",0.8,0.0,1.0,1.0,0.06666666666666667,0.0,0.0,0.0,0.0,0.3393285870552063,0.06666666666666667,1.0,0.0,1.0,1.0,1.0,1.0,1.0,,,1.0,0.8,1.0,40.0,[]
sci-e12680ade60e,rar_science,shipped,9.0,,,,,,,,,,,,,,,,lint,,,,,,,,,,,,,,,,,,,,,,,,,,"{'item_count_7_20': {'name': 'item_count_7_20', 'applicable': True, 'passed': True, 'reason': ''}}",1.0,1.0,1.0,1.0,0.1111111111111111,0.0,0.0,0.0,0.0,0.5000298619270325,0.1111111111111111,0.7777777777777778,0.0,1.0,1.0,1.0,1.0,1.0,,,1.0,1.0,1.0,21.0,[]
sci-e12680ade60e,rar_science,baseline,11.0,,,,,,,,,,,,,,,,lint,,,,,,,,,,,,,,,,,,,,,,,,,,"{'item_count_7_20': {'name': 'item_count_7_20', 'applicable': True, 'passed': True, 'reason': ''}}",1.0,1.0,1.0,1.0,0.18181818181818182,0.0,0.0,0.0,0.0,0.5166053771972656,0.18181818181818182,1.0,0.18181818181818182,1.0,1.0,1.0,1.0,1.0,,,1.0,1.0,1.0,24.0,[]
sci-e12680ade60e,rar_science,agentic,12.0,,,,,,,,,,,,,,,,lint,,,,,,,,,,,,,,,,,,,,,,,,,,"{'item_count_7_20': {'name': 'item_count_7_20', 'applicable': True, 'passed': True, 'reason': ''}}",0.5,0.0,1.0,1.0,0.08333333333333333,1.0,0.25,0.0,0.0,0.3059765100479126,0.08333333333333333,0.4166666666666667,0.0,1.0,0.5,1.0,1.0,1.0,,,1.0,1.0,1.0,24.0,[]
sci-e12680ade60e,rar_science,agentic-tools,12.0,,,,,,,,,,,,,,,,lint,,,,,,,,,,,,,,,,,,,,,,,,,,"{'item_count_7_20': {'name': 'item_count_7_20', 'applicable': True, 'passed': True, 'reason': ''}}",0.8333333333333334,0.0,1.0,1.0,0.0,1.0,0.06666666666666667,0.0,0.0,0.0,0.0,0.9166666666666666,0.0,1.0,1.0,1.0,1.0,1.0,,,1.0,0.8333333333333334,1.0,45.0,[]
sci-e74b83fd436a,rar_science,shipped,7.0,,,,,,,,,,,,,,,,lint,,,,,,,,,,,,,,,,,,,,,,,,,,"{'item_count_7_20': {'name': 'item_count_7_20', 'applicable': True, 'passed': True, 'reason': ''}}",1.0,1.0,1.0,1.0,0.0,1.0,0.2,0.0,0.0,0.0,0.0,0.7142857142857143,0.0,1.0,1.0,1.0,1.0,1.0,,,1.0,1.0,1.0,15.0,[]
sci-e74b83fd436a,rar_science,baseline,9.0,,,,,,,,,,,,,,,,lint,,,,,,,,,,,,,,,,,,,,,,,,,,"{'item_count_7_20': {'name': 'item_count_7_20', 'applicable': True, 'passed': True, 'reason': ''}}",0.8888888888888888,0.0,1.0,1.0,0.1111111111111111,1.0,0.15789473684210525,0.0,0.0,0.5765403509140015,0.1111111111111111,0.8888888888888888,0.1111111111111111,1.0,1.0,1.0,1.0,1.0,,,1.0,0.8888888888888888,1.0,19.0,[]
sci-e74b83fd436a,rar_science,agentic,15.0,,,,,,,,,,,,,,,,lint,,,,,,,,,,,,,,,,,,,,,,,,,,"{'item_count_7_20': {'name': 'item_count_7_20', 'applicable': True, 'passed': True, 'reason': ''}}",0.4,0.0,1.0,1.0,0.2,1.0,0.5428571428571428,0.0,0.0,0.44043228030204773,0.2,0.5333333333333333,0.0,1.0,0.5333333333333333,1.0,1.0,1.0,,,1.0,0.6,1.0,35.0,[]
sci-e74b83fd436a,rar_science,agentic-tools,16.0,,,,,,,,,,,,,,,,lint,,,,,,,,,,,,,,,,,,,,,,,,,,"{'item_count_7_20': {'name': 'item_count_7_20', 'applicable': True, 'passed': True, 'reason': ''}}",0.4375,0.0,1.0,1.0,0.25,0.0,0.0,0.0,0.0,0.5737550258636475,0.25,0.875,0.0,1.0,0.75,1.0,1.0,1.0,,,1.0,0.5625,1.0,41.0,[]
sci-ea25bcc0bf72,rar_science,shipped,7.0,,,,,,,,,,,,,,,,lint,,,,,,,,,,,,,,,,,,,,,,,,,,"{'item_count_7_20': {'name': 'item_count_7_20', 'applicable': True, 'passed': True, 'reason': ''}}",1.0,1.0,1.0,1.0,0.14285714285714285,0.0,0.0,0.0,0.0,0.30977359414100647,0.14285714285714285,0.8571428571428571,0.0,1.0,1.0,1.0,1.0,1.0,,,1.0,1.0,1.0,11.0,[]
sci-ea25bcc0bf72,rar_science,baseline,7.0,,,,,,,,,,,,,,,,lint,,,,,,,,,,,,,,,,,,,,,,,,,,"{'item_count_7_20': {'name': 'item_count_7_20', 'applicable': True, 'passed': True, 'reason': ''}}",0.8571428571428571,0.0,1.0,1.0,0.14285714285714285,1.0,0.09090909090909091,0.0,0.0,0.44431158900260925,0.14285714285714285,0.8571428571428571,0.14285714285714285,1.0,0.8571428571428571,1.0,1.0,1.0,,,1.0,1.0,1.0,11.0,[]
sci-ea25bcc0bf72,rar_science,agentic,8.0,,,,,,,,,,,,,,,,lint,,,,,,,,,,,,,,,,,,,,,,,,,,"{'item_count_7_20': {'name': 'item_count_7_20', 'applicable': True, 'passed': True, 'reason': ''}}",1.0,1.0,1.0,1.0,0.25,0.0,0.0,0.0,0.0,0.448503315448761,0.25,0.875,0.0,1.0,1.0,1.0,1.0,1.0,,,1.0,1.0,1.0,5.0,[]
sci-ea25bcc0bf72,rar_science,agentic-tools,7.0,,,,,,,,,,,,,,,,lint,,,,,,,,,,,,,,,,,,,,,,,,,,"{'item_count_7_20': {'name': 'item_count_7_20', 'applicable': True, 'passed': True, 'reason': ''}}",1.0,1.0,1.0,1.0,0.2857142857142857,0.0,0.0,0.0,0.0,0.2938041090965271,0.2857142857142857,1.0,0.0,1.0,1.0,1.0,1.0,1.0,,,1.0,1.0,1.0,6.0,[]
sci-eca9a0437743,rar_science,shipped,7.0,,,,,,,,,,,,,,,,lint,,,,,,,,,,,,,,,,,,,,,,,,,,"{'item_count_7_20': {'name': 'item_count_7_20', 'applicable': True, 'passed': True, 'reason': ''}}",1.0,1.0,1.0,1.0,0.14285714285714285,0.0,0.0,0.0,0.0,0.36455029249191284,0.14285714285714285,1.0,0.0,1.0,1.0,1.0,1.0,1.0,,,1.0,1.0,1.0,9.0,[]
sci-eca9a0437743,rar_science,baseline,10.0,,,,,,,,,,,,,,,,lint,,,,,,,,,,,,,,,,,,,,,,,,,,"{'item_count_7_20': {'name': 'item_count_7_20', 'applicable': True, 'passed': True, 'reason': ''}}",0.9,0.0,1.0,0.0,0.2,1.0,0.125,0.0,0.0,0.3377513587474823,0.2,0.9,0.1,1.0,1.0,1.0,1.0,1.0,,,1.0,1.0,0.9,16.0,[]
sci-eca9a0437743,rar_science,agentic,16.0,,,,,,,,,,,,,,,,lint,,,,,,,,,,,,,,,,,,,,,,,,,,"{'item_count_7_20': {'name': 'item_count_7_20', 'applicable': True, 'passed': True, 'reason': ''}}",0.9375,0.0,1.0,1.0,0.125,1.0,0.06818181818181818,0.0,0.0,0.5091816782951355,0.125,0.9375,0.0,1.0,1.0,1.0,1.0,1.0,,,1.0,1.0,0.9375,44.0,[]
sci-eca9a0437743,rar_science,agentic-tools,16.0,,,,,,,,,,,,,,,,lint,,,,,,,,,,,,,,,,,,,,,,,,,,"{'item_count_7_20': {'name': 'item_count_7_20', 'applicable': True, 'passed': True, 'reason': ''}}",0.9375,0.0,1.0,1.0,0.1875,0.0,0.0,0.0,0.0,0.39939406514167786,0.1875,1.0,0.0,1.0,1.0,1.0,1.0,1.0,,,1.0,1.0,0.9375,44.0,[]
sci-f6b7d71c6b3c,rar_science,shipped,7.0,,,,,,,,,,,,,,,,lint,,,,,,,,,,,,,,,,,,,,,,,,,,"{'item_count_7_20': {'name': 'item_count_7_20', 'applicable': True, 'passed': True, 'reason': ''}}",1.0,1.0,1.0,1.0,0.14285714285714285,0.0,0.0,0.0,0.0,0.4598102867603302,0.14285714285714285,0.8571428571428571,0.0,1.0,1.0,1.0,1.0,1.0,,,1.0,1.0,1.0,9.0,[]
sci-f6b7d71c6b3c,rar_science,baseline,15.0,,,,,,,,,,,,,,,,lint,,,,,,,,,,,,,,,,,,,,,,,,,,"{'item_count_7_20': {'name': 'item_count_7_20', 'applicable': True, 'passed': True, 'reason': ''}}",1.0,1.0,1.0,0.0,0.13333333333333333,0.0,0.0,0.0,0.0,0.5135643482208252,0.13333333333333333,0.7333333333333333,0.06666666666666667,1.0,1.0,1.0,1.0,1.0,,,1.0,1.0,1.0,44.0,[]
sci-f6b7d71c6b3c,rar_science,agentic,16.0,,,,,,,,,,,,,,,,lint,,,,,,,,,,,,,,,,,,,,,,,,,,"{'item_count_7_20': {'name': 'item_count_7_20', 'applicable': True, 'passed': True, 'reason': ''}}",0.9375,0.0,1.0,1.0,0.0625,0.0,0.0,0.0,0.0,0.24950045347213745,0.0625,1.0,0.0,1.0,1.0,1.0,1.0,1.0,,,1.0,0.9375,1.0,62.0,[]
sci-f6b7d71c6b3c,rar_science,agentic-tools,15.0,,,,,,,,,,,,,,,,lint,,,,,,,,,,,,,,,,,,,,,,,,,,"{'item_count_7_20': {'name': 'item_count_7_20', 'applicable': True, 'passed': True, 'reason': ''}}",0.9333333333333333,0.0,1.0,1.0,0.13333333333333333,0.0,0.0,0.0,0.0,0.4331305921077728,0.13333333333333333,0.8666666666666667,0.0,1.0,0.9333333333333333,1.0,1.0,1.0,,,1.0,1.0,1.0,47.0,[]
sci-f6b96b82605e,rar_science,shipped,7.0,,,,,,,,,,,,,,,,lint,,,,,,,,,,,,,,,,,,,,,,,,,,"{'item_count_7_20': {'name': 'item_count_7_20', 'applicable': True, 'passed': True, 'reason': ''}}",1.0,1.0,1.0,1.0,0.14285714285714285,0.0,0.0,0.0,0.0,0.420631468296051,0.14285714285714285,1.0,0.0,1.0,1.0,1.0,1.0,1.0,,,1.0,1.0,1.0,12.0,[]
sci-f6b96b82605e,rar_science,baseline,7.0,,,,,,,,,,,,,,,,lint,,,,,,,,,,,,,,,,,,,,,,,,,,"{'item_count_7_20': {'name': 'item_count_7_20', 'applicable': True, 'passed': True, 'reason': ''}}",1.0,1.0,1.0,1.0,0.2857142857142857,0.0,0.0,0.0,0.0,0.5193344950675964,0.2857142857142857,1.0,0.2857142857142857,1.0,1.0,1.0,1.0,1.0,,,1.0,1.0,1.0,6.0,[]
sci-f6b96b82605e,rar_science,agentic,8.0,,,,,,,,,,,,,,,,lint,,,,,,,,,,,,,,,,,,,,,,,,,,"{'item_count_7_20': {'name': 'item_count_7_20', 'applicable': True, 'passed': True, 'reason': ''}}",0.875,0.0,1.0,1.0,0.25,0.0,0.0,1.0,1.0,0.6773658990859985,0.25,0.5,0.0,1.0,0.875,1.0,1.0,1.0,,,1.0,1.0,1.0,9.0,"[{'pitfall_index': 3, 'positive_index': 0, 'similarity': 0.6773658990859985}]"
sci-f6b96b82605e,rar_science,agentic-tools,7.0,,,,,,,,,,,,,,,,lint,,,,,,,,,,,,,,,,,,,,,,,,,,"{'item_count_7_20': {'name': 'item_count_7_20', 'applicable': True, 'passed': True, 'reason': ''}}",0.8571428571428571,0.0,1.0,1.0,0.14285714285714285,0.0,0.0,1.0,1.0,0.6181272268295288,0.14285714285714285,0.7142857142857143,0.0,1.0,0.8571428571428571,1.0,1.0,1.0,,,1.0,1.0,1.0,11.0,"[{'pitfall_index': 3, 'positive_index': 2, 'similarity': 0.6181272268295288}]"
sci-f83b10fdfa1f,rar_science,shipped,8.0,,,,,,,,,,,,,,,,lint,,,,,,,,,,,,,,,,,,,,,,,,,,"{'item_count_7_20': {'name': 'item_count_7_20', 'applicable': True, 'passed': True, 'reason': ''}}",0.875,0.0,1.0,1.0,0.125,1.0,0.1875,0.0,0.0,0.46666210889816284,0.125,0.75,0.125,1.0,1.0,1.0,1.0,1.0,,,1.0,0.875,1.0,16.0,[]
sci-f83b10fdfa1f,rar_science,baseline,10.0,,,,,,,,,,,,,,,,lint,,,,,,,,,,,,,,,,,,,,,,,,,,"{'item_count_7_20': {'name': 'item_count_7_20', 'applicable': True, 'passed': True, 'reason': ''}}",0.9,0.0,1.0,0.0,0.2,1.0,0.16666666666666666,0.0,0.0,0.5876753330230713,0.2,0.9,0.1,1.0,1.0,1.0,1.0,1.0,,,1.0,0.9,1.0,12.0,[]
sci-f83b10fdfa1f,rar_science,agentic,10.0,,,,,,,,,,,,,,,,lint,,,,,,,,,,,,,,,,,,,,,,,,,,"{'item_count_7_20': {'name': 'item_count_7_20', 'applicable': True, 'passed': True, 'reason': ''}}",0.3,0.0,1.0,1.0,0.0,0.0,0.0,0.0,0.0,0.0,0.0,0.5,0.0,1.0,0.7,1.0,1.0,1.0,,,1.0,0.4,1.0,25.0,[]
sci-f83b10fdfa1f,rar_science,agentic-tools,15.0,,,,,,,,,,,,,,,,lint,,,,,,,,,,,,,,,,,,,,,,,,,,"{'item_count_7_20': {'name': 'item_count_7_20', 'applicable': True, 'passed': True, 'reason': ''}}",0.6666666666666666,0.0,1.0,1.0,0.13333333333333333,0.0,0.0,1.0,1.0,0.7265664339065552,0.13333333333333333,0.7333333333333333,0.0,1.0,1.0,1.0,1.0,1.0,,,1.0,0.6666666666666666,1.0,44.0,"[{'pitfall_index': 13, 'positive_index': 12, 'similarity': 0.7265664339065552}]"
