uid,domain,rubric_source,n_items,n_subparts,subpart_kind,is_mcq,question_words,reference_words,items_per_subpart,weight_mass,weight_mass_per_criterion,paper_weight_mass,paper_weight_mass_per_criterion,n_subparts_scored,n_orphan_subparts,orphan_subpart_rate,mean_best_subpart_overlap,error,_family,n_criteria,n_question_anchors,generic_criterion_rate,generic_rate_permuted,specificity_lift,weight_mass_on_generic_raw,weight_mass_on_generic_paper,mean_anchors_per_criterion,weak_grounding_rate,recyclable_rate,mass_produced_title_rate,max_title_reuse,title_reuse_ge2_rate,subjective_rate,style_rate,subjective_or_style_rate,generic_and_subjective_rate,weight_mass_on_subjective,weight_mass_on_subjective_paper,mean_trigram_overlap_with_reference,criteria_with_ge50pct_trigram_overlap,criteria_with_ge30pct_trigram_overlap,mean_4gram_overlap_with_question,n_generic,n_criteria_scored,checks,compliance_rate,fully_compliant_rubric,item_count_ok,polarity_single_rate,negative_weight_rate,weight_order_violation_rate,weight_order_violation_pair_rate,pitfall_mirror_rate,n_pitfall_mirrors,max_pitfall_mirror_similarity,pitfall_fraction,weight_band_rate,unclassified_polarity_rate,check_item_count_7_20_rate,check_title_2_to_4_words_rate,check_description_single_sentence_rate,check_category_legal_rate,check_weight_in_range_rate,check_weight_matches_band_rate,check_pitfall_opener_rate,check_rar_keys_only_rate,check_no_verbatim_copy_rate,check_self_contained_rate,n_weight_order_pairs,pitfall_mirror_pairs,n_rollouts,n_correct,n_incorrect,auc,best_of_n_accuracy,best_of_n_lift,random_baseline,spearman,separation,z_separation,mean_correct,mean_incorrect,score_std,length_hack_r
med-02a8056b1d15,rar_medicine,shipped,10.0,0.0,none,False,59.0,88.0,10.0,34.0,3.4,7.7,0.77,0.0,0.0,,,,adaptivity,,,,,,,,,,,,,,,,,,,,,,,,,,,,,,,,,,,,,,,,,,,,,,,,,,,,,,,,,,,,,,,,,
med-02a8056b1d15,rar_medicine,baseline,7.0,0.0,none,False,59.0,88.0,7.0,24.0,3.4285714285714284,5.3,0.7571428571428571,0.0,0.0,,,,adaptivity,,,,,,,,,,,,,,,,,,,,,,,,,,,,,,,,,,,,,,,,,,,,,,,,,,,,,,,,,,,,,,,,,
med-02a8056b1d15,rar_medicine,agentic,10.0,0.0,none,False,59.0,88.0,10.0,29.0,2.9,7.6,0.76,0.0,0.0,,,,adaptivity,,,,,,,,,,,,,,,,,,,,,,,,,,,,,,,,,,,,,,,,,,,,,,,,,,,,,,,,,,,,,,,,,
med-02a8056b1d15,rar_medicine,agentic-tools,11.0,0.0,none,False,59.0,88.0,11.0,33.0,3.0,8.299999999999999,0.7545454545454544,0.0,0.0,,,,adaptivity,,,,,,,,,,,,,,,,,,,,,,,,,,,,,,,,,,,,,,,,,,,,,,,,,,,,,,,,,,,,,,,,,
med-27bf6ad66800,rar_medicine,shipped,10.0,0.0,none,False,163.0,61.0,10.0,29.0,2.9,6.8,0.6799999999999999,0.0,0.0,,,,adaptivity,,,,,,,,,,,,,,,,,,,,,,,,,,,,,,,,,,,,,,,,,,,,,,,,,,,,,,,,,,,,,,,,,
med-27bf6ad66800,rar_medicine,baseline,10.0,0.0,none,False,163.0,61.0,10.0,30.0,3.0,7.0,0.7,0.0,0.0,,,,adaptivity,,,,,,,,,,,,,,,,,,,,,,,,,,,,,,,,,,,,,,,,,,,,,,,,,,,,,,,,,,,,,,,,,
med-27bf6ad66800,rar_medicine,agentic,12.0,0.0,none,False,163.0,61.0,12.0,36.0,3.0,8.299999999999999,0.6916666666666665,0.0,0.0,,,,adaptivity,,,,,,,,,,,,,,,,,,,,,,,,,,,,,,,,,,,,,,,,,,,,,,,,,,,,,,,,,,,,,,,,,
med-27bf6ad66800,rar_medicine,agentic-tools,9.0,0.0,none,False,163.0,61.0,9.0,29.0,3.2222222222222223,7.1,0.7888888888888889,0.0,0.0,,,,adaptivity,,,,,,,,,,,,,,,,,,,,,,,,,,,,,,,,,,,,,,,,,,,,,,,,,,,,,,,,,,,,,,,,,
med-3e58d5c52834,rar_medicine,shipped,10.0,0.0,none,False,15.0,139.0,10.0,29.0,2.9,6.8,0.6799999999999999,0.0,0.0,,,,adaptivity,,,,,,,,,,,,,,,,,,,,,,,,,,,,,,,,,,,,,,,,,,,,,,,,,,,,,,,,,,,,,,,,,
med-3e58d5c52834,rar_medicine,baseline,8.0,0.0,none,False,15.0,139.0,8.0,24.0,3.0,5.8,0.725,0.0,0.0,,,,adaptivity,,,,,,,,,,,,,,,,,,,,,,,,,,,,,,,,,,,,,,,,,,,,,,,,,,,,,,,,,,,,,,,,,
med-3e58d5c52834,rar_medicine,agentic,6.0,0.0,none,False,15.0,139.0,6.0,21.0,3.5,4.7,0.7833333333333333,0.0,0.0,,,,adaptivity,,,,,,,,,,,,,,,,,,,,,,,,,,,,,,,,,,,,,,,,,,,,,,,,,,,,,,,,,,,,,,,,,
med-3e58d5c52834,rar_medicine,agentic-tools,8.0,0.0,none,False,15.0,139.0,8.0,26.0,3.25,5.3999999999999995,0.6749999999999999,0.0,0.0,,,,adaptivity,,,,,,,,,,,,,,,,,,,,,,,,,,,,,,,,,,,,,,,,,,,,,,,,,,,,,,,,,,,,,,,,,
med-44131a7ca41d,rar_medicine,shipped,10.0,0.0,none,False,33.0,120.0,10.0,32.0,3.2,7.5,0.75,0.0,0.0,,,,adaptivity,,,,,,,,,,,,,,,,,,,,,,,,,,,,,,,,,,,,,,,,,,,,,,,,,,,,,,,,,,,,,,,,,
med-44131a7ca41d,rar_medicine,baseline,9.0,0.0,none,False,33.0,120.0,9.0,31.0,3.4444444444444446,7.2,0.8,0.0,0.0,,,,adaptivity,,,,,,,,,,,,,,,,,,,,,,,,,,,,,,,,,,,,,,,,,,,,,,,,,,,,,,,,,,,,,,,,,
med-44131a7ca41d,rar_medicine,agentic,15.0,0.0,none,False,33.0,120.0,15.0,42.0,2.8,9.4,0.6266666666666667,0.0,0.0,,,,adaptivity,,,,,,,,,,,,,,,,,,,,,,,,,,,,,,,,,,,,,,,,,,,,,,,,,,,,,,,,,,,,,,,,,
med-44131a7ca41d,rar_medicine,agentic-tools,15.0,0.0,none,False,33.0,120.0,15.0,52.0,3.466666666666667,12.4,0.8266666666666667,0.0,0.0,,,,adaptivity,,,,,,,,,,,,,,,,,,,,,,,,,,,,,,,,,,,,,,,,,,,,,,,,,,,,,,,,,,,,,,,,,
med-44c1b0452475,rar_medicine,shipped,9.0,0.0,none,False,28.0,64.0,9.0,28.0,3.111111111111111,6.3,0.7,0.0,0.0,,,,adaptivity,,,,,,,,,,,,,,,,,,,,,,,,,,,,,,,,,,,,,,,,,,,,,,,,,,,,,,,,,,,,,,,,,
med-44c1b0452475,rar_medicine,baseline,5.0,0.0,none,False,28.0,64.0,5.0,15.0,3.0,3.6,0.72,0.0,0.0,,,,adaptivity,,,,,,,,,,,,,,,,,,,,,,,,,,,,,,,,,,,,,,,,,,,,,,,,,,,,,,,,,,,,,,,,,
med-44c1b0452475,rar_medicine,agentic,7.0,0.0,none,False,28.0,64.0,7.0,23.0,3.2857142857142856,5.3,0.7571428571428571,0.0,0.0,,,,adaptivity,,,,,,,,,,,,,,,,,,,,,,,,,,,,,,,,,,,,,,,,,,,,,,,,,,,,,,,,,,,,,,,,,
med-44c1b0452475,rar_medicine,agentic-tools,5.0,0.0,none,False,28.0,64.0,5.0,13.0,2.6,4.2,0.8400000000000001,0.0,0.0,,,,adaptivity,,,,,,,,,,,,,,,,,,,,,,,,,,,,,,,,,,,,,,,,,,,,,,,,,,,,,,,,,,,,,,,,,
med-45b65c37ae12,rar_medicine,shipped,10.0,0.0,none,False,31.0,90.0,10.0,34.0,3.4,6.7,0.67,0.0,0.0,,,,adaptivity,,,,,,,,,,,,,,,,,,,,,,,,,,,,,,,,,,,,,,,,,,,,,,,,,,,,,,,,,,,,,,,,,
med-45b65c37ae12,rar_medicine,baseline,9.0,0.0,none,False,31.0,90.0,9.0,30.0,3.3333333333333335,6.8999999999999995,0.7666666666666666,0.0,0.0,,,,adaptivity,,,,,,,,,,,,,,,,,,,,,,,,,,,,,,,,,,,,,,,,,,,,,,,,,,,,,,,,,,,,,,,,,
med-45b65c37ae12,rar_medicine,agentic,10.0,0.0,none,False,31.0,90.0,10.0,32.0,3.2,6.3,0.63,0.0,0.0,,,,adaptivity,,,,,,,,,,,,,,,,,,,,,,,,,,,,,,,,,,,,,,,,,,,,,,,,,,,,,,,,,,,,,,,,,
med-45b65c37ae12,rar_medicine,agentic-tools,10.0,0.0,none,False,31.0,90.0,10.0,29.0,2.9,6.8999999999999995,0.69,0.0,0.0,,,,adaptivity,,,,,,,,,,,,,,,,,,,,,,,,,,,,,,,,,,,,,,,,,,,,,,,,,,,,,,,,,,,,,,,,,
med-53e3b6247ade,rar_medicine,shipped,10.0,0.0,none,False,62.0,133.0,10.0,28.0,2.8,6.3,0.63,0.0,0.0,,,,adaptivity,,,,,,,,,,,,,,,,,,,,,,,,,,,,,,,,,,,,,,,,,,,,,,,,,,,,,,,,,,,,,,,,,
med-53e3b6247ade,rar_medicine,baseline,9.0,0.0,none,False,62.0,133.0,9.0,26.0,2.888888888888889,6.2,0.6888888888888889,0.0,0.0,,,,adaptivity,,,,,,,,,,,,,,,,,,,,,,,,,,,,,,,,,,,,,,,,,,,,,,,,,,,,,,,,,,,,,,,,,
med-53e3b6247ade,rar_medicine,agentic,11.0,0.0,none,False,62.0,133.0,11.0,41.0,3.727272727272727,9.2,0.8363636363636363,0.0,0.0,,,,adaptivity,,,,,,,,,,,,,,,,,,,,,,,,,,,,,,,,,,,,,,,,,,,,,,,,,,,,,,,,,,,,,,,,,
med-53e3b6247ade,rar_medicine,agentic-tools,12.0,0.0,none,False,62.0,133.0,12.0,44.0,3.6666666666666665,9.6,0.7999999999999999,0.0,0.0,,,,adaptivity,,,,,,,,,,,,,,,,,,,,,,,,,,,,,,,,,,,,,,,,,,,,,,,,,,,,,,,,,,,,,,,,,
med-5a729ac36da6,rar_medicine,shipped,8.0,0.0,none,False,19.0,51.0,8.0,24.0,3.0,5.5,0.6875,0.0,0.0,,,,adaptivity,,,,,,,,,,,,,,,,,,,,,,,,,,,,,,,,,,,,,,,,,,,,,,,,,,,,,,,,,,,,,,,,,
med-5a729ac36da6,rar_medicine,baseline,10.0,0.0,none,False,19.0,51.0,10.0,36.0,3.6,8.5,0.85,0.0,0.0,,,,adaptivity,,,,,,,,,,,,,,,,,,,,,,,,,,,,,,,,,,,,,,,,,,,,,,,,,,,,,,,,,,,,,,,,,
med-5a729ac36da6,rar_medicine,agentic,6.0,0.0,none,False,19.0,51.0,6.0,22.0,3.6666666666666665,5.0,0.8333333333333334,0.0,0.0,,,,adaptivity,,,,,,,,,,,,,,,,,,,,,,,,,,,,,,,,,,,,,,,,,,,,,,,,,,,,,,,,,,,,,,,,,
med-5a729ac36da6,rar_medicine,agentic-tools,9.0,0.0,none,False,19.0,51.0,9.0,20.0,2.2222222222222223,6.0,0.6666666666666666,0.0,0.0,,,,adaptivity,,,,,,,,,,,,,,,,,,,,,,,,,,,,,,,,,,,,,,,,,,,,,,,,,,,,,,,,,,,,,,,,,
med-5c4c1ea586d0,rar_medicine,shipped,10.0,0.0,none,False,25.0,83.0,10.0,27.0,2.7,6.5,0.65,0.0,0.0,,,,adaptivity,,,,,,,,,,,,,,,,,,,,,,,,,,,,,,,,,,,,,,,,,,,,,,,,,,,,,,,,,,,,,,,,,
med-5c4c1ea586d0,rar_medicine,baseline,9.0,0.0,none,False,25.0,83.0,9.0,27.0,3.0,7.2,0.8,0.0,0.0,,,,adaptivity,,,,,,,,,,,,,,,,,,,,,,,,,,,,,,,,,,,,,,,,,,,,,,,,,,,,,,,,,,,,,,,,,
med-5c4c1ea586d0,rar_medicine,agentic,10.0,0.0,none,False,25.0,83.0,10.0,32.0,3.2,7.3,0.73,0.0,0.0,,,,adaptivity,,,,,,,,,,,,,,,,,,,,,,,,,,,,,,,,,,,,,,,,,,,,,,,,,,,,,,,,,,,,,,,,,
med-5c4c1ea586d0,rar_medicine,agentic-tools,11.0,0.0,none,False,25.0,83.0,11.0,39.0,3.5454545454545454,8.2,0.7454545454545454,0.0,0.0,,,,adaptivity,,,,,,,,,,,,,,,,,,,,,,,,,,,,,,,,,,,,,,,,,,,,,,,,,,,,,,,,,,,,,,,,,
med-6c38d46aa8e9,rar_medicine,shipped,11.0,0.0,none,False,20.0,158.0,11.0,33.0,3.0,7.2,0.6545454545454545,0.0,0.0,,,,adaptivity,,,,,,,,,,,,,,,,,,,,,,,,,,,,,,,,,,,,,,,,,,,,,,,,,,,,,,,,,,,,,,,,,
med-6c38d46aa8e9,rar_medicine,baseline,10.0,0.0,none,False,20.0,158.0,10.0,35.0,3.5,8.2,0.82,0.0,0.0,,,,adaptivity,,,,,,,,,,,,,,,,,,,,,,,,,,,,,,,,,,,,,,,,,,,,,,,,,,,,,,,,,,,,,,,,,
med-6c38d46aa8e9,rar_medicine,agentic,12.0,0.0,none,False,20.0,158.0,12.0,37.0,3.0833333333333335,8.9,0.7416666666666667,0.0,0.0,,,,adaptivity,,,,,,,,,,,,,,,,,,,,,,,,,,,,,,,,,,,,,,,,,,,,,,,,,,,,,,,,,,,,,,,,,
med-6c38d46aa8e9,rar_medicine,agentic-tools,11.0,0.0,none,False,20.0,158.0,11.0,30.0,2.727272727272727,7.4,0.6727272727272727,0.0,0.0,,,,adaptivity,,,,,,,,,,,,,,,,,,,,,,,,,,,,,,,,,,,,,,,,,,,,,,,,,,,,,,,,,,,,,,,,,
med-75b39d0ce8c6,rar_medicine,shipped,10.0,0.0,none,False,27.0,64.0,10.0,26.0,2.6,6.4,0.64,0.0,0.0,,,,adaptivity,,,,,,,,,,,,,,,,,,,,,,,,,,,,,,,,,,,,,,,,,,,,,,,,,,,,,,,,,,,,,,,,,
med-75b39d0ce8c6,rar_medicine,baseline,7.0,0.0,none,False,27.0,64.0,7.0,19.0,2.7142857142857144,4.8,0.6857142857142857,0.0,0.0,,,,adaptivity,,,,,,,,,,,,,,,,,,,,,,,,,,,,,,,,,,,,,,,,,,,,,,,,,,,,,,,,,,,,,,,,,
med-75b39d0ce8c6,rar_medicine,agentic,11.0,0.0,none,False,27.0,64.0,11.0,35.0,3.1818181818181817,7.6,0.6909090909090909,0.0,0.0,,,,adaptivity,,,,,,,,,,,,,,,,,,,,,,,,,,,,,,,,,,,,,,,,,,,,,,,,,,,,,,,,,,,,,,,,,
med-75b39d0ce8c6,rar_medicine,agentic-tools,11.0,0.0,none,False,27.0,64.0,11.0,31.0,2.8181818181818183,7.5,0.6818181818181818,0.0,0.0,,,,adaptivity,,,,,,,,,,,,,,,,,,,,,,,,,,,,,,,,,,,,,,,,,,,,,,,,,,,,,,,,,,,,,,,,,
med-769d6769c7d8,rar_medicine,shipped,12.0,0.0,none,False,41.0,129.0,12.0,36.0,3.0,8.5,0.7083333333333334,0.0,0.0,,,,adaptivity,,,,,,,,,,,,,,,,,,,,,,,,,,,,,,,,,,,,,,,,,,,,,,,,,,,,,,,,,,,,,,,,,
med-769d6769c7d8,rar_medicine,baseline,8.0,0.0,none,False,41.0,129.0,8.0,29.0,3.625,6.6,0.825,0.0,0.0,,,,adaptivity,,,,,,,,,,,,,,,,,,,,,,,,,,,,,,,,,,,,,,,,,,,,,,,,,,,,,,,,,,,,,,,,,
med-769d6769c7d8,rar_medicine,agentic,15.0,0.0,none,False,41.0,129.0,15.0,59.0,3.933333333333333,13.2,0.88,0.0,0.0,,,,adaptivity,,,,,,,,,,,,,,,,,,,,,,,,,,,,,,,,,,,,,,,,,,,,,,,,,,,,,,,,,,,,,,,,,
med-769d6769c7d8,rar_medicine,agentic-tools,15.0,0.0,none,False,41.0,129.0,15.0,49.0,3.2666666666666666,11.7,0.7799999999999999,0.0,0.0,,,,adaptivity,,,,,,,,,,,,,,,,,,,,,,,,,,,,,,,,,,,,,,,,,,,,,,,,,,,,,,,,,,,,,,,,,
med-8227a3f56ff4,rar_medicine,shipped,10.0,0.0,none,False,48.0,70.0,10.0,33.0,3.3,7.5,0.75,0.0,0.0,,,,adaptivity,,,,,,,,,,,,,,,,,,,,,,,,,,,,,,,,,,,,,,,,,,,,,,,,,,,,,,,,,,,,,,,,,
med-8227a3f56ff4,rar_medicine,baseline,8.0,0.0,none,False,48.0,70.0,8.0,25.0,3.125,6.2,0.775,0.0,0.0,,,,adaptivity,,,,,,,,,,,,,,,,,,,,,,,,,,,,,,,,,,,,,,,,,,,,,,,,,,,,,,,,,,,,,,,,,
med-8227a3f56ff4,rar_medicine,agentic,9.0,0.0,none,False,48.0,70.0,9.0,28.0,3.111111111111111,6.6,0.7333333333333333,0.0,0.0,,,,adaptivity,,,,,,,,,,,,,,,,,,,,,,,,,,,,,,,,,,,,,,,,,,,,,,,,,,,,,,,,,,,,,,,,,
med-8227a3f56ff4,rar_medicine,agentic-tools,6.0,0.0,none,False,48.0,70.0,6.0,21.0,3.5,4.3,0.7166666666666667,0.0,0.0,,,,adaptivity,,,,,,,,,,,,,,,,,,,,,,,,,,,,,,,,,,,,,,,,,,,,,,,,,,,,,,,,,,,,,,,,,
med-82b936c85c28,rar_medicine,shipped,8.0,0.0,none,False,14.0,118.0,8.0,24.0,3.0,5.2,0.65,0.0,0.0,,,,adaptivity,,,,,,,,,,,,,,,,,,,,,,,,,,,,,,,,,,,,,,,,,,,,,,,,,,,,,,,,,,,,,,,,,
med-82b936c85c28,rar_medicine,baseline,9.0,0.0,none,False,14.0,118.0,9.0,30.0,3.3333333333333335,6.8999999999999995,0.7666666666666666,0.0,0.0,,,,adaptivity,,,,,,,,,,,,,,,,,,,,,,,,,,,,,,,,,,,,,,,,,,,,,,,,,,,,,,,,,,,,,,,,,
med-82b936c85c28,rar_medicine,agentic,12.0,0.0,none,False,14.0,118.0,12.0,35.0,2.9166666666666665,8.8,0.7333333333333334,0.0,0.0,,,,adaptivity,,,,,,,,,,,,,,,,,,,,,,,,,,,,,,,,,,,,,,,,,,,,,,,,,,,,,,,,,,,,,,,,,
med-82b936c85c28,rar_medicine,agentic-tools,10.0,0.0,none,False,14.0,118.0,10.0,33.0,3.3,7.6,0.76,0.0,0.0,,,,adaptivity,,,,,,,,,,,,,,,,,,,,,,,,,,,,,,,,,,,,,,,,,,,,,,,,,,,,,,,,,,,,,,,,,
med-91ae4098e221,rar_medicine,shipped,10.0,0.0,none,False,26.0,63.0,10.0,26.0,2.6,5.8999999999999995,0.59,0.0,0.0,,,,adaptivity,,,,,,,,,,,,,,,,,,,,,,,,,,,,,,,,,,,,,,,,,,,,,,,,,,,,,,,,,,,,,,,,,
med-91ae4098e221,rar_medicine,baseline,9.0,0.0,none,False,26.0,63.0,9.0,27.0,3.0,6.5,0.7222222222222222,0.0,0.0,,,,adaptivity,,,,,,,,,,,,,,,,,,,,,,,,,,,,,,,,,,,,,,,,,,,,,,,,,,,,,,,,,,,,,,,,,
med-91ae4098e221,rar_medicine,agentic,7.0,0.0,none,False,26.0,63.0,7.0,25.0,3.5714285714285716,5.3999999999999995,0.7714285714285714,0.0,0.0,,,,adaptivity,,,,,,,,,,,,,,,,,,,,,,,,,,,,,,,,,,,,,,,,,,,,,,,,,,,,,,,,,,,,,,,,,
med-91ae4098e221,rar_medicine,agentic-tools,9.0,0.0,none,False,26.0,63.0,9.0,26.0,2.888888888888889,6.2,0.6888888888888889,0.0,0.0,,,,adaptivity,,,,,,,,,,,,,,,,,,,,,,,,,,,,,,,,,,,,,,,,,,,,,,,,,,,,,,,,,,,,,,,,,
med-931e7fb4de55,rar_medicine,shipped,10.0,0.0,none,False,47.0,92.0,10.0,32.0,3.2,7.5,0.75,0.0,0.0,,,,adaptivity,,,,,,,,,,,,,,,,,,,,,,,,,,,,,,,,,,,,,,,,,,,,,,,,,,,,,,,,,,,,,,,,,
med-931e7fb4de55,rar_medicine,baseline,7.0,0.0,none,False,47.0,92.0,7.0,25.0,3.5714285714285716,6.2,0.8857142857142858,0.0,0.0,,,,adaptivity,,,,,,,,,,,,,,,,,,,,,,,,,,,,,,,,,,,,,,,,,,,,,,,,,,,,,,,,,,,,,,,,,
med-931e7fb4de55,rar_medicine,agentic,10.0,0.0,none,False,47.0,92.0,10.0,32.0,3.2,7.2,0.72,0.0,0.0,,,,adaptivity,,,,,,,,,,,,,,,,,,,,,,,,,,,,,,,,,,,,,,,,,,,,,,,,,,,,,,,,,,,,,,,,,
med-931e7fb4de55,rar_medicine,agentic-tools,8.0,0.0,none,False,47.0,92.0,8.0,22.0,2.75,5.8999999999999995,0.7374999999999999,0.0,0.0,,,,adaptivity,,,,,,,,,,,,,,,,,,,,,,,,,,,,,,,,,,,,,,,,,,,,,,,,,,,,,,,,,,,,,,,,,
med-960f0934dd5d,rar_medicine,shipped,9.0,0.0,none,False,12.0,60.0,9.0,25.0,2.7777777777777777,5.6,0.6222222222222222,0.0,0.0,,,,adaptivity,,,,,,,,,,,,,,,,,,,,,,,,,,,,,,,,,,,,,,,,,,,,,,,,,,,,,,,,,,,,,,,,,
med-960f0934dd5d,rar_medicine,baseline,6.0,0.0,none,False,12.0,60.0,6.0,16.0,2.6666666666666665,4.5,0.75,0.0,0.0,,,,adaptivity,,,,,,,,,,,,,,,,,,,,,,,,,,,,,,,,,,,,,,,,,,,,,,,,,,,,,,,,,,,,,,,,,
med-960f0934dd5d,rar_medicine,agentic,7.0,0.0,none,False,12.0,60.0,7.0,21.0,3.0,4.9,0.7000000000000001,0.0,0.0,,,,adaptivity,,,,,,,,,,,,,,,,,,,,,,,,,,,,,,,,,,,,,,,,,,,,,,,,,,,,,,,,,,,,,,,,,
med-960f0934dd5d,rar_medicine,agentic-tools,6.0,0.0,none,False,12.0,60.0,6.0,18.0,3.0,4.3,0.7166666666666667,0.0,0.0,,,,adaptivity,,,,,,,,,,,,,,,,,,,,,,,,,,,,,,,,,,,,,,,,,,,,,,,,,,,,,,,,,,,,,,,,,
med-a5b48b2e083f,rar_medicine,shipped,9.0,0.0,none,False,54.0,69.0,9.0,27.0,3.0,5.8999999999999995,0.6555555555555554,0.0,0.0,,,,adaptivity,,,,,,,,,,,,,,,,,,,,,,,,,,,,,,,,,,,,,,,,,,,,,,,,,,,,,,,,,,,,,,,,,
med-a5b48b2e083f,rar_medicine,baseline,7.0,0.0,none,False,54.0,69.0,7.0,20.0,2.857142857142857,5.2,0.7428571428571429,0.0,0.0,,,,adaptivity,,,,,,,,,,,,,,,,,,,,,,,,,,,,,,,,,,,,,,,,,,,,,,,,,,,,,,,,,,,,,,,,,
med-a5b48b2e083f,rar_medicine,agentic,11.0,0.0,none,False,54.0,69.0,11.0,27.0,2.4545454545454546,6.3999999999999995,0.5818181818181818,0.0,0.0,,,,adaptivity,,,,,,,,,,,,,,,,,,,,,,,,,,,,,,,,,,,,,,,,,,,,,,,,,,,,,,,,,,,,,,,,,
med-a5b48b2e083f,rar_medicine,agentic-tools,7.0,0.0,none,False,54.0,69.0,7.0,21.0,3.0,4.6,0.6571428571428571,0.0,0.0,,,,adaptivity,,,,,,,,,,,,,,,,,,,,,,,,,,,,,,,,,,,,,,,,,,,,,,,,,,,,,,,,,,,,,,,,,
med-ac6f5e1f72e2,rar_medicine,shipped,10.0,0.0,none,False,54.0,62.0,10.0,31.0,3.1,7.0,0.7,0.0,0.0,,,,adaptivity,,,,,,,,,,,,,,,,,,,,,,,,,,,,,,,,,,,,,,,,,,,,,,,,,,,,,,,,,,,,,,,,,
med-ac6f5e1f72e2,rar_medicine,baseline,9.0,0.0,none,False,54.0,62.0,9.0,28.0,3.111111111111111,6.8999999999999995,0.7666666666666666,0.0,0.0,,,,adaptivity,,,,,,,,,,,,,,,,,,,,,,,,,,,,,,,,,,,,,,,,,,,,,,,,,,,,,,,,,,,,,,,,,
med-ac6f5e1f72e2,rar_medicine,agentic,10.0,0.0,none,False,54.0,62.0,10.0,27.0,2.7,7.3,0.73,0.0,0.0,,,,adaptivity,,,,,,,,,,,,,,,,,,,,,,,,,,,,,,,,,,,,,,,,,,,,,,,,,,,,,,,,,,,,,,,,,
med-ac6f5e1f72e2,rar_medicine,agentic-tools,10.0,0.0,none,False,54.0,62.0,10.0,27.0,2.7,6.8999999999999995,0.69,0.0,0.0,,,,adaptivity,,,,,,,,,,,,,,,,,,,,,,,,,,,,,,,,,,,,,,,,,,,,,,,,,,,,,,,,,,,,,,,,,
med-b2be91e4d044,rar_medicine,shipped,11.0,0.0,none,False,26.0,274.0,11.0,34.0,3.090909090909091,7.8,0.7090909090909091,0.0,0.0,,,,adaptivity,,,,,,,,,,,,,,,,,,,,,,,,,,,,,,,,,,,,,,,,,,,,,,,,,,,,,,,,,,,,,,,,,
med-b2be91e4d044,rar_medicine,baseline,12.0,0.0,none,False,26.0,274.0,12.0,43.0,3.5833333333333335,9.8,0.8166666666666668,0.0,0.0,,,,adaptivity,,,,,,,,,,,,,,,,,,,,,,,,,,,,,,,,,,,,,,,,,,,,,,,,,,,,,,,,,,,,,,,,,
med-b2be91e4d044,rar_medicine,agentic,16.0,0.0,none,False,26.0,274.0,16.0,55.0,3.4375,13.0,0.8125,0.0,0.0,,,,adaptivity,,,,,,,,,,,,,,,,,,,,,,,,,,,,,,,,,,,,,,,,,,,,,,,,,,,,,,,,,,,,,,,,,
med-b2be91e4d044,rar_medicine,agentic-tools,13.0,0.0,none,False,26.0,274.0,13.0,39.0,3.0,8.4,0.6461538461538462,0.0,0.0,,,,adaptivity,,,,,,,,,,,,,,,,,,,,,,,,,,,,,,,,,,,,,,,,,,,,,,,,,,,,,,,,,,,,,,,,,
med-ba0b7452f8cd,rar_medicine,shipped,8.0,0.0,none,False,12.0,72.0,8.0,24.0,3.0,4.8999999999999995,0.6124999999999999,0.0,0.0,,,,adaptivity,,,,,,,,,,,,,,,,,,,,,,,,,,,,,,,,,,,,,,,,,,,,,,,,,,,,,,,,,,,,,,,,,
med-ba0b7452f8cd,rar_medicine,baseline,8.0,0.0,none,False,12.0,72.0,8.0,26.0,3.25,5.6,0.7,0.0,0.0,,,,adaptivity,,,,,,,,,,,,,,,,,,,,,,,,,,,,,,,,,,,,,,,,,,,,,,,,,,,,,,,,,,,,,,,,,
med-ba0b7452f8cd,rar_medicine,agentic,13.0,0.0,none,False,12.0,72.0,13.0,36.0,2.769230769230769,9.9,0.7615384615384616,0.0,0.0,,,,adaptivity,,,,,,,,,,,,,,,,,,,,,,,,,,,,,,,,,,,,,,,,,,,,,,,,,,,,,,,,,,,,,,,,,
med-ba0b7452f8cd,rar_medicine,agentic-tools,13.0,0.0,none,False,12.0,72.0,13.0,31.0,2.3846153846153846,8.3,0.6384615384615385,0.0,0.0,,,,adaptivity,,,,,,,,,,,,,,,,,,,,,,,,,,,,,,,,,,,,,,,,,,,,,,,,,,,,,,,,,,,,,,,,,
med-bbb832a8fec2,rar_medicine,shipped,11.0,0.0,none,False,32.0,109.0,11.0,35.0,3.1818181818181817,7.6,0.6909090909090909,0.0,0.0,,,,adaptivity,,,,,,,,,,,,,,,,,,,,,,,,,,,,,,,,,,,,,,,,,,,,,,,,,,,,,,,,,,,,,,,,,
med-bbb832a8fec2,rar_medicine,baseline,8.0,0.0,none,False,32.0,109.0,8.0,30.0,3.75,6.6,0.825,0.0,0.0,,,,adaptivity,,,,,,,,,,,,,,,,,,,,,,,,,,,,,,,,,,,,,,,,,,,,,,,,,,,,,,,,,,,,,,,,,
med-bbb832a8fec2,rar_medicine,agentic,11.0,0.0,none,False,32.0,109.0,11.0,36.0,3.272727272727273,9.6,0.8727272727272727,0.0,0.0,,,,adaptivity,,,,,,,,,,,,,,,,,,,,,,,,,,,,,,,,,,,,,,,,,,,,,,,,,,,,,,,,,,,,,,,,,
med-bbb832a8fec2,rar_medicine,agentic-tools,11.0,0.0,none,False,32.0,109.0,11.0,32.0,2.909090909090909,8.8,0.8,0.0,0.0,,,,adaptivity,,,,,,,,,,,,,,,,,,,,,,,,,,,,,,,,,,,,,,,,,,,,,,,,,,,,,,,,,,,,,,,,,
med-bf99d4ee36f1,rar_medicine,shipped,11.0,0.0,none,False,52.0,106.0,11.0,31.0,2.8181818181818183,7.1,0.6454545454545454,0.0,0.0,,,,adaptivity,,,,,,,,,,,,,,,,,,,,,,,,,,,,,,,,,,,,,,,,,,,,,,,,,,,,,,,,,,,,,,,,,
med-bf99d4ee36f1,rar_medicine,baseline,8.0,0.0,none,False,52.0,106.0,8.0,26.0,3.25,6.2,0.775,0.0,0.0,,,,adaptivity,,,,,,,,,,,,,,,,,,,,,,,,,,,,,,,,,,,,,,,,,,,,,,,,,,,,,,,,,,,,,,,,,
med-bf99d4ee36f1,rar_medicine,agentic,14.0,0.0,none,False,52.0,106.0,14.0,42.0,3.0,10.4,0.7428571428571429,0.0,0.0,,,,adaptivity,,,,,,,,,,,,,,,,,,,,,,,,,,,,,,,,,,,,,,,,,,,,,,,,,,,,,,,,,,,,,,,,,
med-bf99d4ee36f1,rar_medicine,agentic-tools,14.0,0.0,none,False,52.0,106.0,14.0,38.0,2.7142857142857144,10.5,0.75,0.0,0.0,,,,adaptivity,,,,,,,,,,,,,,,,,,,,,,,,,,,,,,,,,,,,,,,,,,,,,,,,,,,,,,,,,,,,,,,,,
med-c8812f74fcb4,rar_medicine,shipped,10.0,0.0,none,False,49.0,86.0,10.0,28.0,2.8,6.8,0.6799999999999999,0.0,0.0,,,,adaptivity,,,,,,,,,,,,,,,,,,,,,,,,,,,,,,,,,,,,,,,,,,,,,,,,,,,,,,,,,,,,,,,,,
med-c8812f74fcb4,rar_medicine,baseline,8.0,0.0,none,False,49.0,86.0,8.0,23.0,2.875,5.8,0.725,0.0,0.0,,,,adaptivity,,,,,,,,,,,,,,,,,,,,,,,,,,,,,,,,,,,,,,,,,,,,,,,,,,,,,,,,,,,,,,,,,
med-c8812f74fcb4,rar_medicine,agentic,15.0,0.0,none,False,49.0,86.0,15.0,47.0,3.1333333333333333,10.799999999999999,0.72,0.0,0.0,,,,adaptivity,,,,,,,,,,,,,,,,,,,,,,,,,,,,,,,,,,,,,,,,,,,,,,,,,,,,,,,,,,,,,,,,,
med-c8812f74fcb4,rar_medicine,agentic-tools,15.0,0.0,none,False,49.0,86.0,15.0,42.0,2.8,11.0,0.7333333333333333,0.0,0.0,,,,adaptivity,,,,,,,,,,,,,,,,,,,,,,,,,,,,,,,,,,,,,,,,,,,,,,,,,,,,,,,,,,,,,,,,,
med-c98a2c1d81b2,rar_medicine,shipped,11.0,0.0,none,False,34.0,85.0,11.0,33.0,3.0,6.8999999999999995,0.6272727272727272,0.0,0.0,,,,adaptivity,,,,,,,,,,,,,,,,,,,,,,,,,,,,,,,,,,,,,,,,,,,,,,,,,,,,,,,,,,,,,,,,,
med-c98a2c1d81b2,rar_medicine,baseline,8.0,0.0,none,False,34.0,85.0,8.0,27.0,3.375,6.2,0.775,0.0,0.0,,,,adaptivity,,,,,,,,,,,,,,,,,,,,,,,,,,,,,,,,,,,,,,,,,,,,,,,,,,,,,,,,,,,,,,,,,
med-c98a2c1d81b2,rar_medicine,agentic,11.0,0.0,none,False,34.0,85.0,11.0,34.0,3.090909090909091,8.7,0.7909090909090909,0.0,0.0,,,,adaptivity,,,,,,,,,,,,,,,,,,,,,,,,,,,,,,,,,,,,,,,,,,,,,,,,,,,,,,,,,,,,,,,,,
med-c98a2c1d81b2,rar_medicine,agentic-tools,10.0,0.0,none,False,34.0,85.0,10.0,29.0,2.9,6.5,0.65,0.0,0.0,,,,adaptivity,,,,,,,,,,,,,,,,,,,,,,,,,,,,,,,,,,,,,,,,,,,,,,,,,,,,,,,,,,,,,,,,,
med-d9d6d0e87ecb,rar_medicine,shipped,9.0,0.0,none,False,41.0,103.0,9.0,25.0,2.7777777777777777,5.8999999999999995,0.6555555555555554,0.0,0.0,,,,adaptivity,,,,,,,,,,,,,,,,,,,,,,,,,,,,,,,,,,,,,,,,,,,,,,,,,,,,,,,,,,,,,,,,,
med-d9d6d0e87ecb,rar_medicine,baseline,6.0,0.0,none,False,41.0,103.0,6.0,22.0,3.6666666666666665,4.6,0.7666666666666666,0.0,0.0,,,,adaptivity,,,,,,,,,,,,,,,,,,,,,,,,,,,,,,,,,,,,,,,,,,,,,,,,,,,,,,,,,,,,,,,,,
med-d9d6d0e87ecb,rar_medicine,agentic,9.0,0.0,none,False,41.0,103.0,9.0,25.0,2.7777777777777777,6.8999999999999995,0.7666666666666666,0.0,0.0,,,,adaptivity,,,,,,,,,,,,,,,,,,,,,,,,,,,,,,,,,,,,,,,,,,,,,,,,,,,,,,,,,,,,,,,,,
med-d9d6d0e87ecb,rar_medicine,agentic-tools,11.0,0.0,none,False,41.0,103.0,11.0,27.0,2.4545454545454546,7.2,0.6545454545454545,0.0,0.0,,,,adaptivity,,,,,,,,,,,,,,,,,,,,,,,,,,,,,,,,,,,,,,,,,,,,,,,,,,,,,,,,,,,,,,,,,
med-dc7957448669,rar_medicine,shipped,9.0,0.0,none,False,29.0,91.0,9.0,28.0,3.111111111111111,6.3,0.7,0.0,0.0,,,,adaptivity,,,,,,,,,,,,,,,,,,,,,,,,,,,,,,,,,,,,,,,,,,,,,,,,,,,,,,,,,,,,,,,,,
med-dc7957448669,rar_medicine,baseline,8.0,0.0,none,False,29.0,91.0,8.0,25.0,3.125,6.6,0.825,0.0,0.0,,,,adaptivity,,,,,,,,,,,,,,,,,,,,,,,,,,,,,,,,,,,,,,,,,,,,,,,,,,,,,,,,,,,,,,,,,
med-dc7957448669,rar_medicine,agentic,7.0,0.0,none,False,29.0,91.0,7.0,25.0,3.5714285714285716,5.199999999999999,0.7428571428571428,0.0,0.0,,,,adaptivity,,,,,,,,,,,,,,,,,,,,,,,,,,,,,,,,,,,,,,,,,,,,,,,,,,,,,,,,,,,,,,,,,
med-dc7957448669,rar_medicine,agentic-tools,12.0,0.0,none,False,29.0,91.0,12.0,35.0,2.9166666666666665,7.699999999999999,0.6416666666666666,0.0,0.0,,,,adaptivity,,,,,,,,,,,,,,,,,,,,,,,,,,,,,,,,,,,,,,,,,,,,,,,,,,,,,,,,,,,,,,,,,
med-e6c4ba1af357,rar_medicine,shipped,8.0,0.0,none,False,31.0,83.0,8.0,28.0,3.5,6.0,0.75,0.0,0.0,,,,adaptivity,,,,,,,,,,,,,,,,,,,,,,,,,,,,,,,,,,,,,,,,,,,,,,,,,,,,,,,,,,,,,,,,,
med-e6c4ba1af357,rar_medicine,baseline,8.0,0.0,none,False,31.0,83.0,8.0,22.0,2.75,5.6,0.7,0.0,0.0,,,,adaptivity,,,,,,,,,,,,,,,,,,,,,,,,,,,,,,,,,,,,,,,,,,,,,,,,,,,,,,,,,,,,,,,,,
med-e6c4ba1af357,rar_medicine,agentic,10.0,0.0,none,False,31.0,83.0,10.0,30.0,3.0,6.8999999999999995,0.69,0.0,0.0,,,,adaptivity,,,,,,,,,,,,,,,,,,,,,,,,,,,,,,,,,,,,,,,,,,,,,,,,,,,,,,,,,,,,,,,,,
med-e6c4ba1af357,rar_medicine,agentic-tools,6.0,0.0,none,False,31.0,83.0,6.0,20.0,3.3333333333333335,4.3,0.7166666666666667,0.0,0.0,,,,adaptivity,,,,,,,,,,,,,,,,,,,,,,,,,,,,,,,,,,,,,,,,,,,,,,,,,,,,,,,,,,,,,,,,,
med-e9a2fe585dc6,rar_medicine,shipped,10.0,0.0,none,False,25.0,154.0,10.0,28.0,2.8,6.8,0.6799999999999999,0.0,0.0,,,,adaptivity,,,,,,,,,,,,,,,,,,,,,,,,,,,,,,,,,,,,,,,,,,,,,,,,,,,,,,,,,,,,,,,,,
med-e9a2fe585dc6,rar_medicine,baseline,7.0,0.0,none,False,25.0,154.0,7.0,26.0,3.7142857142857144,5.7,0.8142857142857143,0.0,0.0,,,,adaptivity,,,,,,,,,,,,,,,,,,,,,,,,,,,,,,,,,,,,,,,,,,,,,,,,,,,,,,,,,,,,,,,,,
med-e9a2fe585dc6,rar_medicine,agentic,13.0,0.0,none,False,25.0,154.0,13.0,29.0,2.230769230769231,8.9,0.6846153846153846,0.0,0.0,,,,adaptivity,,,,,,,,,,,,,,,,,,,,,,,,,,,,,,,,,,,,,,,,,,,,,,,,,,,,,,,,,,,,,,,,,
med-e9a2fe585dc6,rar_medicine,agentic-tools,11.0,0.0,none,False,25.0,154.0,11.0,29.0,2.6363636363636362,7.2,0.6545454545454545,0.0,0.0,,,,adaptivity,,,,,,,,,,,,,,,,,,,,,,,,,,,,,,,,,,,,,,,,,,,,,,,,,,,,,,,,,,,,,,,,,
med-f1727cd9627c,rar_medicine,shipped,10.0,0.0,none,False,29.0,82.0,10.0,26.0,2.6,6.5,0.65,0.0,0.0,,,,adaptivity,,,,,,,,,,,,,,,,,,,,,,,,,,,,,,,,,,,,,,,,,,,,,,,,,,,,,,,,,,,,,,,,,
med-f1727cd9627c,rar_medicine,baseline,8.0,0.0,none,False,29.0,82.0,8.0,24.0,3.0,5.8999999999999995,0.7374999999999999,0.0,0.0,,,,adaptivity,,,,,,,,,,,,,,,,,,,,,,,,,,,,,,,,,,,,,,,,,,,,,,,,,,,,,,,,,,,,,,,,,
med-f1727cd9627c,rar_medicine,agentic,9.0,0.0,none,False,29.0,82.0,9.0,29.0,3.2222222222222223,7.0,0.7777777777777778,0.0,0.0,,,,adaptivity,,,,,,,,,,,,,,,,,,,,,,,,,,,,,,,,,,,,,,,,,,,,,,,,,,,,,,,,,,,,,,,,,
med-f1727cd9627c,rar_medicine,agentic-tools,8.0,0.0,none,False,29.0,82.0,8.0,25.0,3.125,5.8999999999999995,0.7374999999999999,0.0,0.0,,,,adaptivity,,,,,,,,,,,,,,,,,,,,,,,,,,,,,,,,,,,,,,,,,,,,,,,,,,,,,,,,,,,,,,,,,
med-fff27f593ee9,rar_medicine,shipped,13.0,0.0,none,False,34.0,262.0,13.0,42.0,3.230769230769231,9.299999999999999,0.7153846153846153,0.0,0.0,,,,adaptivity,,,,,,,,,,,,,,,,,,,,,,,,,,,,,,,,,,,,,,,,,,,,,,,,,,,,,,,,,,,,,,,,,
med-fff27f593ee9,rar_medicine,baseline,9.0,0.0,none,False,34.0,262.0,9.0,30.0,3.3333333333333335,6.8999999999999995,0.7666666666666666,0.0,0.0,,,,adaptivity,,,,,,,,,,,,,,,,,,,,,,,,,,,,,,,,,,,,,,,,,,,,,,,,,,,,,,,,,,,,,,,,,
med-fff27f593ee9,rar_medicine,agentic,13.0,0.0,none,False,34.0,262.0,13.0,32.0,2.4615384615384617,7.5,0.5769230769230769,0.0,0.0,,,,adaptivity,,,,,,,,,,,,,,,,,,,,,,,,,,,,,,,,,,,,,,,,,,,,,,,,,,,,,,,,,,,,,,,,,
med-fff27f593ee9,rar_medicine,agentic-tools,12.0,0.0,none,False,34.0,262.0,12.0,35.0,2.9166666666666665,8.2,0.6833333333333332,0.0,0.0,,,,adaptivity,,,,,,,,,,,,,,,,,,,,,,,,,,,,,,,,,,,,,,,,,,,,,,,,,,,,,,,,,,,,,,,,,
med-197191f4a201,rar_medicine,shipped,8.0,0.0,none,False,33.0,67.0,8.0,21.0,2.625,4.8999999999999995,0.6124999999999999,0.0,0.0,,,,adaptivity,,,,,,,,,,,,,,,,,,,,,,,,,,,,,,,,,,,,,,,,,,,,,,,,,,,,,,,,,,,,,,,,,
med-197191f4a201,rar_medicine,baseline,7.0,0.0,none,False,33.0,67.0,7.0,20.0,2.857142857142857,5.2,0.7428571428571429,0.0,0.0,,,,adaptivity,,,,,,,,,,,,,,,,,,,,,,,,,,,,,,,,,,,,,,,,,,,,,,,,,,,,,,,,,,,,,,,,,
med-197191f4a201,rar_medicine,agentic,6.0,0.0,none,False,33.0,67.0,6.0,20.0,3.3333333333333335,4.6,0.7666666666666666,0.0,0.0,,,,adaptivity,,,,,,,,,,,,,,,,,,,,,,,,,,,,,,,,,,,,,,,,,,,,,,,,,,,,,,,,,,,,,,,,,
med-197191f4a201,rar_medicine,agentic-tools,5.0,0.0,none,False,33.0,67.0,5.0,16.0,3.2,4.2,0.8400000000000001,0.0,0.0,,,,adaptivity,,,,,,,,,,,,,,,,,,,,,,,,,,,,,,,,,,,,,,,,,,,,,,,,,,,,,,,,,,,,,,,,,
med-22cfe7cfc240,rar_medicine,shipped,10.0,0.0,none,False,29.0,79.0,10.0,31.0,3.1,7.5,0.75,0.0,0.0,,,,adaptivity,,,,,,,,,,,,,,,,,,,,,,,,,,,,,,,,,,,,,,,,,,,,,,,,,,,,,,,,,,,,,,,,,
med-22cfe7cfc240,rar_medicine,baseline,9.0,0.0,none,False,29.0,79.0,9.0,25.0,2.7777777777777777,6.7,0.7444444444444445,0.0,0.0,,,,adaptivity,,,,,,,,,,,,,,,,,,,,,,,,,,,,,,,,,,,,,,,,,,,,,,,,,,,,,,,,,,,,,,,,,
med-22cfe7cfc240,rar_medicine,agentic,8.0,0.0,none,False,29.0,79.0,8.0,29.0,3.625,6.9,0.8625,0.0,0.0,,,,adaptivity,,,,,,,,,,,,,,,,,,,,,,,,,,,,,,,,,,,,,,,,,,,,,,,,,,,,,,,,,,,,,,,,,
med-22cfe7cfc240,rar_medicine,agentic-tools,13.0,0.0,none,False,29.0,79.0,13.0,37.0,2.8461538461538463,8.1,0.6230769230769231,0.0,0.0,,,,adaptivity,,,,,,,,,,,,,,,,,,,,,,,,,,,,,,,,,,,,,,,,,,,,,,,,,,,,,,,,,,,,,,,,,
med-243ec32e8cc8,rar_medicine,shipped,9.0,0.0,none,False,30.0,93.0,9.0,27.0,3.0,6.5,0.7222222222222222,0.0,0.0,,,,adaptivity,,,,,,,,,,,,,,,,,,,,,,,,,,,,,,,,,,,,,,,,,,,,,,,,,,,,,,,,,,,,,,,,,
med-243ec32e8cc8,rar_medicine,baseline,7.0,0.0,none,False,30.0,93.0,7.0,22.0,3.142857142857143,5.5,0.7857142857142857,0.0,0.0,,,,adaptivity,,,,,,,,,,,,,,,,,,,,,,,,,,,,,,,,,,,,,,,,,,,,,,,,,,,,,,,,,,,,,,,,,
med-243ec32e8cc8,rar_medicine,agentic,9.0,0.0,none,False,30.0,93.0,9.0,28.0,3.111111111111111,6.5,0.7222222222222222,0.0,0.0,,,,adaptivity,,,,,,,,,,,,,,,,,,,,,,,,,,,,,,,,,,,,,,,,,,,,,,,,,,,,,,,,,,,,,,,,,
med-243ec32e8cc8,rar_medicine,agentic-tools,10.0,0.0,none,False,30.0,93.0,10.0,35.0,3.5,8.0,0.8,0.0,0.0,,,,adaptivity,,,,,,,,,,,,,,,,,,,,,,,,,,,,,,,,,,,,,,,,,,,,,,,,,,,,,,,,,,,,,,,,,
med-28da216cd16f,rar_medicine,shipped,10.0,0.0,none,False,72.0,130.0,10.0,35.0,3.5,7.3,0.73,0.0,0.0,,,,adaptivity,,,,,,,,,,,,,,,,,,,,,,,,,,,,,,,,,,,,,,,,,,,,,,,,,,,,,,,,,,,,,,,,,
med-28da216cd16f,rar_medicine,baseline,11.0,0.0,none,False,72.0,130.0,11.0,39.0,3.5454545454545454,9.2,0.8363636363636363,0.0,0.0,,,,adaptivity,,,,,,,,,,,,,,,,,,,,,,,,,,,,,,,,,,,,,,,,,,,,,,,,,,,,,,,,,,,,,,,,,
med-28da216cd16f,rar_medicine,agentic,13.0,0.0,none,False,72.0,130.0,13.0,33.0,2.5384615384615383,9.7,0.7461538461538461,0.0,0.0,,,,adaptivity,,,,,,,,,,,,,,,,,,,,,,,,,,,,,,,,,,,,,,,,,,,,,,,,,,,,,,,,,,,,,,,,,
med-28da216cd16f,rar_medicine,agentic-tools,13.0,0.0,none,False,72.0,130.0,13.0,35.0,2.6923076923076925,9.1,0.7,0.0,0.0,,,,adaptivity,,,,,,,,,,,,,,,,,,,,,,,,,,,,,,,,,,,,,,,,,,,,,,,,,,,,,,,,,,,,,,,,,
med-2b6e00e2fa33,rar_medicine,shipped,10.0,0.0,none,False,39.0,100.0,10.0,32.0,3.2,6.6,0.6599999999999999,0.0,0.0,,,,adaptivity,,,,,,,,,,,,,,,,,,,,,,,,,,,,,,,,,,,,,,,,,,,,,,,,,,,,,,,,,,,,,,,,,
med-2b6e00e2fa33,rar_medicine,baseline,8.0,0.0,none,False,39.0,100.0,8.0,28.0,3.5,6.5,0.8125,0.0,0.0,,,,adaptivity,,,,,,,,,,,,,,,,,,,,,,,,,,,,,,,,,,,,,,,,,,,,,,,,,,,,,,,,,,,,,,,,,
med-2b6e00e2fa33,rar_medicine,agentic,11.0,0.0,none,False,39.0,100.0,11.0,41.0,3.727272727272727,9.2,0.8363636363636363,0.0,0.0,,,,adaptivity,,,,,,,,,,,,,,,,,,,,,,,,,,,,,,,,,,,,,,,,,,,,,,,,,,,,,,,,,,,,,,,,,
med-2b6e00e2fa33,rar_medicine,agentic-tools,6.0,0.0,none,False,39.0,100.0,6.0,22.0,3.6666666666666665,5.0,0.8333333333333334,0.0,0.0,,,,adaptivity,,,,,,,,,,,,,,,,,,,,,,,,,,,,,,,,,,,,,,,,,,,,,,,,,,,,,,,,,,,,,,,,,
med-310a19614101,rar_medicine,shipped,10.0,0.0,none,False,25.0,207.0,10.0,28.0,2.8,6.8,0.6799999999999999,0.0,0.0,,,,adaptivity,,,,,,,,,,,,,,,,,,,,,,,,,,,,,,,,,,,,,,,,,,,,,,,,,,,,,,,,,,,,,,,,,
med-310a19614101,rar_medicine,baseline,10.0,0.0,none,False,25.0,207.0,10.0,32.0,3.2,7.5,0.75,0.0,0.0,,,,adaptivity,,,,,,,,,,,,,,,,,,,,,,,,,,,,,,,,,,,,,,,,,,,,,,,,,,,,,,,,,,,,,,,,,
med-310a19614101,rar_medicine,agentic,13.0,0.0,none,False,25.0,207.0,13.0,39.0,3.0,10.5,0.8076923076923077,0.0,0.0,,,,adaptivity,,,,,,,,,,,,,,,,,,,,,,,,,,,,,,,,,,,,,,,,,,,,,,,,,,,,,,,,,,,,,,,,,
med-310a19614101,rar_medicine,agentic-tools,12.0,0.0,none,False,25.0,207.0,12.0,33.0,2.75,8.7,0.725,0.0,0.0,,,,adaptivity,,,,,,,,,,,,,,,,,,,,,,,,,,,,,,,,,,,,,,,,,,,,,,,,,,,,,,,,,,,,,,,,,
med-339d1a40dbd7,rar_medicine,shipped,9.0,0.0,none,False,25.0,79.0,9.0,25.0,2.7777777777777777,5.6,0.6222222222222222,0.0,0.0,,,,adaptivity,,,,,,,,,,,,,,,,,,,,,,,,,,,,,,,,,,,,,,,,,,,,,,,,,,,,,,,,,,,,,,,,,
med-339d1a40dbd7,rar_medicine,baseline,8.0,0.0,none,False,25.0,79.0,8.0,27.0,3.375,6.6,0.825,0.0,0.0,,,,adaptivity,,,,,,,,,,,,,,,,,,,,,,,,,,,,,,,,,,,,,,,,,,,,,,,,,,,,,,,,,,,,,,,,,
med-339d1a40dbd7,rar_medicine,agentic,12.0,0.0,none,False,25.0,79.0,12.0,34.0,2.8333333333333335,7.8999999999999995,0.6583333333333333,0.0,0.0,,,,adaptivity,,,,,,,,,,,,,,,,,,,,,,,,,,,,,,,,,,,,,,,,,,,,,,,,,,,,,,,,,,,,,,,,,
med-339d1a40dbd7,rar_medicine,agentic-tools,9.0,0.0,none,False,25.0,79.0,9.0,29.0,3.2222222222222223,6.8999999999999995,0.7666666666666666,0.0,0.0,,,,adaptivity,,,,,,,,,,,,,,,,,,,,,,,,,,,,,,,,,,,,,,,,,,,,,,,,,,,,,,,,,,,,,,,,,
med-346fbc60b4f9,rar_medicine,shipped,10.0,0.0,none,False,25.0,110.0,10.0,32.0,3.2,7.0,0.7,0.0,0.0,,,,adaptivity,,,,,,,,,,,,,,,,,,,,,,,,,,,,,,,,,,,,,,,,,,,,,,,,,,,,,,,,,,,,,,,,,
med-346fbc60b4f9,rar_medicine,baseline,8.0,0.0,none,False,25.0,110.0,8.0,26.0,3.25,6.0,0.75,0.0,0.0,,,,adaptivity,,,,,,,,,,,,,,,,,,,,,,,,,,,,,,,,,,,,,,,,,,,,,,,,,,,,,,,,,,,,,,,,,
med-346fbc60b4f9,rar_medicine,agentic,11.0,0.0,none,False,25.0,110.0,11.0,35.0,3.1818181818181817,7.5,0.6818181818181818,0.0,0.0,,,,adaptivity,,,,,,,,,,,,,,,,,,,,,,,,,,,,,,,,,,,,,,,,,,,,,,,,,,,,,,,,,,,,,,,,,
med-346fbc60b4f9,rar_medicine,agentic-tools,10.0,0.0,none,False,25.0,110.0,10.0,31.0,3.1,6.8999999999999995,0.69,0.0,0.0,,,,adaptivity,,,,,,,,,,,,,,,,,,,,,,,,,,,,,,,,,,,,,,,,,,,,,,,,,,,,,,,,,,,,,,,,,
med-39fe6d9a022e,rar_medicine,shipped,10.0,0.0,none,False,40.0,81.0,10.0,29.0,2.9,6.2,0.62,0.0,0.0,,,,adaptivity,,,,,,,,,,,,,,,,,,,,,,,,,,,,,,,,,,,,,,,,,,,,,,,,,,,,,,,,,,,,,,,,,
med-39fe6d9a022e,rar_medicine,baseline,8.0,0.0,none,False,40.0,81.0,8.0,24.0,3.0,5.8999999999999995,0.7374999999999999,0.0,0.0,,,,adaptivity,,,,,,,,,,,,,,,,,,,,,,,,,,,,,,,,,,,,,,,,,,,,,,,,,,,,,,,,,,,,,,,,,
med-39fe6d9a022e,rar_medicine,agentic,12.0,0.0,none,False,40.0,81.0,12.0,35.0,2.9166666666666665,8.5,0.7083333333333334,0.0,0.0,,,,adaptivity,,,,,,,,,,,,,,,,,,,,,,,,,,,,,,,,,,,,,,,,,,,,,,,,,,,,,,,,,,,,,,,,,
med-39fe6d9a022e,rar_medicine,agentic-tools,7.0,0.0,none,False,40.0,81.0,7.0,20.0,2.857142857142857,4.8,0.6857142857142857,0.0,0.0,,,,adaptivity,,,,,,,,,,,,,,,,,,,,,,,,,,,,,,,,,,,,,,,,,,,,,,,,,,,,,,,,,,,,,,,,,
med-3a854c06e788,rar_medicine,shipped,8.0,0.0,none,False,28.0,56.0,8.0,21.0,2.625,5.1,0.6375,0.0,0.0,,,,adaptivity,,,,,,,,,,,,,,,,,,,,,,,,,,,,,,,,,,,,,,,,,,,,,,,,,,,,,,,,,,,,,,,,,
med-3a854c06e788,rar_medicine,baseline,8.0,0.0,none,False,28.0,56.0,8.0,22.0,2.75,5.5,0.6875,0.0,0.0,,,,adaptivity,,,,,,,,,,,,,,,,,,,,,,,,,,,,,,,,,,,,,,,,,,,,,,,,,,,,,,,,,,,,,,,,,
med-3a854c06e788,rar_medicine,agentic,6.0,0.0,none,False,28.0,56.0,6.0,18.0,3.0,4.3,0.7166666666666667,0.0,0.0,,,,adaptivity,,,,,,,,,,,,,,,,,,,,,,,,,,,,,,,,,,,,,,,,,,,,,,,,,,,,,,,,,,,,,,,,,
med-3a854c06e788,rar_medicine,agentic-tools,5.0,0.0,none,False,28.0,56.0,5.0,16.0,3.2,3.6,0.72,0.0,0.0,,,,adaptivity,,,,,,,,,,,,,,,,,,,,,,,,,,,,,,,,,,,,,,,,,,,,,,,,,,,,,,,,,,,,,,,,,
med-43e518d3d57e,rar_medicine,shipped,8.0,0.0,none,False,23.0,40.0,8.0,22.0,2.75,5.5,0.6875,0.0,0.0,,,,adaptivity,,,,,,,,,,,,,,,,,,,,,,,,,,,,,,,,,,,,,,,,,,,,,,,,,,,,,,,,,,,,,,,,,
med-43e518d3d57e,rar_medicine,baseline,8.0,0.0,none,False,23.0,40.0,8.0,25.0,3.125,6.2,0.775,0.0,0.0,,,,adaptivity,,,,,,,,,,,,,,,,,,,,,,,,,,,,,,,,,,,,,,,,,,,,,,,,,,,,,,,,,,,,,,,,,
med-43e518d3d57e,rar_medicine,agentic,11.0,0.0,none,False,23.0,40.0,11.0,34.0,3.090909090909091,7.5,0.6818181818181818,0.0,0.0,,,,adaptivity,,,,,,,,,,,,,,,,,,,,,,,,,,,,,,,,,,,,,,,,,,,,,,,,,,,,,,,,,,,,,,,,,
med-43e518d3d57e,rar_medicine,agentic-tools,6.0,0.0,none,False,23.0,40.0,6.0,19.0,3.1666666666666665,4.6,0.7666666666666666,0.0,0.0,,,,adaptivity,,,,,,,,,,,,,,,,,,,,,,,,,,,,,,,,,,,,,,,,,,,,,,,,,,,,,,,,,,,,,,,,,
med-48491d33ec3d,rar_medicine,shipped,10.0,0.0,none,False,57.0,63.0,10.0,29.0,2.9,6.3,0.63,0.0,0.0,,,,adaptivity,,,,,,,,,,,,,,,,,,,,,,,,,,,,,,,,,,,,,,,,,,,,,,,,,,,,,,,,,,,,,,,,,
med-48491d33ec3d,rar_medicine,baseline,7.0,0.0,none,False,57.0,63.0,7.0,20.0,2.857142857142857,4.6,0.6571428571428571,0.0,0.0,,,,adaptivity,,,,,,,,,,,,,,,,,,,,,,,,,,,,,,,,,,,,,,,,,,,,,,,,,,,,,,,,,,,,,,,,,
med-48491d33ec3d,rar_medicine,agentic,10.0,0.0,none,False,57.0,63.0,10.0,31.0,3.1,6.5,0.65,0.0,0.0,,,,adaptivity,,,,,,,,,,,,,,,,,,,,,,,,,,,,,,,,,,,,,,,,,,,,,,,,,,,,,,,,,,,,,,,,,
med-48491d33ec3d,rar_medicine,agentic-tools,7.0,0.0,none,False,57.0,63.0,7.0,20.0,2.857142857142857,5.2,0.7428571428571429,0.0,0.0,,,,adaptivity,,,,,,,,,,,,,,,,,,,,,,,,,,,,,,,,,,,,,,,,,,,,,,,,,,,,,,,,,,,,,,,,,
med-51d19faca215,rar_medicine,shipped,10.0,0.0,none,False,30.0,91.0,10.0,27.0,2.7,5.8999999999999995,0.59,0.0,0.0,,,,adaptivity,,,,,,,,,,,,,,,,,,,,,,,,,,,,,,,,,,,,,,,,,,,,,,,,,,,,,,,,,,,,,,,,,
med-51d19faca215,rar_medicine,baseline,8.0,0.0,none,False,30.0,91.0,8.0,26.0,3.25,6.3,0.7875,0.0,0.0,,,,adaptivity,,,,,,,,,,,,,,,,,,,,,,,,,,,,,,,,,,,,,,,,,,,,,,,,,,,,,,,,,,,,,,,,,
med-51d19faca215,rar_medicine,agentic,9.0,0.0,none,False,30.0,91.0,9.0,25.0,2.7777777777777777,6.6,0.7333333333333333,0.0,0.0,,,,adaptivity,,,,,,,,,,,,,,,,,,,,,,,,,,,,,,,,,,,,,,,,,,,,,,,,,,,,,,,,,,,,,,,,,
med-51d19faca215,rar_medicine,agentic-tools,6.0,0.0,none,False,30.0,91.0,6.0,21.0,3.5,4.1,0.6833333333333332,0.0,0.0,,,,adaptivity,,,,,,,,,,,,,,,,,,,,,,,,,,,,,,,,,,,,,,,,,,,,,,,,,,,,,,,,,,,,,,,,,
med-533a7b79571a,rar_medicine,shipped,12.0,0.0,none,False,30.0,88.0,12.0,36.0,3.0,8.8,0.7333333333333334,0.0,0.0,,,,adaptivity,,,,,,,,,,,,,,,,,,,,,,,,,,,,,,,,,,,,,,,,,,,,,,,,,,,,,,,,,,,,,,,,,
med-533a7b79571a,rar_medicine,baseline,9.0,0.0,none,False,30.0,88.0,9.0,31.0,3.4444444444444446,6.8,0.7555555555555555,0.0,0.0,,,,adaptivity,,,,,,,,,,,,,,,,,,,,,,,,,,,,,,,,,,,,,,,,,,,,,,,,,,,,,,,,,,,,,,,,,
med-533a7b79571a,rar_medicine,agentic,12.0,0.0,none,False,30.0,88.0,12.0,37.0,3.0833333333333335,8.8,0.7333333333333334,0.0,0.0,,,,adaptivity,,,,,,,,,,,,,,,,,,,,,,,,,,,,,,,,,,,,,,,,,,,,,,,,,,,,,,,,,,,,,,,,,
med-533a7b79571a,rar_medicine,agentic-tools,12.0,0.0,none,False,30.0,88.0,12.0,36.0,3.0,7.6,0.6333333333333333,0.0,0.0,,,,adaptivity,,,,,,,,,,,,,,,,,,,,,,,,,,,,,,,,,,,,,,,,,,,,,,,,,,,,,,,,,,,,,,,,,
med-64de5a90cbca,rar_medicine,shipped,10.0,0.0,none,False,12.0,237.0,10.0,30.0,3.0,7.2,0.72,0.0,0.0,,,,adaptivity,,,,,,,,,,,,,,,,,,,,,,,,,,,,,,,,,,,,,,,,,,,,,,,,,,,,,,,,,,,,,,,,,
med-64de5a90cbca,rar_medicine,baseline,10.0,0.0,none,False,12.0,237.0,10.0,34.0,3.4,8.8,0.8800000000000001,0.0,0.0,,,,adaptivity,,,,,,,,,,,,,,,,,,,,,,,,,,,,,,,,,,,,,,,,,,,,,,,,,,,,,,,,,,,,,,,,,
med-64de5a90cbca,rar_medicine,agentic,15.0,0.0,none,False,12.0,237.0,15.0,49.0,3.2666666666666666,12.5,0.8333333333333334,0.0,0.0,,,,adaptivity,,,,,,,,,,,,,,,,,,,,,,,,,,,,,,,,,,,,,,,,,,,,,,,,,,,,,,,,,,,,,,,,,
med-64de5a90cbca,rar_medicine,agentic-tools,14.0,0.0,none,False,12.0,237.0,14.0,39.0,2.7857142857142856,8.799999999999999,0.6285714285714284,0.0,0.0,,,,adaptivity,,,,,,,,,,,,,,,,,,,,,,,,,,,,,,,,,,,,,,,,,,,,,,,,,,,,,,,,,,,,,,,,,
med-70fca288ce5a,rar_medicine,shipped,8.0,0.0,none,False,105.0,53.0,8.0,28.0,3.5,5.9,0.7375,0.0,0.0,,,,adaptivity,,,,,,,,,,,,,,,,,,,,,,,,,,,,,,,,,,,,,,,,,,,,,,,,,,,,,,,,,,,,,,,,,
med-70fca288ce5a,rar_medicine,baseline,11.0,0.0,none,False,105.0,53.0,11.0,35.0,3.1818181818181817,8.8,0.8,0.0,0.0,,,,adaptivity,,,,,,,,,,,,,,,,,,,,,,,,,,,,,,,,,,,,,,,,,,,,,,,,,,,,,,,,,,,,,,,,,
med-70fca288ce5a,rar_medicine,agentic,8.0,0.0,none,False,105.0,53.0,8.0,22.0,2.75,5.8999999999999995,0.7374999999999999,0.0,0.0,,,,adaptivity,,,,,,,,,,,,,,,,,,,,,,,,,,,,,,,,,,,,,,,,,,,,,,,,,,,,,,,,,,,,,,,,,
med-70fca288ce5a,rar_medicine,agentic-tools,12.0,0.0,none,False,105.0,53.0,12.0,28.0,2.3333333333333335,7.7,0.6416666666666667,0.0,0.0,,,,adaptivity,,,,,,,,,,,,,,,,,,,,,,,,,,,,,,,,,,,,,,,,,,,,,,,,,,,,,,,,,,,,,,,,,
med-8087bfa21ada,rar_medicine,shipped,9.0,0.0,none,False,26.0,49.0,9.0,32.0,3.5555555555555554,6.9,0.7666666666666667,0.0,0.0,,,,adaptivity,,,,,,,,,,,,,,,,,,,,,,,,,,,,,,,,,,,,,,,,,,,,,,,,,,,,,,,,,,,,,,,,,
med-8087bfa21ada,rar_medicine,baseline,8.0,0.0,none,False,26.0,49.0,8.0,26.0,3.25,6.2,0.775,0.0,0.0,,,,adaptivity,,,,,,,,,,,,,,,,,,,,,,,,,,,,,,,,,,,,,,,,,,,,,,,,,,,,,,,,,,,,,,,,,
med-8087bfa21ada,rar_medicine,agentic,15.0,0.0,none,False,26.0,49.0,15.0,45.0,3.0,12.5,0.8333333333333334,0.0,0.0,,,,adaptivity,,,,,,,,,,,,,,,,,,,,,,,,,,,,,,,,,,,,,,,,,,,,,,,,,,,,,,,,,,,,,,,,,
med-8087bfa21ada,rar_medicine,agentic-tools,6.0,0.0,none,False,26.0,49.0,6.0,21.0,3.5,5.3,0.8833333333333333,0.0,0.0,,,,adaptivity,,,,,,,,,,,,,,,,,,,,,,,,,,,,,,,,,,,,,,,,,,,,,,,,,,,,,,,,,,,,,,,,,
med-9eeced93c38b,rar_medicine,shipped,10.0,0.0,none,False,44.0,39.0,10.0,34.0,3.4,7.3,0.73,0.0,0.0,,,,adaptivity,,,,,,,,,,,,,,,,,,,,,,,,,,,,,,,,,,,,,,,,,,,,,,,,,,,,,,,,,,,,,,,,,
med-9eeced93c38b,rar_medicine,baseline,7.0,0.0,none,False,44.0,39.0,7.0,23.0,3.2857142857142856,5.5,0.7857142857142857,0.0,0.0,,,,adaptivity,,,,,,,,,,,,,,,,,,,,,,,,,,,,,,,,,,,,,,,,,,,,,,,,,,,,,,,,,,,,,,,,,
med-9eeced93c38b,rar_medicine,agentic,8.0,0.0,none,False,44.0,39.0,8.0,28.0,3.5,6.9,0.8625,0.0,0.0,,,,adaptivity,,,,,,,,,,,,,,,,,,,,,,,,,,,,,,,,,,,,,,,,,,,,,,,,,,,,,,,,,,,,,,,,,
med-9eeced93c38b,rar_medicine,agentic-tools,6.0,0.0,none,False,44.0,39.0,6.0,24.0,4.0,4.7,0.7833333333333333,0.0,0.0,,,,adaptivity,,,,,,,,,,,,,,,,,,,,,,,,,,,,,,,,,,,,,,,,,,,,,,,,,,,,,,,,,,,,,,,,,
med-a05b680eb6c1,rar_medicine,shipped,10.0,0.0,none,False,47.0,155.0,10.0,27.0,2.7,6.5,0.65,0.0,0.0,,,,adaptivity,,,,,,,,,,,,,,,,,,,,,,,,,,,,,,,,,,,,,,,,,,,,,,,,,,,,,,,,,,,,,,,,,
med-a05b680eb6c1,rar_medicine,baseline,9.0,0.0,none,False,47.0,155.0,9.0,29.0,3.2222222222222223,5.8999999999999995,0.6555555555555554,0.0,0.0,,,,adaptivity,,,,,,,,,,,,,,,,,,,,,,,,,,,,,,,,,,,,,,,,,,,,,,,,,,,,,,,,,,,,,,,,,
med-a05b680eb6c1,rar_medicine,agentic,15.0,0.0,none,False,47.0,155.0,15.0,36.0,2.4,11.0,0.7333333333333333,0.0,0.0,,,,adaptivity,,,,,,,,,,,,,,,,,,,,,,,,,,,,,,,,,,,,,,,,,,,,,,,,,,,,,,,,,,,,,,,,,
med-a05b680eb6c1,rar_medicine,agentic-tools,16.0,0.0,none,False,47.0,155.0,16.0,45.0,2.8125,11.799999999999999,0.7374999999999999,0.0,0.0,,,,adaptivity,,,,,,,,,,,,,,,,,,,,,,,,,,,,,,,,,,,,,,,,,,,,,,,,,,,,,,,,,,,,,,,,,
med-b21da7abe861,rar_medicine,shipped,10.0,0.0,none,False,45.0,144.0,10.0,30.0,3.0,6.6,0.6599999999999999,0.0,0.0,,,,adaptivity,,,,,,,,,,,,,,,,,,,,,,,,,,,,,,,,,,,,,,,,,,,,,,,,,,,,,,,,,,,,,,,,,
med-b21da7abe861,rar_medicine,baseline,8.0,0.0,none,False,45.0,144.0,8.0,27.0,3.375,6.2,0.775,0.0,0.0,,,,adaptivity,,,,,,,,,,,,,,,,,,,,,,,,,,,,,,,,,,,,,,,,,,,,,,,,,,,,,,,,,,,,,,,,,
med-b21da7abe861,rar_medicine,agentic,11.0,0.0,none,False,45.0,144.0,11.0,33.0,3.0,7.6,0.6909090909090909,0.0,0.0,,,,adaptivity,,,,,,,,,,,,,,,,,,,,,,,,,,,,,,,,,,,,,,,,,,,,,,,,,,,,,,,,,,,,,,,,,
med-b21da7abe861,rar_medicine,agentic-tools,10.0,0.0,none,False,45.0,144.0,10.0,34.0,3.4,7.0,0.7,0.0,0.0,,,,adaptivity,,,,,,,,,,,,,,,,,,,,,,,,,,,,,,,,,,,,,,,,,,,,,,,,,,,,,,,,,,,,,,,,,
med-b78dbf37f022,rar_medicine,shipped,7.0,0.0,none,False,25.0,67.0,7.0,21.0,3.0,4.6,0.6571428571428571,0.0,0.0,,,,adaptivity,,,,,,,,,,,,,,,,,,,,,,,,,,,,,,,,,,,,,,,,,,,,,,,,,,,,,,,,,,,,,,,,,
med-b78dbf37f022,rar_medicine,baseline,6.0,0.0,none,False,25.0,67.0,6.0,21.0,3.5,4.6,0.7666666666666666,0.0,0.0,,,,adaptivity,,,,,,,,,,,,,,,,,,,,,,,,,,,,,,,,,,,,,,,,,,,,,,,,,,,,,,,,,,,,,,,,,
med-b78dbf37f022,rar_medicine,agentic,14.0,0.0,none,False,25.0,67.0,14.0,45.0,3.2142857142857144,10.4,0.7428571428571429,0.0,0.0,,,,adaptivity,,,,,,,,,,,,,,,,,,,,,,,,,,,,,,,,,,,,,,,,,,,,,,,,,,,,,,,,,,,,,,,,,
med-b78dbf37f022,rar_medicine,agentic-tools,15.0,0.0,none,False,25.0,67.0,15.0,48.0,3.2,10.5,0.7,0.0,0.0,,,,adaptivity,,,,,,,,,,,,,,,,,,,,,,,,,,,,,,,,,,,,,,,,,,,,,,,,,,,,,,,,,,,,,,,,,
med-b89d3eed861e,rar_medicine,shipped,14.0,0.0,none,False,15.0,52.0,14.0,59.0,4.214285714285714,11.9,0.85,0.0,0.0,,,,adaptivity,,,,,,,,,,,,,,,,,,,,,,,,,,,,,,,,,,,,,,,,,,,,,,,,,,,,,,,,,,,,,,,,,
med-b89d3eed861e,rar_medicine,baseline,13.0,0.0,none,False,15.0,52.0,13.0,54.0,4.153846153846154,11.5,0.8846153846153846,0.0,0.0,,,,adaptivity,,,,,,,,,,,,,,,,,,,,,,,,,,,,,,,,,,,,,,,,,,,,,,,,,,,,,,,,,,,,,,,,,
med-b89d3eed861e,rar_medicine,agentic,8.0,0.0,none,False,15.0,52.0,8.0,29.0,3.625,7.3,0.9125,0.0,0.0,,,,adaptivity,,,,,,,,,,,,,,,,,,,,,,,,,,,,,,,,,,,,,,,,,,,,,,,,,,,,,,,,,,,,,,,,,
med-b89d3eed861e,rar_medicine,agentic-tools,8.0,0.0,none,False,15.0,52.0,8.0,27.0,3.375,6.3,0.7875,0.0,0.0,,,,adaptivity,,,,,,,,,,,,,,,,,,,,,,,,,,,,,,,,,,,,,,,,,,,,,,,,,,,,,,,,,,,,,,,,,
med-c18f142a5a38,rar_medicine,shipped,10.0,0.0,none,False,22.0,11.0,10.0,29.0,2.9,6.8,0.6799999999999999,0.0,0.0,,,,adaptivity,,,,,,,,,,,,,,,,,,,,,,,,,,,,,,,,,,,,,,,,,,,,,,,,,,,,,,,,,,,,,,,,,
med-c18f142a5a38,rar_medicine,baseline,8.0,0.0,none,False,22.0,11.0,8.0,27.0,3.375,6.5,0.8125,0.0,0.0,,,,adaptivity,,,,,,,,,,,,,,,,,,,,,,,,,,,,,,,,,,,,,,,,,,,,,,,,,,,,,,,,,,,,,,,,,
med-c18f142a5a38,rar_medicine,agentic,6.0,0.0,none,False,22.0,11.0,6.0,17.0,2.8333333333333335,5.4,0.9,0.0,0.0,,,,adaptivity,,,,,,,,,,,,,,,,,,,,,,,,,,,,,,,,,,,,,,,,,,,,,,,,,,,,,,,,,,,,,,,,,
med-c18f142a5a38,rar_medicine,agentic-tools,6.0,0.0,none,False,22.0,11.0,6.0,19.0,3.1666666666666665,4.8,0.7999999999999999,0.0,0.0,,,,adaptivity,,,,,,,,,,,,,,,,,,,,,,,,,,,,,,,,,,,,,,,,,,,,,,,,,,,,,,,,,,,,,,,,,
med-c284c536782e,rar_medicine,shipped,8.0,0.0,none,False,34.0,51.0,8.0,21.0,2.625,4.8999999999999995,0.6124999999999999,0.0,0.0,,,,adaptivity,,,,,,,,,,,,,,,,,,,,,,,,,,,,,,,,,,,,,,,,,,,,,,,,,,,,,,,,,,,,,,,,,
med-c284c536782e,rar_medicine,baseline,7.0,0.0,none,False,34.0,51.0,7.0,19.0,2.7142857142857144,4.8,0.6857142857142857,0.0,0.0,,,,adaptivity,,,,,,,,,,,,,,,,,,,,,,,,,,,,,,,,,,,,,,,,,,,,,,,,,,,,,,,,,,,,,,,,,
med-c284c536782e,rar_medicine,agentic,6.0,0.0,none,False,34.0,51.0,6.0,20.0,3.3333333333333335,5.0,0.8333333333333334,0.0,0.0,,,,adaptivity,,,,,,,,,,,,,,,,,,,,,,,,,,,,,,,,,,,,,,,,,,,,,,,,,,,,,,,,,,,,,,,,,
med-c284c536782e,rar_medicine,agentic-tools,6.0,0.0,none,False,34.0,51.0,6.0,19.0,3.1666666666666665,5.0,0.8333333333333334,0.0,0.0,,,,adaptivity,,,,,,,,,,,,,,,,,,,,,,,,,,,,,,,,,,,,,,,,,,,,,,,,,,,,,,,,,,,,,,,,,
med-c55945849375,rar_medicine,shipped,10.0,0.0,none,False,13.0,207.0,10.0,33.0,3.3,6.8999999999999995,0.69,0.0,0.0,,,,adaptivity,,,,,,,,,,,,,,,,,,,,,,,,,,,,,,,,,,,,,,,,,,,,,,,,,,,,,,,,,,,,,,,,,
med-c55945849375,rar_medicine,baseline,10.0,0.0,none,False,13.0,207.0,10.0,36.0,3.6,7.8999999999999995,0.7899999999999999,0.0,0.0,,,,adaptivity,,,,,,,,,,,,,,,,,,,,,,,,,,,,,,,,,,,,,,,,,,,,,,,,,,,,,,,,,,,,,,,,,
med-c55945849375,rar_medicine,agentic,14.0,0.0,none,False,13.0,207.0,14.0,42.0,3.0,11.5,0.8214285714285714,0.0,0.0,,,,adaptivity,,,,,,,,,,,,,,,,,,,,,,,,,,,,,,,,,,,,,,,,,,,,,,,,,,,,,,,,,,,,,,,,,
med-c55945849375,rar_medicine,agentic-tools,8.0,0.0,none,False,13.0,207.0,8.0,27.0,3.375,5.8,0.725,0.0,0.0,,,,adaptivity,,,,,,,,,,,,,,,,,,,,,,,,,,,,,,,,,,,,,,,,,,,,,,,,,,,,,,,,,,,,,,,,,
med-c5613cc475ed,rar_medicine,shipped,12.0,0.0,none,False,12.0,81.0,12.0,41.0,3.4166666666666665,8.6,0.7166666666666667,0.0,0.0,,,,adaptivity,,,,,,,,,,,,,,,,,,,,,,,,,,,,,,,,,,,,,,,,,,,,,,,,,,,,,,,,,,,,,,,,,
med-c5613cc475ed,rar_medicine,baseline,12.0,0.0,none,False,12.0,81.0,12.0,39.0,3.25,9.5,0.7916666666666666,0.0,0.0,,,,adaptivity,,,,,,,,,,,,,,,,,,,,,,,,,,,,,,,,,,,,,,,,,,,,,,,,,,,,,,,,,,,,,,,,,
med-c5613cc475ed,rar_medicine,agentic,7.0,0.0,none,False,12.0,81.0,7.0,19.0,2.7142857142857144,5.7,0.8142857142857143,0.0,0.0,,,,adaptivity,,,,,,,,,,,,,,,,,,,,,,,,,,,,,,,,,,,,,,,,,,,,,,,,,,,,,,,,,,,,,,,,,
med-c5613cc475ed,rar_medicine,agentic-tools,7.0,0.0,none,False,12.0,81.0,7.0,22.0,3.142857142857143,4.6,0.6571428571428571,0.0,0.0,,,,adaptivity,,,,,,,,,,,,,,,,,,,,,,,,,,,,,,,,,,,,,,,,,,,,,,,,,,,,,,,,,,,,,,,,,
med-cbdf1f80d3c5,rar_medicine,shipped,7.0,0.0,none,False,21.0,98.0,7.0,19.0,2.7142857142857144,4.6,0.6571428571428571,0.0,0.0,,,,adaptivity,,,,,,,,,,,,,,,,,,,,,,,,,,,,,,,,,,,,,,,,,,,,,,,,,,,,,,,,,,,,,,,,,
med-cbdf1f80d3c5,rar_medicine,baseline,7.0,0.0,none,False,21.0,98.0,7.0,17.0,2.4285714285714284,4.4,0.6285714285714287,0.0,0.0,,,,adaptivity,,,,,,,,,,,,,,,,,,,,,,,,,,,,,,,,,,,,,,,,,,,,,,,,,,,,,,,,,,,,,,,,,
med-cbdf1f80d3c5,rar_medicine,agentic,9.0,0.0,none,False,21.0,98.0,9.0,28.0,3.111111111111111,6.5,0.7222222222222222,0.0,0.0,,,,adaptivity,,,,,,,,,,,,,,,,,,,,,,,,,,,,,,,,,,,,,,,,,,,,,,,,,,,,,,,,,,,,,,,,,
med-cbdf1f80d3c5,rar_medicine,agentic-tools,9.0,0.0,none,False,21.0,98.0,9.0,26.0,2.888888888888889,6.199999999999999,0.6888888888888888,0.0,0.0,,,,adaptivity,,,,,,,,,,,,,,,,,,,,,,,,,,,,,,,,,,,,,,,,,,,,,,,,,,,,,,,,,,,,,,,,,
med-cbe76ed81c5b,rar_medicine,shipped,9.0,0.0,none,False,27.0,6.0,9.0,26.0,2.888888888888889,6.2,0.6888888888888889,0.0,0.0,,,,adaptivity,,,,,,,,,,,,,,,,,,,,,,,,,,,,,,,,,,,,,,,,,,,,,,,,,,,,,,,,,,,,,,,,,
med-cbe76ed81c5b,rar_medicine,baseline,9.0,0.0,none,False,27.0,6.0,9.0,26.0,2.888888888888889,6.5,0.7222222222222222,0.0,0.0,,,,adaptivity,,,,,,,,,,,,,,,,,,,,,,,,,,,,,,,,,,,,,,,,,,,,,,,,,,,,,,,,,,,,,,,,,
med-cbe76ed81c5b,rar_medicine,agentic,9.0,0.0,none,False,27.0,6.0,9.0,26.0,2.888888888888889,6.5,0.7222222222222222,0.0,0.0,,,,adaptivity,,,,,,,,,,,,,,,,,,,,,,,,,,,,,,,,,,,,,,,,,,,,,,,,,,,,,,,,,,,,,,,,,
med-cbe76ed81c5b,rar_medicine,agentic-tools,6.0,0.0,none,False,27.0,6.0,6.0,13.0,2.1666666666666665,5.6,0.9333333333333332,0.0,0.0,,,,adaptivity,,,,,,,,,,,,,,,,,,,,,,,,,,,,,,,,,,,,,,,,,,,,,,,,,,,,,,,,,,,,,,,,,
med-cc0494519c68,rar_medicine,shipped,10.0,0.0,none,False,55.0,182.0,10.0,27.0,2.7,5.8999999999999995,0.59,0.0,0.0,,,,adaptivity,,,,,,,,,,,,,,,,,,,,,,,,,,,,,,,,,,,,,,,,,,,,,,,,,,,,,,,,,,,,,,,,,
med-cc0494519c68,rar_medicine,baseline,10.0,0.0,none,False,55.0,182.0,10.0,31.0,3.1,7.2,0.72,0.0,0.0,,,,adaptivity,,,,,,,,,,,,,,,,,,,,,,,,,,,,,,,,,,,,,,,,,,,,,,,,,,,,,,,,,,,,,,,,,
med-cc0494519c68,rar_medicine,agentic,11.0,0.0,none,False,55.0,182.0,11.0,33.0,3.0,7.8999999999999995,0.7181818181818181,0.0,0.0,,,,adaptivity,,,,,,,,,,,,,,,,,,,,,,,,,,,,,,,,,,,,,,,,,,,,,,,,,,,,,,,,,,,,,,,,,
med-cc0494519c68,rar_medicine,agentic-tools,11.0,0.0,none,False,55.0,182.0,11.0,27.0,2.4545454545454546,7.3999999999999995,0.6727272727272727,0.0,0.0,,,,adaptivity,,,,,,,,,,,,,,,,,,,,,,,,,,,,,,,,,,,,,,,,,,,,,,,,,,,,,,,,,,,,,,,,,
med-d078d9e5c01b,rar_medicine,shipped,7.0,0.0,none,False,15.0,7.0,7.0,22.0,3.142857142857143,4.9,0.7000000000000001,0.0,0.0,,,,adaptivity,,,,,,,,,,,,,,,,,,,,,,,,,,,,,,,,,,,,,,,,,,,,,,,,,,,,,,,,,,,,,,,,,
med-d078d9e5c01b,rar_medicine,baseline,6.0,0.0,none,False,15.0,7.0,6.0,19.0,3.1666666666666665,4.6,0.7666666666666666,0.0,0.0,,,,adaptivity,,,,,,,,,,,,,,,,,,,,,,,,,,,,,,,,,,,,,,,,,,,,,,,,,,,,,,,,,,,,,,,,,
med-d078d9e5c01b,rar_medicine,agentic,6.0,0.0,none,False,15.0,7.0,6.0,19.0,3.1666666666666665,5.0,0.8333333333333334,0.0,0.0,,,,adaptivity,,,,,,,,,,,,,,,,,,,,,,,,,,,,,,,,,,,,,,,,,,,,,,,,,,,,,,,,,,,,,,,,,
med-d078d9e5c01b,rar_medicine,agentic-tools,4.0,0.0,none,False,15.0,7.0,4.0,13.0,3.25,2.9,0.725,0.0,0.0,,,,adaptivity,,,,,,,,,,,,,,,,,,,,,,,,,,,,,,,,,,,,,,,,,,,,,,,,,,,,,,,,,,,,,,,,,
med-deb27cd3a8f9,rar_medicine,shipped,8.0,0.0,none,False,18.0,48.0,8.0,25.0,3.125,5.6,0.7,0.0,0.0,,,,adaptivity,,,,,,,,,,,,,,,,,,,,,,,,,,,,,,,,,,,,,,,,,,,,,,,,,,,,,,,,,,,,,,,,,
med-deb27cd3a8f9,rar_medicine,baseline,5.0,0.0,none,False,18.0,48.0,5.0,16.0,3.2,3.6,0.72,0.0,0.0,,,,adaptivity,,,,,,,,,,,,,,,,,,,,,,,,,,,,,,,,,,,,,,,,,,,,,,,,,,,,,,,,,,,,,,,,,
med-deb27cd3a8f9,rar_medicine,agentic,7.0,0.0,none,False,18.0,48.0,7.0,23.0,3.2857142857142856,4.9,0.7000000000000001,0.0,0.0,,,,adaptivity,,,,,,,,,,,,,,,,,,,,,,,,,,,,,,,,,,,,,,,,,,,,,,,,,,,,,,,,,,,,,,,,,
med-deb27cd3a8f9,rar_medicine,agentic-tools,6.0,0.0,none,False,18.0,48.0,6.0,19.0,3.1666666666666665,4.5,0.75,0.0,0.0,,,,adaptivity,,,,,,,,,,,,,,,,,,,,,,,,,,,,,,,,,,,,,,,,,,,,,,,,,,,,,,,,,,,,,,,,,
med-eab5c7860802,rar_medicine,shipped,9.0,0.0,none,False,34.0,79.0,9.0,27.0,3.0,5.8999999999999995,0.6555555555555554,0.0,0.0,,,,adaptivity,,,,,,,,,,,,,,,,,,,,,,,,,,,,,,,,,,,,,,,,,,,,,,,,,,,,,,,,,,,,,,,,,
med-eab5c7860802,rar_medicine,baseline,8.0,0.0,none,False,34.0,79.0,8.0,29.0,3.625,6.6,0.825,0.0,0.0,,,,adaptivity,,,,,,,,,,,,,,,,,,,,,,,,,,,,,,,,,,,,,,,,,,,,,,,,,,,,,,,,,,,,,,,,,
med-eab5c7860802,rar_medicine,agentic,12.0,0.0,none,False,34.0,79.0,12.0,39.0,3.25,9.6,0.7999999999999999,0.0,0.0,,,,adaptivity,,,,,,,,,,,,,,,,,,,,,,,,,,,,,,,,,,,,,,,,,,,,,,,,,,,,,,,,,,,,,,,,,
med-eab5c7860802,rar_medicine,agentic-tools,7.0,0.0,none,False,34.0,79.0,7.0,28.0,4.0,5.6,0.7999999999999999,0.0,0.0,,,,adaptivity,,,,,,,,,,,,,,,,,,,,,,,,,,,,,,,,,,,,,,,,,,,,,,,,,,,,,,,,,,,,,,,,,
med-f5bc99c4e922,rar_medicine,shipped,9.0,0.0,none,False,35.0,111.0,9.0,28.0,3.111111111111111,6.5,0.7222222222222222,0.0,0.0,,,,adaptivity,,,,,,,,,,,,,,,,,,,,,,,,,,,,,,,,,,,,,,,,,,,,,,,,,,,,,,,,,,,,,,,,,
med-f5bc99c4e922,rar_medicine,baseline,6.0,0.0,none,False,35.0,111.0,6.0,18.0,3.0,3.9,0.65,0.0,0.0,,,,adaptivity,,,,,,,,,,,,,,,,,,,,,,,,,,,,,,,,,,,,,,,,,,,,,,,,,,,,,,,,,,,,,,,,,
med-f5bc99c4e922,rar_medicine,agentic,9.0,0.0,none,False,35.0,111.0,9.0,29.0,3.2222222222222223,6.7,0.7444444444444445,0.0,0.0,,,,adaptivity,,,,,,,,,,,,,,,,,,,,,,,,,,,,,,,,,,,,,,,,,,,,,,,,,,,,,,,,,,,,,,,,,
med-f5bc99c4e922,rar_medicine,agentic-tools,9.0,0.0,none,False,35.0,111.0,9.0,27.0,3.0,6.6,0.7333333333333333,0.0,0.0,,,,adaptivity,,,,,,,,,,,,,,,,,,,,,,,,,,,,,,,,,,,,,,,,,,,,,,,,,,,,,,,,,,,,,,,,,
med-f6f123aa5ea7,rar_medicine,shipped,8.0,0.0,none,False,15.0,10.0,8.0,20.0,2.5,5.1,0.6375,0.0,0.0,,,,adaptivity,,,,,,,,,,,,,,,,,,,,,,,,,,,,,,,,,,,,,,,,,,,,,,,,,,,,,,,,,,,,,,,,,
med-f6f123aa5ea7,rar_medicine,baseline,5.0,0.0,none,False,15.0,10.0,5.0,18.0,3.6,3.9,0.78,0.0,0.0,,,,adaptivity,,,,,,,,,,,,,,,,,,,,,,,,,,,,,,,,,,,,,,,,,,,,,,,,,,,,,,,,,,,,,,,,,
med-f6f123aa5ea7,rar_medicine,agentic,6.0,0.0,none,False,15.0,10.0,6.0,20.0,3.3333333333333335,4.3,0.7166666666666667,0.0,0.0,,,,adaptivity,,,,,,,,,,,,,,,,,,,,,,,,,,,,,,,,,,,,,,,,,,,,,,,,,,,,,,,,,,,,,,,,,
med-f6f123aa5ea7,rar_medicine,agentic-tools,9.0,0.0,none,False,15.0,10.0,9.0,30.0,3.3333333333333335,6.8999999999999995,0.7666666666666666,0.0,0.0,,,,adaptivity,,,,,,,,,,,,,,,,,,,,,,,,,,,,,,,,,,,,,,,,,,,,,,,,,,,,,,,,,,,,,,,,,
sci-1074b372b376,rar_science,shipped,7.0,0.0,none,False,82.0,11.0,7.0,26.0,3.7142857142857144,5.3,0.7571428571428571,0.0,0.0,,,,adaptivity,,,,,,,,,,,,,,,,,,,,,,,,,,,,,,,,,,,,,,,,,,,,,,,,,,,,,,,,,,,,,,,,,
sci-1074b372b376,rar_science,baseline,10.0,0.0,none,False,82.0,11.0,10.0,32.0,3.2,7.2,0.72,0.0,0.0,,,,adaptivity,,,,,,,,,,,,,,,,,,,,,,,,,,,,,,,,,,,,,,,,,,,,,,,,,,,,,,,,,,,,,,,,,
sci-1074b372b376,rar_science,agentic,6.0,0.0,none,False,82.0,11.0,6.0,24.0,4.0,5.8,0.9666666666666667,0.0,0.0,,,,adaptivity,,,,,,,,,,,,,,,,,,,,,,,,,,,,,,,,,,,,,,,,,,,,,,,,,,,,,,,,,,,,,,,,,
sci-1074b372b376,rar_science,agentic-tools,15.0,0.0,none,False,82.0,11.0,15.0,43.0,2.8666666666666667,9.2,0.6133333333333333,0.0,0.0,,,,adaptivity,,,,,,,,,,,,,,,,,,,,,,,,,,,,,,,,,,,,,,,,,,,,,,,,,,,,,,,,,,,,,,,,,
sci-1cbb3e0b742d,rar_science,shipped,9.0,0.0,none,False,127.0,138.0,9.0,37.0,4.111111111111111,7.3,0.8111111111111111,0.0,0.0,,,,adaptivity,,,,,,,,,,,,,,,,,,,,,,,,,,,,,,,,,,,,,,,,,,,,,,,,,,,,,,,,,,,,,,,,,
sci-1cbb3e0b742d,rar_science,baseline,15.0,0.0,none,False,127.0,138.0,15.0,58.0,3.8666666666666667,12.5,0.8333333333333334,0.0,0.0,,,,adaptivity,,,,,,,,,,,,,,,,,,,,,,,,,,,,,,,,,,,,,,,,,,,,,,,,,,,,,,,,,,,,,,,,,
sci-1cbb3e0b742d,rar_science,agentic,15.0,0.0,none,False,127.0,138.0,15.0,57.0,3.8,12.2,0.8133333333333332,0.0,0.0,,,,adaptivity,,,,,,,,,,,,,,,,,,,,,,,,,,,,,,,,,,,,,,,,,,,,,,,,,,,,,,,,,,,,,,,,,
sci-1cbb3e0b742d,rar_science,agentic-tools,15.0,0.0,none,False,127.0,138.0,15.0,53.0,3.533333333333333,11.7,0.7799999999999999,0.0,0.0,,,,adaptivity,,,,,,,,,,,,,,,,,,,,,,,,,,,,,,,,,,,,,,,,,,,,,,,,,,,,,,,,,,,,,,,,,
sci-200bfdc23b84,rar_science,shipped,7.0,0.0,none,False,48.0,303.0,7.0,29.0,4.142857142857143,5.3999999999999995,0.7714285714285714,0.0,0.0,,,,adaptivity,,,,,,,,,,,,,,,,,,,,,,,,,,,,,,,,,,,,,,,,,,,,,,,,,,,,,,,,,,,,,,,,,
sci-200bfdc23b84,rar_science,baseline,12.0,0.0,none,False,48.0,303.0,12.0,52.0,4.333333333333333,10.6,0.8833333333333333,0.0,0.0,,,,adaptivity,,,,,,,,,,,,,,,,,,,,,,,,,,,,,,,,,,,,,,,,,,,,,,,,,,,,,,,,,,,,,,,,,
sci-200bfdc23b84,rar_science,agentic,14.0,0.0,none,False,48.0,303.0,14.0,48.0,3.4285714285714284,10.2,0.7285714285714285,0.0,0.0,,,,adaptivity,,,,,,,,,,,,,,,,,,,,,,,,,,,,,,,,,,,,,,,,,,,,,,,,,,,,,,,,,,,,,,,,,
sci-200bfdc23b84,rar_science,agentic-tools,11.0,0.0,none,False,48.0,303.0,11.0,42.0,3.8181818181818183,8.4,0.7636363636363637,0.0,0.0,,,,adaptivity,,,,,,,,,,,,,,,,,,,,,,,,,,,,,,,,,,,,,,,,,,,,,,,,,,,,,,,,,,,,,,,,,
sci-2907ae60d945,rar_science,shipped,7.0,0.0,none,False,37.0,24.0,7.0,27.0,3.857142857142857,5.6,0.7999999999999999,0.0,0.0,,,,adaptivity,,,,,,,,,,,,,,,,,,,,,,,,,,,,,,,,,,,,,,,,,,,,,,,,,,,,,,,,,,,,,,,,,
sci-2907ae60d945,rar_science,baseline,8.0,0.0,none,False,37.0,24.0,8.0,26.0,3.25,6.2,0.775,0.0,0.0,,,,adaptivity,,,,,,,,,,,,,,,,,,,,,,,,,,,,,,,,,,,,,,,,,,,,,,,,,,,,,,,,,,,,,,,,,
sci-2907ae60d945,rar_science,agentic,6.0,0.0,none,False,37.0,24.0,6.0,14.0,2.3333333333333335,2.9,0.48333333333333334,0.0,0.0,,,,adaptivity,,,,,,,,,,,,,,,,,,,,,,,,,,,,,,,,,,,,,,,,,,,,,,,,,,,,,,,,,,,,,,,,,
sci-2907ae60d945,rar_science,agentic-tools,5.0,0.0,none,False,37.0,24.0,5.0,13.0,2.6,3.0,0.6,0.0,0.0,,,,adaptivity,,,,,,,,,,,,,,,,,,,,,,,,,,,,,,,,,,,,,,,,,,,,,,,,,,,,,,,,,,,,,,,,,
sci-2f3b45de3872,rar_science,shipped,7.0,0.0,none,False,53.0,15.0,7.0,26.0,3.7142857142857144,5.3,0.7571428571428571,0.0,0.0,,,,adaptivity,,,,,,,,,,,,,,,,,,,,,,,,,,,,,,,,,,,,,,,,,,,,,,,,,,,,,,,,,,,,,,,,,
sci-2f3b45de3872,rar_science,baseline,10.0,0.0,none,False,53.0,15.0,10.0,34.0,3.4,8.7,0.8699999999999999,0.0,0.0,,,,adaptivity,,,,,,,,,,,,,,,,,,,,,,,,,,,,,,,,,,,,,,,,,,,,,,,,,,,,,,,,,,,,,,,,,
sci-2f3b45de3872,rar_science,agentic,6.0,0.0,none,False,53.0,15.0,6.0,10.0,1.6666666666666667,5.0,0.8333333333333334,0.0,0.0,,,,adaptivity,,,,,,,,,,,,,,,,,,,,,,,,,,,,,,,,,,,,,,,,,,,,,,,,,,,,,,,,,,,,,,,,,
sci-2f3b45de3872,rar_science,agentic-tools,16.0,0.0,none,False,53.0,15.0,16.0,60.0,3.75,13.3,0.83125,0.0,0.0,,,,adaptivity,,,,,,,,,,,,,,,,,,,,,,,,,,,,,,,,,,,,,,,,,,,,,,,,,,,,,,,,,,,,,,,,,
sci-423a28946a42,rar_science,shipped,8.0,0.0,none,False,33.0,22.0,8.0,31.0,3.875,6.3,0.7875,0.0,0.0,,,,adaptivity,,,,,,,,,,,,,,,,,,,,,,,,,,,,,,,,,,,,,,,,,,,,,,,,,,,,,,,,,,,,,,,,,
sci-423a28946a42,rar_science,baseline,14.0,0.0,none,False,33.0,22.0,14.0,47.0,3.357142857142857,11.2,0.7999999999999999,0.0,0.0,,,,adaptivity,,,,,,,,,,,,,,,,,,,,,,,,,,,,,,,,,,,,,,,,,,,,,,,,,,,,,,,,,,,,,,,,,
sci-423a28946a42,rar_science,agentic,6.0,0.0,none,False,33.0,22.0,6.0,15.0,2.5,4.3,0.7166666666666667,0.0,0.0,,,,adaptivity,,,,,,,,,,,,,,,,,,,,,,,,,,,,,,,,,,,,,,,,,,,,,,,,,,,,,,,,,,,,,,,,,
sci-423a28946a42,rar_science,agentic-tools,5.0,0.0,none,False,33.0,22.0,5.0,10.0,2.0,3.3,0.6599999999999999,0.0,0.0,,,,adaptivity,,,,,,,,,,,,,,,,,,,,,,,,,,,,,,,,,,,,,,,,,,,,,,,,,,,,,,,,,,,,,,,,,
sci-4260e6a475a5,rar_science,shipped,8.0,0.0,mcq,True,46.0,28.0,8.0,28.0,3.5,5.2,0.65,0.0,0.0,,,,adaptivity,,,,,,,,,,,,,,,,,,,,,,,,,,,,,,,,,,,,,,,,,,,,,,,,,,,,,,,,,,,,,,,,,
sci-4260e6a475a5,rar_science,baseline,8.0,0.0,mcq,True,46.0,28.0,8.0,28.0,3.5,5.7,0.7125,0.0,0.0,,,,adaptivity,,,,,,,,,,,,,,,,,,,,,,,,,,,,,,,,,,,,,,,,,,,,,,,,,,,,,,,,,,,,,,,,,
sci-4260e6a475a5,rar_science,agentic,14.0,0.0,mcq,True,46.0,28.0,14.0,41.0,2.9285714285714284,11.6,0.8285714285714285,0.0,0.0,,,,adaptivity,,,,,,,,,,,,,,,,,,,,,,,,,,,,,,,,,,,,,,,,,,,,,,,,,,,,,,,,,,,,,,,,,
sci-4260e6a475a5,rar_science,agentic-tools,13.0,0.0,mcq,True,46.0,28.0,13.0,43.0,3.3076923076923075,10.6,0.8153846153846154,0.0,0.0,,,,adaptivity,,,,,,,,,,,,,,,,,,,,,,,,,,,,,,,,,,,,,,,,,,,,,,,,,,,,,,,,,,,,,,,,,
sci-4430faf0f105,rar_science,shipped,7.0,0.0,none,False,51.0,9.0,7.0,26.0,3.7142857142857144,5.3,0.7571428571428571,0.0,0.0,,,,adaptivity,,,,,,,,,,,,,,,,,,,,,,,,,,,,,,,,,,,,,,,,,,,,,,,,,,,,,,,,,,,,,,,,,
sci-4430faf0f105,rar_science,baseline,12.0,0.0,none,False,51.0,9.0,12.0,44.0,3.6666666666666665,10.4,0.8666666666666667,0.0,0.0,,,,adaptivity,,,,,,,,,,,,,,,,,,,,,,,,,,,,,,,,,,,,,,,,,,,,,,,,,,,,,,,,,,,,,,,,,
sci-4430faf0f105,rar_science,agentic,15.0,0.0,none,False,51.0,9.0,15.0,49.0,3.2666666666666666,11.5,0.7666666666666667,0.0,0.0,,,,adaptivity,,,,,,,,,,,,,,,,,,,,,,,,,,,,,,,,,,,,,,,,,,,,,,,,,,,,,,,,,,,,,,,,,
sci-4430faf0f105,rar_science,agentic-tools,6.0,0.0,none,False,51.0,9.0,6.0,19.0,3.1666666666666665,5.2,0.8666666666666667,0.0,0.0,,,,adaptivity,,,,,,,,,,,,,,,,,,,,,,,,,,,,,,,,,,,,,,,,,,,,,,,,,,,,,,,,,,,,,,,,,
sci-46a70d998b40,rar_science,shipped,7.0,0.0,mcq,True,15.0,10.0,7.0,28.0,4.0,5.3,0.7571428571428571,0.0,0.0,,,,adaptivity,,,,,,,,,,,,,,,,,,,,,,,,,,,,,,,,,,,,,,,,,,,,,,,,,,,,,,,,,,,,,,,,,
sci-46a70d998b40,rar_science,baseline,9.0,0.0,mcq,True,15.0,10.0,9.0,27.0,3.0,7.1,0.7888888888888889,0.0,0.0,,,,adaptivity,,,,,,,,,,,,,,,,,,,,,,,,,,,,,,,,,,,,,,,,,,,,,,,,,,,,,,,,,,,,,,,,,
sci-46a70d998b40,rar_science,agentic,8.0,0.0,mcq,True,15.0,10.0,8.0,25.0,3.125,6.2,0.775,0.0,0.0,,,,adaptivity,,,,,,,,,,,,,,,,,,,,,,,,,,,,,,,,,,,,,,,,,,,,,,,,,,,,,,,,,,,,,,,,,
sci-46a70d998b40,rar_science,agentic-tools,8.0,0.0,mcq,True,15.0,10.0,8.0,25.0,3.125,6.2,0.775,0.0,0.0,,,,adaptivity,,,,,,,,,,,,,,,,,,,,,,,,,,,,,,,,,,,,,,,,,,,,,,,,,,,,,,,,,,,,,,,,,
sci-4705912940bd,rar_science,shipped,8.0,0.0,mcq,True,114.0,30.0,8.0,27.0,3.375,6.2,0.775,0.0,0.0,,,,adaptivity,,,,,,,,,,,,,,,,,,,,,,,,,,,,,,,,,,,,,,,,,,,,,,,,,,,,,,,,,,,,,,,,,
sci-4705912940bd,rar_science,baseline,11.0,0.0,mcq,True,114.0,30.0,11.0,47.0,4.2727272727272725,10.5,0.9545454545454546,0.0,0.0,,,,adaptivity,,,,,,,,,,,,,,,,,,,,,,,,,,,,,,,,,,,,,,,,,,,,,,,,,,,,,,,,,,,,,,,,,
sci-4705912940bd,rar_science,agentic,7.0,0.0,mcq,True,114.0,30.0,7.0,25.0,3.5714285714285716,5.7,0.8142857142857143,0.0,0.0,,,,adaptivity,,,,,,,,,,,,,,,,,,,,,,,,,,,,,,,,,,,,,,,,,,,,,,,,,,,,,,,,,,,,,,,,,
sci-4705912940bd,rar_science,agentic-tools,10.0,0.0,mcq,True,114.0,30.0,10.0,40.0,4.0,7.8999999999999995,0.7899999999999999,0.0,0.0,,,,adaptivity,,,,,,,,,,,,,,,,,,,,,,,,,,,,,,,,,,,,,,,,,,,,,,,,,,,,,,,,,,,,,,,,,
sci-530fc857ec78,rar_science,shipped,8.0,0.0,none,False,23.0,28.0,8.0,29.0,3.625,5.6,0.7,0.0,0.0,,,,adaptivity,,,,,,,,,,,,,,,,,,,,,,,,,,,,,,,,,,,,,,,,,,,,,,,,,,,,,,,,,,,,,,,,,
sci-530fc857ec78,rar_science,baseline,11.0,0.0,none,False,23.0,28.0,11.0,34.0,3.090909090909091,7.8999999999999995,0.7181818181818181,0.0,0.0,,,,adaptivity,,,,,,,,,,,,,,,,,,,,,,,,,,,,,,,,,,,,,,,,,,,,,,,,,,,,,,,,,,,,,,,,,
sci-530fc857ec78,rar_science,agentic,6.0,0.0,none,False,23.0,28.0,6.0,22.0,3.6666666666666665,5.0,0.8333333333333334,0.0,0.0,,,,adaptivity,,,,,,,,,,,,,,,,,,,,,,,,,,,,,,,,,,,,,,,,,,,,,,,,,,,,,,,,,,,,,,,,,
sci-530fc857ec78,rar_science,agentic-tools,5.0,0.0,none,False,23.0,28.0,5.0,18.0,3.6,4.1,0.82,0.0,0.0,,,,adaptivity,,,,,,,,,,,,,,,,,,,,,,,,,,,,,,,,,,,,,,,,,,,,,,,,,,,,,,,,,,,,,,,,,
sci-5c5822f383a5,rar_science,shipped,8.0,0.0,none,False,55.0,88.0,8.0,31.0,3.875,5.9,0.7375,0.0,0.0,,,,adaptivity,,,,,,,,,,,,,,,,,,,,,,,,,,,,,,,,,,,,,,,,,,,,,,,,,,,,,,,,,,,,,,,,,
sci-5c5822f383a5,rar_science,baseline,13.0,0.0,none,False,55.0,88.0,13.0,45.0,3.4615384615384617,10.7,0.823076923076923,0.0,0.0,,,,adaptivity,,,,,,,,,,,,,,,,,,,,,,,,,,,,,,,,,,,,,,,,,,,,,,,,,,,,,,,,,,,,,,,,,
sci-5c5822f383a5,rar_science,agentic,15.0,0.0,none,False,55.0,88.0,15.0,47.0,3.1333333333333333,11.2,0.7466666666666666,0.0,0.0,,,,adaptivity,,,,,,,,,,,,,,,,,,,,,,,,,,,,,,,,,,,,,,,,,,,,,,,,,,,,,,,,,,,,,,,,,
sci-5c5822f383a5,rar_science,agentic-tools,13.0,0.0,none,False,55.0,88.0,13.0,40.0,3.076923076923077,9.9,0.7615384615384616,0.0,0.0,,,,adaptivity,,,,,,,,,,,,,,,,,,,,,,,,,,,,,,,,,,,,,,,,,,,,,,,,,,,,,,,,,,,,,,,,,
sci-615e52d990f9,rar_science,shipped,7.0,0.0,none,False,34.0,30.0,7.0,26.0,3.7142857142857144,5.6,0.7999999999999999,0.0,0.0,,,,adaptivity,,,,,,,,,,,,,,,,,,,,,,,,,,,,,,,,,,,,,,,,,,,,,,,,,,,,,,,,,,,,,,,,,
sci-615e52d990f9,rar_science,baseline,13.0,0.0,none,False,34.0,30.0,13.0,41.0,3.1538461538461537,9.5,0.7307692307692307,0.0,0.0,,,,adaptivity,,,,,,,,,,,,,,,,,,,,,,,,,,,,,,,,,,,,,,,,,,,,,,,,,,,,,,,,,,,,,,,,,
sci-615e52d990f9,rar_science,agentic,8.0,0.0,none,False,34.0,30.0,8.0,21.0,2.625,5.5,0.6875,0.0,0.0,,,,adaptivity,,,,,,,,,,,,,,,,,,,,,,,,,,,,,,,,,,,,,,,,,,,,,,,,,,,,,,,,,,,,,,,,,
sci-615e52d990f9,rar_science,agentic-tools,14.0,0.0,none,False,34.0,30.0,14.0,45.0,3.2142857142857144,9.9,0.7071428571428572,0.0,0.0,,,,adaptivity,,,,,,,,,,,,,,,,,,,,,,,,,,,,,,,,,,,,,,,,,,,,,,,,,,,,,,,,,,,,,,,,,
sci-6601b6700272,rar_science,shipped,8.0,0.0,none,False,55.0,7.0,8.0,25.0,3.125,5.6,0.7,0.0,0.0,,,,adaptivity,,,,,,,,,,,,,,,,,,,,,,,,,,,,,,,,,,,,,,,,,,,,,,,,,,,,,,,,,,,,,,,,,
sci-6601b6700272,rar_science,baseline,10.0,0.0,none,False,55.0,7.0,10.0,33.0,3.3,7.3,0.73,0.0,0.0,,,,adaptivity,,,,,,,,,,,,,,,,,,,,,,,,,,,,,,,,,,,,,,,,,,,,,,,,,,,,,,,,,,,,,,,,,
sci-6601b6700272,rar_science,agentic,15.0,0.0,none,False,55.0,7.0,15.0,46.0,3.066666666666667,10.299999999999999,0.6866666666666666,0.0,0.0,,,,adaptivity,,,,,,,,,,,,,,,,,,,,,,,,,,,,,,,,,,,,,,,,,,,,,,,,,,,,,,,,,,,,,,,,,
sci-6601b6700272,rar_science,agentic-tools,5.0,0.0,none,False,55.0,7.0,5.0,10.0,2.0,1.9,0.38,0.0,0.0,,,,adaptivity,,,,,,,,,,,,,,,,,,,,,,,,,,,,,,,,,,,,,,,,,,,,,,,,,,,,,,,,,,,,,,,,,
sci-674358162aab,rar_science,shipped,7.0,0.0,none,False,39.0,24.0,7.0,27.0,3.857142857142857,4.9,0.7000000000000001,0.0,0.0,,,,adaptivity,,,,,,,,,,,,,,,,,,,,,,,,,,,,,,,,,,,,,,,,,,,,,,,,,,,,,,,,,,,,,,,,,
sci-674358162aab,rar_science,baseline,17.0,0.0,none,False,39.0,24.0,17.0,51.0,3.0,12.7,0.7470588235294118,0.0,0.0,,,,adaptivity,,,,,,,,,,,,,,,,,,,,,,,,,,,,,,,,,,,,,,,,,,,,,,,,,,,,,,,,,,,,,,,,,
sci-674358162aab,rar_science,agentic,15.0,0.0,none,False,39.0,24.0,15.0,41.0,2.7333333333333334,9.5,0.6333333333333333,0.0,0.0,,,,adaptivity,,,,,,,,,,,,,,,,,,,,,,,,,,,,,,,,,,,,,,,,,,,,,,,,,,,,,,,,,,,,,,,,,
sci-674358162aab,rar_science,agentic-tools,16.0,0.0,none,False,39.0,24.0,16.0,47.0,2.9375,10.799999999999999,0.6749999999999999,0.0,0.0,,,,adaptivity,,,,,,,,,,,,,,,,,,,,,,,,,,,,,,,,,,,,,,,,,,,,,,,,,,,,,,,,,,,,,,,,,
sci-70db910e68ee,rar_science,shipped,7.0,0.0,none,False,29.0,42.0,7.0,25.0,3.5714285714285716,5.3,0.7571428571428571,0.0,0.0,,,,adaptivity,,,,,,,,,,,,,,,,,,,,,,,,,,,,,,,,,,,,,,,,,,,,,,,,,,,,,,,,,,,,,,,,,
sci-70db910e68ee,rar_science,baseline,12.0,0.0,none,False,29.0,42.0,12.0,41.0,3.4166666666666665,9.1,0.7583333333333333,0.0,0.0,,,,adaptivity,,,,,,,,,,,,,,,,,,,,,,,,,,,,,,,,,,,,,,,,,,,,,,,,,,,,,,,,,,,,,,,,,
sci-70db910e68ee,rar_science,agentic,15.0,0.0,none,False,29.0,42.0,15.0,38.0,2.533333333333333,12.2,0.8133333333333332,0.0,0.0,,,,adaptivity,,,,,,,,,,,,,,,,,,,,,,,,,,,,,,,,,,,,,,,,,,,,,,,,,,,,,,,,,,,,,,,,,
sci-70db910e68ee,rar_science,agentic-tools,6.0,0.0,none,False,29.0,42.0,6.0,17.0,2.8333333333333335,4.0,0.6666666666666666,0.0,0.0,,,,adaptivity,,,,,,,,,,,,,,,,,,,,,,,,,,,,,,,,,,,,,,,,,,,,,,,,,,,,,,,,,,,,,,,,,
sci-71c07f577946,rar_science,shipped,7.0,0.0,none,False,36.0,30.0,7.0,27.0,3.857142857142857,5.6,0.7999999999999999,0.0,0.0,,,,adaptivity,,,,,,,,,,,,,,,,,,,,,,,,,,,,,,,,,,,,,,,,,,,,,,,,,,,,,,,,,,,,,,,,,
sci-71c07f577946,rar_science,baseline,12.0,0.0,none,False,36.0,30.0,12.0,36.0,3.0,9.1,0.7583333333333333,0.0,0.0,,,,adaptivity,,,,,,,,,,,,,,,,,,,,,,,,,,,,,,,,,,,,,,,,,,,,,,,,,,,,,,,,,,,,,,,,,
sci-71c07f577946,rar_science,agentic,6.0,0.0,none,False,36.0,30.0,6.0,18.0,3.0,5.6,0.9333333333333332,0.0,0.0,,,,adaptivity,,,,,,,,,,,,,,,,,,,,,,,,,,,,,,,,,,,,,,,,,,,,,,,,,,,,,,,,,,,,,,,,,
sci-71c07f577946,rar_science,agentic-tools,5.0,0.0,none,False,36.0,30.0,5.0,14.0,2.8,4.7,0.9400000000000001,0.0,0.0,,,,adaptivity,,,,,,,,,,,,,,,,,,,,,,,,,,,,,,,,,,,,,,,,,,,,,,,,,,,,,,,,,,,,,,,,,
sci-78456e89e0b3,rar_science,shipped,7.0,0.0,mcq,True,22.0,0.0,7.0,25.0,3.5714285714285716,5.3,0.7571428571428571,0.0,0.0,,,,adaptivity,,,,,,,,,,,,,,,,,,,,,,,,,,,,,,,,,,,,,,,,,,,,,,,,,,,,,,,,,,,,,,,,,
sci-78456e89e0b3,rar_science,baseline,11.0,0.0,mcq,True,22.0,0.0,11.0,41.0,3.727272727272727,9.2,0.8363636363636363,0.0,0.0,,,,adaptivity,,,,,,,,,,,,,,,,,,,,,,,,,,,,,,,,,,,,,,,,,,,,,,,,,,,,,,,,,,,,,,,,,
sci-78456e89e0b3,rar_science,agentic,7.0,0.0,mcq,True,22.0,0.0,7.0,31.0,4.428571428571429,6.4,0.9142857142857144,0.0,0.0,,,,adaptivity,,,,,,,,,,,,,,,,,,,,,,,,,,,,,,,,,,,,,,,,,,,,,,,,,,,,,,,,,,,,,,,,,
sci-78456e89e0b3,rar_science,agentic-tools,15.0,0.0,mcq,True,22.0,0.0,15.0,52.0,3.466666666666667,12.0,0.8,0.0,0.0,,,,adaptivity,,,,,,,,,,,,,,,,,,,,,,,,,,,,,,,,,,,,,,,,,,,,,,,,,,,,,,,,,,,,,,,,,
sci-801539f7bca0,rar_science,shipped,8.0,0.0,none,False,60.0,25.0,8.0,29.0,3.625,5.6,0.7,0.0,0.0,,,,adaptivity,,,,,,,,,,,,,,,,,,,,,,,,,,,,,,,,,,,,,,,,,,,,,,,,,,,,,,,,,,,,,,,,,
sci-801539f7bca0,rar_science,baseline,10.0,0.0,none,False,60.0,25.0,10.0,32.0,3.2,7.8,0.78,0.0,0.0,,,,adaptivity,,,,,,,,,,,,,,,,,,,,,,,,,,,,,,,,,,,,,,,,,,,,,,,,,,,,,,,,,,,,,,,,,
sci-801539f7bca0,rar_science,agentic,6.0,0.0,none,False,60.0,25.0,6.0,22.0,3.6666666666666665,4.6,0.7666666666666666,0.0,0.0,,,,adaptivity,,,,,,,,,,,,,,,,,,,,,,,,,,,,,,,,,,,,,,,,,,,,,,,,,,,,,,,,,,,,,,,,,
sci-801539f7bca0,rar_science,agentic-tools,5.0,0.0,none,False,60.0,25.0,5.0,17.0,3.4,4.5,0.9,0.0,0.0,,,,adaptivity,,,,,,,,,,,,,,,,,,,,,,,,,,,,,,,,,,,,,,,,,,,,,,,,,,,,,,,,,,,,,,,,,
sci-870a3c2acf5f,rar_science,shipped,9.0,0.0,none,False,59.0,45.0,9.0,31.0,3.4444444444444446,6.5,0.7222222222222222,0.0,0.0,,,,adaptivity,,,,,,,,,,,,,,,,,,,,,,,,,,,,,,,,,,,,,,,,,,,,,,,,,,,,,,,,,,,,,,,,,
sci-870a3c2acf5f,rar_science,baseline,9.0,0.0,none,False,59.0,45.0,9.0,32.0,3.5555555555555554,7.5,0.8333333333333334,0.0,0.0,,,,adaptivity,,,,,,,,,,,,,,,,,,,,,,,,,,,,,,,,,,,,,,,,,,,,,,,,,,,,,,,,,,,,,,,,,
sci-870a3c2acf5f,rar_science,agentic,6.0,0.0,none,False,59.0,45.0,6.0,19.0,3.1666666666666665,5.0,0.8333333333333334,0.0,0.0,,,,adaptivity,,,,,,,,,,,,,,,,,,,,,,,,,,,,,,,,,,,,,,,,,,,,,,,,,,,,,,,,,,,,,,,,,
sci-870a3c2acf5f,rar_science,agentic-tools,16.0,0.0,none,False,59.0,45.0,16.0,47.0,2.9375,9.4,0.5875,0.0,0.0,,,,adaptivity,,,,,,,,,,,,,,,,,,,,,,,,,,,,,,,,,,,,,,,,,,,,,,,,,,,,,,,,,,,,,,,,,
sci-88a263c8039c,rar_science,shipped,8.0,0.0,none,False,51.0,31.0,8.0,29.0,3.625,5.6,0.7,0.0,0.0,,,,adaptivity,,,,,,,,,,,,,,,,,,,,,,,,,,,,,,,,,,,,,,,,,,,,,,,,,,,,,,,,,,,,,,,,,
sci-88a263c8039c,rar_science,baseline,12.0,0.0,none,False,51.0,31.0,12.0,44.0,3.6666666666666665,9.2,0.7666666666666666,0.0,0.0,,,,adaptivity,,,,,,,,,,,,,,,,,,,,,,,,,,,,,,,,,,,,,,,,,,,,,,,,,,,,,,,,,,,,,,,,,
sci-88a263c8039c,rar_science,agentic,15.0,0.0,none,False,51.0,31.0,15.0,45.0,3.0,10.1,0.6733333333333333,0.0,0.0,,,,adaptivity,,,,,,,,,,,,,,,,,,,,,,,,,,,,,,,,,,,,,,,,,,,,,,,,,,,,,,,,,,,,,,,,,
sci-88a263c8039c,rar_science,agentic-tools,6.0,0.0,none,False,51.0,31.0,6.0,15.0,2.5,4.5,0.75,0.0,0.0,,,,adaptivity,,,,,,,,,,,,,,,,,,,,,,,,,,,,,,,,,,,,,,,,,,,,,,,,,,,,,,,,,,,,,,,,,
sci-8c97efc18a60,rar_science,shipped,7.0,0.0,mcq,True,15.0,7.0,7.0,25.0,3.5714285714285716,4.6,0.6571428571428571,0.0,0.0,,,,adaptivity,,,,,,,,,,,,,,,,,,,,,,,,,,,,,,,,,,,,,,,,,,,,,,,,,,,,,,,,,,,,,,,,,
sci-8c97efc18a60,rar_science,baseline,8.0,0.0,mcq,True,15.0,7.0,8.0,25.0,3.125,5.8999999999999995,0.7374999999999999,0.0,0.0,,,,adaptivity,,,,,,,,,,,,,,,,,,,,,,,,,,,,,,,,,,,,,,,,,,,,,,,,,,,,,,,,,,,,,,,,,
sci-8c97efc18a60,rar_science,agentic,7.0,0.0,mcq,True,15.0,7.0,7.0,20.0,2.857142857142857,4.6,0.6571428571428571,0.0,0.0,,,,adaptivity,,,,,,,,,,,,,,,,,,,,,,,,,,,,,,,,,,,,,,,,,,,,,,,,,,,,,,,,,,,,,,,,,
sci-8c97efc18a60,rar_science,agentic-tools,11.0,0.0,mcq,True,15.0,7.0,11.0,32.0,2.909090909090909,7.8,0.7090909090909091,0.0,0.0,,,,adaptivity,,,,,,,,,,,,,,,,,,,,,,,,,,,,,,,,,,,,,,,,,,,,,,,,,,,,,,,,,,,,,,,,,
sci-96d4e5af66b6,rar_science,shipped,8.0,0.0,none,False,50.0,16.0,8.0,30.0,3.75,5.9,0.7375,0.0,0.0,,,,adaptivity,,,,,,,,,,,,,,,,,,,,,,,,,,,,,,,,,,,,,,,,,,,,,,,,,,,,,,,,,,,,,,,,,
sci-96d4e5af66b6,rar_science,baseline,13.0,0.0,none,False,50.0,16.0,13.0,41.0,3.1538461538461537,9.4,0.7230769230769231,0.0,0.0,,,,adaptivity,,,,,,,,,,,,,,,,,,,,,,,,,,,,,,,,,,,,,,,,,,,,,,,,,,,,,,,,,,,,,,,,,
sci-96d4e5af66b6,rar_science,agentic,8.0,0.0,none,False,50.0,16.0,8.0,24.0,3.0,5.7,0.7125,0.0,0.0,,,,adaptivity,,,,,,,,,,,,,,,,,,,,,,,,,,,,,,,,,,,,,,,,,,,,,,,,,,,,,,,,,,,,,,,,,
sci-96d4e5af66b6,rar_science,agentic-tools,4.0,0.0,none,False,50.0,16.0,4.0,13.0,3.25,2.9,0.725,0.0,0.0,,,,adaptivity,,,,,,,,,,,,,,,,,,,,,,,,,,,,,,,,,,,,,,,,,,,,,,,,,,,,,,,,,,,,,,,,,
sci-9dd57081a4e1,rar_science,shipped,8.0,0.0,none,False,45.0,142.0,8.0,29.0,3.625,5.9,0.7375,0.0,0.0,,,,adaptivity,,,,,,,,,,,,,,,,,,,,,,,,,,,,,,,,,,,,,,,,,,,,,,,,,,,,,,,,,,,,,,,,,
sci-9dd57081a4e1,rar_science,baseline,10.0,0.0,none,False,45.0,142.0,10.0,35.0,3.5,7.9,0.79,0.0,0.0,,,,adaptivity,,,,,,,,,,,,,,,,,,,,,,,,,,,,,,,,,,,,,,,,,,,,,,,,,,,,,,,,,,,,,,,,,
sci-9dd57081a4e1,rar_science,agentic,14.0,0.0,none,False,45.0,142.0,14.0,47.0,3.357142857142857,10.799999999999999,0.7714285714285714,0.0,0.0,,,,adaptivity,,,,,,,,,,,,,,,,,,,,,,,,,,,,,,,,,,,,,,,,,,,,,,,,,,,,,,,,,,,,,,,,,
sci-9dd57081a4e1,rar_science,agentic-tools,14.0,0.0,none,False,45.0,142.0,14.0,51.0,3.642857142857143,10.799999999999999,0.7714285714285714,0.0,0.0,,,,adaptivity,,,,,,,,,,,,,,,,,,,,,,,,,,,,,,,,,,,,,,,,,,,,,,,,,,,,,,,,,,,,,,,,,
sci-b89c9561e59a,rar_science,shipped,8.0,0.0,none,False,49.0,28.0,8.0,25.0,3.125,5.8,0.725,0.0,0.0,,,,adaptivity,,,,,,,,,,,,,,,,,,,,,,,,,,,,,,,,,,,,,,,,,,,,,,,,,,,,,,,,,,,,,,,,,
sci-b89c9561e59a,rar_science,baseline,11.0,0.0,none,False,49.0,28.0,11.0,39.0,3.5454545454545454,8.5,0.7727272727272727,0.0,0.0,,,,adaptivity,,,,,,,,,,,,,,,,,,,,,,,,,,,,,,,,,,,,,,,,,,,,,,,,,,,,,,,,,,,,,,,,,
sci-b89c9561e59a,rar_science,agentic,6.0,0.0,none,False,49.0,28.0,6.0,21.0,3.5,5.5,0.9166666666666666,0.0,0.0,,,,adaptivity,,,,,,,,,,,,,,,,,,,,,,,,,,,,,,,,,,,,,,,,,,,,,,,,,,,,,,,,,,,,,,,,,
sci-b89c9561e59a,rar_science,agentic-tools,5.0,0.0,none,False,49.0,28.0,5.0,14.0,2.8,4.7,0.9400000000000001,0.0,0.0,,,,adaptivity,,,,,,,,,,,,,,,,,,,,,,,,,,,,,,,,,,,,,,,,,,,,,,,,,,,,,,,,,,,,,,,,,
sci-c482b1d1dd52,rar_science,shipped,7.0,0.0,none,False,14.0,29.0,7.0,26.0,3.7142857142857144,5.3,0.7571428571428571,0.0,0.0,,,,adaptivity,,,,,,,,,,,,,,,,,,,,,,,,,,,,,,,,,,,,,,,,,,,,,,,,,,,,,,,,,,,,,,,,,
sci-c482b1d1dd52,rar_science,baseline,8.0,0.0,none,False,14.0,29.0,8.0,29.0,3.625,6.5,0.8125,0.0,0.0,,,,adaptivity,,,,,,,,,,,,,,,,,,,,,,,,,,,,,,,,,,,,,,,,,,,,,,,,,,,,,,,,,,,,,,,,,
sci-c482b1d1dd52,rar_science,agentic,8.0,0.0,none,False,14.0,29.0,8.0,27.0,3.375,6.8,0.85,0.0,0.0,,,,adaptivity,,,,,,,,,,,,,,,,,,,,,,,,,,,,,,,,,,,,,,,,,,,,,,,,,,,,,,,,,,,,,,,,,
sci-c482b1d1dd52,rar_science,agentic-tools,6.0,0.0,none,False,14.0,29.0,6.0,21.0,3.5,5.5,0.9166666666666666,0.0,0.0,,,,adaptivity,,,,,,,,,,,,,,,,,,,,,,,,,,,,,,,,,,,,,,,,,,,,,,,,,,,,,,,,,,,,,,,,,
sci-cd724737b87b,rar_science,shipped,7.0,0.0,none,False,66.0,16.0,7.0,29.0,4.142857142857143,5.6,0.7999999999999999,0.0,0.0,,,,adaptivity,,,,,,,,,,,,,,,,,,,,,,,,,,,,,,,,,,,,,,,,,,,,,,,,,,,,,,,,,,,,,,,,,
sci-cd724737b87b,rar_science,baseline,11.0,0.0,none,False,66.0,16.0,11.0,35.0,3.1818181818181817,8.5,0.7727272727272727,0.0,0.0,,,,adaptivity,,,,,,,,,,,,,,,,,,,,,,,,,,,,,,,,,,,,,,,,,,,,,,,,,,,,,,,,,,,,,,,,,
sci-cd724737b87b,rar_science,agentic,11.0,0.0,none,False,66.0,16.0,11.0,37.0,3.3636363636363638,8.9,0.8090909090909091,0.0,0.0,,,,adaptivity,,,,,,,,,,,,,,,,,,,,,,,,,,,,,,,,,,,,,,,,,,,,,,,,,,,,,,,,,,,,,,,,,
sci-cd724737b87b,rar_science,agentic-tools,15.0,0.0,none,False,66.0,16.0,15.0,43.0,2.8666666666666667,10.4,0.6933333333333334,0.0,0.0,,,,adaptivity,,,,,,,,,,,,,,,,,,,,,,,,,,,,,,,,,,,,,,,,,,,,,,,,,,,,,,,,,,,,,,,,,
sci-ce709b73231a,rar_science,shipped,7.0,2.0,subquestions,False,93.0,143.0,3.5,25.0,3.5714285714285716,4.9,0.7000000000000001,2.0,0.0,0.0,0.19849740504453728,,adaptivity,,,,,,,,,,,,,,,,,,,,,,,,,,,,,,,,,,,,,,,,,,,,,,,,,,,,,,,,,,,,,,,,,
sci-ce709b73231a,rar_science,baseline,13.0,2.0,subquestions,False,93.0,143.0,6.5,46.0,3.5384615384615383,10.7,0.823076923076923,2.0,0.0,0.0,0.3407055579667494,,adaptivity,,,,,,,,,,,,,,,,,,,,,,,,,,,,,,,,,,,,,,,,,,,,,,,,,,,,,,,,,,,,,,,,,
sci-ce709b73231a,rar_science,agentic,14.0,2.0,subquestions,False,93.0,143.0,7.0,45.0,3.2142857142857144,11.1,0.7928571428571428,2.0,0.0,0.0,0.4369816554210486,,adaptivity,,,,,,,,,,,,,,,,,,,,,,,,,,,,,,,,,,,,,,,,,,,,,,,,,,,,,,,,,,,,,,,,,
sci-ce709b73231a,rar_science,agentic-tools,14.0,2.0,subquestions,False,93.0,143.0,7.0,42.0,3.0,10.1,0.7214285714285714,2.0,0.0,0.0,0.3349804902335808,,adaptivity,,,,,,,,,,,,,,,,,,,,,,,,,,,,,,,,,,,,,,,,,,,,,,,,,,,,,,,,,,,,,,,,,
sci-d0020349f91f,rar_science,shipped,9.0,0.0,none,False,50.0,30.0,9.0,35.0,3.888888888888889,6.6,0.7333333333333333,0.0,0.0,,,,adaptivity,,,,,,,,,,,,,,,,,,,,,,,,,,,,,,,,,,,,,,,,,,,,,,,,,,,,,,,,,,,,,,,,,
sci-d0020349f91f,rar_science,baseline,10.0,0.0,none,False,50.0,30.0,10.0,34.0,3.4,8.2,0.82,0.0,0.0,,,,adaptivity,,,,,,,,,,,,,,,,,,,,,,,,,,,,,,,,,,,,,,,,,,,,,,,,,,,,,,,,,,,,,,,,,
sci-d0020349f91f,rar_science,agentic,6.0,0.0,none,False,50.0,30.0,6.0,13.0,2.1666666666666665,4.6,0.7666666666666666,0.0,0.0,,,,adaptivity,,,,,,,,,,,,,,,,,,,,,,,,,,,,,,,,,,,,,,,,,,,,,,,,,,,,,,,,,,,,,,,,,
sci-d0020349f91f,rar_science,agentic-tools,5.0,0.0,none,False,50.0,30.0,5.0,12.0,2.4,3.7,0.74,0.0,0.0,,,,adaptivity,,,,,,,,,,,,,,,,,,,,,,,,,,,,,,,,,,,,,,,,,,,,,,,,,,,,,,,,,,,,,,,,,
sci-debd831207ba,rar_science,shipped,7.0,0.0,none,False,43.0,36.0,7.0,25.0,3.5714285714285716,4.9,0.7000000000000001,0.0,0.0,,,,adaptivity,,,,,,,,,,,,,,,,,,,,,,,,,,,,,,,,,,,,,,,,,,,,,,,,,,,,,,,,,,,,,,,,,
sci-debd831207ba,rar_science,baseline,14.0,0.0,none,False,43.0,36.0,14.0,48.0,3.4285714285714284,10.5,0.75,0.0,0.0,,,,adaptivity,,,,,,,,,,,,,,,,,,,,,,,,,,,,,,,,,,,,,,,,,,,,,,,,,,,,,,,,,,,,,,,,,
sci-debd831207ba,rar_science,agentic,6.0,0.0,none,False,43.0,36.0,6.0,17.0,2.8333333333333335,4.1,0.6833333333333332,0.0,0.0,,,,adaptivity,,,,,,,,,,,,,,,,,,,,,,,,,,,,,,,,,,,,,,,,,,,,,,,,,,,,,,,,,,,,,,,,,
sci-debd831207ba,rar_science,agentic-tools,6.0,0.0,none,False,43.0,36.0,6.0,19.0,3.1666666666666665,4.9,0.8166666666666668,0.0,0.0,,,,adaptivity,,,,,,,,,,,,,,,,,,,,,,,,,,,,,,,,,,,,,,,,,,,,,,,,,,,,,,,,,,,,,,,,,
sci-e86ea8cb138a,rar_science,shipped,7.0,0.0,none,False,58.0,18.0,7.0,24.0,3.4285714285714284,4.9,0.7000000000000001,0.0,0.0,,,,adaptivity,,,,,,,,,,,,,,,,,,,,,,,,,,,,,,,,,,,,,,,,,,,,,,,,,,,,,,,,,,,,,,,,,
sci-e86ea8cb138a,rar_science,baseline,12.0,0.0,none,False,58.0,18.0,12.0,39.0,3.25,8.8,0.7333333333333334,0.0,0.0,,,,adaptivity,,,,,,,,,,,,,,,,,,,,,,,,,,,,,,,,,,,,,,,,,,,,,,,,,,,,,,,,,,,,,,,,,
sci-e86ea8cb138a,rar_science,agentic,6.0,0.0,none,False,58.0,18.0,6.0,14.0,2.3333333333333335,3.9,0.65,0.0,0.0,,,,adaptivity,,,,,,,,,,,,,,,,,,,,,,,,,,,,,,,,,,,,,,,,,,,,,,,,,,,,,,,,,,,,,,,,,
sci-e86ea8cb138a,rar_science,agentic-tools,14.0,0.0,none,False,58.0,18.0,14.0,37.0,2.642857142857143,9.7,0.6928571428571428,0.0,0.0,,,,adaptivity,,,,,,,,,,,,,,,,,,,,,,,,,,,,,,,,,,,,,,,,,,,,,,,,,,,,,,,,,,,,,,,,,
sci-045492df8b2b,rar_science,shipped,7.0,0.0,none,False,47.0,6.0,7.0,25.0,3.5714285714285716,4.6,0.6571428571428571,0.0,0.0,,,,adaptivity,,,,,,,,,,,,,,,,,,,,,,,,,,,,,,,,,,,,,,,,,,,,,,,,,,,,,,,,,,,,,,,,,
sci-045492df8b2b,rar_science,baseline,9.0,0.0,none,False,47.0,6.0,9.0,28.0,3.111111111111111,6.5,0.7222222222222222,0.0,0.0,,,,adaptivity,,,,,,,,,,,,,,,,,,,,,,,,,,,,,,,,,,,,,,,,,,,,,,,,,,,,,,,,,,,,,,,,,
sci-045492df8b2b,rar_science,agentic,9.0,0.0,none,False,47.0,6.0,9.0,28.0,3.111111111111111,5.6,0.6222222222222222,0.0,0.0,,,,adaptivity,,,,,,,,,,,,,,,,,,,,,,,,,,,,,,,,,,,,,,,,,,,,,,,,,,,,,,,,,,,,,,,,,
sci-045492df8b2b,rar_science,agentic-tools,13.0,0.0,none,False,47.0,6.0,13.0,37.0,2.8461538461538463,7.8,0.6,0.0,0.0,,,,adaptivity,,,,,,,,,,,,,,,,,,,,,,,,,,,,,,,,,,,,,,,,,,,,,,,,,,,,,,,,,,,,,,,,,
sci-180557220f0a,rar_science,shipped,7.0,0.0,none,False,51.0,81.0,7.0,25.0,3.5714285714285716,4.9,0.7000000000000001,0.0,0.0,,,,adaptivity,,,,,,,,,,,,,,,,,,,,,,,,,,,,,,,,,,,,,,,,,,,,,,,,,,,,,,,,,,,,,,,,,
sci-180557220f0a,rar_science,baseline,10.0,0.0,none,False,51.0,81.0,10.0,32.0,3.2,7.8,0.78,0.0,0.0,,,,adaptivity,,,,,,,,,,,,,,,,,,,,,,,,,,,,,,,,,,,,,,,,,,,,,,,,,,,,,,,,,,,,,,,,,
sci-180557220f0a,rar_science,agentic,7.0,0.0,none,False,51.0,81.0,7.0,24.0,3.4285714285714284,5.9,0.8428571428571429,0.0,0.0,,,,adaptivity,,,,,,,,,,,,,,,,,,,,,,,,,,,,,,,,,,,,,,,,,,,,,,,,,,,,,,,,,,,,,,,,,
sci-180557220f0a,rar_science,agentic-tools,16.0,0.0,none,False,51.0,81.0,16.0,48.0,3.0,12.299999999999999,0.7687499999999999,0.0,0.0,,,,adaptivity,,,,,,,,,,,,,,,,,,,,,,,,,,,,,,,,,,,,,,,,,,,,,,,,,,,,,,,,,,,,,,,,,
sci-256b4b58e6fc,rar_science,shipped,7.0,0.0,none,False,77.0,634.0,7.0,24.0,3.4285714285714284,4.9,0.7000000000000001,0.0,0.0,,,,adaptivity,,,,,,,,,,,,,,,,,,,,,,,,,,,,,,,,,,,,,,,,,,,,,,,,,,,,,,,,,,,,,,,,,
sci-256b4b58e6fc,rar_science,baseline,12.0,0.0,none,False,77.0,634.0,12.0,36.0,3.0,9.0,0.75,0.0,0.0,,,,adaptivity,,,,,,,,,,,,,,,,,,,,,,,,,,,,,,,,,,,,,,,,,,,,,,,,,,,,,,,,,,,,,,,,,
sci-256b4b58e6fc,rar_science,agentic,12.0,0.0,none,False,77.0,634.0,12.0,36.0,3.0,8.8,0.7333333333333334,0.0,0.0,,,,adaptivity,,,,,,,,,,,,,,,,,,,,,,,,,,,,,,,,,,,,,,,,,,,,,,,,,,,,,,,,,,,,,,,,,
sci-256b4b58e6fc,rar_science,agentic-tools,7.0,0.0,none,False,77.0,634.0,7.0,20.0,2.857142857142857,4.5,0.6428571428571429,0.0,0.0,,,,adaptivity,,,,,,,,,,,,,,,,,,,,,,,,,,,,,,,,,,,,,,,,,,,,,,,,,,,,,,,,,,,,,,,,,
sci-2892b69a6237,rar_science,shipped,8.0,0.0,none,False,35.0,29.0,8.0,28.0,3.5,5.6,0.7,0.0,0.0,,,,adaptivity,,,,,,,,,,,,,,,,,,,,,,,,,,,,,,,,,,,,,,,,,,,,,,,,,,,,,,,,,,,,,,,,,
sci-2892b69a6237,rar_science,baseline,11.0,0.0,none,False,35.0,29.0,11.0,35.0,3.1818181818181817,7.8999999999999995,0.7181818181818181,0.0,0.0,,,,adaptivity,,,,,,,,,,,,,,,,,,,,,,,,,,,,,,,,,,,,,,,,,,,,,,,,,,,,,,,,,,,,,,,,,
sci-2892b69a6237,rar_science,agentic,8.0,0.0,none,False,35.0,29.0,8.0,29.0,3.625,7.5,0.9375,0.0,0.0,,,,adaptivity,,,,,,,,,,,,,,,,,,,,,,,,,,,,,,,,,,,,,,,,,,,,,,,,,,,,,,,,,,,,,,,,,
sci-2892b69a6237,rar_science,agentic-tools,5.0,0.0,none,False,35.0,29.0,5.0,14.0,2.8,4.5,0.9,0.0,0.0,,,,adaptivity,,,,,,,,,,,,,,,,,,,,,,,,,,,,,,,,,,,,,,,,,,,,,,,,,,,,,,,,,,,,,,,,,
sci-2894a3c6c89c,rar_science,shipped,8.0,0.0,none,False,59.0,10.0,8.0,31.0,3.875,5.6,0.7,0.0,0.0,,,,adaptivity,,,,,,,,,,,,,,,,,,,,,,,,,,,,,,,,,,,,,,,,,,,,,,,,,,,,,,,,,,,,,,,,,
sci-2894a3c6c89c,rar_science,baseline,13.0,0.0,none,False,59.0,10.0,13.0,51.0,3.923076923076923,10.9,0.8384615384615385,0.0,0.0,,,,adaptivity,,,,,,,,,,,,,,,,,,,,,,,,,,,,,,,,,,,,,,,,,,,,,,,,,,,,,,,,,,,,,,,,,
sci-2894a3c6c89c,rar_science,agentic,6.0,0.0,none,False,59.0,10.0,6.0,14.0,2.3333333333333335,4.6,0.7666666666666666,0.0,0.0,,,,adaptivity,,,,,,,,,,,,,,,,,,,,,,,,,,,,,,,,,,,,,,,,,,,,,,,,,,,,,,,,,,,,,,,,,
sci-2894a3c6c89c,rar_science,agentic-tools,5.0,0.0,none,False,59.0,10.0,5.0,12.0,2.4,4.2,0.8400000000000001,0.0,0.0,,,,adaptivity,,,,,,,,,,,,,,,,,,,,,,,,,,,,,,,,,,,,,,,,,,,,,,,,,,,,,,,,,,,,,,,,,
sci-31945f4df73d,rar_science,shipped,7.0,0.0,none,False,37.0,66.0,7.0,28.0,4.0,5.6,0.7999999999999999,0.0,0.0,,,,adaptivity,,,,,,,,,,,,,,,,,,,,,,,,,,,,,,,,,,,,,,,,,,,,,,,,,,,,,,,,,,,,,,,,,
sci-31945f4df73d,rar_science,baseline,9.0,0.0,none,False,37.0,66.0,9.0,34.0,3.7777777777777777,7.5,0.8333333333333334,0.0,0.0,,,,adaptivity,,,,,,,,,,,,,,,,,,,,,,,,,,,,,,,,,,,,,,,,,,,,,,,,,,,,,,,,,,,,,,,,,
sci-31945f4df73d,rar_science,agentic,9.0,0.0,none,False,37.0,66.0,9.0,31.0,3.4444444444444446,6.8999999999999995,0.7666666666666666,0.0,0.0,,,,adaptivity,,,,,,,,,,,,,,,,,,,,,,,,,,,,,,,,,,,,,,,,,,,,,,,,,,,,,,,,,,,,,,,,,
sci-31945f4df73d,rar_science,agentic-tools,5.0,0.0,none,False,37.0,66.0,5.0,18.0,3.6,4.3,0.86,0.0,0.0,,,,adaptivity,,,,,,,,,,,,,,,,,,,,,,,,,,,,,,,,,,,,,,,,,,,,,,,,,,,,,,,,,,,,,,,,,
sci-3c61ccbecbf0,rar_science,shipped,7.0,0.0,none,False,60.0,24.0,7.0,25.0,3.5714285714285716,4.9,0.7000000000000001,0.0,0.0,,,,adaptivity,,,,,,,,,,,,,,,,,,,,,,,,,,,,,,,,,,,,,,,,,,,,,,,,,,,,,,,,,,,,,,,,,
sci-3c61ccbecbf0,rar_science,baseline,14.0,0.0,none,False,60.0,24.0,14.0,44.0,3.142857142857143,10.7,0.7642857142857142,0.0,0.0,,,,adaptivity,,,,,,,,,,,,,,,,,,,,,,,,,,,,,,,,,,,,,,,,,,,,,,,,,,,,,,,,,,,,,,,,,
sci-3c61ccbecbf0,rar_science,agentic,6.0,0.0,none,False,60.0,24.0,6.0,18.0,3.0,5.6,0.9333333333333332,0.0,0.0,,,,adaptivity,,,,,,,,,,,,,,,,,,,,,,,,,,,,,,,,,,,,,,,,,,,,,,,,,,,,,,,,,,,,,,,,,
sci-3c61ccbecbf0,rar_science,agentic-tools,4.0,0.0,none,False,60.0,24.0,4.0,10.0,2.5,2.9,0.725,0.0,0.0,,,,adaptivity,,,,,,,,,,,,,,,,,,,,,,,,,,,,,,,,,,,,,,,,,,,,,,,,,,,,,,,,,,,,,,,,,
sci-4043bf8ee284,rar_science,shipped,9.0,0.0,none,False,60.0,51.0,9.0,28.0,3.111111111111111,5.8999999999999995,0.6555555555555554,0.0,0.0,,,,adaptivity,,,,,,,,,,,,,,,,,,,,,,,,,,,,,,,,,,,,,,,,,,,,,,,,,,,,,,,,,,,,,,,,,
sci-4043bf8ee284,rar_science,baseline,10.0,0.0,none,False,60.0,51.0,10.0,36.0,3.6,7.8999999999999995,0.7899999999999999,0.0,0.0,,,,adaptivity,,,,,,,,,,,,,,,,,,,,,,,,,,,,,,,,,,,,,,,,,,,,,,,,,,,,,,,,,,,,,,,,,
sci-4043bf8ee284,rar_science,agentic,16.0,0.0,none,False,60.0,51.0,16.0,55.0,3.4375,13.4,0.8375,0.0,0.0,,,,adaptivity,,,,,,,,,,,,,,,,,,,,,,,,,,,,,,,,,,,,,,,,,,,,,,,,,,,,,,,,,,,,,,,,,
sci-4043bf8ee284,rar_science,agentic-tools,6.0,0.0,none,False,60.0,51.0,6.0,18.0,3.0,5.4,0.9,0.0,0.0,,,,adaptivity,,,,,,,,,,,,,,,,,,,,,,,,,,,,,,,,,,,,,,,,,,,,,,,,,,,,,,,,,,,,,,,,,
sci-42ea0adaccfd,rar_science,shipped,7.0,0.0,none,False,60.0,42.0,7.0,25.0,3.5714285714285716,4.6,0.6571428571428571,0.0,0.0,,,,adaptivity,,,,,,,,,,,,,,,,,,,,,,,,,,,,,,,,,,,,,,,,,,,,,,,,,,,,,,,,,,,,,,,,,
sci-42ea0adaccfd,rar_science,baseline,9.0,0.0,none,False,60.0,42.0,9.0,30.0,3.3333333333333335,6.5,0.7222222222222222,0.0,0.0,,,,adaptivity,,,,,,,,,,,,,,,,,,,,,,,,,,,,,,,,,,,,,,,,,,,,,,,,,,,,,,,,,,,,,,,,,
sci-42ea0adaccfd,rar_science,agentic,6.0,0.0,none,False,60.0,42.0,6.0,19.0,3.1666666666666665,4.8,0.7999999999999999,0.0,0.0,,,,adaptivity,,,,,,,,,,,,,,,,,,,,,,,,,,,,,,,,,,,,,,,,,,,,,,,,,,,,,,,,,,,,,,,,,
sci-42ea0adaccfd,rar_science,agentic-tools,6.0,0.0,none,False,60.0,42.0,6.0,18.0,3.0,5.4,0.9,0.0,0.0,,,,adaptivity,,,,,,,,,,,,,,,,,,,,,,,,,,,,,,,,,,,,,,,,,,,,,,,,,,,,,,,,,,,,,,,,,
sci-4374acc76fa7,rar_science,shipped,7.0,0.0,none,False,43.0,19.0,7.0,27.0,3.857142857142857,4.9,0.7000000000000001,0.0,0.0,,,,adaptivity,,,,,,,,,,,,,,,,,,,,,,,,,,,,,,,,,,,,,,,,,,,,,,,,,,,,,,,,,,,,,,,,,
sci-4374acc76fa7,rar_science,baseline,11.0,0.0,none,False,43.0,19.0,11.0,35.0,3.1818181818181817,7.8999999999999995,0.7181818181818181,0.0,0.0,,,,adaptivity,,,,,,,,,,,,,,,,,,,,,,,,,,,,,,,,,,,,,,,,,,,,,,,,,,,,,,,,,,,,,,,,,
sci-4374acc76fa7,rar_science,agentic,15.0,0.0,none,False,43.0,19.0,15.0,49.0,3.2666666666666666,11.1,0.74,0.0,0.0,,,,adaptivity,,,,,,,,,,,,,,,,,,,,,,,,,,,,,,,,,,,,,,,,,,,,,,,,,,,,,,,,,,,,,,,,,
sci-4374acc76fa7,rar_science,agentic-tools,15.0,0.0,none,False,43.0,19.0,15.0,43.0,2.8666666666666667,10.9,0.7266666666666667,0.0,0.0,,,,adaptivity,,,,,,,,,,,,,,,,,,,,,,,,,,,,,,,,,,,,,,,,,,,,,,,,,,,,,,,,,,,,,,,,,
sci-4ff615cd292d,rar_science,shipped,7.0,0.0,none,False,39.0,25.0,7.0,24.0,3.4285714285714284,4.9,0.7000000000000001,0.0,0.0,,,,adaptivity,,,,,,,,,,,,,,,,,,,,,,,,,,,,,,,,,,,,,,,,,,,,,,,,,,,,,,,,,,,,,,,,,
sci-4ff615cd292d,rar_science,baseline,8.0,0.0,none,False,39.0,25.0,8.0,32.0,4.0,7.2,0.9,0.0,0.0,,,,adaptivity,,,,,,,,,,,,,,,,,,,,,,,,,,,,,,,,,,,,,,,,,,,,,,,,,,,,,,,,,,,,,,,,,
sci-4ff615cd292d,rar_science,agentic,6.0,0.0,none,False,39.0,25.0,6.0,22.0,3.6666666666666665,5.6,0.9333333333333332,0.0,0.0,,,,adaptivity,,,,,,,,,,,,,,,,,,,,,,,,,,,,,,,,,,,,,,,,,,,,,,,,,,,,,,,,,,,,,,,,,
sci-4ff615cd292d,rar_science,agentic-tools,5.0,0.0,none,False,39.0,25.0,5.0,15.0,3.0,3.4,0.6799999999999999,0.0,0.0,,,,adaptivity,,,,,,,,,,,,,,,,,,,,,,,,,,,,,,,,,,,,,,,,,,,,,,,,,,,,,,,,,,,,,,,,,
sci-51a643fb0239,rar_science,shipped,7.0,0.0,none,False,45.0,51.0,7.0,30.0,4.285714285714286,5.3999999999999995,0.7714285714285714,0.0,0.0,,,,adaptivity,,,,,,,,,,,,,,,,,,,,,,,,,,,,,,,,,,,,,,,,,,,,,,,,,,,,,,,,,,,,,,,,,
sci-51a643fb0239,rar_science,baseline,9.0,0.0,none,False,45.0,51.0,9.0,30.0,3.3333333333333335,7.2,0.8,0.0,0.0,,,,adaptivity,,,,,,,,,,,,,,,,,,,,,,,,,,,,,,,,,,,,,,,,,,,,,,,,,,,,,,,,,,,,,,,,,
sci-51a643fb0239,rar_science,agentic,6.0,0.0,none,False,45.0,51.0,6.0,23.0,3.8333333333333335,4.7,0.7833333333333333,0.0,0.0,,,,adaptivity,,,,,,,,,,,,,,,,,,,,,,,,,,,,,,,,,,,,,,,,,,,,,,,,,,,,,,,,,,,,,,,,,
sci-51a643fb0239,rar_science,agentic-tools,6.0,0.0,none,False,45.0,51.0,6.0,22.0,3.6666666666666665,4.5,0.75,0.0,0.0,,,,adaptivity,,,,,,,,,,,,,,,,,,,,,,,,,,,,,,,,,,,,,,,,,,,,,,,,,,,,,,,,,,,,,,,,,
sci-59e13b52684e,rar_science,shipped,8.0,0.0,none,False,38.0,56.0,8.0,30.0,3.75,5.6,0.7,0.0,0.0,,,,adaptivity,,,,,,,,,,,,,,,,,,,,,,,,,,,,,,,,,,,,,,,,,,,,,,,,,,,,,,,,,,,,,,,,,
sci-59e13b52684e,rar_science,baseline,10.0,0.0,none,False,38.0,56.0,10.0,35.0,3.5,7.3,0.73,0.0,0.0,,,,adaptivity,,,,,,,,,,,,,,,,,,,,,,,,,,,,,,,,,,,,,,,,,,,,,,,,,,,,,,,,,,,,,,,,,
sci-59e13b52684e,rar_science,agentic,6.0,0.0,none,False,38.0,56.0,6.0,21.0,3.5,5.1,0.85,0.0,0.0,,,,adaptivity,,,,,,,,,,,,,,,,,,,,,,,,,,,,,,,,,,,,,,,,,,,,,,,,,,,,,,,,,,,,,,,,,
sci-59e13b52684e,rar_science,agentic-tools,5.0,0.0,none,False,38.0,56.0,5.0,14.0,2.8,4.4,0.8800000000000001,0.0,0.0,,,,adaptivity,,,,,,,,,,,,,,,,,,,,,,,,,,,,,,,,,,,,,,,,,,,,,,,,,,,,,,,,,,,,,,,,,
sci-7232a342c126,rar_science,shipped,7.0,0.0,none,False,51.0,18.0,7.0,26.0,3.7142857142857144,5.3,0.7571428571428571,0.0,0.0,,,,adaptivity,,,,,,,,,,,,,,,,,,,,,,,,,,,,,,,,,,,,,,,,,,,,,,,,,,,,,,,,,,,,,,,,,
sci-7232a342c126,rar_science,baseline,13.0,0.0,none,False,51.0,18.0,13.0,40.0,3.076923076923077,9.5,0.7307692307692307,0.0,0.0,,,,adaptivity,,,,,,,,,,,,,,,,,,,,,,,,,,,,,,,,,,,,,,,,,,,,,,,,,,,,,,,,,,,,,,,,,
sci-7232a342c126,rar_science,agentic,16.0,0.0,none,False,51.0,18.0,16.0,49.0,3.0625,11.6,0.725,0.0,0.0,,,,adaptivity,,,,,,,,,,,,,,,,,,,,,,,,,,,,,,,,,,,,,,,,,,,,,,,,,,,,,,,,,,,,,,,,,
sci-7232a342c126,rar_science,agentic-tools,5.0,0.0,none,False,51.0,18.0,5.0,16.0,3.2,4.0,0.8,0.0,0.0,,,,adaptivity,,,,,,,,,,,,,,,,,,,,,,,,,,,,,,,,,,,,,,,,,,,,,,,,,,,,,,,,,,,,,,,,,
sci-774dda56a4b0,rar_science,shipped,7.0,0.0,none,False,74.0,26.0,7.0,25.0,3.5714285714285716,4.3,0.6142857142857142,0.0,0.0,,,,adaptivity,,,,,,,,,,,,,,,,,,,,,,,,,,,,,,,,,,,,,,,,,,,,,,,,,,,,,,,,,,,,,,,,,
sci-774dda56a4b0,rar_science,baseline,10.0,0.0,none,False,74.0,26.0,10.0,32.0,3.2,7.7,0.77,0.0,0.0,,,,adaptivity,,,,,,,,,,,,,,,,,,,,,,,,,,,,,,,,,,,,,,,,,,,,,,,,,,,,,,,,,,,,,,,,,
sci-774dda56a4b0,rar_science,agentic,6.0,0.0,none,False,74.0,26.0,6.0,21.0,3.5,5.5,0.9166666666666666,0.0,0.0,,,,adaptivity,,,,,,,,,,,,,,,,,,,,,,,,,,,,,,,,,,,,,,,,,,,,,,,,,,,,,,,,,,,,,,,,,
sci-774dda56a4b0,rar_science,agentic-tools,16.0,0.0,none,False,74.0,26.0,16.0,46.0,2.875,11.4,0.7125,0.0,0.0,,,,adaptivity,,,,,,,,,,,,,,,,,,,,,,,,,,,,,,,,,,,,,,,,,,,,,,,,,,,,,,,,,,,,,,,,,
sci-87fc64569182,rar_science,shipped,7.0,0.0,none,False,30.0,31.0,7.0,28.0,4.0,4.7,0.6714285714285715,0.0,0.0,,,,adaptivity,,,,,,,,,,,,,,,,,,,,,,,,,,,,,,,,,,,,,,,,,,,,,,,,,,,,,,,,,,,,,,,,,
sci-87fc64569182,rar_science,baseline,7.0,0.0,none,False,30.0,31.0,7.0,21.0,3.0,5.2,0.7428571428571429,0.0,0.0,,,,adaptivity,,,,,,,,,,,,,,,,,,,,,,,,,,,,,,,,,,,,,,,,,,,,,,,,,,,,,,,,,,,,,,,,,
sci-87fc64569182,rar_science,agentic,6.0,0.0,none,False,30.0,31.0,6.0,23.0,3.8333333333333335,5.0,0.8333333333333334,0.0,0.0,,,,adaptivity,,,,,,,,,,,,,,,,,,,,,,,,,,,,,,,,,,,,,,,,,,,,,,,,,,,,,,,,,,,,,,,,,
sci-87fc64569182,rar_science,agentic-tools,6.0,0.0,none,False,30.0,31.0,6.0,12.0,2.0,4.9,0.8166666666666668,0.0,0.0,,,,adaptivity,,,,,,,,,,,,,,,,,,,,,,,,,,,,,,,,,,,,,,,,,,,,,,,,,,,,,,,,,,,,,,,,,
sci-8af1844cfb27,rar_science,shipped,8.0,0.0,none,False,101.0,143.0,8.0,31.0,3.875,5.6,0.7,0.0,0.0,,,,adaptivity,,,,,,,,,,,,,,,,,,,,,,,,,,,,,,,,,,,,,,,,,,,,,,,,,,,,,,,,,,,,,,,,,
sci-8af1844cfb27,rar_science,baseline,11.0,0.0,none,False,101.0,143.0,11.0,47.0,4.2727272727272725,10.0,0.9090909090909091,0.0,0.0,,,,adaptivity,,,,,,,,,,,,,,,,,,,,,,,,,,,,,,,,,,,,,,,,,,,,,,,,,,,,,,,,,,,,,,,,,
sci-8af1844cfb27,rar_science,agentic,10.0,0.0,none,False,101.0,143.0,10.0,34.0,3.4,8.7,0.8699999999999999,0.0,0.0,,,,adaptivity,,,,,,,,,,,,,,,,,,,,,,,,,,,,,,,,,,,,,,,,,,,,,,,,,,,,,,,,,,,,,,,,,
sci-8af1844cfb27,rar_science,agentic-tools,13.0,0.0,none,False,101.0,143.0,13.0,45.0,3.4615384615384617,10.2,0.7846153846153846,0.0,0.0,,,,adaptivity,,,,,,,,,,,,,,,,,,,,,,,,,,,,,,,,,,,,,,,,,,,,,,,,,,,,,,,,,,,,,,,,,
sci-a8cd6180f491,rar_science,shipped,7.0,0.0,none,False,29.0,30.0,7.0,24.0,3.4285714285714284,5.0,0.7142857142857143,0.0,0.0,,,,adaptivity,,,,,,,,,,,,,,,,,,,,,,,,,,,,,,,,,,,,,,,,,,,,,,,,,,,,,,,,,,,,,,,,,
sci-a8cd6180f491,rar_science,baseline,8.0,0.0,none,False,29.0,30.0,8.0,25.0,3.125,6.2,0.775,0.0,0.0,,,,adaptivity,,,,,,,,,,,,,,,,,,,,,,,,,,,,,,,,,,,,,,,,,,,,,,,,,,,,,,,,,,,,,,,,,
sci-a8cd6180f491,rar_science,agentic,9.0,0.0,none,False,29.0,30.0,9.0,31.0,3.4444444444444446,6.8999999999999995,0.7666666666666666,0.0,0.0,,,,adaptivity,,,,,,,,,,,,,,,,,,,,,,,,,,,,,,,,,,,,,,,,,,,,,,,,,,,,,,,,,,,,,,,,,
sci-a8cd6180f491,rar_science,agentic-tools,7.0,0.0,none,False,29.0,30.0,7.0,22.0,3.142857142857143,5.9,0.8428571428571429,0.0,0.0,,,,adaptivity,,,,,,,,,,,,,,,,,,,,,,,,,,,,,,,,,,,,,,,,,,,,,,,,,,,,,,,,,,,,,,,,,
sci-acc5a4fc4c49,rar_science,shipped,8.0,0.0,none,False,28.0,29.0,8.0,34.0,4.25,6.6,0.825,0.0,0.0,,,,adaptivity,,,,,,,,,,,,,,,,,,,,,,,,,,,,,,,,,,,,,,,,,,,,,,,,,,,,,,,,,,,,,,,,,
sci-acc5a4fc4c49,rar_science,baseline,14.0,0.0,none,False,28.0,29.0,14.0,49.0,3.5,11.2,0.7999999999999999,0.0,0.0,,,,adaptivity,,,,,,,,,,,,,,,,,,,,,,,,,,,,,,,,,,,,,,,,,,,,,,,,,,,,,,,,,,,,,,,,,
sci-acc5a4fc4c49,rar_science,agentic,14.0,0.0,none,False,28.0,29.0,14.0,56.0,4.0,11.799999999999999,0.8428571428571427,0.0,0.0,,,,adaptivity,,,,,,,,,,,,,,,,,,,,,,,,,,,,,,,,,,,,,,,,,,,,,,,,,,,,,,,,,,,,,,,,,
sci-acc5a4fc4c49,rar_science,agentic-tools,14.0,0.0,none,False,28.0,29.0,14.0,51.0,3.642857142857143,10.0,0.7142857142857143,0.0,0.0,,,,adaptivity,,,,,,,,,,,,,,,,,,,,,,,,,,,,,,,,,,,,,,,,,,,,,,,,,,,,,,,,,,,,,,,,,
sci-b9f57b678ecc,rar_science,shipped,7.0,0.0,none,False,52.0,18.0,7.0,26.0,3.7142857142857144,4.9,0.7000000000000001,0.0,0.0,,,,adaptivity,,,,,,,,,,,,,,,,,,,,,,,,,,,,,,,,,,,,,,,,,,,,,,,,,,,,,,,,,,,,,,,,,
sci-b9f57b678ecc,rar_science,baseline,12.0,0.0,none,False,52.0,18.0,12.0,37.0,3.0833333333333335,9.0,0.75,0.0,0.0,,,,adaptivity,,,,,,,,,,,,,,,,,,,,,,,,,,,,,,,,,,,,,,,,,,,,,,,,,,,,,,,,,,,,,,,,,
sci-b9f57b678ecc,rar_science,agentic,15.0,0.0,none,False,52.0,18.0,15.0,47.0,3.1333333333333333,10.4,0.6933333333333334,0.0,0.0,,,,adaptivity,,,,,,,,,,,,,,,,,,,,,,,,,,,,,,,,,,,,,,,,,,,,,,,,,,,,,,,,,,,,,,,,,
sci-b9f57b678ecc,rar_science,agentic-tools,15.0,0.0,none,False,52.0,18.0,15.0,54.0,3.6,11.0,0.7333333333333333,0.0,0.0,,,,adaptivity,,,,,,,,,,,,,,,,,,,,,,,,,,,,,,,,,,,,,,,,,,,,,,,,,,,,,,,,,,,,,,,,,
sci-be1b014411ab,rar_science,shipped,8.0,0.0,none,False,133.0,15.0,8.0,30.0,3.75,5.9,0.7375,0.0,0.0,,,,adaptivity,,,,,,,,,,,,,,,,,,,,,,,,,,,,,,,,,,,,,,,,,,,,,,,,,,,,,,,,,,,,,,,,,
sci-be1b014411ab,rar_science,baseline,16.0,0.0,none,False,133.0,15.0,16.0,49.0,3.0625,11.799999999999999,0.7374999999999999,0.0,0.0,,,,adaptivity,,,,,,,,,,,,,,,,,,,,,,,,,,,,,,,,,,,,,,,,,,,,,,,,,,,,,,,,,,,,,,,,,
sci-be1b014411ab,rar_science,agentic,15.0,0.0,none,False,133.0,15.0,15.0,34.0,2.2666666666666666,8.799999999999999,0.5866666666666666,0.0,0.0,,,,adaptivity,,,,,,,,,,,,,,,,,,,,,,,,,,,,,,,,,,,,,,,,,,,,,,,,,,,,,,,,,,,,,,,,,
sci-be1b014411ab,rar_science,agentic-tools,11.0,0.0,none,False,133.0,15.0,11.0,34.0,3.090909090909091,9.8,0.890909090909091,0.0,0.0,,,,adaptivity,,,,,,,,,,,,,,,,,,,,,,,,,,,,,,,,,,,,,,,,,,,,,,,,,,,,,,,,,,,,,,,,,
sci-c23a2106d46f,rar_science,shipped,7.0,0.0,none,False,11.0,58.0,7.0,24.0,3.4285714285714284,4.9,0.7000000000000001,0.0,0.0,,,,adaptivity,,,,,,,,,,,,,,,,,,,,,,,,,,,,,,,,,,,,,,,,,,,,,,,,,,,,,,,,,,,,,,,,,
sci-c23a2106d46f,rar_science,baseline,9.0,0.0,none,False,11.0,58.0,9.0,25.0,2.7777777777777777,6.7,0.7444444444444445,0.0,0.0,,,,adaptivity,,,,,,,,,,,,,,,,,,,,,,,,,,,,,,,,,,,,,,,,,,,,,,,,,,,,,,,,,,,,,,,,,
sci-c23a2106d46f,rar_science,agentic,12.0,0.0,none,False,11.0,58.0,12.0,39.0,3.25,9.5,0.7916666666666666,0.0,0.0,,,,adaptivity,,,,,,,,,,,,,,,,,,,,,,,,,,,,,,,,,,,,,,,,,,,,,,,,,,,,,,,,,,,,,,,,,
sci-c23a2106d46f,rar_science,agentic-tools,9.0,0.0,none,False,11.0,58.0,9.0,29.0,3.2222222222222223,6.8999999999999995,0.7666666666666666,0.0,0.0,,,,adaptivity,,,,,,,,,,,,,,,,,,,,,,,,,,,,,,,,,,,,,,,,,,,,,,,,,,,,,,,,,,,,,,,,,
sci-d1dec685a824,rar_science,shipped,7.0,0.0,none,False,30.0,32.0,7.0,27.0,3.857142857142857,5.6,0.7999999999999999,0.0,0.0,,,,adaptivity,,,,,,,,,,,,,,,,,,,,,,,,,,,,,,,,,,,,,,,,,,,,,,,,,,,,,,,,,,,,,,,,,
sci-d1dec685a824,rar_science,baseline,10.0,0.0,none,False,30.0,32.0,10.0,34.0,3.4,8.2,0.82,0.0,0.0,,,,adaptivity,,,,,,,,,,,,,,,,,,,,,,,,,,,,,,,,,,,,,,,,,,,,,,,,,,,,,,,,,,,,,,,,,
sci-d1dec685a824,rar_science,agentic,7.0,0.0,none,False,30.0,32.0,7.0,28.0,4.0,6.3,0.9,0.0,0.0,,,,adaptivity,,,,,,,,,,,,,,,,,,,,,,,,,,,,,,,,,,,,,,,,,,,,,,,,,,,,,,,,,,,,,,,,,
sci-d1dec685a824,rar_science,agentic-tools,7.0,0.0,none,False,30.0,32.0,7.0,21.0,3.0,6.5,0.9285714285714286,0.0,0.0,,,,adaptivity,,,,,,,,,,,,,,,,,,,,,,,,,,,,,,,,,,,,,,,,,,,,,,,,,,,,,,,,,,,,,,,,,
sci-da510f1356cb,rar_science,shipped,7.0,0.0,none,False,41.0,29.0,7.0,23.0,3.2857142857142856,4.9,0.7000000000000001,0.0,0.0,,,,adaptivity,,,,,,,,,,,,,,,,,,,,,,,,,,,,,,,,,,,,,,,,,,,,,,,,,,,,,,,,,,,,,,,,,
sci-da510f1356cb,rar_science,baseline,12.0,0.0,none,False,41.0,29.0,12.0,38.0,3.1666666666666665,9.1,0.7583333333333333,0.0,0.0,,,,adaptivity,,,,,,,,,,,,,,,,,,,,,,,,,,,,,,,,,,,,,,,,,,,,,,,,,,,,,,,,,,,,,,,,,
sci-da510f1356cb,rar_science,agentic,12.0,0.0,none,False,41.0,29.0,12.0,36.0,3.0,9.799999999999999,0.8166666666666665,0.0,0.0,,,,adaptivity,,,,,,,,,,,,,,,,,,,,,,,,,,,,,,,,,,,,,,,,,,,,,,,,,,,,,,,,,,,,,,,,,
sci-da510f1356cb,rar_science,agentic-tools,6.0,0.0,none,False,41.0,29.0,6.0,15.0,2.5,4.3999999999999995,0.7333333333333333,0.0,0.0,,,,adaptivity,,,,,,,,,,,,,,,,,,,,,,,,,,,,,,,,,,,,,,,,,,,,,,,,,,,,,,,,,,,,,,,,,
sci-da7d555f397b,rar_science,shipped,7.0,0.0,none,False,45.0,43.0,7.0,26.0,3.7142857142857144,4.9,0.7000000000000001,0.0,0.0,,,,adaptivity,,,,,,,,,,,,,,,,,,,,,,,,,,,,,,,,,,,,,,,,,,,,,,,,,,,,,,,,,,,,,,,,,
sci-da7d555f397b,rar_science,baseline,9.0,0.0,none,False,45.0,43.0,9.0,28.0,3.111111111111111,5.6,0.6222222222222222,0.0,0.0,,,,adaptivity,,,,,,,,,,,,,,,,,,,,,,,,,,,,,,,,,,,,,,,,,,,,,,,,,,,,,,,,,,,,,,,,,
sci-da7d555f397b,rar_science,agentic,8.0,0.0,none,False,45.0,43.0,8.0,31.0,3.875,7.2,0.9,0.0,0.0,,,,adaptivity,,,,,,,,,,,,,,,,,,,,,,,,,,,,,,,,,,,,,,,,,,,,,,,,,,,,,,,,,,,,,,,,,
sci-da7d555f397b,rar_science,agentic-tools,15.0,0.0,none,False,45.0,43.0,15.0,53.0,3.533333333333333,11.9,0.7933333333333333,0.0,0.0,,,,adaptivity,,,,,,,,,,,,,,,,,,,,,,,,,,,,,,,,,,,,,,,,,,,,,,,,,,,,,,,,,,,,,,,,,
sci-e12680ade60e,rar_science,shipped,9.0,0.0,none,False,116.0,249.0,9.0,34.0,3.7777777777777777,6.6,0.7333333333333333,0.0,0.0,,,,adaptivity,,,,,,,,,,,,,,,,,,,,,,,,,,,,,,,,,,,,,,,,,,,,,,,,,,,,,,,,,,,,,,,,,
sci-e12680ade60e,rar_science,baseline,11.0,0.0,none,False,116.0,249.0,11.0,38.0,3.4545454545454546,8.8,0.8,0.0,0.0,,,,adaptivity,,,,,,,,,,,,,,,,,,,,,,,,,,,,,,,,,,,,,,,,,,,,,,,,,,,,,,,,,,,,,,,,,
sci-e12680ade60e,rar_science,agentic,12.0,0.0,none,False,116.0,249.0,12.0,40.0,3.3333333333333335,11.0,0.9166666666666666,0.0,0.0,,,,adaptivity,,,,,,,,,,,,,,,,,,,,,,,,,,,,,,,,,,,,,,,,,,,,,,,,,,,,,,,,,,,,,,,,,
sci-e12680ade60e,rar_science,agentic-tools,12.0,0.0,none,False,116.0,249.0,12.0,45.0,3.75,9.1,0.7583333333333333,0.0,0.0,,,,adaptivity,,,,,,,,,,,,,,,,,,,,,,,,,,,,,,,,,,,,,,,,,,,,,,,,,,,,,,,,,,,,,,,,,
sci-e74b83fd436a,rar_science,shipped,7.0,0.0,none,False,12.0,154.0,7.0,31.0,4.428571428571429,5.3999999999999995,0.7714285714285714,0.0,0.0,,,,adaptivity,,,,,,,,,,,,,,,,,,,,,,,,,,,,,,,,,,,,,,,,,,,,,,,,,,,,,,,,,,,,,,,,,
sci-e74b83fd436a,rar_science,baseline,9.0,0.0,none,False,12.0,154.0,9.0,35.0,3.888888888888889,7.3,0.8111111111111111,0.0,0.0,,,,adaptivity,,,,,,,,,,,,,,,,,,,,,,,,,,,,,,,,,,,,,,,,,,,,,,,,,,,,,,,,,,,,,,,,,
sci-e74b83fd436a,rar_science,agentic,15.0,0.0,none,False,12.0,154.0,15.0,52.0,3.466666666666667,13.2,0.88,0.0,0.0,,,,adaptivity,,,,,,,,,,,,,,,,,,,,,,,,,,,,,,,,,,,,,,,,,,,,,,,,,,,,,,,,,,,,,,,,,
sci-e74b83fd436a,rar_science,agentic-tools,16.0,0.0,none,False,12.0,154.0,16.0,53.0,3.3125,13.3,0.83125,0.0,0.0,,,,adaptivity,,,,,,,,,,,,,,,,,,,,,,,,,,,,,,,,,,,,,,,,,,,,,,,,,,,,,,,,,,,,,,,,,
sci-ea25bcc0bf72,rar_science,shipped,7.0,0.0,none,False,19.0,25.0,7.0,27.0,3.857142857142857,5.6,0.7999999999999999,0.0,0.0,,,,adaptivity,,,,,,,,,,,,,,,,,,,,,,,,,,,,,,,,,,,,,,,,,,,,,,,,,,,,,,,,,,,,,,,,,
sci-ea25bcc0bf72,rar_science,baseline,7.0,0.0,none,False,19.0,25.0,7.0,24.0,3.4285714285714284,5.6,0.7999999999999999,0.0,0.0,,,,adaptivity,,,,,,,,,,,,,,,,,,,,,,,,,,,,,,,,,,,,,,,,,,,,,,,,,,,,,,,,,,,,,,,,,
sci-ea25bcc0bf72,rar_science,agentic,8.0,0.0,none,False,19.0,25.0,8.0,31.0,3.875,7.5,0.9375,0.0,0.0,,,,adaptivity,,,,,,,,,,,,,,,,,,,,,,,,,,,,,,,,,,,,,,,,,,,,,,,,,,,,,,,,,,,,,,,,,
sci-ea25bcc0bf72,rar_science,agentic-tools,7.0,0.0,none,False,19.0,25.0,7.0,23.0,3.2857142857142856,6.2,0.8857142857142858,0.0,0.0,,,,adaptivity,,,,,,,,,,,,,,,,,,,,,,,,,,,,,,,,,,,,,,,,,,,,,,,,,,,,,,,,,,,,,,,,,
sci-eca9a0437743,rar_science,shipped,7.0,0.0,none,False,30.0,11.0,7.0,29.0,4.142857142857143,6.0,0.8571428571428571,0.0,0.0,,,,adaptivity,,,,,,,,,,,,,,,,,,,,,,,,,,,,,,,,,,,,,,,,,,,,,,,,,,,,,,,,,,,,,,,,,
sci-eca9a0437743,rar_science,baseline,10.0,0.0,none,False,30.0,11.0,10.0,36.0,3.6,8.6,0.86,0.0,0.0,,,,adaptivity,,,,,,,,,,,,,,,,,,,,,,,,,,,,,,,,,,,,,,,,,,,,,,,,,,,,,,,,,,,,,,,,,
sci-eca9a0437743,rar_science,agentic,16.0,0.0,none,False,30.0,11.0,16.0,50.0,3.125,11.4,0.7125,0.0,0.0,,,,adaptivity,,,,,,,,,,,,,,,,,,,,,,,,,,,,,,,,,,,,,,,,,,,,,,,,,,,,,,,,,,,,,,,,,
sci-eca9a0437743,rar_science,agentic-tools,16.0,0.0,none,False,30.0,11.0,16.0,53.0,3.3125,12.6,0.7875,0.0,0.0,,,,adaptivity,,,,,,,,,,,,,,,,,,,,,,,,,,,,,,,,,,,,,,,,,,,,,,,,,,,,,,,,,,,,,,,,,
sci-f6b7d71c6b3c,rar_science,shipped,7.0,0.0,none,False,71.0,21.0,7.0,29.0,4.142857142857143,5.9,0.8428571428571429,0.0,0.0,,,,adaptivity,,,,,,,,,,,,,,,,,,,,,,,,,,,,,,,,,,,,,,,,,,,,,,,,,,,,,,,,,,,,,,,,,
sci-f6b7d71c6b3c,rar_science,baseline,15.0,0.0,none,False,71.0,21.0,15.0,53.0,3.533333333333333,12.9,0.86,0.0,0.0,,,,adaptivity,,,,,,,,,,,,,,,,,,,,,,,,,,,,,,,,,,,,,,,,,,,,,,,,,,,,,,,,,,,,,,,,,
sci-f6b7d71c6b3c,rar_science,agentic,16.0,0.0,none,False,71.0,21.0,16.0,63.0,3.9375,12.799999999999999,0.7999999999999999,0.0,0.0,,,,adaptivity,,,,,,,,,,,,,,,,,,,,,,,,,,,,,,,,,,,,,,,,,,,,,,,,,,,,,,,,,,,,,,,,,
sci-f6b7d71c6b3c,rar_science,agentic-tools,15.0,0.0,none,False,71.0,21.0,15.0,53.0,3.533333333333333,12.6,0.84,0.0,0.0,,,,adaptivity,,,,,,,,,,,,,,,,,,,,,,,,,,,,,,,,,,,,,,,,,,,,,,,,,,,,,,,,,,,,,,,,,
sci-f6b96b82605e,rar_science,shipped,7.0,0.0,none,False,23.0,6.0,7.0,23.0,3.2857142857142856,4.9,0.7000000000000001,0.0,0.0,,,,adaptivity,,,,,,,,,,,,,,,,,,,,,,,,,,,,,,,,,,,,,,,,,,,,,,,,,,,,,,,,,,,,,,,,,
sci-f6b96b82605e,rar_science,baseline,7.0,0.0,none,False,23.0,6.0,7.0,25.0,3.5714285714285716,5.9,0.8428571428571429,0.0,0.0,,,,adaptivity,,,,,,,,,,,,,,,,,,,,,,,,,,,,,,,,,,,,,,,,,,,,,,,,,,,,,,,,,,,,,,,,,
sci-f6b96b82605e,rar_science,agentic,8.0,0.0,none,False,23.0,6.0,8.0,24.0,3.0,6.9,0.8625,0.0,0.0,,,,adaptivity,,,,,,,,,,,,,,,,,,,,,,,,,,,,,,,,,,,,,,,,,,,,,,,,,,,,,,,,,,,,,,,,,
sci-f6b96b82605e,rar_science,agentic-tools,7.0,0.0,none,False,23.0,6.0,7.0,22.0,3.142857142857143,5.6,0.7999999999999999,0.0,0.0,,,,adaptivity,,,,,,,,,,,,,,,,,,,,,,,,,,,,,,,,,,,,,,,,,,,,,,,,,,,,,,,,,,,,,,,,,
sci-f83b10fdfa1f,rar_science,shipped,8.0,4.0,subquestions,False,117.0,120.0,2.0,30.0,3.75,5.9,0.7375,4.0,0.0,0.0,0.46336106870042637,,adaptivity,,,,,,,,,,,,,,,,,,,,,,,,,,,,,,,,,,,,,,,,,,,,,,,,,,,,,,,,,,,,,,,,,
sci-f83b10fdfa1f,rar_science,baseline,10.0,4.0,subquestions,False,117.0,120.0,2.5,41.0,4.1,9.2,0.9199999999999999,4.0,0.0,0.0,0.4702961712970666,,adaptivity,,,,,,,,,,,,,,,,,,,,,,,,,,,,,,,,,,,,,,,,,,,,,,,,,,,,,,,,,,,,,,,,,
sci-f83b10fdfa1f,rar_science,agentic,10.0,4.0,subquestions,False,117.0,120.0,2.5,35.0,3.5,8.5,0.85,4.0,0.0,0.0,0.46835057516065903,,adaptivity,,,,,,,,,,,,,,,,,,,,,,,,,,,,,,,,,,,,,,,,,,,,,,,,,,,,,,,,,,,,,,,,,
sci-f83b10fdfa1f,rar_science,agentic-tools,15.0,4.0,subquestions,False,117.0,120.0,3.75,54.0,3.6,12.9,0.86,4.0,0.0,0.0,0.5748330183930327,,adaptivity,,,,,,,,,,,,,,,,,,,,,,,,,,,,,,,,,,,,,,,,,,,,,,,,,,,,,,,,,,,,,,,,,
med-02a8056b1d15,rar_medicine,shipped,,,,,62.0,90.0,,,,,,,,,,,grounding,10.0,25.0,0.2,1.0,0.8,0.14705882352941177,0.12987012987012986,2.0,0.2,0.0,0.0,4.0,0.1,0.1,0.1,0.1,0.1,0.058823529411764705,0.03896103896103896,0.15523809523809523,0.1,0.2,0.06785714285714287,2.0,10.0,,,,,,,,,,,,,,,,,,,,,,,,,,,,,,,,,,,,,,,,
med-02a8056b1d15,rar_medicine,baseline,,,,,62.0,90.0,,,,,,,,,,,grounding,7.0,25.0,0.0,1.0,1.0,0.0,0.0,2.857142857142857,0.2857142857142857,0.0,0.0,1.0,0.0,0.0,0.0,0.0,0.0,0.0,0.0,0.24285714285714285,0.14285714285714285,0.2857142857142857,0.0,0.0,7.0,,,,,,,,,,,,,,,,,,,,,,,,,,,,,,,,,,,,,,,,
med-02a8056b1d15,rar_medicine,agentic,,,,,62.0,90.0,,,,,,,,,,,grounding,10.0,25.0,0.0,1.0,1.0,0.0,0.0,2.5,0.4,0.0,0.0,1.0,0.0,0.0,0.0,0.0,0.0,0.0,0.0,0.21805555555555553,0.2,0.2,0.03333333333333333,0.0,10.0,,,,,,,,,,,,,,,,,,,,,,,,,,,,,,,,,,,,,,,,
med-02a8056b1d15,rar_medicine,agentic-tools,,,,,62.0,90.0,,,,,,,,,,,grounding,11.0,25.0,0.0,1.0,1.0,0.0,0.0,2.4545454545454546,0.2727272727272727,0.0,0.0,1.0,0.0,0.0,0.0,0.0,0.0,0.0,0.0,0.1800865800865801,0.09090909090909091,0.2727272727272727,0.0,0.0,11.0,,,,,,,,,,,,,,,,,,,,,,,,,,,,,,,,,,,,,,,,
med-27bf6ad66800,rar_medicine,shipped,,,,,175.0,65.0,,,,,,,,,,,grounding,10.0,61.0,0.2,1.0,0.8,0.10344827586206896,0.17647058823529413,1.7,0.4,0.0,0.0,2.0,0.1,0.0,0.1,0.1,0.0,0.10344827586206896,0.10294117647058823,0.075,0.1,0.1,0.0,2.0,10.0,,,,,,,,,,,,,,,,,,,,,,,,,,,,,,,,,,,,,,,,
med-27bf6ad66800,rar_medicine,baseline,,,,,175.0,65.0,,,,,,,,,,,grounding,10.0,61.0,0.3,0.9,0.6000000000000001,0.26666666666666666,0.2857142857142857,2.4,0.3,0.1,0.1,13.0,0.2,0.2,0.2,0.3,0.2,0.3,0.2857142857142857,0.050793650793650794,0.0,0.0,0.016666666666666666,3.0,10.0,,,,,,,,,,,,,,,,,,,,,,,,,,,,,,,,,,,,,,,,
med-27bf6ad66800,rar_medicine,agentic,,,,,175.0,65.0,,,,,,,,,,,grounding,12.0,61.0,0.0,0.9166666666666666,0.9166666666666666,0.0,0.0,3.5833333333333335,0.08333333333333333,0.0,0.0,1.0,0.0,0.08333333333333333,0.0,0.08333333333333333,0.0,0.05555555555555555,0.03614457831325301,0.04834656084656084,0.0,0.0,0.030723905723905723,0.0,12.0,,,,,,,,,,,,,,,,,,,,,,,,,,,,,,,,,,,,,,,,
med-27bf6ad66800,rar_medicine,agentic-tools,,,,,175.0,65.0,,,,,,,,,,,grounding,9.0,61.0,0.0,0.8888888888888888,0.8888888888888888,0.0,0.0,3.3333333333333335,0.0,0.0,0.0,1.0,0.0,0.0,0.0,0.0,0.0,0.0,0.0,0.05489417989417989,0.0,0.0,0.03439153439153439,0.0,9.0,,,,,,,,,,,,,,,,,,,,,,,,,,,,,,,,,,,,,,,,
med-3e58d5c52834,rar_medicine,shipped,,,,,15.0,140.0,,,,,,,,,,,grounding,10.0,43.0,0.2,0.9,0.7,0.1724137931034483,0.23529411764705882,2.3,0.3,0.0,0.0,1.0,0.0,0.5,0.0,0.5,0.2,0.5172413793103449,0.6176470588235293,0.1636904761904762,0.1,0.3,0.016666666666666666,2.0,10.0,,,,,,,,,,,,,,,,,,,,,,,,,,,,,,,,,,,,,,,,
med-3e58d5c52834,rar_medicine,baseline,,,,,15.0,140.0,,,,,,,,,,,grounding,8.0,43.0,0.0,1.0,1.0,0.0,0.0,3.5,0.0,0.0,0.0,1.0,0.0,0.0,0.0,0.0,0.0,0.0,0.0,0.1671626984126984,0.0,0.25,0.0,0.0,8.0,,,,,,,,,,,,,,,,,,,,,,,,,,,,,,,,,,,,,,,,
med-3e58d5c52834,rar_medicine,agentic,,,,,15.0,140.0,,,,,,,,,,,grounding,6.0,43.0,0.0,1.0,1.0,0.0,0.0,4.5,0.0,0.0,0.0,1.0,0.0,0.0,0.0,0.0,0.0,0.0,0.0,0.3416005291005291,0.16666666666666666,0.6666666666666666,0.018518518518518517,0.0,6.0,,,,,,,,,,,,,,,,,,,,,,,,,,,,,,,,,,,,,,,,
med-3e58d5c52834,rar_medicine,agentic-tools,,,,,15.0,140.0,,,,,,,,,,,grounding,8.0,43.0,0.0,1.0,1.0,0.0,0.0,4.875,0.0,0.0,0.0,1.0,0.0,0.0,0.0,0.0,0.0,0.0,0.0,0.22849025974025977,0.25,0.375,0.0,0.0,8.0,,,,,,,,,,,,,,,,,,,,,,,,,,,,,,,,,,,,,,,,
med-44131a7ca41d,rar_medicine,shipped,,,,,35.0,121.0,,,,,,,,,,,grounding,10.0,30.0,0.1,1.0,0.9,0.03125,0.039999999999999994,1.4,0.6,0.0,0.0,3.0,0.1,0.0,0.0,0.0,0.0,0.0,0.0,0.16,0.2,0.2,0.014285714285714285,1.0,10.0,,,,,,,,,,,,,,,,,,,,,,,,,,,,,,,,,,,,,,,,
med-44131a7ca41d,rar_medicine,baseline,,,,,35.0,121.0,,,,,,,,,,,grounding,9.0,30.0,0.0,1.0,1.0,0.0,0.0,2.6666666666666665,0.3333333333333333,0.0,0.0,1.0,0.0,0.1111111111111111,0.0,0.1111111111111111,0.0,0.16129032258064516,0.1388888888888889,0.1815776815776816,0.1111111111111111,0.1111111111111111,0.03131313131313132,0.0,9.0,,,,,,,,,,,,,,,,,,,,,,,,,,,,,,,,,,,,,,,,
med-44131a7ca41d,rar_medicine,agentic,,,,,35.0,121.0,,,,,,,,,,,grounding,15.0,30.0,0.13333333333333333,1.0,0.8666666666666667,0.11904761904761904,0.10638297872340426,1.8666666666666667,0.4666666666666667,0.0,0.0,1.0,0.0,0.0,0.0,0.0,0.0,0.0,0.0,0.19601010101010102,0.13333333333333333,0.3333333333333333,0.02571428571428571,2.0,15.0,,,,,,,,,,,,,,,,,,,,,,,,,,,,,,,,,,,,,,,,
med-44131a7ca41d,rar_medicine,agentic-tools,,,,,35.0,121.0,,,,,,,,,,,grounding,15.0,30.0,0.06666666666666667,1.0,0.9333333333333333,0.057692307692307696,0.05645161290322581,2.3333333333333335,0.4,0.0,0.0,1.0,0.0,0.0,0.0,0.0,0.0,0.0,0.0,0.23284271284271282,0.2,0.3333333333333333,0.040740740740740744,1.0,15.0,,,,,,,,,,,,,,,,,,,,,,,,,,,,,,,,,,,,,,,,
med-44c1b0452475,rar_medicine,shipped,,,,,28.0,64.0,,,,,,,,,,,grounding,9.0,27.0,0.0,0.8888888888888888,0.8888888888888888,0.0,0.0,3.7777777777777777,0.0,0.0,0.0,1.0,0.0,0.1111111111111111,0.1111111111111111,0.1111111111111111,0.0,0.03571428571428571,0.047619047619047616,0.18333333333333332,0.1111111111111111,0.3333333333333333,0.05291005291005291,0.0,9.0,,,,,,,,,,,,,,,,,,,,,,,,,,,,,,,,,,,,,,,,
med-44c1b0452475,rar_medicine,baseline,,,,,28.0,64.0,,,,,,,,,,,grounding,5.0,27.0,0.2,0.8,0.6000000000000001,0.06666666666666667,0.08333333333333334,4.2,0.4,0.2,0.2,13.0,0.4,0.2,0.2,0.2,0.2,0.06666666666666667,0.08333333333333334,0.17835497835497832,0.0,0.2,0.1,1.0,5.0,,,,,,,,,,,,,,,,,,,,,,,,,,,,,,,,,,,,,,,,
med-44c1b0452475,rar_medicine,agentic,,,,,28.0,64.0,,,,,,,,,,,grounding,7.0,27.0,0.0,1.0,1.0,0.0,0.0,6.285714285714286,0.0,0.0,0.0,2.0,0.2857142857142857,0.0,0.0,0.0,0.0,0.0,0.0,0.3415750915750916,0.2857142857142857,0.5714285714285714,0.20649350649350648,0.0,7.0,,,,,,,,,,,,,,,,,,,,,,,,,,,,,,,,,,,,,,,,
med-44c1b0452475,rar_medicine,agentic-tools,,,,,28.0,64.0,,,,,,,,,,,grounding,5.0,27.0,0.0,1.0,1.0,0.0,0.0,6.6,0.0,0.0,0.0,1.0,0.0,0.0,0.0,0.0,0.0,0.0,0.0,0.2015873015873016,0.0,0.0,0.08,0.0,5.0,,,,,,,,,,,,,,,,,,,,,,,,,,,,,,,,,,,,,,,,
med-45b65c37ae12,rar_medicine,shipped,,,,,32.0,90.0,,,,,,,,,,,grounding,10.0,17.0,0.2,1.0,0.8,0.17647058823529413,0.1940298507462687,2.3,0.4,0.0,0.0,2.0,0.1,0.2,0.1,0.2,0.2,0.17647058823529413,0.1940298507462687,0.08214285714285714,0.1,0.1,0.07575757575757576,2.0,10.0,,,,,,,,,,,,,,,,,,,,,,,,,,,,,,,,,,,,,,,,
med-45b65c37ae12,rar_medicine,baseline,,,,,32.0,90.0,,,,,,,,,,,grounding,9.0,17.0,0.3333333333333333,1.0,0.6666666666666667,0.3,0.31884057971014496,2.2222222222222223,0.3333333333333333,0.0,0.0,4.0,0.2222222222222222,0.2222222222222222,0.1111111111111111,0.2222222222222222,0.2222222222222222,0.23333333333333334,0.18840579710144928,0.17946127946127946,0.2222222222222222,0.3333333333333333,0.06349206349206349,3.0,9.0,,,,,,,,,,,,,,,,,,,,,,,,,,,,,,,,,,,,,,,,
med-45b65c37ae12,rar_medicine,agentic,,,,,32.0,90.0,,,,,,,,,,,grounding,10.0,17.0,0.1,1.0,0.9,0.0625,0.047619047619047616,1.8,0.5,0.0,0.0,1.0,0.0,0.0,0.0,0.0,0.0,0.0,0.0,0.25285714285714284,0.3,0.4,0.04,1.0,10.0,,,,,,,,,,,,,,,,,,,,,,,,,,,,,,,,,,,,,,,,
med-45b65c37ae12,rar_medicine,agentic-tools,,,,,32.0,90.0,,,,,,,,,,,grounding,10.0,17.0,0.0,1.0,1.0,0.0,0.0,2.1,0.3,0.0,0.0,1.0,0.0,0.0,0.0,0.0,0.0,0.0,0.0,0.08,0.0,0.2,0.0,0.0,10.0,,,,,,,,,,,,,,,,,,,,,,,,,,,,,,,,,,,,,,,,
med-53e3b6247ade,rar_medicine,shipped,,,,,64.0,137.0,,,,,,,,,,,grounding,10.0,34.0,0.2,0.9,0.7,0.07142857142857142,0.19047619047619047,2.8,0.3,0.0,0.0,3.0,0.1,0.2,0.1,0.2,0.1,0.07142857142857142,0.09523809523809523,0.13083333333333333,0.0,0.2,0.0,2.0,10.0,,,,,,,,,,,,,,,,,,,,,,,,,,,,,,,,,,,,,,,,
med-53e3b6247ade,rar_medicine,baseline,,,,,64.0,137.0,,,,,,,,,,,grounding,9.0,34.0,0.1111111111111111,0.8888888888888888,0.7777777777777777,0.07692307692307693,0.14516129032258066,3.2222222222222223,0.3333333333333333,0.0,0.0,1.0,0.0,0.0,0.0,0.0,0.0,0.0,0.0,0.19832143165476498,0.1111111111111111,0.3333333333333333,0.0,1.0,9.0,,,,,,,,,,,,,,,,,,,,,,,,,,,,,,,,,,,,,,,,
med-53e3b6247ade,rar_medicine,agentic,,,,,64.0,137.0,,,,,,,,,,,grounding,11.0,34.0,0.0,0.9090909090909091,0.9090909090909091,0.0,0.0,4.454545454545454,0.09090909090909091,0.0,0.0,1.0,0.0,0.0,0.0,0.0,0.0,0.0,0.0,0.1906898656898657,0.09090909090909091,0.36363636363636365,0.055739210284664824,0.0,11.0,,,,,,,,,,,,,,,,,,,,,,,,,,,,,,,,,,,,,,,,
med-53e3b6247ade,rar_medicine,agentic-tools,,,,,64.0,137.0,,,,,,,,,,,grounding,12.0,34.0,0.08333333333333333,0.9166666666666666,0.8333333333333333,0.045454545454545456,0.09375,3.3333333333333335,0.25,0.0,0.0,1.0,0.0,0.0,0.0,0.0,0.0,0.0,0.0,0.20179172679172677,0.08333333333333333,0.3333333333333333,0.018518518518518517,1.0,12.0,,,,,,,,,,,,,,,,,,,,,,,,,,,,,,,,,,,,,,,,
med-5a729ac36da6,rar_medicine,shipped,,,,,19.0,53.0,,,,,,,,,,,grounding,8.0,16.0,0.125,1.0,0.875,0.08333333333333333,0.05454545454545454,2.125,0.375,0.125,0.125,15.0,0.125,0.375,0.125,0.375,0.125,0.4583333333333333,0.36363636363636365,0.022727272727272728,0.0,0.0,0.0125,1.0,8.0,,,,,,,,,,,,,,,,,,,,,,,,,,,,,,,,,,,,,,,,
med-5a729ac36da6,rar_medicine,baseline,,,,,19.0,53.0,,,,,,,,,,,grounding,10.0,16.0,0.2,1.0,0.8,0.05555555555555555,0.1411764705882353,1.4,0.5,0.1,0.1,13.0,0.1,0.6,0.1,0.6,0.1,0.6944444444444444,0.5882352941176471,0.0,0.0,0.0,0.0,2.0,10.0,,,,,,,,,,,,,,,,,,,,,,,,,,,,,,,,,,,,,,,,
med-5a729ac36da6,rar_medicine,agentic,,,,,19.0,53.0,,,,,,,,,,,grounding,6.0,16.0,0.0,1.0,1.0,0.0,0.0,5.0,0.0,0.0,0.0,2.0,0.3333333333333333,0.0,0.0,0.0,0.0,0.0,0.0,0.16262626262626262,0.0,0.3333333333333333,0.09999999999999999,0.0,6.0,,,,,,,,,,,,,,,,,,,,,,,,,,,,,,,,,,,,,,,,
med-5a729ac36da6,rar_medicine,agentic-tools,,,,,19.0,53.0,,,,,,,,,,,grounding,9.0,16.0,0.0,1.0,1.0,0.0,0.0,2.0,0.4444444444444444,0.0,0.0,1.0,0.0,0.1111111111111111,0.0,0.1111111111111111,0.0,0.2,0.11666666666666665,0.09259259259259259,0.1111111111111111,0.2222222222222222,0.0,0.0,9.0,,,,,,,,,,,,,,,,,,,,,,,,,,,,,,,,,,,,,,,,
med-5c4c1ea586d0,rar_medicine,shipped,,,,,27.0,88.0,,,,,,,,,,,grounding,10.0,24.0,0.3,1.0,0.7,0.14814814814814814,0.23076923076923078,1.7,0.4,0.0,0.0,4.0,0.1,0.2,0.2,0.2,0.2,0.1111111111111111,0.0923076923076923,0.09821428571428571,0.0,0.2,0.016666666666666666,3.0,10.0,,,,,,,,,,,,,,,,,,,,,,,,,,,,,,,,,,,,,,,,
med-5c4c1ea586d0,rar_medicine,baseline,,,,,27.0,88.0,,,,,,,,,,,grounding,9.0,24.0,0.2222222222222222,1.0,0.7777777777777778,0.14814814814814814,0.22222222222222224,2.0,0.3333333333333333,0.0,0.0,1.0,0.0,0.1111111111111111,0.1111111111111111,0.2222222222222222,0.1111111111111111,0.18518518518518517,0.19444444444444442,0.12777777777777777,0.0,0.2222222222222222,0.015873015873015872,2.0,9.0,,,,,,,,,,,,,,,,,,,,,,,,,,,,,,,,,,,,,,,,
med-5c4c1ea586d0,rar_medicine,agentic,,,,,27.0,88.0,,,,,,,,,,,grounding,10.0,24.0,0.0,1.0,1.0,0.0,0.0,3.6,0.1,0.0,0.0,1.0,0.0,0.0,0.0,0.0,0.0,0.0,0.0,0.15643523143523144,0.0,0.2,0.008333333333333333,0.0,10.0,,,,,,,,,,,,,,,,,,,,,,,,,,,,,,,,,,,,,,,,
med-5c4c1ea586d0,rar_medicine,agentic-tools,,,,,27.0,88.0,,,,,,,,,,,grounding,11.0,24.0,0.0,1.0,1.0,0.0,0.0,4.181818181818182,0.0,0.0,0.0,1.0,0.0,0.0,0.0,0.0,0.0,0.0,0.0,0.227280443857984,0.18181818181818182,0.2727272727272727,0.09555785123966941,0.0,11.0,,,,,,,,,,,,,,,,,,,,,,,,,,,,,,,,,,,,,,,,
med-6c38d46aa8e9,rar_medicine,shipped,,,,,22.0,166.0,,,,,,,,,,,grounding,11.0,37.0,0.0,1.0,1.0,0.0,0.0,3.3636363636363638,0.2727272727272727,0.0,0.0,2.0,0.09090909090909091,0.2727272727272727,0.0,0.2727272727272727,0.0,0.21212121212121213,0.3055555555555555,0.12121212121212123,0.09090909090909091,0.09090909090909091,0.0,0.0,11.0,,,,,,,,,,,,,,,,,,,,,,,,,,,,,,,,,,,,,,,,
med-6c38d46aa8e9,rar_medicine,baseline,,,,,22.0,166.0,,,,,,,,,,,grounding,10.0,37.0,0.1,1.0,0.9,0.02857142857142857,0.03658536585365853,4.2,0.1,0.0,0.0,6.0,0.1,0.2,0.1,0.2,0.1,0.17142857142857143,0.15853658536585363,0.12833333333333333,0.0,0.1,0.026785714285714284,1.0,10.0,,,,,,,,,,,,,,,,,,,,,,,,,,,,,,,,,,,,,,,,
med-6c38d46aa8e9,rar_medicine,agentic,,,,,22.0,166.0,,,,,,,,,,,grounding,12.0,37.0,0.0,1.0,1.0,0.0,0.0,5.666666666666667,0.0,0.0,0.0,1.0,0.0,0.0,0.0,0.0,0.0,0.0,0.0,0.20066738816738816,0.08333333333333333,0.16666666666666666,0.037037037037037035,0.0,12.0,,,,,,,,,,,,,,,,,,,,,,,,,,,,,,,,,,,,,,,,
med-6c38d46aa8e9,rar_medicine,agentic-tools,,,,,22.0,166.0,,,,,,,,,,,grounding,11.0,37.0,0.0,1.0,1.0,0.0,0.0,6.181818181818182,0.0,0.0,0.0,1.0,0.0,0.0,0.0,0.0,0.0,0.0,0.0,0.3045530227348409,0.18181818181818182,0.45454545454545453,0.0404040404040404,0.0,11.0,,,,,,,,,,,,,,,,,,,,,,,,,,,,,,,,,,,,,,,,
med-75b39d0ce8c6,rar_medicine,shipped,,,,,27.0,65.0,,,,,,,,,,,grounding,10.0,22.0,0.2,1.0,0.8,0.11538461538461539,0.09374999999999999,2.9,0.3,0.1,0.1,15.0,0.2,0.2,0.1,0.2,0.1,0.23076923076923078,0.203125,0.08789682539682539,0.1,0.1,0.026785714285714284,2.0,10.0,,,,,,,,,,,,,,,,,,,,,,,,,,,,,,,,,,,,,,,,
med-75b39d0ce8c6,rar_medicine,baseline,,,,,27.0,65.0,,,,,,,,,,,grounding,7.0,22.0,0.14285714285714285,1.0,0.8571428571428572,0.05263157894736842,0.0625,3.857142857142857,0.14285714285714285,0.0,0.0,1.0,0.0,0.14285714285714285,0.14285714285714285,0.14285714285714285,0.14285714285714285,0.05263157894736842,0.0625,0.18911564625850338,0.14285714285714285,0.2857142857142857,0.0,1.0,7.0,,,,,,,,,,,,,,,,,,,,,,,,,,,,,,,,,,,,,,,,
med-75b39d0ce8c6,rar_medicine,agentic,,,,,27.0,65.0,,,,,,,,,,,grounding,11.0,22.0,0.09090909090909091,1.0,0.9090909090909091,0.05714285714285714,0.11842105263157894,3.1818181818181817,0.09090909090909091,0.0,0.0,1.0,0.0,0.0,0.0,0.0,0.0,0.0,0.0,0.18409090909090908,0.0,0.45454545454545453,0.0,1.0,11.0,,,,,,,,,,,,,,,,,,,,,,,,,,,,,,,,,,,,,,,,
med-75b39d0ce8c6,rar_medicine,agentic-tools,,,,,27.0,65.0,,,,,,,,,,,grounding,11.0,22.0,0.09090909090909091,1.0,0.9090909090909091,0.06451612903225806,0.12000000000000001,3.909090909090909,0.09090909090909091,0.0,0.0,1.0,0.0,0.0,0.0,0.0,0.0,0.0,0.0,0.060684769775678854,0.0,0.0,0.0303030303030303,1.0,11.0,,,,,,,,,,,,,,,,,,,,,,,,,,,,,,,,,,,,,,,,
med-769d6769c7d8,rar_medicine,shipped,,,,,42.0,131.0,,,,,,,,,,,grounding,12.0,39.0,0.08333333333333333,1.0,0.9166666666666666,0.027777777777777776,0.03529411764705882,2.75,0.25,0.0,0.0,3.0,0.08333333333333333,0.16666666666666666,0.16666666666666666,0.25,0.08333333333333333,0.1388888888888889,0.15294117647058825,0.0863095238095238,0.0,0.0,0.0,1.0,12.0,,,,,,,,,,,,,,,,,,,,,,,,,,,,,,,,,,,,,,,,
med-769d6769c7d8,rar_medicine,baseline,,,,,42.0,131.0,,,,,,,,,,,grounding,8.0,39.0,0.125,1.0,0.875,0.034482758620689655,0.045454545454545456,3.375,0.25,0.125,0.125,13.0,0.125,0.125,0.125,0.125,0.125,0.034482758620689655,0.045454545454545456,0.15795454545454546,0.0,0.25,0.0,1.0,8.0,,,,,,,,,,,,,,,,,,,,,,,,,,,,,,,,,,,,,,,,
med-769d6769c7d8,rar_medicine,agentic,,,,,42.0,131.0,,,,,,,,,,,grounding,15.0,39.0,0.0,1.0,1.0,0.0,0.0,3.6666666666666665,0.06666666666666667,0.0,0.0,2.0,0.13333333333333333,0.0,0.26666666666666666,0.26666666666666666,0.0,0.22033898305084745,0.26515151515151514,0.22772486772486772,0.13333333333333333,0.26666666666666666,0.0,0.0,15.0,,,,,,,,,,,,,,,,,,,,,,,,,,,,,,,,,,,,,,,,
med-769d6769c7d8,rar_medicine,agentic-tools,,,,,42.0,131.0,,,,,,,,,,,grounding,15.0,39.0,0.0,1.0,1.0,0.0,0.0,4.466666666666667,0.0,0.0,0.0,1.0,0.0,0.0,0.2,0.2,0.0,0.24489795918367346,0.24786324786324784,0.21544205794205798,0.13333333333333333,0.3333333333333333,0.0,0.0,15.0,,,,,,,,,,,,,,,,,,,,,,,,,,,,,,,,,,,,,,,,
med-8227a3f56ff4,rar_medicine,shipped,,,,,52.0,71.0,,,,,,,,,,,grounding,10.0,18.0,0.3,1.0,0.7,0.3333333333333333,0.26666666666666666,1.7,0.5,0.0,0.0,3.0,0.1,0.4,0.1,0.4,0.2,0.5151515151515151,0.44,0.13611111111111113,0.1,0.2,0.05833333333333333,3.0,10.0,,,,,,,,,,,,,,,,,,,,,,,,,,,,,,,,,,,,,,,,
med-8227a3f56ff4,rar_medicine,baseline,,,,,52.0,71.0,,,,,,,,,,,grounding,8.0,18.0,0.125,0.875,0.75,0.04,0.048387096774193554,1.625,0.625,0.0,0.0,1.0,0.0,0.5,0.125,0.5,0.125,0.48,0.467741935483871,0.11785714285714285,0.125,0.125,0.0,1.0,8.0,,,,,,,,,,,,,,,,,,,,,,,,,,,,,,,,,,,,,,,,
med-8227a3f56ff4,rar_medicine,agentic,,,,,52.0,71.0,,,,,,,,,,,grounding,9.0,18.0,0.0,1.0,1.0,0.0,0.0,2.888888888888889,0.1111111111111111,0.0,0.0,1.0,0.0,0.0,0.0,0.0,0.0,0.0,0.0,0.0564373897707231,0.0,0.0,0.022222222222222223,0.0,9.0,,,,,,,,,,,,,,,,,,,,,,,,,,,,,,,,,,,,,,,,
med-8227a3f56ff4,rar_medicine,agentic-tools,,,,,52.0,71.0,,,,,,,,,,,grounding,6.0,18.0,0.0,1.0,1.0,0.0,0.0,2.0,0.3333333333333333,0.0,0.0,1.0,0.0,0.0,0.0,0.0,0.0,0.0,0.0,0.1523809523809524,0.16666666666666666,0.16666666666666666,0.0,0.0,6.0,,,,,,,,,,,,,,,,,,,,,,,,,,,,,,,,,,,,,,,,
med-82b936c85c28,rar_medicine,shipped,,,,,14.0,118.0,,,,,,,,,,,grounding,8.0,30.0,0.25,1.0,0.75,0.125,0.23076923076923078,2.0,0.375,0.0,0.0,3.0,0.125,0.125,0.75,0.75,0.25,0.75,0.8076923076923078,0.2424107142857143,0.25,0.375,0.0,2.0,8.0,,,,,,,,,,,,,,,,,,,,,,,,,,,,,,,,,,,,,,,,
med-82b936c85c28,rar_medicine,baseline,,,,,14.0,118.0,,,,,,,,,,,grounding,9.0,30.0,0.2222222222222222,1.0,0.7777777777777778,0.16666666666666666,0.14492753623188406,1.2222222222222223,0.6666666666666666,0.0,0.0,3.0,0.1111111111111111,0.1111111111111111,1.0,1.0,0.2222222222222222,1.0,1.0,0.21626984126984128,0.2222222222222222,0.2222222222222222,0.027777777777777776,2.0,9.0,,,,,,,,,,,,,,,,,,,,,,,,,,,,,,,,,,,,,,,,
med-82b936c85c28,rar_medicine,agentic,,,,,14.0,118.0,,,,,,,,,,,grounding,12.0,30.0,0.08333333333333333,1.0,0.9166666666666666,0.02857142857142857,0.10227272727272727,2.5,0.25,0.0,0.0,1.0,0.0,0.0,0.5833333333333334,0.5833333333333334,0.08333333333333333,0.5714285714285714,0.5795454545454546,0.24609788359788362,0.25,0.4166666666666667,0.0,1.0,12.0,,,,,,,,,,,,,,,,,,,,,,,,,,,,,,,,,,,,,,,,
med-82b936c85c28,rar_medicine,agentic-tools,,,,,14.0,118.0,,,,,,,,,,,grounding,10.0,30.0,0.0,1.0,1.0,0.0,0.0,2.5,0.1,0.0,0.0,1.0,0.0,0.0,0.8,0.8,0.0,0.8181818181818182,0.8684210526315789,0.17928321678321676,0.2,0.2,0.0,0.0,10.0,,,,,,,,,,,,,,,,,,,,,,,,,,,,,,,,,,,,,,,,
med-91ae4098e221,rar_medicine,shipped,,,,,27.0,65.0,,,,,,,,,,,grounding,10.0,10.0,0.1,1.0,0.9,0.07692307692307693,0.05084745762711865,2.2,0.2,0.0,0.0,1.0,0.0,0.3,0.8,0.8,0.1,0.8076923076923077,0.8305084745762712,0.23035714285714287,0.2,0.2,0.0,1.0,10.0,,,,,,,,,,,,,,,,,,,,,,,,,,,,,,,,,,,,,,,,
med-91ae4098e221,rar_medicine,baseline,,,,,27.0,65.0,,,,,,,,,,,grounding,9.0,10.0,0.1111111111111111,1.0,0.8888888888888888,0.037037037037037035,0.046153846153846156,2.3333333333333335,0.2222222222222222,0.0,0.0,6.0,0.1111111111111111,0.2222222222222222,0.7777777777777778,0.7777777777777778,0.1111111111111111,0.7407407407407407,0.8,0.15568783068783068,0.1111111111111111,0.3333333333333333,0.044444444444444446,1.0,9.0,,,,,,,,,,,,,,,,,,,,,,,,,,,,,,,,,,,,,,,,
med-91ae4098e221,rar_medicine,agentic,,,,,27.0,65.0,,,,,,,,,,,grounding,7.0,10.0,0.0,1.0,1.0,0.0,0.0,2.4285714285714284,0.14285714285714285,0.0,0.0,1.0,0.0,0.14285714285714285,0.42857142857142855,0.42857142857142855,0.0,0.44,0.3888888888888888,0.38061224489795914,0.42857142857142855,0.42857142857142855,0.03571428571428571,0.0,7.0,,,,,,,,,,,,,,,,,,,,,,,,,,,,,,,,,,,,,,,,
med-91ae4098e221,rar_medicine,agentic-tools,,,,,27.0,65.0,,,,,,,,,,,grounding,9.0,10.0,0.1111111111111111,1.0,0.8888888888888888,0.07692307692307693,0.14516129032258066,1.7777777777777777,0.1111111111111111,0.0,0.0,1.0,0.0,0.1111111111111111,0.3333333333333333,0.3333333333333333,0.0,0.34615384615384615,0.27419354838709675,0.17037037037037037,0.1111111111111111,0.2222222222222222,0.027777777777777776,1.0,9.0,,,,,,,,,,,,,,,,,,,,,,,,,,,,,,,,,,,,,,,,
med-931e7fb4de55,rar_medicine,shipped,,,,,53.0,95.0,,,,,,,,,,,grounding,10.0,37.0,0.3,1.0,0.7,0.1875,0.1733333333333333,2.6,0.4,0.0,0.0,9.0,0.3,0.1,0.2,0.2,0.2,0.09375,0.07999999999999999,0.1680952380952381,0.0,0.4,0.05555555555555556,3.0,10.0,,,,,,,,,,,,,,,,,,,,,,,,,,,,,,,,,,,,,,,,
med-931e7fb4de55,rar_medicine,baseline,,,,,53.0,95.0,,,,,,,,,,,grounding,7.0,37.0,0.0,1.0,1.0,0.0,0.0,2.7142857142857144,0.14285714285714285,0.0,0.0,3.0,0.14285714285714285,0.0,0.0,0.0,0.0,0.0,0.0,0.047619047619047616,0.0,0.14285714285714285,0.05357142857142857,0.0,7.0,,,,,,,,,,,,,,,,,,,,,,,,,,,,,,,,,,,,,,,,
med-931e7fb4de55,rar_medicine,agentic,,,,,53.0,95.0,,,,,,,,,,,grounding,10.0,37.0,0.0,1.0,1.0,0.0,0.0,4.1,0.0,0.0,0.0,1.0,0.0,0.0,0.0,0.0,0.0,0.0,0.0,0.2081349206349207,0.1,0.3,0.02857142857142857,0.0,10.0,,,,,,,,,,,,,,,,,,,,,,,,,,,,,,,,,,,,,,,,
med-931e7fb4de55,rar_medicine,agentic-tools,,,,,53.0,95.0,,,,,,,,,,,grounding,8.0,37.0,0.0,1.0,1.0,0.0,0.0,4.125,0.0,0.0,0.0,1.0,0.0,0.0,0.0,0.0,0.0,0.0,0.0,0.20238095238095238,0.125,0.25,0.03125,0.0,8.0,,,,,,,,,,,,,,,,,,,,,,,,,,,,,,,,,,,,,,,,
med-960f0934dd5d,rar_medicine,shipped,,,,,12.0,60.0,,,,,,,,,,,grounding,9.0,15.0,0.3333333333333333,1.0,0.6666666666666667,0.16,0.1607142857142857,2.4444444444444446,0.3333333333333333,0.0,0.0,2.0,0.1111111111111111,0.5555555555555556,0.1111111111111111,0.5555555555555556,0.1111111111111111,0.6,0.6428571428571428,0.14351851851851852,0.1111111111111111,0.2222222222222222,0.0,3.0,9.0,,,,,,,,,,,,,,,,,,,,,,,,,,,,,,,,,,,,,,,,
med-960f0934dd5d,rar_medicine,baseline,,,,,12.0,60.0,,,,,,,,,,,grounding,6.0,15.0,0.16666666666666666,1.0,0.8333333333333334,0.0625,0.06666666666666667,3.3333333333333335,0.3333333333333333,0.16666666666666666,0.16666666666666666,13.0,0.3333333333333333,0.8333333333333334,0.16666666666666666,0.8333333333333334,0.16666666666666666,0.9375,0.7999999999999999,0.11706349206349205,0.0,0.0,0.0,1.0,6.0,,,,,,,,,,,,,,,,,,,,,,,,,,,,,,,,,,,,,,,,
med-960f0934dd5d,rar_medicine,agentic,,,,,12.0,60.0,,,,,,,,,,,grounding,7.0,15.0,0.0,1.0,1.0,0.0,0.0,3.5714285714285716,0.0,0.0,0.0,1.0,0.0,0.0,0.0,0.0,0.0,0.0,0.0,0.2649659863945578,0.14285714285714285,0.2857142857142857,0.19047619047619047,0.0,7.0,,,,,,,,,,,,,,,,,,,,,,,,,,,,,,,,,,,,,,,,
med-960f0934dd5d,rar_medicine,agentic-tools,,,,,12.0,60.0,,,,,,,,,,,grounding,6.0,15.0,0.0,1.0,1.0,0.0,0.0,3.3333333333333335,0.16666666666666666,0.0,0.0,1.0,0.0,0.0,0.0,0.0,0.0,0.0,0.0,0.14814814814814814,0.0,0.16666666666666666,0.07765151515151515,0.0,6.0,,,,,,,,,,,,,,,,,,,,,,,,,,,,,,,,,,,,,,,,
med-a5b48b2e083f,rar_medicine,shipped,,,,,58.0,74.0,,,,,,,,,,,grounding,9.0,15.0,0.4444444444444444,1.0,0.5555555555555556,0.2962962962962963,0.3728813559322034,0.8888888888888888,0.7777777777777778,0.0,0.0,9.0,0.2222222222222222,0.1111111111111111,0.1111111111111111,0.1111111111111111,0.1111111111111111,0.07407407407407407,0.05084745762711864,0.06666666666666668,0.0,0.0,0.0,4.0,9.0,,,,,,,,,,,,,,,,,,,,,,,,,,,,,,,,,,,,,,,,
med-a5b48b2e083f,rar_medicine,baseline,,,,,58.0,74.0,,,,,,,,,,,grounding,7.0,15.0,0.2857142857142857,1.0,0.7142857142857143,0.2,0.3076923076923077,1.7142857142857142,0.42857142857142855,0.0,0.0,1.0,0.0,0.14285714285714285,0.0,0.14285714285714285,0.0,0.25,0.1923076923076923,0.12193877551020407,0.0,0.2857142857142857,0.0,2.0,7.0,,,,,,,,,,,,,,,,,,,,,,,,,,,,,,,,,,,,,,,,
med-a5b48b2e083f,rar_medicine,agentic,,,,,58.0,74.0,,,,,,,,,,,grounding,11.0,15.0,0.18181818181818182,1.0,0.8181818181818181,0.1111111111111111,0.09374999999999997,1.5454545454545454,0.45454545454545453,0.0,0.0,1.0,0.0,0.0,0.0,0.0,0.0,0.0,0.0,0.07121212121212121,0.0,0.09090909090909091,0.024793388429752063,2.0,11.0,,,,,,,,,,,,,,,,,,,,,,,,,,,,,,,,,,,,,,,,
med-a5b48b2e083f,rar_medicine,agentic-tools,,,,,58.0,74.0,,,,,,,,,,,grounding,7.0,15.0,0.0,1.0,1.0,0.0,0.0,2.142857142857143,0.2857142857142857,0.0,0.0,1.0,0.0,0.0,0.0,0.0,0.0,0.0,0.0,0.14991754277468564,0.14285714285714285,0.14285714285714285,0.0,0.0,7.0,,,,,,,,,,,,,,,,,,,,,,,,,,,,,,,,,,,,,,,,
med-ac6f5e1f72e2,rar_medicine,shipped,,,,,56.0,63.0,,,,,,,,,,,grounding,10.0,21.0,0.2,1.0,0.8,0.12903225806451613,0.14285714285714285,2.4,0.3,0.0,0.0,9.0,0.3,0.3,0.1,0.3,0.2,0.22580645161290322,0.24285714285714285,0.17095238095238097,0.1,0.2,0.0,2.0,10.0,,,,,,,,,,,,,,,,,,,,,,,,,,,,,,,,,,,,,,,,
med-ac6f5e1f72e2,rar_medicine,baseline,,,,,56.0,63.0,,,,,,,,,,,grounding,9.0,21.0,0.1111111111111111,1.0,0.8888888888888888,0.03571428571428571,0.043478260869565216,2.7777777777777777,0.2222222222222222,0.0,0.0,3.0,0.1111111111111111,0.3333333333333333,0.2222222222222222,0.4444444444444444,0.1111111111111111,0.4642857142857143,0.3913043478260869,0.039316239316239315,0.0,0.0,0.009259259259259259,1.0,9.0,,,,,,,,,,,,,,,,,,,,,,,,,,,,,,,,,,,,,,,,
med-ac6f5e1f72e2,rar_medicine,agentic,,,,,56.0,63.0,,,,,,,,,,,grounding,10.0,21.0,0.0,1.0,1.0,0.0,0.0,3.5,0.0,0.0,0.0,1.0,0.0,0.0,0.0,0.0,0.0,0.0,0.0,0.13999999999999999,0.0,0.2,0.016666666666666666,0.0,10.0,,,,,,,,,,,,,,,,,,,,,,,,,,,,,,,,,,,,,,,,
med-ac6f5e1f72e2,rar_medicine,agentic-tools,,,,,56.0,63.0,,,,,,,,,,,grounding,10.0,21.0,0.0,1.0,1.0,0.0,0.0,3.8,0.0,0.0,0.0,1.0,0.0,0.0,0.0,0.0,0.0,0.0,0.0,0.07916666666666666,0.0,0.1,0.025,0.0,10.0,,,,,,,,,,,,,,,,,,,,,,,,,,,,,,,,,,,,,,,,
med-b2be91e4d044,rar_medicine,shipped,,,,,26.0,275.0,,,,,,,,,,,grounding,11.0,70.0,0.0,0.9090909090909091,0.9090909090909091,0.0,0.0,2.4545454545454546,0.2727272727272727,0.0,0.0,1.0,0.0,0.09090909090909091,0.09090909090909091,0.09090909090909091,0.0,0.058823529411764705,0.038461538461538464,0.1717171717171717,0.09090909090909091,0.36363636363636365,0.011363636363636364,0.0,11.0,,,,,,,,,,,,,,,,,,,,,,,,,,,,,,,,,,,,,,,,
med-b2be91e4d044,rar_medicine,baseline,,,,,26.0,275.0,,,,,,,,,,,grounding,12.0,70.0,0.08333333333333333,0.8333333333333334,0.75,0.11627906976744186,0.1020408163265306,2.5,0.4166666666666667,0.0,0.0,1.0,0.0,0.0,0.0,0.0,0.0,0.0,0.0,0.3179563492063492,0.3333333333333333,0.5,0.023237179487179488,1.0,12.0,,,,,,,,,,,,,,,,,,,,,,,,,,,,,,,,,,,,,,,,
med-b2be91e4d044,rar_medicine,agentic,,,,,26.0,275.0,,,,,,,,,,,grounding,16.0,70.0,0.0,0.9375,0.9375,0.0,0.0,4.3125,0.1875,0.0,0.0,1.0,0.0,0.0,0.0625,0.0625,0.0,0.07272727272727272,0.05384615384615384,0.24962277306027306,0.1875,0.375,0.015178571428571428,0.0,16.0,,,,,,,,,,,,,,,,,,,,,,,,,,,,,,,,,,,,,,,,
med-b2be91e4d044,rar_medicine,agentic-tools,,,,,26.0,275.0,,,,,,,,,,,grounding,13.0,70.0,0.0,0.8461538461538461,0.8461538461538461,0.0,0.0,2.923076923076923,0.0,0.0,0.0,1.0,0.0,0.0,0.07692307692307693,0.07692307692307693,0.0,0.07692307692307693,0.08333333333333334,0.25954045954045957,0.23076923076923078,0.46153846153846156,0.0,0.0,13.0,,,,,,,,,,,,,,,,,,,,,,,,,,,,,,,,,,,,,,,,
med-ba0b7452f8cd,rar_medicine,shipped,,,,,12.0,73.0,,,,,,,,,,,grounding,8.0,21.0,0.125,1.0,0.875,0.08333333333333333,0.06122448979591837,3.75,0.25,0.0,0.0,3.0,0.125,0.125,0.625,0.625,0.125,0.5416666666666666,0.46938775510204084,0.3263888888888889,0.375,0.5,0.011363636363636364,1.0,8.0,,,,,,,,,,,,,,,,,,,,,,,,,,,,,,,,,,,,,,,,
med-ba0b7452f8cd,rar_medicine,baseline,,,,,12.0,73.0,,,,,,,,,,,grounding,8.0,21.0,0.0,1.0,1.0,0.0,0.0,3.0,0.125,0.0,0.0,2.0,0.125,0.125,0.5,0.5,0.0,0.46153846153846156,0.4285714285714285,0.2818452380952381,0.125,0.25,0.0,0.0,8.0,,,,,,,,,,,,,,,,,,,,,,,,,,,,,,,,,,,,,,,,
med-ba0b7452f8cd,rar_medicine,agentic,,,,,12.0,73.0,,,,,,,,,,,grounding,13.0,21.0,0.0,1.0,1.0,0.0,0.0,2.8461538461538463,0.15384615384615385,0.0,0.0,1.0,0.0,0.0,0.46153846153846156,0.46153846153846156,0.0,0.4444444444444444,0.3838383838383838,0.1768009768009768,0.07692307692307693,0.23076923076923078,0.0,0.0,13.0,,,,,,,,,,,,,,,,,,,,,,,,,,,,,,,,,,,,,,,,
med-ba0b7452f8cd,rar_medicine,agentic-tools,,,,,12.0,73.0,,,,,,,,,,,grounding,13.0,21.0,0.0,1.0,1.0,0.0,0.0,3.076923076923077,0.07692307692307693,0.0,0.0,1.0,0.0,0.0,0.38461538461538464,0.38461538461538464,0.0,0.2903225806451613,0.2289156626506024,0.32564102564102565,0.23076923076923078,0.6153846153846154,0.021978021978021976,0.0,13.0,,,,,,,,,,,,,,,,,,,,,,,,,,,,,,,,,,,,,,,,
med-bbb832a8fec2,rar_medicine,shipped,,,,,39.0,126.0,,,,,,,,,,,grounding,11.0,33.0,0.18181818181818182,0.8181818181818182,0.6363636363636365,0.08571428571428572,0.15789473684210525,2.1818181818181817,0.36363636363636365,0.0,0.0,1.0,0.0,0.2727272727272727,0.09090909090909091,0.2727272727272727,0.09090909090909091,0.22857142857142856,0.21052631578947367,0.01515151515151515,0.0,0.0,0.0,2.0,11.0,,,,,,,,,,,,,,,,,,,,,,,,,,,,,,,,,,,,,,,,
med-bbb832a8fec2,rar_medicine,baseline,,,,,39.0,126.0,,,,,,,,,,,grounding,8.0,33.0,0.0,0.75,0.75,0.0,0.0,2.75,0.125,0.0,0.0,1.0,0.0,0.0,0.0,0.0,0.0,0.0,0.0,0.10416666666666666,0.0,0.25,0.0,0.0,8.0,,,,,,,,,,,,,,,,,,,,,,,,,,,,,,,,,,,,,,,,
med-bbb832a8fec2,rar_medicine,agentic,,,,,39.0,126.0,,,,,,,,,,,grounding,11.0,33.0,0.09090909090909091,0.8181818181818182,0.7272727272727273,0.1111111111111111,0.10416666666666667,3.0,0.09090909090909091,0.0,0.0,1.0,0.0,0.0,0.0,0.0,0.0,0.0,0.0,0.04772727272727273,0.0,0.09090909090909091,0.0,1.0,11.0,,,,,,,,,,,,,,,,,,,,,,,,,,,,,,,,,,,,,,,,
med-bbb832a8fec2,rar_medicine,agentic-tools,,,,,39.0,126.0,,,,,,,,,,,grounding,11.0,33.0,0.0,0.8181818181818182,0.8181818181818182,0.0,0.0,3.272727272727273,0.09090909090909091,0.0,0.0,1.0,0.0,0.0,0.0,0.0,0.0,0.0,0.0,0.0303030303030303,0.0,0.09090909090909091,0.0,0.0,11.0,,,,,,,,,,,,,,,,,,,,,,,,,,,,,,,,,,,,,,,,
med-bf99d4ee36f1,rar_medicine,shipped,,,,,54.0,108.0,,,,,,,,,,,grounding,11.0,35.0,0.2727272727272727,1.0,0.7272727272727273,0.16129032258064516,0.12676056338028166,1.8181818181818181,0.45454545454545453,0.0,0.0,3.0,0.09090909090909091,0.09090909090909091,0.2727272727272727,0.2727272727272727,0.18181818181818182,0.16129032258064516,0.2112676056338028,0.03896103896103896,0.0,0.0,0.0,3.0,11.0,,,,,,,,,,,,,,,,,,,,,,,,,,,,,,,,,,,,,,,,
med-bf99d4ee36f1,rar_medicine,baseline,,,,,54.0,108.0,,,,,,,,,,,grounding,8.0,35.0,0.125,1.0,0.875,0.038461538461538464,0.048387096774193554,3.625,0.125,0.0,0.0,6.0,0.125,0.125,0.125,0.125,0.125,0.038461538461538464,0.048387096774193554,0.13257575757575757,0.125,0.25,0.015625,1.0,8.0,,,,,,,,,,,,,,,,,,,,,,,,,,,,,,,,,,,,,,,,
med-bf99d4ee36f1,rar_medicine,agentic,,,,,54.0,108.0,,,,,,,,,,,grounding,14.0,35.0,0.07142857142857142,1.0,0.9285714285714286,0.023809523809523808,0.028846153846153844,3.2857142857142856,0.2857142857142857,0.0,0.0,1.0,0.0,0.07142857142857142,0.0,0.07142857142857142,0.0,0.07142857142857142,0.0673076923076923,0.28174603174603174,0.2857142857142857,0.35714285714285715,0.0,1.0,14.0,,,,,,,,,,,,,,,,,,,,,,,,,,,,,,,,,,,,,,,,
med-bf99d4ee36f1,rar_medicine,agentic-tools,,,,,54.0,108.0,,,,,,,,,,,grounding,14.0,35.0,0.0,1.0,1.0,0.0,0.0,3.2857142857142856,0.07142857142857142,0.0,0.0,1.0,0.0,0.07142857142857142,0.0,0.07142857142857142,0.0,0.05263157894736842,0.06666666666666667,0.22380952380952376,0.2857142857142857,0.2857142857142857,0.0,0.0,14.0,,,,,,,,,,,,,,,,,,,,,,,,,,,,,,,,,,,,,,,,
med-c8812f74fcb4,rar_medicine,shipped,,,,,54.0,89.0,,,,,,,,,,,grounding,10.0,29.0,0.2,0.9,0.7,0.10714285714285714,0.1764705882352941,2.0,0.4,0.0,0.0,3.0,0.2,0.3,0.1,0.3,0.0,0.35714285714285715,0.2941176470588235,0.06,0.1,0.1,0.0,2.0,10.0,,,,,,,,,,,,,,,,,,,,,,,,,,,,,,,,,,,,,,,,
med-c8812f74fcb4,rar_medicine,baseline,,,,,54.0,89.0,,,,,,,,,,,grounding,8.0,29.0,0.0,1.0,1.0,0.0,0.0,2.125,0.25,0.0,0.0,2.0,0.125,0.25,0.0,0.25,0.0,0.21739130434782608,0.27586206896551724,0.017857142857142856,0.0,0.0,0.0,0.0,8.0,,,,,,,,,,,,,,,,,,,,,,,,,,,,,,,,,,,,,,,,
med-c8812f74fcb4,rar_medicine,agentic,,,,,54.0,89.0,,,,,,,,,,,grounding,15.0,29.0,0.06666666666666667,0.9333333333333333,0.8666666666666667,0.0425531914893617,0.06481481481481481,2.1333333333333333,0.3333333333333333,0.0,0.0,1.0,0.0,0.0,0.0,0.0,0.0,0.0,0.0,0.05,0.06666666666666667,0.06666666666666667,0.0,1.0,15.0,,,,,,,,,,,,,,,,,,,,,,,,,,,,,,,,,,,,,,,,
med-c8812f74fcb4,rar_medicine,agentic-tools,,,,,54.0,89.0,,,,,,,,,,,grounding,15.0,29.0,0.0,1.0,1.0,0.0,0.0,2.2,0.3333333333333333,0.0,0.0,1.0,0.0,0.0,0.0,0.0,0.0,0.0,0.0,0.11767195767195766,0.13333333333333333,0.13333333333333333,0.0,0.0,15.0,,,,,,,,,,,,,,,,,,,,,,,,,,,,,,,,,,,,,,,,
med-c98a2c1d81b2,rar_medicine,shipped,,,,,37.0,88.0,,,,,,,,,,,grounding,11.0,21.0,0.36363636363636365,1.0,0.6363636363636364,0.21212121212121213,0.26086956521739135,0.8181818181818182,0.8181818181818182,0.0,0.0,1.0,0.0,0.09090909090909091,0.36363636363636365,0.45454545454545453,0.18181818181818182,0.48484848484848486,0.43478260869565216,0.022727272727272728,0.0,0.0,0.0,4.0,11.0,,,,,,,,,,,,,,,,,,,,,,,,,,,,,,,,,,,,,,,,
med-c98a2c1d81b2,rar_medicine,baseline,,,,,37.0,88.0,,,,,,,,,,,grounding,8.0,21.0,0.25,1.0,0.75,0.14814814814814814,0.19354838709677422,1.125,0.625,0.0,0.0,2.0,0.125,0.25,0.25,0.375,0.0,0.4444444444444444,0.38709677419354843,0.021780303030303032,0.0,0.0,0.0125,2.0,8.0,,,,,,,,,,,,,,,,,,,,,,,,,,,,,,,,,,,,,,,,
med-c98a2c1d81b2,rar_medicine,agentic,,,,,37.0,88.0,,,,,,,,,,,grounding,11.0,21.0,0.18181818181818182,0.9090909090909091,0.7272727272727273,0.11764705882352941,0.16091954022988506,1.5454545454545454,0.7272727272727273,0.0,0.0,1.0,0.0,0.0,0.18181818181818182,0.18181818181818182,0.0,0.2647058823529412,0.2298850574712644,0.055096418732782364,0.0,0.0,0.0,2.0,11.0,,,,,,,,,,,,,,,,,,,,,,,,,,,,,,,,,,,,,,,,
med-c98a2c1d81b2,rar_medicine,agentic-tools,,,,,37.0,88.0,,,,,,,,,,,grounding,10.0,21.0,0.2,1.0,0.8,0.13793103448275862,0.24615384615384617,1.2,0.7,0.0,0.0,1.0,0.0,0.0,0.2,0.2,0.0,0.13793103448275862,0.0923076923076923,0.14095238095238094,0.1,0.2,0.0,2.0,10.0,,,,,,,,,,,,,,,,,,,,,,,,,,,,,,,,,,,,,,,,
med-d9d6d0e87ecb,rar_medicine,shipped,,,,,46.0,105.0,,,,,,,,,,,grounding,9.0,29.0,0.2222222222222222,1.0,0.7777777777777778,0.24,0.22033898305084745,1.7777777777777777,0.4444444444444444,0.1111111111111111,0.1111111111111111,15.0,0.2222222222222222,0.1111111111111111,0.1111111111111111,0.1111111111111111,0.1111111111111111,0.04,0.05084745762711864,0.11851851851851852,0.0,0.2222222222222222,0.0,2.0,9.0,,,,,,,,,,,,,,,,,,,,,,,,,,,,,,,,,,,,,,,,
med-d9d6d0e87ecb,rar_medicine,baseline,,,,,46.0,105.0,,,,,,,,,,,grounding,6.0,29.0,0.16666666666666666,1.0,0.8333333333333334,0.09090909090909091,0.19565217391304346,3.1666666666666665,0.3333333333333333,0.0,0.0,1.0,0.0,0.0,0.0,0.0,0.0,0.0,0.0,0.2923280423280423,0.3333333333333333,0.5,0.05555555555555555,1.0,6.0,,,,,,,,,,,,,,,,,,,,,,,,,,,,,,,,,,,,,,,,
med-d9d6d0e87ecb,rar_medicine,agentic,,,,,46.0,105.0,,,,,,,,,,,grounding,9.0,29.0,0.1111111111111111,1.0,0.8888888888888888,0.08,0.13043478260869568,3.111111111111111,0.3333333333333333,0.0,0.0,1.0,0.0,0.0,0.0,0.0,0.0,0.0,0.0,0.2785273368606702,0.2222222222222222,0.2222222222222222,0.0,1.0,9.0,,,,,,,,,,,,,,,,,,,,,,,,,,,,,,,,,,,,,,,,
med-d9d6d0e87ecb,rar_medicine,agentic-tools,,,,,46.0,105.0,,,,,,,,,,,grounding,11.0,29.0,0.0,1.0,1.0,0.0,0.0,2.4545454545454546,0.36363636363636365,0.0,0.0,1.0,0.0,0.0,0.0,0.0,0.0,0.0,0.0,0.27777777777777773,0.36363636363636365,0.36363636363636365,0.0,0.0,11.0,,,,,,,,,,,,,,,,,,,,,,,,,,,,,,,,,,,,,,,,
med-dc7957448669,rar_medicine,shipped,,,,,30.0,92.0,,,,,,,,,,,grounding,9.0,26.0,0.1111111111111111,1.0,0.8888888888888888,0.07142857142857142,0.047619047619047616,2.5555555555555554,0.2222222222222222,0.1111111111111111,0.1111111111111111,15.0,0.2222222222222222,0.1111111111111111,0.1111111111111111,0.1111111111111111,0.1111111111111111,0.07142857142857142,0.047619047619047616,0.08641975308641975,0.1111111111111111,0.1111111111111111,0.0,1.0,9.0,,,,,,,,,,,,,,,,,,,,,,,,,,,,,,,,,,,,,,,,
med-dc7957448669,rar_medicine,baseline,,,,,30.0,92.0,,,,,,,,,,,grounding,8.0,26.0,0.0,1.0,1.0,0.0,0.0,2.5,0.25,0.0,0.0,1.0,0.0,0.25,0.0,0.25,0.0,0.32,0.25757575757575757,0.013888888888888888,0.0,0.0,0.025,0.0,8.0,,,,,,,,,,,,,,,,,,,,,,,,,,,,,,,,,,,,,,,,
med-dc7957448669,rar_medicine,agentic,,,,,30.0,92.0,,,,,,,,,,,grounding,7.0,26.0,0.0,1.0,1.0,0.0,0.0,3.2857142857142856,0.14285714285714285,0.0,0.0,1.0,0.0,0.0,0.0,0.0,0.0,0.0,0.0,0.28061224489795916,0.14285714285714285,0.2857142857142857,0.0,0.0,7.0,,,,,,,,,,,,,,,,,,,,,,,,,,,,,,,,,,,,,,,,
med-dc7957448669,rar_medicine,agentic-tools,,,,,30.0,92.0,,,,,,,,,,,grounding,12.0,26.0,0.0,1.0,1.0,0.0,0.0,3.0833333333333335,0.16666666666666666,0.0,0.0,1.0,0.0,0.0,0.0,0.0,0.0,0.0,0.0,0.19027777777777777,0.08333333333333333,0.25,0.007575757575757576,0.0,12.0,,,,,,,,,,,,,,,,,,,,,,,,,,,,,,,,,,,,,,,,
med-e6c4ba1af357,rar_medicine,shipped,,,,,35.0,90.0,,,,,,,,,,,grounding,8.0,17.0,0.25,1.0,0.75,0.14285714285714285,0.19999999999999998,2.75,0.375,0.0,0.0,1.0,0.0,0.125,0.125,0.125,0.125,0.07142857142857142,0.049999999999999996,0.3852678571428571,0.375,0.625,0.09134615384615385,2.0,8.0,,,,,,,,,,,,,,,,,,,,,,,,,,,,,,,,,,,,,,,,
med-e6c4ba1af357,rar_medicine,baseline,,,,,35.0,90.0,,,,,,,,,,,grounding,8.0,17.0,0.375,1.0,0.625,0.18181818181818182,0.26785714285714285,1.75,0.5,0.0,0.0,4.0,0.125,0.25,0.125,0.25,0.25,0.09090909090909091,0.10714285714285715,0.21738782051282052,0.125,0.375,0.05555555555555555,3.0,8.0,,,,,,,,,,,,,,,,,,,,,,,,,,,,,,,,,,,,,,,,
med-e6c4ba1af357,rar_medicine,agentic,,,,,35.0,90.0,,,,,,,,,,,grounding,10.0,17.0,0.0,1.0,1.0,0.0,0.0,2.6,0.2,0.0,0.0,1.0,0.0,0.0,0.0,0.0,0.0,0.0,0.0,0.2438888888888889,0.2,0.5,0.038461538461538464,0.0,10.0,,,,,,,,,,,,,,,,,,,,,,,,,,,,,,,,,,,,,,,,
med-e6c4ba1af357,rar_medicine,agentic-tools,,,,,35.0,90.0,,,,,,,,,,,grounding,6.0,17.0,0.16666666666666666,1.0,0.8333333333333334,0.1,0.20930232558139536,1.8333333333333333,0.3333333333333333,0.0,0.0,1.0,0.0,0.0,0.0,0.0,0.0,0.0,0.0,0.3270803270803271,0.16666666666666666,0.5,0.020833333333333332,1.0,6.0,,,,,,,,,,,,,,,,,,,,,,,,,,,,,,,,,,,,,,,,
med-e9a2fe585dc6,rar_medicine,shipped,,,,,27.0,158.0,,,,,,,,,,,grounding,10.0,35.0,0.2,1.0,0.8,0.10714285714285714,0.1764705882352941,1.4,0.6,0.0,0.0,1.0,0.0,0.1,0.1,0.2,0.1,0.10714285714285714,0.08823529411764705,0.060119047619047614,0.0,0.1,0.0,2.0,10.0,,,,,,,,,,,,,,,,,,,,,,,,,,,,,,,,,,,,,,,,
med-e9a2fe585dc6,rar_medicine,baseline,,,,,27.0,158.0,,,,,,,,,,,grounding,7.0,35.0,0.0,1.0,1.0,0.0,0.0,1.8571428571428572,0.42857142857142855,0.0,0.0,1.0,0.0,0.0,0.0,0.0,0.0,0.0,0.0,0.13010204081632654,0.0,0.14285714285714285,0.0,0.0,7.0,,,,,,,,,,,,,,,,,,,,,,,,,,,,,,,,,,,,,,,,
med-e9a2fe585dc6,rar_medicine,agentic,,,,,27.0,158.0,,,,,,,,,,,grounding,13.0,35.0,0.07692307692307693,0.5384615384615384,0.4615384615384615,0.034482758620689655,0.03370786516853932,3.076923076923077,0.23076923076923078,0.0,0.0,1.0,0.0,0.0,0.0,0.0,0.0,0.0,0.0,0.20877782348370583,0.15384615384615385,0.15384615384615385,0.0,1.0,13.0,,,,,,,,,,,,,,,,,,,,,,,,,,,,,,,,,,,,,,,,
med-e9a2fe585dc6,rar_medicine,agentic-tools,,,,,27.0,158.0,,,,,,,,,,,grounding,11.0,35.0,0.0,0.8181818181818182,0.8181818181818182,0.0,0.0,2.1818181818181817,0.18181818181818182,0.0,0.0,1.0,0.0,0.0,0.0,0.0,0.0,0.0,0.0,0.3448806244260789,0.18181818181818182,0.5454545454545454,0.0,0.0,11.0,,,,,,,,,,,,,,,,,,,,,,,,,,,,,,,,,,,,,,,,
med-f1727cd9627c,rar_medicine,shipped,,,,,31.0,89.0,,,,,,,,,,,grounding,10.0,16.0,0.1,1.0,0.9,0.038461538461538464,0.13846153846153847,1.9,0.5,0.0,0.1,15.0,0.1,0.1,0.2,0.2,0.1,0.11538461538461539,0.1846153846153846,0.04857142857142857,0.0,0.0,0.0,1.0,10.0,,,,,,,,,,,,,,,,,,,,,,,,,,,,,,,,,,,,,,,,
med-f1727cd9627c,rar_medicine,baseline,,,,,31.0,89.0,,,,,,,,,,,grounding,8.0,16.0,0.25,1.0,0.75,0.125,0.2033898305084746,1.625,0.5,0.125,0.125,13.0,0.125,0.125,0.125,0.125,0.125,0.041666666666666664,0.05084745762711865,0.08571428571428572,0.0,0.0,0.0,2.0,8.0,,,,,,,,,,,,,,,,,,,,,,,,,,,,,,,,,,,,,,,,
med-f1727cd9627c,rar_medicine,agentic,,,,,31.0,89.0,,,,,,,,,,,grounding,9.0,16.0,0.1111111111111111,1.0,0.8888888888888888,0.06896551724137931,0.1285714285714286,2.4444444444444446,0.2222222222222222,0.0,0.0,1.0,0.0,0.0,0.0,0.0,0.0,0.0,0.0,0.1977818477818478,0.1111111111111111,0.3333333333333333,0.009259259259259259,1.0,9.0,,,,,,,,,,,,,,,,,,,,,,,,,,,,,,,,,,,,,,,,
med-f1727cd9627c,rar_medicine,agentic-tools,,,,,31.0,89.0,,,,,,,,,,,grounding,8.0,16.0,0.0,0.875,0.875,0.0,0.0,3.0,0.125,0.0,0.0,1.0,0.0,0.0,0.0,0.0,0.0,0.0,0.0,0.14260912698412698,0.0,0.25,0.0,0.0,8.0,,,,,,,,,,,,,,,,,,,,,,,,,,,,,,,,,,,,,,,,
med-fff27f593ee9,rar_medicine,shipped,,,,,36.0,272.0,,,,,,,,,,,grounding,13.0,73.0,0.07692307692307693,0.8461538461538461,0.7692307692307692,0.023809523809523808,0.03225806451612903,3.3076923076923075,0.23076923076923078,0.0,0.0,1.0,0.0,0.3076923076923077,0.23076923076923078,0.38461538461538464,0.07692307692307693,0.42857142857142855,0.3978494623655915,0.017094017094017092,0.0,0.0,0.0,1.0,13.0,,,,,,,,,,,,,,,,,,,,,,,,,,,,,,,,,,,,,,,,
med-fff27f593ee9,rar_medicine,baseline,,,,,36.0,272.0,,,,,,,,,,,grounding,9.0,73.0,0.0,1.0,1.0,0.0,0.0,5.0,0.0,0.0,0.0,1.0,0.0,0.3333333333333333,0.1111111111111111,0.3333333333333333,0.0,0.23333333333333334,0.27536231884057966,0.22778579445246117,0.2222222222222222,0.3333333333333333,0.0,0.0,9.0,,,,,,,,,,,,,,,,,,,,,,,,,,,,,,,,,,,,,,,,
med-fff27f593ee9,rar_medicine,agentic,,,,,36.0,272.0,,,,,,,,,,,grounding,13.0,73.0,0.0,1.0,1.0,0.0,0.0,5.3076923076923075,0.0,0.0,0.0,1.0,0.0,0.0,0.15384615384615385,0.15384615384615385,0.0,0.1875,0.17333333333333334,0.21103341103341103,0.07692307692307693,0.3076923076923077,0.023232323232323233,0.0,13.0,,,,,,,,,,,,,,,,,,,,,,,,,,,,,,,,,,,,,,,,
med-fff27f593ee9,rar_medicine,agentic-tools,,,,,36.0,272.0,,,,,,,,,,,grounding,12.0,73.0,0.0,1.0,1.0,0.0,0.0,4.083333333333333,0.08333333333333333,0.0,0.0,1.0,0.0,0.0,0.08333333333333333,0.08333333333333333,0.0,0.02857142857142857,0.03658536585365854,0.12636345136345137,0.08333333333333333,0.25,0.0,0.0,12.0,,,,,,,,,,,,,,,,,,,,,,,,,,,,,,,,,,,,,,,,
med-197191f4a201,rar_medicine,shipped,,,,,34.0,68.0,,,,,,,,,,,grounding,8.0,16.0,0.0,1.0,1.0,0.0,0.0,2.25,0.25,0.0,0.0,3.0,0.125,0.25,0.125,0.25,0.0,0.19047619047619047,0.12244897959183675,0.32688492063492064,0.375,0.5,0.0,0.0,8.0,,,,,,,,,,,,,,,,,,,,,,,,,,,,,,,,,,,,,,,,
med-197191f4a201,rar_medicine,baseline,,,,,34.0,68.0,,,,,,,,,,,grounding,7.0,16.0,0.42857142857142855,1.0,0.5714285714285714,0.25,0.4038461538461539,1.7142857142857142,0.5714285714285714,0.0,0.0,1.0,0.0,0.2857142857142857,0.14285714285714285,0.2857142857142857,0.14285714285714285,0.2,0.19230769230769235,0.12698412698412698,0.0,0.0,0.0,3.0,7.0,,,,,,,,,,,,,,,,,,,,,,,,,,,,,,,,,,,,,,,,
med-197191f4a201,rar_medicine,agentic,,,,,34.0,68.0,,,,,,,,,,,grounding,6.0,16.0,0.0,1.0,1.0,0.0,0.0,4.166666666666667,0.0,0.0,0.0,1.0,0.0,0.0,0.0,0.0,0.0,0.0,0.0,0.4592167092167092,0.5,0.6666666666666666,0.0,0.0,6.0,,,,,,,,,,,,,,,,,,,,,,,,,,,,,,,,,,,,,,,,
med-197191f4a201,rar_medicine,agentic-tools,,,,,34.0,68.0,,,,,,,,,,,grounding,5.0,16.0,0.0,1.0,1.0,0.0,0.0,3.2,0.2,0.0,0.0,1.0,0.0,0.0,0.0,0.0,0.0,0.0,0.0,0.3088888888888889,0.4,0.6,0.0,0.0,5.0,,,,,,,,,,,,,,,,,,,,,,,,,,,,,,,,,,,,,,,,
med-22cfe7cfc240,rar_medicine,shipped,,,,,31.0,80.0,,,,,,,,,,,grounding,10.0,17.0,0.1,1.0,0.9,0.03225806451612903,0.12,1.8,0.3,0.0,0.0,2.0,0.1,0.3,0.0,0.3,0.0,0.25806451612903225,0.22666666666666663,0.20257936507936508,0.1,0.3,0.0,1.0,10.0,,,,,,,,,,,,,,,,,,,,,,,,,,,,,,,,,,,,,,,,
med-22cfe7cfc240,rar_medicine,baseline,,,,,31.0,80.0,,,,,,,,,,,grounding,9.0,17.0,0.2222222222222222,1.0,0.7777777777777778,0.12,0.1791044776119403,1.4444444444444444,0.5555555555555556,0.0,0.0,2.0,0.2222222222222222,0.1111111111111111,0.0,0.1111111111111111,0.1111111111111111,0.04,0.04477611940298507,0.022222222222222223,0.0,0.0,0.0,2.0,9.0,,,,,,,,,,,,,,,,,,,,,,,,,,,,,,,,,,,,,,,,
med-22cfe7cfc240,rar_medicine,agentic,,,,,31.0,80.0,,,,,,,,,,,grounding,8.0,17.0,0.0,1.0,1.0,0.0,0.0,2.25,0.125,0.0,0.0,1.0,0.0,0.0,0.0,0.0,0.0,0.0,0.0,0.0,0.0,0.0,0.0,0.0,8.0,,,,,,,,,,,,,,,,,,,,,,,,,,,,,,,,,,,,,,,,
med-22cfe7cfc240,rar_medicine,agentic-tools,,,,,31.0,80.0,,,,,,,,,,,grounding,13.0,17.0,0.07692307692307693,1.0,0.9230769230769231,0.05405405405405406,0.11111111111111112,1.8461538461538463,0.3076923076923077,0.0,0.0,1.0,0.0,0.0,0.0,0.0,0.0,0.0,0.0,0.009615384615384616,0.0,0.0,0.0,1.0,13.0,,,,,,,,,,,,,,,,,,,,,,,,,,,,,,,,,,,,,,,,
med-243ec32e8cc8,rar_medicine,shipped,,,,,31.0,94.0,,,,,,,,,,,grounding,9.0,22.0,0.2222222222222222,1.0,0.7777777777777778,0.1111111111111111,0.0923076923076923,1.8888888888888888,0.6666666666666666,0.0,0.0,9.0,0.3333333333333333,0.2222222222222222,0.2222222222222222,0.3333333333333333,0.2222222222222222,0.2962962962962963,0.24615384615384617,0.031746031746031744,0.0,0.0,0.0,2.0,9.0,,,,,,,,,,,,,,,,,,,,,,,,,,,,,,,,,,,,,,,,
med-243ec32e8cc8,rar_medicine,baseline,,,,,31.0,94.0,,,,,,,,,,,grounding,7.0,22.0,0.0,1.0,1.0,0.0,0.0,3.5714285714285716,0.0,0.0,0.0,1.0,0.0,0.0,0.0,0.0,0.0,0.0,0.0,0.20482374768089054,0.14285714285714285,0.14285714285714285,0.0,0.0,7.0,,,,,,,,,,,,,,,,,,,,,,,,,,,,,,,,,,,,,,,,
med-243ec32e8cc8,rar_medicine,agentic,,,,,31.0,94.0,,,,,,,,,,,grounding,9.0,22.0,0.0,1.0,1.0,0.0,0.0,3.5555555555555554,0.0,0.0,0.0,1.0,0.0,0.0,0.0,0.0,0.0,0.0,0.0,0.24845679012345678,0.2222222222222222,0.3333333333333333,0.0,0.0,9.0,,,,,,,,,,,,,,,,,,,,,,,,,,,,,,,,,,,,,,,,
med-243ec32e8cc8,rar_medicine,agentic-tools,,,,,31.0,94.0,,,,,,,,,,,grounding,10.0,22.0,0.0,1.0,1.0,0.0,0.0,3.9,0.0,0.0,0.0,1.0,0.0,0.0,0.0,0.0,0.0,0.0,0.0,0.2829004329004329,0.3,0.4,0.0,0.0,10.0,,,,,,,,,,,,,,,,,,,,,,,,,,,,,,,,,,,,,,,,
med-28da216cd16f,rar_medicine,shipped,,,,,77.0,133.0,,,,,,,,,,,grounding,10.0,31.0,0.1,1.0,0.9,0.02857142857142857,0.0410958904109589,2.7,0.1,0.0,0.0,3.0,0.1,0.2,0.1,0.2,0.1,0.14285714285714285,0.136986301369863,0.15654761904761907,0.1,0.2,0.027884615384615386,1.0,10.0,,,,,,,,,,,,,,,,,,,,,,,,,,,,,,,,,,,,,,,,
med-28da216cd16f,rar_medicine,baseline,,,,,77.0,133.0,,,,,,,,,,,grounding,11.0,31.0,0.09090909090909091,1.0,0.9090909090909091,0.02564102564102564,0.03260869565217391,3.090909090909091,0.09090909090909091,0.09090909090909091,0.09090909090909091,13.0,0.18181818181818182,0.18181818181818182,0.09090909090909091,0.18181818181818182,0.09090909090909091,0.15384615384615385,0.14130434782608697,0.12789256198347107,0.09090909090909091,0.09090909090909091,0.009090909090909092,1.0,11.0,,,,,,,,,,,,,,,,,,,,,,,,,,,,,,,,,,,,,,,,
med-28da216cd16f,rar_medicine,agentic,,,,,77.0,133.0,,,,,,,,,,,grounding,13.0,31.0,0.3076923076923077,1.0,0.6923076923076923,0.21212121212121213,0.2886597938144329,2.076923076923077,0.46153846153846156,0.0,0.0,1.0,0.0,0.0,0.0,0.0,0.0,0.0,0.0,0.10745365745365747,0.0,0.07692307692307693,0.05285996055226824,4.0,13.0,,,,,,,,,,,,,,,,,,,,,,,,,,,,,,,,,,,,,,,,
med-28da216cd16f,rar_medicine,agentic-tools,,,,,77.0,133.0,,,,,,,,,,,grounding,13.0,31.0,0.15384615384615385,1.0,0.8461538461538461,0.08571428571428572,0.19780219780219782,2.769230769230769,0.23076923076923078,0.0,0.0,1.0,0.0,0.0,0.0,0.0,0.0,0.0,0.0,0.11043956043956044,0.0,0.0,0.04456654456654456,2.0,13.0,,,,,,,,,,,,,,,,,,,,,,,,,,,,,,,,,,,,,,,,
med-2b6e00e2fa33,rar_medicine,shipped,,,,,40.0,105.0,,,,,,,,,,,grounding,10.0,22.0,0.1,1.0,0.9,0.125,0.10606060606060605,1.6,0.4,0.0,0.1,15.0,0.1,0.2,0.1,0.2,0.0,0.21875,0.19696969696969696,0.01111111111111111,0.0,0.0,0.0,1.0,10.0,,,,,,,,,,,,,,,,,,,,,,,,,,,,,,,,,,,,,,,,
med-2b6e00e2fa33,rar_medicine,baseline,,,,,40.0,105.0,,,,,,,,,,,grounding,8.0,22.0,0.125,1.0,0.875,0.17857142857142858,0.15384615384615385,1.875,0.25,0.0,0.0,1.0,0.0,0.0,0.125,0.125,0.0,0.14285714285714285,0.10769230769230768,0.11696428571428572,0.0,0.125,0.0,1.0,8.0,,,,,,,,,,,,,,,,,,,,,,,,,,,,,,,,,,,,,,,,
med-2b6e00e2fa33,rar_medicine,agentic,,,,,40.0,105.0,,,,,,,,,,,grounding,11.0,22.0,0.0,1.0,1.0,0.0,0.0,4.363636363636363,0.0,0.0,0.0,1.0,0.0,0.0,0.2727272727272727,0.2727272727272727,0.0,0.34146341463414637,0.2934782608695652,0.04250295159386069,0.0,0.0,0.0,0.0,11.0,,,,,,,,,,,,,,,,,,,,,,,,,,,,,,,,,,,,,,,,
med-2b6e00e2fa33,rar_medicine,agentic-tools,,,,,40.0,105.0,,,,,,,,,,,grounding,6.0,22.0,0.0,1.0,1.0,0.0,0.0,3.1666666666666665,0.0,0.0,0.0,1.0,0.0,0.0,0.16666666666666666,0.16666666666666666,0.0,0.22727272727272727,0.19999999999999996,0.09999999999999999,0.16666666666666666,0.16666666666666666,0.0,0.0,6.0,,,,,,,,,,,,,,,,,,,,,,,,,,,,,,,,,,,,,,,,
med-310a19614101,rar_medicine,shipped,,,,,29.0,223.0,,,,,,,,,,,grounding,10.0,45.0,0.1,1.0,0.9,0.03571428571428571,0.044117647058823525,2.6,0.2,0.1,0.1,15.0,0.1,0.2,0.1,0.2,0.1,0.21428571428571427,0.19117647058823528,0.03333333333333333,0.0,0.0,0.0,1.0,10.0,,,,,,,,,,,,,,,,,,,,,,,,,,,,,,,,,,,,,,,,
med-310a19614101,rar_medicine,baseline,,,,,29.0,223.0,,,,,,,,,,,grounding,10.0,45.0,0.1,1.0,0.9,0.03125,0.039999999999999994,2.8,0.2,0.0,0.0,2.0,0.1,0.0,0.1,0.1,0.1,0.03125,0.039999999999999994,0.12777777777777777,0.1,0.1,0.0,1.0,10.0,,,,,,,,,,,,,,,,,,,,,,,,,,,,,,,,,,,,,,,,
med-310a19614101,rar_medicine,agentic,,,,,29.0,223.0,,,,,,,,,,,grounding,13.0,45.0,0.0,1.0,1.0,0.0,0.0,4.615384615384615,0.0,0.0,0.0,1.0,0.0,0.0,0.0,0.0,0.0,0.0,0.0,0.31144688644688645,0.3076923076923077,0.3076923076923077,0.03496503496503496,0.0,13.0,,,,,,,,,,,,,,,,,,,,,,,,,,,,,,,,,,,,,,,,
med-310a19614101,rar_medicine,agentic-tools,,,,,29.0,223.0,,,,,,,,,,,grounding,12.0,45.0,0.0,1.0,1.0,0.0,0.0,3.8333333333333335,0.08333333333333333,0.0,0.0,1.0,0.0,0.0,0.0,0.0,0.0,0.0,0.0,0.28454184704184704,0.3333333333333333,0.4166666666666667,0.0,0.0,12.0,,,,,,,,,,,,,,,,,,,,,,,,,,,,,,,,,,,,,,,,
med-339d1a40dbd7,rar_medicine,shipped,,,,,25.0,80.0,,,,,,,,,,,grounding,9.0,19.0,0.3333333333333333,1.0,0.6666666666666667,0.24,0.23214285714285712,1.6666666666666667,0.4444444444444444,0.0,0.0,1.0,0.0,0.1111111111111111,0.1111111111111111,0.2222222222222222,0.2222222222222222,0.2,0.17857142857142855,0.12037037037037036,0.0,0.1111111111111111,0.0,3.0,9.0,,,,,,,,,,,,,,,,,,,,,,,,,,,,,,,,,,,,,,,,
med-339d1a40dbd7,rar_medicine,baseline,,,,,25.0,80.0,,,,,,,,,,,grounding,8.0,19.0,0.0,1.0,1.0,0.0,0.0,2.125,0.375,0.0,0.0,3.0,0.375,0.125,0.125,0.25,0.0,0.2962962962962963,0.25757575757575757,0.29797979797979796,0.125,0.375,0.0,0.0,8.0,,,,,,,,,,,,,,,,,,,,,,,,,,,,,,,,,,,,,,,,
med-339d1a40dbd7,rar_medicine,agentic,,,,,25.0,80.0,,,,,,,,,,,grounding,12.0,19.0,0.0,0.9166666666666666,0.9166666666666666,0.0,0.0,2.5833333333333335,0.3333333333333333,0.0,0.0,1.0,0.0,0.0,0.08333333333333333,0.08333333333333333,0.0,0.11764705882352941,0.08860759493670885,0.2261574074074074,0.25,0.4166666666666667,0.010416666666666666,0.0,12.0,,,,,,,,,,,,,,,,,,,,,,,,,,,,,,,,,,,,,,,,
med-339d1a40dbd7,rar_medicine,agentic-tools,,,,,25.0,80.0,,,,,,,,,,,grounding,9.0,19.0,0.1111111111111111,1.0,0.8888888888888888,0.06896551724137931,0.13043478260869568,2.4444444444444446,0.3333333333333333,0.0,0.0,1.0,0.0,0.0,0.1111111111111111,0.1111111111111111,0.0,0.13793103448275862,0.10144927536231885,0.17482424982424982,0.1111111111111111,0.2222222222222222,0.013888888888888888,1.0,9.0,,,,,,,,,,,,,,,,,,,,,,,,,,,,,,,,,,,,,,,,
med-346fbc60b4f9,rar_medicine,shipped,,,,,26.0,111.0,,,,,,,,,,,grounding,10.0,17.0,0.3,0.8,0.5,0.15625,0.21428571428571427,1.8,0.3,0.0,0.0,5.0,0.3,0.2,0.1,0.2,0.1,0.1875,0.18571428571428572,0.13063492063492063,0.0,0.2,0.02777777777777778,3.0,10.0,,,,,,,,,,,,,,,,,,,,,,,,,,,,,,,,,,,,,,,,
med-346fbc60b4f9,rar_medicine,baseline,,,,,26.0,111.0,,,,,,,,,,,grounding,8.0,17.0,0.125,0.875,0.75,0.038461538461538464,0.049999999999999996,2.125,0.375,0.125,0.125,13.0,0.25,0.25,0.125,0.25,0.125,0.23076923076923078,0.21666666666666667,0.07500000000000001,0.0,0.0,0.0,1.0,8.0,,,,,,,,,,,,,,,,,,,,,,,,,,,,,,,,,,,,,,,,
med-346fbc60b4f9,rar_medicine,agentic,,,,,26.0,111.0,,,,,,,,,,,grounding,11.0,17.0,0.0,0.9090909090909091,0.9090909090909091,0.0,0.0,2.8181818181818183,0.18181818181818182,0.0,0.0,1.0,0.0,0.0,0.09090909090909091,0.09090909090909091,0.0,0.11428571428571428,0.09333333333333331,0.23026859504132233,0.2727272727272727,0.36363636363636365,0.009090909090909092,0.0,11.0,,,,,,,,,,,,,,,,,,,,,,,,,,,,,,,,,,,,,,,,
med-346fbc60b4f9,rar_medicine,agentic-tools,,,,,26.0,111.0,,,,,,,,,,,grounding,10.0,17.0,0.0,0.9,0.9,0.0,0.0,2.8,0.2,0.0,0.0,1.0,0.0,0.0,0.1,0.1,0.0,0.0967741935483871,0.10144927536231883,0.14893939393939393,0.1,0.1,0.0,0.0,10.0,,,,,,,,,,,,,,,,,,,,,,,,,,,,,,,,,,,,,,,,
med-39fe6d9a022e,rar_medicine,shipped,,,,,41.0,81.0,,,,,,,,,,,grounding,10.0,18.0,0.2,1.0,0.8,0.20689655172413793,0.20967741935483872,1.3,0.7,0.0,0.0,4.0,0.2,0.2,0.2,0.3,0.1,0.2413793103448276,0.20967741935483872,0.08623376623376625,0.0,0.1,0.016666666666666666,2.0,10.0,,,,,,,,,,,,,,,,,,,,,,,,,,,,,,,,,,,,,,,,
med-39fe6d9a022e,rar_medicine,baseline,,,,,41.0,81.0,,,,,,,,,,,grounding,8.0,18.0,0.5,1.0,0.5,0.3333333333333333,0.4745762711864407,1.375,0.625,0.125,0.125,13.0,0.25,0.125,0.125,0.125,0.125,0.041666666666666664,0.05084745762711865,0.11300505050505051,0.125,0.125,0.011363636363636364,4.0,8.0,,,,,,,,,,,,,,,,,,,,,,,,,,,,,,,,,,,,,,,,
med-39fe6d9a022e,rar_medicine,agentic,,,,,41.0,81.0,,,,,,,,,,,grounding,12.0,18.0,0.08333333333333333,1.0,0.9166666666666666,0.05714285714285714,0.03529411764705882,2.0833333333333335,0.5833333333333334,0.0,0.0,1.0,0.0,0.0,0.0,0.0,0.0,0.0,0.0,0.19632936507936508,0.16666666666666666,0.25,0.007575757575757576,1.0,12.0,,,,,,,,,,,,,,,,,,,,,,,,,,,,,,,,,,,,,,,,
med-39fe6d9a022e,rar_medicine,agentic-tools,,,,,41.0,81.0,,,,,,,,,,,grounding,7.0,18.0,0.0,1.0,1.0,0.0,0.0,1.8571428571428572,0.5714285714285714,0.0,0.0,1.0,0.0,0.0,0.0,0.0,0.0,0.0,0.0,0.28715986394557824,0.2857142857142857,0.42857142857142855,0.012987012987012988,0.0,7.0,,,,,,,,,,,,,,,,,,,,,,,,,,,,,,,,,,,,,,,,
med-3a854c06e788,rar_medicine,shipped,,,,,30.0,58.0,,,,,,,,,,,grounding,8.0,21.0,0.125,1.0,0.875,0.09523809523809523,0.058823529411764705,3.25,0.25,0.0,0.0,9.0,0.25,0.125,0.125,0.25,0.125,0.19047619047619047,0.23529411764705882,0.23660714285714285,0.25,0.25,0.05,1.0,8.0,,,,,,,,,,,,,,,,,,,,,,,,,,,,,,,,,,,,,,,,
med-3a854c06e788,rar_medicine,baseline,,,,,30.0,58.0,,,,,,,,,,,grounding,8.0,21.0,0.25,0.875,0.625,0.13636363636363635,0.21818181818181817,3.625,0.25,0.125,0.125,13.0,0.125,0.125,0.125,0.125,0.125,0.045454545454545456,0.05454545454545454,0.18437499999999998,0.125,0.375,0.017857142857142856,2.0,8.0,,,,,,,,,,,,,,,,,,,,,,,,,,,,,,,,,,,,,,,,
med-3a854c06e788,rar_medicine,agentic,,,,,30.0,58.0,,,,,,,,,,,grounding,6.0,21.0,0.0,0.8333333333333334,0.8333333333333334,0.0,0.0,5.333333333333333,0.0,0.0,0.0,1.0,0.0,0.0,0.0,0.0,0.0,0.0,0.0,0.35505050505050506,0.5,0.5,0.06666666666666667,0.0,6.0,,,,,,,,,,,,,,,,,,,,,,,,,,,,,,,,,,,,,,,,
med-3a854c06e788,rar_medicine,agentic-tools,,,,,30.0,58.0,,,,,,,,,,,grounding,5.0,21.0,0.0,0.8,0.8,0.0,0.0,5.6,0.0,0.0,0.0,1.0,0.0,0.0,0.0,0.0,0.0,0.0,0.0,0.2706493506493507,0.2,0.4,0.04,0.0,5.0,,,,,,,,,,,,,,,,,,,,,,,,,,,,,,,,,,,,,,,,
med-43e518d3d57e,rar_medicine,shipped,,,,,23.0,43.0,,,,,,,,,,,grounding,8.0,16.0,0.25,1.0,0.75,0.22727272727272727,0.18181818181818182,2.5,0.25,0.125,0.125,15.0,0.25,0.375,0.125,0.375,0.125,0.36363636363636365,0.29090909090909095,0.23124999999999998,0.25,0.375,0.10416666666666666,2.0,8.0,,,,,,,,,,,,,,,,,,,,,,,,,,,,,,,,,,,,,,,,
med-43e518d3d57e,rar_medicine,baseline,,,,,23.0,43.0,,,,,,,,,,,grounding,8.0,16.0,0.125,1.0,0.875,0.04,0.048387096774193554,2.375,0.5,0.0,0.0,6.0,0.125,0.125,0.125,0.125,0.125,0.04,0.048387096774193554,0.1875,0.25,0.375,0.08125,1.0,8.0,,,,,,,,,,,,,,,,,,,,,,,,,,,,,,,,,,,,,,,,
med-43e518d3d57e,rar_medicine,agentic,,,,,23.0,43.0,,,,,,,,,,,grounding,11.0,16.0,0.0,1.0,1.0,0.0,0.0,5.090909090909091,0.0,0.0,0.0,1.0,0.0,0.0,0.0,0.0,0.0,0.0,0.0,0.2618686868686869,0.09090909090909091,0.36363636363636365,0.11056998556998555,0.0,11.0,,,,,,,,,,,,,,,,,,,,,,,,,,,,,,,,,,,,,,,,
med-43e518d3d57e,rar_medicine,agentic-tools,,,,,23.0,43.0,,,,,,,,,,,grounding,6.0,16.0,0.0,1.0,1.0,0.0,0.0,4.166666666666667,0.16666666666666666,0.0,0.0,1.0,0.0,0.0,0.0,0.0,0.0,0.0,0.0,0.340993265993266,0.3333333333333333,0.5,0.1318181818181818,0.0,6.0,,,,,,,,,,,,,,,,,,,,,,,,,,,,,,,,,,,,,,,,
med-48491d33ec3d,rar_medicine,shipped,,,,,64.0,65.0,,,,,,,,,,,grounding,10.0,34.0,0.3,1.0,0.7,0.13793103448275862,0.23809523809523814,1.7,0.5,0.0,0.0,1.0,0.0,0.2,0.1,0.2,0.2,0.10344827586206896,0.09523809523809525,0.08766233766233766,0.1,0.1,0.03333333333333333,3.0,10.0,,,,,,,,,,,,,,,,,,,,,,,,,,,,,,,,,,,,,,,,
med-48491d33ec3d,rar_medicine,baseline,,,,,64.0,65.0,,,,,,,,,,,grounding,7.0,34.0,0.14285714285714285,1.0,0.8571428571428572,0.05,0.06521739130434782,2.857142857142857,0.14285714285714285,0.14285714285714285,0.14285714285714285,13.0,0.14285714285714285,0.14285714285714285,0.14285714285714285,0.14285714285714285,0.14285714285714285,0.05,0.06521739130434782,0.0642857142857143,0.0,0.0,0.0,1.0,7.0,,,,,,,,,,,,,,,,,,,,,,,,,,,,,,,,,,,,,,,,
med-48491d33ec3d,rar_medicine,agentic,,,,,64.0,65.0,,,,,,,,,,,grounding,10.0,34.0,0.0,1.0,1.0,0.0,0.0,4.1,0.0,0.0,0.0,1.0,0.0,0.0,0.0,0.0,0.0,0.0,0.0,0.16076839826839825,0.1,0.2,0.0,0.0,10.0,,,,,,,,,,,,,,,,,,,,,,,,,,,,,,,,,,,,,,,,
med-48491d33ec3d,rar_medicine,agentic-tools,,,,,64.0,65.0,,,,,,,,,,,grounding,7.0,34.0,0.0,1.0,1.0,0.0,0.0,3.7142857142857144,0.14285714285714285,0.0,0.0,1.0,0.0,0.0,0.0,0.0,0.0,0.0,0.0,0.11233211233211234,0.0,0.14285714285714285,0.0,0.0,7.0,,,,,,,,,,,,,,,,,,,,,,,,,,,,,,,,,,,,,,,,
med-51d19faca215,rar_medicine,shipped,,,,,33.0,92.0,,,,,,,,,,,grounding,10.0,19.0,0.2,1.0,0.8,0.1111111111111111,0.1016949152542373,2.2,0.5,0.0,0.0,5.0,0.1,0.1,0.1,0.2,0.2,0.1111111111111111,0.1016949152542373,0.20750000000000002,0.1,0.3,0.01818181818181818,2.0,10.0,,,,,,,,,,,,,,,,,,,,,,,,,,,,,,,,,,,,,,,,
med-51d19faca215,rar_medicine,baseline,,,,,33.0,92.0,,,,,,,,,,,grounding,8.0,19.0,0.25,1.0,0.75,0.11538461538461539,0.15873015873015872,2.5,0.25,0.0,0.0,6.0,0.125,0.125,0.125,0.125,0.125,0.038461538461538464,0.047619047619047616,0.18216540404040404,0.0,0.25,0.05823863636363637,2.0,8.0,,,,,,,,,,,,,,,,,,,,,,,,,,,,,,,,,,,,,,,,
med-51d19faca215,rar_medicine,agentic,,,,,33.0,92.0,,,,,,,,,,,grounding,9.0,19.0,0.0,1.0,1.0,0.0,0.0,3.888888888888889,0.1111111111111111,0.0,0.0,1.0,0.0,0.0,0.0,0.0,0.0,0.0,0.0,0.3732329398996066,0.4444444444444444,0.5555555555555556,0.05367399485046544,0.0,9.0,,,,,,,,,,,,,,,,,,,,,,,,,,,,,,,,,,,,,,,,
med-51d19faca215,rar_medicine,agentic-tools,,,,,33.0,92.0,,,,,,,,,,,grounding,6.0,19.0,0.0,1.0,1.0,0.0,0.0,3.1666666666666665,0.0,0.0,0.0,1.0,0.0,0.0,0.0,0.0,0.0,0.0,0.0,0.35457135457135464,0.5,0.5,0.030555555555555558,0.0,6.0,,,,,,,,,,,,,,,,,,,,,,,,,,,,,,,,,,,,,,,,
med-533a7b79571a,rar_medicine,shipped,,,,,31.0,88.0,,,,,,,,,,,grounding,12.0,25.0,0.08333333333333333,1.0,0.9166666666666666,0.027777777777777776,0.03409090909090909,2.5,0.3333333333333333,0.08333333333333333,0.08333333333333333,15.0,0.08333333333333333,0.16666666666666666,0.08333333333333333,0.16666666666666666,0.08333333333333333,0.1388888888888889,0.11363636363636363,0.04348544973544973,0.0,0.0,0.0,1.0,12.0,,,,,,,,,,,,,,,,,,,,,,,,,,,,,,,,,,,,,,,,
med-533a7b79571a,rar_medicine,baseline,,,,,31.0,88.0,,,,,,,,,,,grounding,9.0,25.0,0.0,1.0,1.0,0.0,0.0,2.6666666666666665,0.1111111111111111,0.0,0.0,1.0,0.0,0.1111111111111111,0.1111111111111111,0.2222222222222222,0.0,0.12903225806451613,0.1764705882352941,0.047619047619047616,0.0,0.0,0.0,0.0,9.0,,,,,,,,,,,,,,,,,,,,,,,,,,,,,,,,,,,,,,,,
med-533a7b79571a,rar_medicine,agentic,,,,,31.0,88.0,,,,,,,,,,,grounding,12.0,25.0,0.0,1.0,1.0,0.0,0.0,3.1666666666666665,0.16666666666666666,0.0,0.0,1.0,0.0,0.16666666666666666,0.0,0.16666666666666666,0.0,0.16216216216216217,0.18181818181818182,0.18598856209150325,0.16666666666666666,0.25,0.052083333333333336,0.0,12.0,,,,,,,,,,,,,,,,,,,,,,,,,,,,,,,,,,,,,,,,
med-533a7b79571a,rar_medicine,agentic-tools,,,,,31.0,88.0,,,,,,,,,,,grounding,12.0,25.0,0.0,1.0,1.0,0.0,0.0,3.0833333333333335,0.08333333333333333,0.0,0.0,1.0,0.0,0.08333333333333333,0.16666666666666666,0.25,0.0,0.19444444444444445,0.1710526315789474,0.12468434343434344,0.0,0.16666666666666666,0.011904761904761904,0.0,12.0,,,,,,,,,,,,,,,,,,,,,,,,,,,,,,,,,,,,,,,,
med-64de5a90cbca,rar_medicine,shipped,,,,,12.0,245.0,,,,,,,,,,,grounding,10.0,61.0,0.0,1.0,1.0,0.0,0.0,5.1,0.0,0.0,0.0,1.0,0.0,0.0,0.1,0.1,0.0,0.16666666666666666,0.13888888888888887,0.11083333333333334,0.0,0.1,0.0,0.0,10.0,,,,,,,,,,,,,,,,,,,,,,,,,,,,,,,,,,,,,,,,
med-64de5a90cbca,rar_medicine,baseline,,,,,12.0,245.0,,,,,,,,,,,grounding,10.0,61.0,0.1,1.0,0.9,0.058823529411764705,0.03409090909090909,4.5,0.1,0.0,0.0,1.0,0.0,0.0,0.2,0.2,0.1,0.20588235294117646,0.1477272727272727,0.05857142857142857,0.0,0.0,0.0,1.0,10.0,,,,,,,,,,,,,,,,,,,,,,,,,,,,,,,,,,,,,,,,
med-64de5a90cbca,rar_medicine,agentic,,,,,12.0,245.0,,,,,,,,,,,grounding,15.0,61.0,0.0,1.0,1.0,0.0,0.0,4.066666666666666,0.0,0.0,0.0,1.0,0.0,0.0,0.2,0.2,0.0,0.22448979591836735,0.19199999999999998,0.06666666666666667,0.0,0.0,0.0,0.0,15.0,,,,,,,,,,,,,,,,,,,,,,,,,,,,,,,,,,,,,,,,
med-64de5a90cbca,rar_medicine,agentic-tools,,,,,12.0,245.0,,,,,,,,,,,grounding,14.0,61.0,0.0,1.0,1.0,0.0,0.0,5.071428571428571,0.0,0.0,0.0,1.0,0.0,0.0,0.21428571428571427,0.21428571428571427,0.0,0.1794871794871795,0.1477272727272727,0.22346938775510208,0.07142857142857142,0.2857142857142857,0.0,0.0,14.0,,,,,,,,,,,,,,,,,,,,,,,,,,,,,,,,,,,,,,,,
med-70fca288ce5a,rar_medicine,shipped,,,,,118.0,57.0,,,,,,,,,,,grounding,8.0,41.0,0.125,1.0,0.875,0.03571428571428571,0.05084745762711864,1.875,0.5,0.0,0.0,1.0,0.0,0.125,0.0,0.125,0.125,0.03571428571428571,0.05084745762711864,0.05,0.0,0.125,0.0,1.0,8.0,,,,,,,,,,,,,,,,,,,,,,,,,,,,,,,,,,,,,,,,
med-70fca288ce5a,rar_medicine,baseline,,,,,118.0,57.0,,,,,,,,,,,grounding,11.0,41.0,0.2727272727272727,1.0,0.7272727272727273,0.2571428571428571,0.22727272727272727,1.9090909090909092,0.6363636363636364,0.0,0.0,6.0,0.09090909090909091,0.18181818181818182,0.09090909090909091,0.18181818181818182,0.18181818181818182,0.17142857142857143,0.1477272727272727,0.033549783549783545,0.0,0.0,0.0,3.0,11.0,,,,,,,,,,,,,,,,,,,,,,,,,,,,,,,,,,,,,,,,
med-70fca288ce5a,rar_medicine,agentic,,,,,118.0,57.0,,,,,,,,,,,grounding,8.0,41.0,0.0,1.0,1.0,0.0,0.0,3.375,0.0,0.0,0.0,1.0,0.0,0.0,0.0,0.0,0.0,0.0,0.0,0.23125,0.25,0.375,0.04285714285714286,0.0,8.0,,,,,,,,,,,,,,,,,,,,,,,,,,,,,,,,,,,,,,,,
med-70fca288ce5a,rar_medicine,agentic-tools,,,,,118.0,57.0,,,,,,,,,,,grounding,12.0,41.0,0.0,1.0,1.0,0.0,0.0,2.3333333333333335,0.25,0.0,0.0,1.0,0.0,0.0,0.0,0.0,0.0,0.0,0.0,0.027777777777777776,0.0,0.08333333333333333,0.010416666666666666,0.0,12.0,,,,,,,,,,,,,,,,,,,,,,,,,,,,,,,,,,,,,,,,
med-8087bfa21ada,rar_medicine,shipped,,,,,30.0,56.0,,,,,,,,,,,grounding,9.0,19.0,0.1111111111111111,1.0,0.8888888888888888,0.03125,0.043478260869565216,1.5555555555555556,0.5555555555555556,0.1111111111111111,0.1111111111111111,15.0,0.1111111111111111,0.2222222222222222,0.4444444444444444,0.5555555555555556,0.1111111111111111,0.5625,0.5217391304347826,0.027777777777777776,0.0,0.0,0.0,1.0,9.0,,,,,,,,,,,,,,,,,,,,,,,,,,,,,,,,,,,,,,,,
med-8087bfa21ada,rar_medicine,baseline,,,,,30.0,56.0,,,,,,,,,,,grounding,8.0,19.0,0.25,1.0,0.75,0.23076923076923078,0.20967741935483875,1.75,0.375,0.0,0.0,4.0,0.125,0.125,0.125,0.25,0.125,0.15384615384615385,0.16129032258064518,0.013888888888888888,0.0,0.0,0.0,2.0,8.0,,,,,,,,,,,,,,,,,,,,,,,,,,,,,,,,,,,,,,,,
med-8087bfa21ada,rar_medicine,agentic,,,,,30.0,56.0,,,,,,,,,,,grounding,15.0,19.0,0.2,1.0,0.8,0.24444444444444444,0.23199999999999996,1.4666666666666666,0.6666666666666666,0.0,0.0,1.0,0.0,0.0,0.2,0.2,0.0,0.15555555555555556,0.13599999999999998,0.13555555555555554,0.2,0.26666666666666666,0.0,3.0,15.0,,,,,,,,,,,,,,,,,,,,,,,,,,,,,,,,,,,,,,,,
med-8087bfa21ada,rar_medicine,agentic-tools,,,,,30.0,56.0,,,,,,,,,,,grounding,6.0,19.0,0.0,1.0,1.0,0.0,0.0,2.0,0.16666666666666666,0.0,0.0,1.0,0.0,0.0,0.0,0.0,0.0,0.0,0.0,0.041666666666666664,0.0,0.0,0.0,0.0,6.0,,,,,,,,,,,,,,,,,,,,,,,,,,,,,,,,,,,,,,,,
med-9eeced93c38b,rar_medicine,shipped,,,,,46.0,40.0,,,,,,,,,,,grounding,10.0,21.0,0.3,1.0,0.7,0.23529411764705882,0.21917808219178084,1.9,0.5,0.0,0.0,9.0,0.2,0.2,0.1,0.2,0.2,0.17647058823529413,0.17808219178082194,0.13214285714285715,0.2,0.2,0.06666666666666667,3.0,10.0,,,,,,,,,,,,,,,,,,,,,,,,,,,,,,,,,,,,,,,,
med-9eeced93c38b,rar_medicine,baseline,,,,,46.0,40.0,,,,,,,,,,,grounding,7.0,21.0,0.0,1.0,1.0,0.0,0.0,2.2857142857142856,0.2857142857142857,0.0,0.0,3.0,0.14285714285714285,0.0,0.0,0.0,0.0,0.0,0.0,0.10952380952380951,0.14285714285714285,0.14285714285714285,0.0,0.0,7.0,,,,,,,,,,,,,,,,,,,,,,,,,,,,,,,,,,,,,,,,
med-9eeced93c38b,rar_medicine,agentic,,,,,46.0,40.0,,,,,,,,,,,grounding,8.0,21.0,0.125,1.0,0.875,0.07142857142857142,0.13043478260869565,1.75,0.5,0.0,0.0,1.0,0.0,0.0,0.0,0.0,0.0,0.0,0.0,0.09474206349206349,0.0,0.0,0.05357142857142857,1.0,8.0,,,,,,,,,,,,,,,,,,,,,,,,,,,,,,,,,,,,,,,,
med-9eeced93c38b,rar_medicine,agentic-tools,,,,,46.0,40.0,,,,,,,,,,,grounding,6.0,21.0,0.3333333333333333,1.0,0.6666666666666667,0.25,0.3404255319148936,1.3333333333333333,0.5,0.0,0.0,1.0,0.0,0.0,0.0,0.0,0.0,0.0,0.0,0.05555555555555555,0.0,0.16666666666666666,0.03333333333333333,2.0,6.0,,,,,,,,,,,,,,,,,,,,,,,,,,,,,,,,,,,,,,,,
med-a05b680eb6c1,rar_medicine,shipped,,,,,50.0,159.0,,,,,,,,,,,grounding,10.0,36.0,0.1,1.0,0.9,0.037037037037037035,0.04615384615384615,3.8,0.1,0.0,0.0,3.0,0.1,0.3,0.1,0.3,0.1,0.14814814814814814,0.3230769230769231,0.2811263736263736,0.3,0.5,0.0,1.0,10.0,,,,,,,,,,,,,,,,,,,,,,,,,,,,,,,,,,,,,,,,
med-a05b680eb6c1,rar_medicine,baseline,,,,,50.0,159.0,,,,,,,,,,,grounding,9.0,36.0,0.0,1.0,1.0,0.0,0.0,3.3333333333333335,0.2222222222222222,0.0,0.0,1.0,0.0,0.0,0.0,0.0,0.0,0.0,0.0,0.22261904761904758,0.1111111111111111,0.3333333333333333,0.018518518518518517,0.0,9.0,,,,,,,,,,,,,,,,,,,,,,,,,,,,,,,,,,,,,,,,
med-a05b680eb6c1,rar_medicine,agentic,,,,,50.0,159.0,,,,,,,,,,,grounding,15.0,36.0,0.0,1.0,1.0,0.0,0.0,4.2,0.06666666666666667,0.0,0.0,1.0,0.0,0.0,0.0,0.0,0.0,0.0,0.0,0.3196789485024779,0.26666666666666666,0.4666666666666667,0.013333333333333334,0.0,15.0,,,,,,,,,,,,,,,,,,,,,,,,,,,,,,,,,,,,,,,,
med-a05b680eb6c1,rar_medicine,agentic-tools,,,,,50.0,159.0,,,,,,,,,,,grounding,16.0,36.0,0.0625,1.0,0.9375,0.044444444444444446,0.07627118644067796,3.75,0.1875,0.0,0.0,1.0,0.0,0.0,0.0,0.0,0.0,0.0,0.0,0.26816100566100565,0.3125,0.375,0.005208333333333333,1.0,16.0,,,,,,,,,,,,,,,,,,,,,,,,,,,,,,,,,,,,,,,,
med-b21da7abe861,rar_medicine,shipped,,,,,47.0,148.0,,,,,,,,,,,grounding,10.0,27.0,0.3,1.0,0.7,0.2,0.28787878787878785,1.3,0.6,0.0,0.0,2.0,0.1,0.1,0.0,0.1,0.0,0.1,0.10606060606060605,0.11111111111111112,0.0,0.3,0.02,3.0,10.0,,,,,,,,,,,,,,,,,,,,,,,,,,,,,,,,,,,,,,,,
med-b21da7abe861,rar_medicine,baseline,,,,,47.0,148.0,,,,,,,,,,,grounding,8.0,27.0,0.375,1.0,0.625,0.2962962962962963,0.40322580645161293,1.75,0.375,0.0,0.0,1.0,0.0,0.0,0.0,0.0,0.0,0.0,0.0,0.18691378066378067,0.125,0.125,0.0,3.0,8.0,,,,,,,,,,,,,,,,,,,,,,,,,,,,,,,,,,,,,,,,
med-b21da7abe861,rar_medicine,agentic,,,,,47.0,148.0,,,,,,,,,,,grounding,11.0,27.0,0.18181818181818182,1.0,0.8181818181818181,0.12121212121212122,0.23684210526315788,2.6363636363636362,0.18181818181818182,0.0,0.0,1.0,0.0,0.0,0.0,0.0,0.0,0.0,0.0,0.20888101797192704,0.18181818181818182,0.2727272727272727,0.022727272727272728,2.0,11.0,,,,,,,,,,,,,,,,,,,,,,,,,,,,,,,,,,,,,,,,
med-b21da7abe861,rar_medicine,agentic-tools,,,,,47.0,148.0,,,,,,,,,,,grounding,10.0,27.0,0.1,1.0,0.9,0.058823529411764705,0.1285714285714286,3.2,0.2,0.0,0.0,1.0,0.0,0.0,0.0,0.0,0.0,0.0,0.0,0.1220119586296057,0.0,0.1,0.01875,1.0,10.0,,,,,,,,,,,,,,,,,,,,,,,,,,,,,,,,,,,,,,,,
med-b78dbf37f022,rar_medicine,shipped,,,,,26.0,72.0,,,,,,,,,,,grounding,7.0,26.0,0.2857142857142857,1.0,0.7142857142857143,0.14285714285714285,0.2608695652173913,3.4285714285714284,0.2857142857142857,0.0,0.0,1.0,0.0,0.14285714285714285,0.2857142857142857,0.2857142857142857,0.14285714285714285,0.14285714285714285,0.13043478260869565,0.025274725274725275,0.0,0.0,0.0,2.0,7.0,,,,,,,,,,,,,,,,,,,,,,,,,,,,,,,,,,,,,,,,
med-b78dbf37f022,rar_medicine,baseline,,,,,26.0,72.0,,,,,,,,,,,grounding,6.0,26.0,0.16666666666666666,1.0,0.8333333333333334,0.047619047619047616,0.06521739130434781,3.6666666666666665,0.16666666666666666,0.16666666666666666,0.16666666666666666,13.0,0.16666666666666666,0.16666666666666666,0.16666666666666666,0.16666666666666666,0.16666666666666666,0.047619047619047616,0.06521739130434781,0.24537037037037038,0.3333333333333333,0.3333333333333333,0.0,1.0,6.0,,,,,,,,,,,,,,,,,,,,,,,,,,,,,,,,,,,,,,,,
med-b78dbf37f022,rar_medicine,agentic,,,,,26.0,72.0,,,,,,,,,,,grounding,14.0,26.0,0.0,0.8571428571428571,0.8571428571428571,0.0,0.0,3.4285714285714284,0.07142857142857142,0.0,0.0,2.0,0.14285714285714285,0.0,0.0,0.0,0.0,0.0,0.0,0.15,0.14285714285714285,0.2857142857142857,0.03571428571428571,0.0,14.0,,,,,,,,,,,,,,,,,,,,,,,,,,,,,,,,,,,,,,,,
med-b78dbf37f022,rar_medicine,agentic-tools,,,,,26.0,72.0,,,,,,,,,,,grounding,15.0,26.0,0.0,0.9333333333333333,0.9333333333333333,0.0,0.0,5.266666666666667,0.0,0.0,0.0,1.0,0.0,0.0,0.0,0.0,0.0,0.0,0.0,0.14196248196248196,0.13333333333333333,0.26666666666666666,0.0,0.0,15.0,,,,,,,,,,,,,,,,,,,,,,,,,,,,,,,,,,,,,,,,
med-b89d3eed861e,rar_medicine,shipped,,,,,17.0,62.0,,,,,,,,,,,grounding,14.0,30.0,0.21428571428571427,0.9285714285714286,0.7142857142857143,0.15254237288135594,0.18487394957983194,1.8571428571428572,0.2857142857142857,0.07142857142857142,0.07142857142857142,15.0,0.07142857142857142,0.14285714285714285,0.5714285714285714,0.6428571428571429,0.21428571428571427,0.5932203389830508,0.6050420168067226,0.0,0.0,0.0,0.0,3.0,14.0,,,,,,,,,,,,,,,,,,,,,,,,,,,,,,,,,,,,,,,,
med-b89d3eed861e,rar_medicine,baseline,,,,,17.0,62.0,,,,,,,,,,,grounding,13.0,30.0,0.23076923076923078,1.0,0.7692307692307692,0.14814814814814814,0.19130434782608693,2.4615384615384617,0.3076923076923077,0.0,0.0,3.0,0.07692307692307693,0.07692307692307693,0.9230769230769231,0.9230769230769231,0.23076923076923078,0.9259259259259259,0.9391304347826087,0.05668016194331983,0.07692307692307693,0.07692307692307693,0.0,3.0,13.0,,,,,,,,,,,,,,,,,,,,,,,,,,,,,,,,,,,,,,,,
med-b89d3eed861e,rar_medicine,agentic,,,,,17.0,62.0,,,,,,,,,,,grounding,8.0,30.0,0.0,1.0,1.0,0.0,0.0,3.875,0.0,0.0,0.0,1.0,0.0,0.0,0.75,0.75,0.0,0.7241379310344828,0.7671232876712328,0.09722222222222222,0.125,0.125,0.0,0.0,8.0,,,,,,,,,,,,,,,,,,,,,,,,,,,,,,,,,,,,,,,,
med-b89d3eed861e,rar_medicine,agentic-tools,,,,,17.0,62.0,,,,,,,,,,,grounding,8.0,30.0,0.0,1.0,1.0,0.0,0.0,4.625,0.0,0.0,0.0,1.0,0.0,0.0,0.625,0.625,0.0,0.6666666666666666,0.6825396825396827,0.1951388888888889,0.125,0.25,0.041666666666666664,0.0,8.0,,,,,,,,,,,,,,,,,,,,,,,,,,,,,,,,,,,,,,,,
med-c18f142a5a38,rar_medicine,shipped,,,,,24.0,11.0,,,,,,,,,,,grounding,10.0,11.0,0.9,1.0,0.09999999999999998,0.8275862068965517,0.8529411764705882,0.4,0.9,0.0,0.0,1.0,0.0,0.3,0.0,0.3,0.2,0.3448275862068966,0.3823529411764706,0.0375,0.0,0.1,0.0,9.0,10.0,,,,,,,,,,,,,,,,,,,,,,,,,,,,,,,,,,,,,,,,
med-c18f142a5a38,rar_medicine,baseline,,,,,24.0,11.0,,,,,,,,,,,grounding,8.0,11.0,0.5,1.0,0.5,0.3333333333333333,0.43076923076923074,0.875,0.75,0.0,0.0,1.0,0.0,0.375,0.125,0.375,0.25,0.2962962962962963,0.3384615384615384,0.0,0.0,0.0,0.0,4.0,8.0,,,,,,,,,,,,,,,,,,,,,,,,,,,,,,,,,,,,,,,,
med-c18f142a5a38,rar_medicine,agentic,,,,,24.0,11.0,,,,,,,,,,,grounding,6.0,11.0,0.16666666666666666,1.0,0.8333333333333334,0.11764705882352941,0.12962962962962962,2.1666666666666665,0.3333333333333333,0.0,0.0,1.0,0.0,0.0,0.0,0.0,0.0,0.0,0.0,0.020833333333333332,0.0,0.0,0.012820512820512822,1.0,6.0,,,,,,,,,,,,,,,,,,,,,,,,,,,,,,,,,,,,,,,,
med-c18f142a5a38,rar_medicine,agentic-tools,,,,,24.0,11.0,,,,,,,,,,,grounding,6.0,11.0,0.0,1.0,1.0,0.0,0.0,3.1666666666666665,0.16666666666666666,0.0,0.0,1.0,0.0,0.0,0.0,0.0,0.0,0.0,0.0,0.027777777777777776,0.0,0.0,0.023809523809523808,0.0,6.0,,,,,,,,,,,,,,,,,,,,,,,,,,,,,,,,,,,,,,,,
med-c284c536782e,rar_medicine,shipped,,,,,35.0,51.0,,,,,,,,,,,grounding,8.0,16.0,0.125,1.0,0.875,0.047619047619047616,0.06122448979591836,2.625,0.25,0.125,0.125,15.0,0.125,0.25,0.5,0.625,0.125,0.5714285714285714,0.5306122448979591,0.06840277777777778,0.0,0.0,0.0,1.0,8.0,,,,,,,,,,,,,,,,,,,,,,,,,,,,,,,,,,,,,,,,
med-c284c536782e,rar_medicine,baseline,,,,,35.0,51.0,,,,,,,,,,,grounding,7.0,16.0,0.0,1.0,1.0,0.0,0.0,2.857142857142857,0.0,0.0,0.0,1.0,0.0,0.2857142857142857,0.7142857142857143,0.8571428571428571,0.0,0.7894736842105263,0.8541666666666666,0.08412698412698413,0.0,0.0,0.0,0.0,7.0,,,,,,,,,,,,,,,,,,,,,,,,,,,,,,,,,,,,,,,,
med-c284c536782e,rar_medicine,agentic,,,,,35.0,51.0,,,,,,,,,,,grounding,6.0,16.0,0.0,1.0,1.0,0.0,0.0,4.333333333333333,0.0,0.0,0.0,1.0,0.0,0.0,0.3333333333333333,0.3333333333333333,0.0,0.35,0.3799999999999999,0.4201058201058201,0.3333333333333333,0.8333333333333334,0.041666666666666664,0.0,6.0,,,,,,,,,,,,,,,,,,,,,,,,,,,,,,,,,,,,,,,,
med-c284c536782e,rar_medicine,agentic-tools,,,,,35.0,51.0,,,,,,,,,,,grounding,6.0,16.0,0.16666666666666666,1.0,0.8333333333333334,0.10526315789473684,0.2,4.166666666666667,0.16666666666666666,0.0,0.0,1.0,0.0,0.0,0.6666666666666666,0.6666666666666666,0.16666666666666666,0.631578947368421,0.72,0.308994708994709,0.3333333333333333,0.5,0.020833333333333332,1.0,6.0,,,,,,,,,,,,,,,,,,,,,,,,,,,,,,,,,,,,,,,,
med-c55945849375,rar_medicine,shipped,,,,,13.0,209.0,,,,,,,,,,,grounding,10.0,61.0,0.0,1.0,1.0,0.0,0.0,5.0,0.0,0.0,0.0,3.0,0.1,0.1,0.0,0.1,0.0,0.030303030303030304,0.043478260869565216,0.07638888888888888,0.0,0.1,0.0,0.0,10.0,,,,,,,,,,,,,,,,,,,,,,,,,,,,,,,,,,,,,,,,
med-c55945849375,rar_medicine,baseline,,,,,13.0,209.0,,,,,,,,,,,grounding,10.0,61.0,0.0,1.0,1.0,0.0,0.0,6.3,0.0,0.0,0.0,1.0,0.0,0.0,0.0,0.0,0.0,0.0,0.0,0.20507936507936506,0.2,0.4,0.0,0.0,10.0,,,,,,,,,,,,,,,,,,,,,,,,,,,,,,,,,,,,,,,,
med-c55945849375,rar_medicine,agentic,,,,,13.0,209.0,,,,,,,,,,,grounding,14.0,61.0,0.0,1.0,1.0,0.0,0.0,6.285714285714286,0.0,0.0,0.0,1.0,0.0,0.0,0.0,0.0,0.0,0.0,0.0,0.30373763141620286,0.35714285714285715,0.35714285714285715,0.0,0.0,14.0,,,,,,,,,,,,,,,,,,,,,,,,,,,,,,,,,,,,,,,,
med-c55945849375,rar_medicine,agentic-tools,,,,,13.0,209.0,,,,,,,,,,,grounding,8.0,61.0,0.0,1.0,1.0,0.0,0.0,5.625,0.0,0.0,0.0,1.0,0.0,0.0,0.0,0.0,0.0,0.0,0.0,0.1874729437229437,0.0,0.375,0.0,0.0,8.0,,,,,,,,,,,,,,,,,,,,,,,,,,,,,,,,,,,,,,,,
med-c5613cc475ed,rar_medicine,shipped,,,,,12.0,102.0,,,,,,,,,,,grounding,12.0,30.0,0.25,1.0,0.75,0.12195121951219512,0.10465116279069767,2.1666666666666665,0.4166666666666667,0.0,0.0,1.0,0.0,0.25,0.25,0.3333333333333333,0.25,0.1951219512195122,0.186046511627907,0.18501082251082254,0.08333333333333333,0.16666666666666666,0.0,3.0,12.0,,,,,,,,,,,,,,,,,,,,,,,,,,,,,,,,,,,,,,,,
med-c5613cc475ed,rar_medicine,baseline,,,,,12.0,102.0,,,,,,,,,,,grounding,12.0,30.0,0.08333333333333333,1.0,0.9166666666666666,0.02564102564102564,0.031578947368421054,1.8333333333333333,0.3333333333333333,0.0,0.0,1.0,0.0,0.16666666666666666,0.16666666666666666,0.25,0.08333333333333333,0.15384615384615385,0.1368421052631579,0.17671957671957672,0.16666666666666666,0.16666666666666666,0.0,1.0,12.0,,,,,,,,,,,,,,,,,,,,,,,,,,,,,,,,,,,,,,,,
med-c5613cc475ed,rar_medicine,agentic,,,,,12.0,102.0,,,,,,,,,,,grounding,7.0,30.0,0.0,1.0,1.0,0.0,0.0,4.142857142857143,0.0,0.0,0.0,1.0,0.0,0.0,0.0,0.0,0.0,0.0,0.0,0.28843537414965986,0.14285714285714285,0.42857142857142855,0.0,0.0,7.0,,,,,,,,,,,,,,,,,,,,,,,,,,,,,,,,,,,,,,,,
med-c5613cc475ed,rar_medicine,agentic-tools,,,,,12.0,102.0,,,,,,,,,,,grounding,7.0,30.0,0.0,1.0,1.0,0.0,0.0,4.0,0.0,0.0,0.0,1.0,0.0,0.0,0.14285714285714285,0.14285714285714285,0.0,0.18181818181818182,0.2173913043478261,0.22217068645640076,0.0,0.2857142857142857,0.017791732077446363,0.0,7.0,,,,,,,,,,,,,,,,,,,,,,,,,,,,,,,,,,,,,,,,
med-cbdf1f80d3c5,rar_medicine,shipped,,,,,23.0,98.0,,,,,,,,,,,grounding,7.0,26.0,0.14285714285714285,1.0,0.8571428571428572,0.05263157894736842,0.06521739130434782,3.2857142857142856,0.14285714285714285,0.14285714285714285,0.14285714285714285,15.0,0.14285714285714285,0.14285714285714285,0.14285714285714285,0.14285714285714285,0.14285714285714285,0.05263157894736842,0.06521739130434782,0.08503401360544217,0.0,0.0,0.0,1.0,7.0,,,,,,,,,,,,,,,,,,,,,,,,,,,,,,,,,,,,,,,,
med-cbdf1f80d3c5,rar_medicine,baseline,,,,,23.0,98.0,,,,,,,,,,,grounding,7.0,26.0,0.14285714285714285,1.0,0.8571428571428572,0.058823529411764705,0.06818181818181819,3.142857142857143,0.14285714285714285,0.0,0.0,2.0,0.14285714285714285,0.14285714285714285,0.2857142857142857,0.2857142857142857,0.14285714285714285,0.29411764705882354,0.2272727272727273,0.13506493506493508,0.0,0.2857142857142857,0.014285714285714287,1.0,7.0,,,,,,,,,,,,,,,,,,,,,,,,,,,,,,,,,,,,,,,,
med-cbdf1f80d3c5,rar_medicine,agentic,,,,,23.0,98.0,,,,,,,,,,,grounding,9.0,26.0,0.0,1.0,1.0,0.0,0.0,4.222222222222222,0.0,0.0,0.0,1.0,0.0,0.0,0.1111111111111111,0.1111111111111111,0.0,0.17857142857142858,0.15384615384615385,0.19539488289488294,0.1111111111111111,0.3333333333333333,0.0,0.0,9.0,,,,,,,,,,,,,,,,,,,,,,,,,,,,,,,,,,,,,,,,
med-cbdf1f80d3c5,rar_medicine,agentic-tools,,,,,23.0,98.0,,,,,,,,,,,grounding,9.0,26.0,0.0,1.0,1.0,0.0,0.0,5.333333333333333,0.0,0.0,0.0,1.0,0.0,0.0,0.0,0.0,0.0,0.0,0.0,0.21214896214896217,0.2222222222222222,0.2222222222222222,0.05128205128205129,0.0,9.0,,,,,,,,,,,,,,,,,,,,,,,,,,,,,,,,,,,,,,,,
med-cbe76ed81c5b,rar_medicine,shipped,,,,,30.0,6.0,,,,,,,,,,,grounding,9.0,9.0,0.3333333333333333,1.0,0.6666666666666667,0.19230769230769232,0.33870967741935487,1.5555555555555556,0.4444444444444444,0.0,0.0,9.0,0.2222222222222222,0.0,0.0,0.0,0.0,0.0,0.0,0.06666666666666667,0.1111111111111111,0.1111111111111111,0.12698412698412698,3.0,9.0,,,,,,,,,,,,,,,,,,,,,,,,,,,,,,,,,,,,,,,,
med-cbe76ed81c5b,rar_medicine,baseline,,,,,30.0,6.0,,,,,,,,,,,grounding,9.0,9.0,0.3333333333333333,1.0,0.6666666666666667,0.15384615384615385,0.3230769230769231,0.8888888888888888,0.7777777777777778,0.0,0.0,1.0,0.0,0.0,0.0,0.0,0.0,0.0,0.0,0.0,0.0,0.0,0.0,3.0,9.0,,,,,,,,,,,,,,,,,,,,,,,,,,,,,,,,,,,,,,,,
med-cbe76ed81c5b,rar_medicine,agentic,,,,,30.0,6.0,,,,,,,,,,,grounding,9.0,9.0,0.0,1.0,1.0,0.0,0.0,1.5555555555555556,0.5555555555555556,0.0,0.0,1.0,0.0,0.0,0.0,0.0,0.0,0.0,0.0,0.1111111111111111,0.1111111111111111,0.1111111111111111,0.032407407407407406,0.0,9.0,,,,,,,,,,,,,,,,,,,,,,,,,,,,,,,,,,,,,,,,
med-cbe76ed81c5b,rar_medicine,agentic-tools,,,,,30.0,6.0,,,,,,,,,,,grounding,6.0,9.0,0.3333333333333333,1.0,0.6666666666666667,0.15384615384615385,0.3214285714285714,1.6666666666666667,0.5,0.0,0.0,1.0,0.0,0.0,0.0,0.0,0.0,0.0,0.0,0.0,0.0,0.0,0.0,2.0,6.0,,,,,,,,,,,,,,,,,,,,,,,,,,,,,,,,,,,,,,,,
med-cc0494519c68,rar_medicine,shipped,,,,,57.0,184.0,,,,,,,,,,,grounding,10.0,47.0,0.1,1.0,0.9,0.07407407407407407,0.05084745762711865,3.3,0.1,0.0,0.0,1.0,0.0,0.1,0.4,0.5,0.0,0.48148148148148145,0.5423728813559322,0.23301587301587304,0.3,0.3,0.01111111111111111,1.0,10.0,,,,,,,,,,,,,,,,,,,,,,,,,,,,,,,,,,,,,,,,
med-cc0494519c68,rar_medicine,baseline,,,,,57.0,184.0,,,,,,,,,,,grounding,10.0,47.0,0.1,1.0,0.9,0.03225806451612903,0.041666666666666664,3.8,0.1,0.0,0.0,4.0,0.1,0.2,0.6,0.6,0.1,0.6451612903225806,0.6388888888888888,0.15944444444444444,0.0,0.3,0.0,1.0,10.0,,,,,,,,,,,,,,,,,,,,,,,,,,,,,,,,,,,,,,,,
med-cc0494519c68,rar_medicine,agentic,,,,,57.0,184.0,,,,,,,,,,,grounding,11.0,47.0,0.0,1.0,1.0,0.0,0.0,4.090909090909091,0.0,0.0,0.0,2.0,0.18181818181818182,0.0,0.36363636363636365,0.36363636363636365,0.0,0.45454545454545453,0.45569620253164556,0.2664305391578119,0.18181818181818182,0.36363636363636365,0.0,0.0,11.0,,,,,,,,,,,,,,,,,,,,,,,,,,,,,,,,,,,,,,,,
med-cc0494519c68,rar_medicine,agentic-tools,,,,,57.0,184.0,,,,,,,,,,,grounding,11.0,47.0,0.0,1.0,1.0,0.0,0.0,3.5454545454545454,0.18181818181818182,0.0,0.0,1.0,0.0,0.0,0.2727272727272727,0.2727272727272727,0.0,0.3333333333333333,0.3783783783783783,0.1673067574137093,0.09090909090909091,0.18181818181818182,0.0,0.0,11.0,,,,,,,,,,,,,,,,,,,,,,,,,,,,,,,,,,,,,,,,
med-d078d9e5c01b,rar_medicine,shipped,,,,,16.0,7.0,,,,,,,,,,,grounding,7.0,7.0,0.14285714285714285,1.0,0.8571428571428572,0.045454545454545456,0.06122448979591836,1.8571428571428572,0.42857142857142855,0.14285714285714285,0.14285714285714285,15.0,0.2857142857142857,0.14285714285714285,0.14285714285714285,0.14285714285714285,0.14285714285714285,0.045454545454545456,0.06122448979591836,0.0,0.0,0.0,0.14285714285714285,1.0,7.0,,,,,,,,,,,,,,,,,,,,,,,,,,,,,,,,,,,,,,,,
med-d078d9e5c01b,rar_medicine,baseline,,,,,16.0,7.0,,,,,,,,,,,grounding,6.0,7.0,0.3333333333333333,1.0,0.6666666666666667,0.15789473684210525,0.2608695652173913,0.8333333333333334,0.8333333333333334,0.16666666666666666,0.16666666666666666,13.0,0.16666666666666666,0.16666666666666666,0.16666666666666666,0.16666666666666666,0.16666666666666666,0.05263157894736842,0.06521739130434782,0.0,0.0,0.0,0.0,2.0,6.0,,,,,,,,,,,,,,,,,,,,,,,,,,,,,,,,,,,,,,,,
med-d078d9e5c01b,rar_medicine,agentic,,,,,16.0,7.0,,,,,,,,,,,grounding,6.0,7.0,0.0,1.0,1.0,0.0,0.0,2.0,0.5,0.0,0.0,1.0,0.0,0.0,0.0,0.0,0.0,0.0,0.0,0.07417582417582418,0.0,0.0,0.0,0.0,6.0,,,,,,,,,,,,,,,,,,,,,,,,,,,,,,,,,,,,,,,,
med-d078d9e5c01b,rar_medicine,agentic-tools,,,,,16.0,7.0,,,,,,,,,,,grounding,4.0,7.0,0.0,1.0,1.0,0.0,0.0,1.75,0.25,0.0,0.0,1.0,0.0,0.0,0.0,0.0,0.0,0.0,0.0,0.06818181818181818,0.0,0.0,0.0,0.0,4.0,,,,,,,,,,,,,,,,,,,,,,,,,,,,,,,,,,,,,,,,
med-deb27cd3a8f9,rar_medicine,shipped,,,,,18.0,48.0,,,,,,,,,,,grounding,8.0,13.0,0.125,1.0,0.875,0.04,0.053571428571428575,2.25,0.25,0.125,0.125,15.0,0.25,0.5,0.125,0.5,0.125,0.4,0.35714285714285715,0.03125,0.0,0.0,0.0,1.0,8.0,,,,,,,,,,,,,,,,,,,,,,,,,,,,,,,,,,,,,,,,
med-deb27cd3a8f9,rar_medicine,baseline,,,,,18.0,48.0,,,,,,,,,,,grounding,5.0,13.0,0.2,1.0,0.8,0.125,0.08333333333333334,1.4,0.8,0.0,0.0,2.0,0.2,0.4,0.2,0.4,0.2,0.375,0.2777777777777778,0.12,0.2,0.2,0.0,1.0,5.0,,,,,,,,,,,,,,,,,,,,,,,,,,,,,,,,,,,,,,,,
med-deb27cd3a8f9,rar_medicine,agentic,,,,,18.0,48.0,,,,,,,,,,,grounding,7.0,13.0,0.0,1.0,1.0,0.0,0.0,2.2857142857142856,0.2857142857142857,0.0,0.0,2.0,0.2857142857142857,0.0,0.0,0.0,0.0,0.0,0.0,0.02040816326530612,0.0,0.0,0.0,0.0,7.0,,,,,,,,,,,,,,,,,,,,,,,,,,,,,,,,,,,,,,,,
med-deb27cd3a8f9,rar_medicine,agentic-tools,,,,,18.0,48.0,,,,,,,,,,,grounding,6.0,13.0,0.0,1.0,1.0,0.0,0.0,3.0,0.0,0.0,0.0,1.0,0.0,0.0,0.0,0.0,0.0,0.0,0.0,0.049999999999999996,0.0,0.16666666666666666,0.0925925925925926,0.0,6.0,,,,,,,,,,,,,,,,,,,,,,,,,,,,,,,,,,,,,,,,
med-eab5c7860802,rar_medicine,shipped,,,,,34.0,81.0,,,,,,,,,,,grounding,9.0,22.0,0.1111111111111111,0.8888888888888888,0.7777777777777777,0.037037037037037035,0.15254237288135594,1.7777777777777777,0.3333333333333333,0.0,0.0,2.0,0.1111111111111111,0.0,0.1111111111111111,0.1111111111111111,0.0,0.07407407407407407,0.05084745762711865,0.09074074074074073,0.0,0.0,0.0,1.0,9.0,,,,,,,,,,,,,,,,,,,,,,,,,,,,,,,,,,,,,,,,
med-eab5c7860802,rar_medicine,baseline,,,,,34.0,81.0,,,,,,,,,,,grounding,8.0,22.0,0.0,1.0,1.0,0.0,0.0,1.75,0.375,0.0,0.0,1.0,0.0,0.0,0.125,0.125,0.0,0.13793103448275862,0.10606060606060606,0.12351190476190475,0.125,0.125,0.0,0.0,8.0,,,,,,,,,,,,,,,,,,,,,,,,,,,,,,,,,,,,,,,,
med-eab5c7860802,rar_medicine,agentic,,,,,34.0,81.0,,,,,,,,,,,grounding,12.0,22.0,0.0,0.8333333333333334,0.8333333333333334,0.0,0.0,3.1666666666666665,0.0,0.0,0.0,1.0,0.0,0.0,0.08333333333333333,0.08333333333333333,0.0,0.05128205128205128,0.07291666666666667,0.21765873015873016,0.08333333333333333,0.16666666666666666,0.06323051948051948,0.0,12.0,,,,,,,,,,,,,,,,,,,,,,,,,,,,,,,,,,,,,,,,
med-eab5c7860802,rar_medicine,agentic-tools,,,,,34.0,81.0,,,,,,,,,,,grounding,7.0,22.0,0.0,0.8571428571428571,0.8571428571428571,0.0,0.0,3.0,0.0,0.0,0.0,1.0,0.0,0.0,0.0,0.0,0.0,0.0,0.0,0.16895604395604394,0.14285714285714285,0.14285714285714285,0.03231292517006802,0.0,7.0,,,,,,,,,,,,,,,,,,,,,,,,,,,,,,,,,,,,,,,,
med-f5bc99c4e922,rar_medicine,shipped,,,,,38.0,113.0,,,,,,,,,,,grounding,9.0,31.0,0.1111111111111111,1.0,0.8888888888888888,0.03571428571428571,0.04615384615384615,2.3333333333333335,0.2222222222222222,0.0,0.0,1.0,0.0,0.1111111111111111,0.1111111111111111,0.1111111111111111,0.1111111111111111,0.03571428571428571,0.04615384615384615,0.2074074074074074,0.3333333333333333,0.3333333333333333,0.0,1.0,9.0,,,,,,,,,,,,,,,,,,,,,,,,,,,,,,,,,,,,,,,,
med-f5bc99c4e922,rar_medicine,baseline,,,,,38.0,113.0,,,,,,,,,,,grounding,6.0,31.0,0.0,1.0,1.0,0.0,0.0,2.8333333333333335,0.0,0.0,0.0,3.0,0.16666666666666666,0.0,0.0,0.0,0.0,0.0,0.0,0.16058201058201058,0.0,0.16666666666666666,0.027777777777777776,0.0,6.0,,,,,,,,,,,,,,,,,,,,,,,,,,,,,,,,,,,,,,,,
med-f5bc99c4e922,rar_medicine,agentic,,,,,38.0,113.0,,,,,,,,,,,grounding,9.0,31.0,0.0,1.0,1.0,0.0,0.0,3.2222222222222223,0.1111111111111111,0.0,0.0,1.0,0.0,0.0,0.0,0.0,0.0,0.0,0.0,0.2342626509293176,0.2222222222222222,0.3333333333333333,0.0,0.0,9.0,,,,,,,,,,,,,,,,,,,,,,,,,,,,,,,,,,,,,,,,
med-f5bc99c4e922,rar_medicine,agentic-tools,,,,,38.0,113.0,,,,,,,,,,,grounding,9.0,31.0,0.0,1.0,1.0,0.0,0.0,3.6666666666666665,0.0,0.0,0.0,1.0,0.0,0.0,0.0,0.0,0.0,0.0,0.0,0.3051722968389635,0.3333333333333333,0.4444444444444444,0.015873015873015872,0.0,9.0,,,,,,,,,,,,,,,,,,,,,,,,,,,,,,,,,,,,,,,,
med-f6f123aa5ea7,rar_medicine,shipped,,,,,15.0,10.0,,,,,,,,,,,grounding,8.0,4.0,0.25,0.875,0.625,0.1,0.11764705882352941,0.875,0.875,0.0,0.0,3.0,0.125,0.25,0.0,0.25,0.0,0.35,0.37254901960784315,0.0,0.0,0.0,0.0,2.0,8.0,,,,,,,,,,,,,,,,,,,,,,,,,,,,,,,,,,,,,,,,
med-f6f123aa5ea7,rar_medicine,baseline,,,,,15.0,10.0,,,,,,,,,,,grounding,5.0,4.0,0.2,1.0,0.8,0.2222222222222222,0.1794871794871795,1.0,0.8,0.0,0.0,4.0,0.2,0.2,0.0,0.2,0.0,0.2777777777777778,0.25641025641025644,0.08888888888888888,0.0,0.2,0.0,1.0,5.0,,,,,,,,,,,,,,,,,,,,,,,,,,,,,,,,,,,,,,,,
med-f6f123aa5ea7,rar_medicine,agentic,,,,,15.0,10.0,,,,,,,,,,,grounding,6.0,4.0,0.16666666666666666,1.0,0.8333333333333334,0.2,0.16279069767441856,1.3333333333333333,0.6666666666666666,0.0,0.0,1.0,0.0,0.0,0.0,0.0,0.0,0.0,0.0,0.11904761904761903,0.0,0.16666666666666666,0.027777777777777776,1.0,6.0,,,,,,,,,,,,,,,,,,,,,,,,,,,,,,,,,,,,,,,,
med-f6f123aa5ea7,rar_medicine,agentic-tools,,,,,15.0,10.0,,,,,,,,,,,grounding,9.0,4.0,0.3333333333333333,0.8888888888888888,0.5555555555555556,0.23333333333333334,0.27536231884057966,0.8888888888888888,0.7777777777777778,0.0,0.0,1.0,0.0,0.0,0.0,0.0,0.0,0.0,0.0,0.010101010101010102,0.0,0.0,0.027777777777777776,3.0,9.0,,,,,,,,,,,,,,,,,,,,,,,,,,,,,,,,,,,,,,,,
sci-1074b372b376,rar_science,shipped,,,,,87.0,13.0,,,,,,,,,,,grounding,7.0,21.0,0.14285714285714285,1.0,0.8571428571428572,0.11538461538461539,0.05660377358490565,2.142857142857143,0.42857142857142855,0.0,0.0,5.0,0.14285714285714285,0.14285714285714285,0.0,0.14285714285714285,0.0,0.19230769230769232,0.18867924528301885,0.0,0.0,0.0,0.06277056277056277,1.0,7.0,,,,,,,,,,,,,,,,,,,,,,,,,,,,,,,,,,,,,,,,
sci-1074b372b376,rar_science,baseline,,,,,87.0,13.0,,,,,,,,,,,grounding,10.0,21.0,0.4,1.0,0.6,0.28125,0.3055555555555555,1.2,0.7,0.0,0.0,1.0,0.0,0.0,0.0,0.0,0.0,0.0,0.0,0.02857142857142857,0.0,0.0,0.04,4.0,10.0,,,,,,,,,,,,,,,,,,,,,,,,,,,,,,,,,,,,,,,,
sci-1074b372b376,rar_science,agentic,,,,,87.0,13.0,,,,,,,,,,,grounding,6.0,21.0,0.5,1.0,0.5,0.5,0.5,0.6666666666666666,0.8333333333333334,0.0,0.0,1.0,0.0,0.0,0.0,0.0,0.0,0.0,0.0,0.09523809523809523,0.0,0.0,0.0,3.0,6.0,,,,,,,,,,,,,,,,,,,,,,,,,,,,,,,,,,,,,,,,
sci-1074b372b376,rar_science,agentic-tools,,,,,87.0,13.0,,,,,,,,,,,grounding,15.0,21.0,0.13333333333333333,1.0,0.8666666666666667,0.09302325581395349,0.13043478260869565,1.4666666666666666,0.6,0.0,0.0,1.0,0.0,0.0,0.0,0.0,0.0,0.0,0.0,0.008333333333333333,0.0,0.0,0.047222222222222214,2.0,15.0,,,,,,,,,,,,,,,,,,,,,,,,,,,,,,,,,,,,,,,,
sci-1cbb3e0b742d,rar_science,shipped,,,,,160.0,230.0,,,,,,,,,,,grounding,9.0,46.0,0.0,0.5555555555555556,0.5555555555555556,0.0,0.0,2.2222222222222223,0.3333333333333333,0.0,0.0,1.0,0.0,0.1111111111111111,0.1111111111111111,0.2222222222222222,0.0,0.21621621621621623,0.1780821917808219,0.008547008547008548,0.0,0.0,0.0,0.0,9.0,,,,,,,,,,,,,,,,,,,,,,,,,,,,,,,,,,,,,,,,
sci-1cbb3e0b742d,rar_science,baseline,,,,,160.0,230.0,,,,,,,,,,,grounding,15.0,46.0,0.2,0.9333333333333333,0.7333333333333334,0.1896551724137931,0.208,2.2666666666666666,0.4,0.0,0.0,1.0,0.0,0.06666666666666667,0.0,0.06666666666666667,0.0,0.034482758620689655,0.023999999999999997,0.035555555555555556,0.0,0.06666666666666667,0.0,3.0,15.0,,,,,,,,,,,,,,,,,,,,,,,,,,,,,,,,,,,,,,,,
sci-1cbb3e0b742d,rar_science,agentic,,,,,160.0,230.0,,,,,,,,,,,grounding,15.0,46.0,0.0,0.8,0.8,0.0,0.0,2.8666666666666667,0.13333333333333333,0.0,0.0,2.0,0.13333333333333333,0.0,0.0,0.0,0.0,0.0,0.0,0.01574074074074074,0.0,0.0,0.0,0.0,15.0,,,,,,,,,,,,,,,,,,,,,,,,,,,,,,,,,,,,,,,,
sci-1cbb3e0b742d,rar_science,agentic-tools,,,,,160.0,230.0,,,,,,,,,,,grounding,15.0,46.0,0.0,0.7333333333333333,0.7333333333333333,0.0,0.0,2.533333333333333,0.3333333333333333,0.0,0.0,1.0,0.0,0.0,0.0,0.0,0.0,0.0,0.0,0.023917748917748914,0.0,0.0,0.007407407407407407,0.0,15.0,,,,,,,,,,,,,,,,,,,,,,,,,,,,,,,,,,,,,,,,
sci-200bfdc23b84,rar_science,shipped,,,,,49.0,370.0,,,,,,,,,,,grounding,7.0,58.0,0.14285714285714285,0.8571428571428571,0.7142857142857142,0.13793103448275862,0.12962962962962962,2.4285714285714284,0.2857142857142857,0.0,0.0,2.0,0.14285714285714285,0.2857142857142857,0.0,0.2857142857142857,0.0,0.27586206896551724,0.24074074074074073,0.0,0.0,0.0,0.0,1.0,7.0,,,,,,,,,,,,,,,,,,,,,,,,,,,,,,,,,,,,,,,,
sci-200bfdc23b84,rar_science,baseline,,,,,49.0,370.0,,,,,,,,,,,grounding,12.0,58.0,0.0,0.6666666666666666,0.6666666666666666,0.0,0.0,2.6666666666666665,0.16666666666666666,0.0,0.0,1.0,0.0,0.25,0.0,0.25,0.0,0.2692307692307692,0.25471698113207547,0.11143162393162392,0.08333333333333333,0.16666666666666666,0.0,0.0,12.0,,,,,,,,,,,,,,,,,,,,,,,,,,,,,,,,,,,,,,,,
sci-200bfdc23b84,rar_science,agentic,,,,,49.0,370.0,,,,,,,,,,,grounding,14.0,58.0,0.0,0.6428571428571429,0.6428571428571429,0.0,0.0,3.642857142857143,0.21428571428571427,0.0,0.0,1.0,0.0,0.0,0.0,0.0,0.0,0.0,0.0,0.05598072562358276,0.0,0.07142857142857142,0.005952380952380952,0.0,14.0,,,,,,,,,,,,,,,,,,,,,,,,,,,,,,,,,,,,,,,,
sci-200bfdc23b84,rar_science,agentic-tools,,,,,49.0,370.0,,,,,,,,,,,grounding,11.0,58.0,0.0,0.8181818181818182,0.8181818181818182,0.0,0.0,2.6363636363636362,0.09090909090909091,0.0,0.0,1.0,0.0,0.0,0.0,0.0,0.0,0.0,0.0,0.12272727272727274,0.0,0.18181818181818182,0.0,0.0,11.0,,,,,,,,,,,,,,,,,,,,,,,,,,,,,,,,,,,,,,,,
sci-2907ae60d945,rar_science,shipped,,,,,37.0,23.0,,,,,,,,,,,grounding,7.0,8.0,0.0,1.0,1.0,0.0,0.0,1.4285714285714286,0.5714285714285714,0.0,0.0,1.0,0.0,0.14285714285714285,0.14285714285714285,0.14285714285714285,0.0,0.1111111111111111,0.05357142857142856,0.0,0.0,0.0,0.028571428571428574,0.0,7.0,,,,,,,,,,,,,,,,,,,,,,,,,,,,,,,,,,,,,,,,
sci-2907ae60d945,rar_science,baseline,,,,,37.0,23.0,,,,,,,,,,,grounding,8.0,8.0,0.75,0.875,0.125,0.7692307692307693,0.7419354838709679,0.5,0.75,0.0,0.0,1.0,0.0,0.0,0.0,0.0,0.0,0.0,0.0,0.0125,0.0,0.0,0.0,6.0,8.0,,,,,,,,,,,,,,,,,,,,,,,,,,,,,,,,,,,,,,,,
sci-2907ae60d945,rar_science,agentic,,,,,37.0,23.0,,,,,,,,,,,grounding,6.0,8.0,0.3333333333333333,1.0,0.6666666666666667,0.2857142857142857,0.20689655172413796,1.1666666666666667,0.6666666666666666,0.0,0.0,1.0,0.0,0.0,0.0,0.0,0.0,0.0,0.0,0.0,0.0,0.0,0.03518518518518519,2.0,6.0,,,,,,,,,,,,,,,,,,,,,,,,,,,,,,,,,,,,,,,,
sci-2907ae60d945,rar_science,agentic-tools,,,,,37.0,23.0,,,,,,,,,,,grounding,5.0,8.0,0.4,0.8,0.4,0.23076923076923078,0.3333333333333333,1.2,0.6,0.0,0.0,1.0,0.0,0.0,0.0,0.0,0.0,0.0,0.0,0.021052631578947368,0.0,0.0,0.0,2.0,5.0,,,,,,,,,,,,,,,,,,,,,,,,,,,,,,,,,,,,,,,,
sci-2f3b45de3872,rar_science,shipped,,,,,61.0,15.0,,,,,,,,,,,grounding,7.0,20.0,0.0,1.0,1.0,0.0,0.0,3.0,0.0,0.0,0.0,1.0,0.0,0.42857142857142855,0.0,0.42857142857142855,0.0,0.46153846153846156,0.3773584905660377,0.0,0.0,0.0,0.07121212121212121,0.0,7.0,,,,,,,,,,,,,,,,,,,,,,,,,,,,,,,,,,,,,,,,
sci-2f3b45de3872,rar_science,baseline,,,,,61.0,15.0,,,,,,,,,,,grounding,10.0,20.0,0.2,1.0,0.8,0.08823529411764706,0.1379310344827586,2.2,0.4,0.0,0.0,1.0,0.0,0.4,0.0,0.4,0.2,0.38235294117647056,0.36781609195402293,0.0,0.0,0.0,0.03339285714285715,2.0,10.0,,,,,,,,,,,,,,,,,,,,,,,,,,,,,,,,,,,,,,,,
sci-2f3b45de3872,rar_science,agentic,,,,,61.0,15.0,,,,,,,,,,,grounding,6.0,20.0,0.0,1.0,1.0,0.0,0.0,3.3333333333333335,0.3333333333333333,0.0,0.0,1.0,0.0,0.0,0.0,0.0,0.0,0.0,0.0,0.0,0.0,0.0,0.14460784313725492,0.0,6.0,,,,,,,,,,,,,,,,,,,,,,,,,,,,,,,,,,,,,,,,
sci-2f3b45de3872,rar_science,agentic-tools,,,,,61.0,15.0,,,,,,,,,,,grounding,16.0,20.0,0.0,1.0,1.0,0.0,0.0,4.4375,0.0,0.0,0.0,1.0,0.0,0.0,0.0,0.0,0.0,0.0,0.0,0.0,0.0,0.0,0.019345238095238096,0.0,16.0,,,,,,,,,,,,,,,,,,,,,,,,,,,,,,,,,,,,,,,,
sci-423a28946a42,rar_science,shipped,,,,,34.0,22.0,,,,,,,,,,,grounding,8.0,4.0,0.625,1.0,0.375,0.6451612903225806,0.5396825396825397,0.375,1.0,0.0,0.0,3.0,0.125,0.625,0.0,0.625,0.375,0.7096774193548387,0.6349206349206349,0.041666666666666664,0.0,0.125,0.020833333333333332,5.0,8.0,,,,,,,,,,,,,,,,,,,,,,,,,,,,,,,,,,,,,,,,
sci-423a28946a42,rar_science,baseline,,,,,34.0,22.0,,,,,,,,,,,grounding,14.0,4.0,0.9285714285714286,1.0,0.0714285714285714,0.8936170212765957,0.9107142857142857,0.14285714285714285,0.9285714285714286,0.0,0.0,1.0,0.0,0.14285714285714285,0.0,0.14285714285714285,0.14285714285714285,0.14893617021276595,0.12499999999999999,0.0,0.0,0.0,0.0,13.0,14.0,,,,,,,,,,,,,,,,,,,,,,,,,,,,,,,,,,,,,,,,
sci-423a28946a42,rar_science,agentic,,,,,34.0,22.0,,,,,,,,,,,grounding,6.0,4.0,0.6666666666666666,1.0,0.33333333333333337,0.6666666666666666,0.627906976744186,0.3333333333333333,1.0,0.0,0.0,2.0,0.6666666666666666,0.0,0.0,0.0,0.0,0.0,0.0,0.0,0.0,0.0,0.0,4.0,6.0,,,,,,,,,,,,,,,,,,,,,,,,,,,,,,,,,,,,,,,,
sci-423a28946a42,rar_science,agentic-tools,,,,,34.0,22.0,,,,,,,,,,,grounding,5.0,4.0,0.8,1.0,0.19999999999999996,0.8,0.9090909090909092,0.2,1.0,0.0,0.0,1.0,0.0,0.0,0.0,0.0,0.0,0.0,0.0,0.02,0.0,0.0,0.0,4.0,5.0,,,,,,,,,,,,,,,,,,,,,,,,,,,,,,,,,,,,,,,,
sci-4260e6a475a5,rar_science,shipped,,,,,80.0,42.0,,,,,,,,,,,grounding,8.0,15.0,0.0,1.0,1.0,0.0,0.0,1.75,0.625,0.0,0.0,1.0,0.0,0.25,0.0,0.25,0.0,0.2857142857142857,0.25000000000000006,0.0,0.0,0.0,0.0,0.0,8.0,,,,,,,,,,,,,,,,,,,,,,,,,,,,,,,,,,,,,,,,
sci-4260e6a475a5,rar_science,baseline,,,,,80.0,42.0,,,,,,,,,,,grounding,8.0,15.0,0.0,1.0,1.0,0.0,0.0,1.5,0.625,0.0,0.0,1.0,0.0,0.0,0.0,0.0,0.0,0.0,0.0,0.0,0.0,0.0,0.0,0.0,8.0,,,,,,,,,,,,,,,,,,,,,,,,,,,,,,,,,,,,,,,,
sci-4260e6a475a5,rar_science,agentic,,,,,80.0,42.0,,,,,,,,,,,grounding,14.0,15.0,0.07142857142857142,1.0,0.9285714285714286,0.07317073170731707,0.08620689655172414,2.0,0.2857142857142857,0.0,0.0,1.0,0.0,0.0,0.0,0.0,0.0,0.0,0.0,0.0071428571428571435,0.0,0.0,0.0,1.0,14.0,,,,,,,,,,,,,,,,,,,,,,,,,,,,,,,,,,,,,,,,
sci-4260e6a475a5,rar_science,agentic-tools,,,,,80.0,42.0,,,,,,,,,,,grounding,13.0,15.0,0.15384615384615385,1.0,0.8461538461538461,0.18604651162790697,0.160377358490566,1.4615384615384615,0.6153846153846154,0.0,0.0,1.0,0.0,0.0,0.0,0.0,0.0,0.0,0.0,0.0,0.0,0.0,0.0,2.0,13.0,,,,,,,,,,,,,,,,,,,,,,,,,,,,,,,,,,,,,,,,
sci-4430faf0f105,rar_science,shipped,,,,,46.0,2.0,,,,,,,,,,,grounding,7.0,4.0,0.42857142857142855,1.0,0.5714285714285714,0.3076923076923077,0.35849056603773577,0.7142857142857143,0.8571428571428571,0.0,0.0,1.0,0.0,0.2857142857142857,0.0,0.2857142857142857,0.14285714285714285,0.3076923076923077,0.26415094339622636,0.0,0.0,0.0,0.0,3.0,7.0,,,,,,,,,,,,,,,,,,,,,,,,,,,,,,,,,,,,,,,,
sci-4430faf0f105,rar_science,baseline,,,,,46.0,2.0,,,,,,,,,,,grounding,12.0,4.0,0.5833333333333334,1.0,0.41666666666666663,0.5227272727272727,0.5576923076923077,0.4166666666666667,1.0,0.0,0.0,1.0,0.0,0.0,0.0,0.0,0.0,0.0,0.0,0.0,0.0,0.0,0.0,7.0,12.0,,,,,,,,,,,,,,,,,,,,,,,,,,,,,,,,,,,,,,,,
sci-4430faf0f105,rar_science,agentic,,,,,46.0,2.0,,,,,,,,,,,grounding,15.0,4.0,0.6,1.0,0.4,0.5510204081632653,0.6086956521739131,0.4666666666666667,0.9333333333333333,0.0,0.0,1.0,0.0,0.0,0.0,0.0,0.0,0.0,0.0,0.0,0.0,0.0,0.005555555555555555,9.0,15.0,,,,,,,,,,,,,,,,,,,,,,,,,,,,,,,,,,,,,,,,
sci-4430faf0f105,rar_science,agentic-tools,,,,,46.0,2.0,,,,,,,,,,,grounding,6.0,4.0,0.6666666666666666,1.0,0.33333333333333337,0.7894736842105263,0.75,0.3333333333333333,1.0,0.0,0.0,1.0,0.0,0.0,0.0,0.0,0.0,0.0,0.0,0.0,0.0,0.0,0.0,4.0,6.0,,,,,,,,,,,,,,,,,,,,,,,,,,,,,,,,,,,,,,,,
sci-46a70d998b40,rar_science,shipped,,,,,35.0,13.0,,,,,,,,,,,grounding,7.0,11.0,0.2857142857142857,1.0,0.7142857142857143,0.25,0.18867924528301888,0.8571428571428571,0.8571428571428571,0.0,0.0,1.0,0.0,0.7142857142857143,0.42857142857142855,0.8571428571428571,0.2857142857142857,0.8214285714285714,0.8113207547169812,0.0,0.0,0.0,0.0,2.0,7.0,,,,,,,,,,,,,,,,,,,,,,,,,,,,,,,,,,,,,,,,
sci-46a70d998b40,rar_science,baseline,,,,,35.0,13.0,,,,,,,,,,,grounding,9.0,11.0,0.1111111111111111,1.0,0.8888888888888888,0.07407407407407407,0.1267605633802817,2.6666666666666665,0.4444444444444444,0.0,0.0,1.0,0.0,0.0,0.1111111111111111,0.1111111111111111,0.0,0.07407407407407407,0.1267605633802817,0.0,0.0,0.0,0.0,1.0,9.0,,,,,,,,,,,,,,,,,,,,,,,,,,,,,,,,,,,,,,,,
sci-46a70d998b40,rar_science,agentic,,,,,35.0,13.0,,,,,,,,,,,grounding,8.0,11.0,0.0,1.0,1.0,0.0,0.0,3.125,0.125,0.0,0.0,1.0,0.0,0.0,0.125,0.125,0.0,0.08,0.14516129032258066,0.0,0.0,0.0,0.0,0.0,8.0,,,,,,,,,,,,,,,,,,,,,,,,,,,,,,,,,,,,,,,,
sci-46a70d998b40,rar_science,agentic-tools,,,,,35.0,13.0,,,,,,,,,,,grounding,8.0,11.0,0.0,1.0,1.0,0.0,0.0,2.75,0.0,0.0,0.0,1.0,0.0,0.0,0.125,0.125,0.0,0.08,0.14516129032258066,0.0,0.0,0.0,0.0,0.0,8.0,,,,,,,,,,,,,,,,,,,,,,,,,,,,,,,,,,,,,,,,
sci-4705912940bd,rar_science,shipped,,,,,160.0,39.0,,,,,,,,,,,grounding,8.0,21.0,0.375,1.0,0.625,0.2962962962962963,0.3064516129032258,2.0,0.625,0.0,0.0,3.0,0.125,0.25,0.25,0.375,0.25,0.4074074074074074,0.2741935483870968,0.0,0.0,0.0,0.13161057692307693,3.0,8.0,,,,,,,,,,,,,,,,,,,,,,,,,,,,,,,,,,,,,,,,
sci-4705912940bd,rar_science,baseline,,,,,160.0,39.0,,,,,,,,,,,grounding,11.0,21.0,0.0,0.45454545454545453,0.45454545454545453,0.0,0.0,2.8181818181818183,0.18181818181818182,0.0,0.0,1.0,0.0,0.09090909090909091,0.09090909090909091,0.09090909090909091,0.0,0.06382978723404255,0.06666666666666667,0.0,0.0,0.0,0.012987012987012986,0.0,11.0,,,,,,,,,,,,,,,,,,,,,,,,,,,,,,,,,,,,,,,,
sci-4705912940bd,rar_science,agentic,,,,,160.0,39.0,,,,,,,,,,,grounding,7.0,21.0,0.0,0.7142857142857143,0.7142857142857143,0.0,0.0,1.5714285714285714,0.5714285714285714,0.0,0.0,1.0,0.0,0.0,0.0,0.0,0.0,0.0,0.0,0.0,0.0,0.0,0.09285714285714286,0.0,7.0,,,,,,,,,,,,,,,,,,,,,,,,,,,,,,,,,,,,,,,,
sci-4705912940bd,rar_science,agentic-tools,,,,,160.0,39.0,,,,,,,,,,,grounding,10.0,21.0,0.2,0.6,0.39999999999999997,0.15,0.17721518987341772,1.9,0.4,0.0,0.0,1.0,0.0,0.0,0.0,0.0,0.0,0.0,0.0,0.0,0.0,0.0,0.0625,2.0,10.0,,,,,,,,,,,,,,,,,,,,,,,,,,,,,,,,,,,,,,,,
sci-530fc857ec78,rar_science,shipped,,,,,23.0,28.0,,,,,,,,,,,grounding,8.0,6.0,0.5,1.0,0.5,0.4827586206896552,0.35714285714285715,0.5,1.0,0.0,0.0,1.0,0.0,0.375,0.0,0.375,0.125,0.41379310344827586,0.35714285714285715,0.0,0.0,0.0,0.0,4.0,8.0,,,,,,,,,,,,,,,,,,,,,,,,,,,,,,,,,,,,,,,,
sci-530fc857ec78,rar_science,baseline,,,,,23.0,28.0,,,,,,,,,,,grounding,11.0,6.0,0.9090909090909091,1.0,0.09090909090909094,0.9705882352941176,0.9620253164556962,0.09090909090909091,1.0,0.0,0.0,1.0,0.0,0.0,0.0,0.0,0.0,0.0,0.0,0.0,0.0,0.0,0.0,10.0,11.0,,,,,,,,,,,,,,,,,,,,,,,,,,,,,,,,,,,,,,,,
sci-530fc857ec78,rar_science,agentic,,,,,23.0,28.0,,,,,,,,,,,grounding,6.0,6.0,0.5,1.0,0.5,0.45454545454545453,0.45999999999999996,0.5,1.0,0.0,0.0,1.0,0.0,0.0,0.0,0.0,0.0,0.0,0.0,0.0,0.0,0.0,0.0,3.0,6.0,,,,,,,,,,,,,,,,,,,,,,,,,,,,,,,,,,,,,,,,
sci-530fc857ec78,rar_science,agentic-tools,,,,,23.0,28.0,,,,,,,,,,,grounding,5.0,6.0,0.0,1.0,1.0,0.0,0.0,1.0,1.0,0.0,0.0,1.0,0.0,0.0,0.0,0.0,0.0,0.0,0.0,0.0,0.0,0.0,0.0,0.0,5.0,,,,,,,,,,,,,,,,,,,,,,,,,,,,,,,,,,,,,,,,
sci-5c5822f383a5,rar_science,shipped,,,,,78.0,188.0,,,,,,,,,,,grounding,8.0,27.0,0.5,1.0,0.5,0.3870967741935484,0.3728813559322034,1.25,0.625,0.0,0.0,2.0,0.125,0.75,0.0,0.75,0.375,0.8064516129032258,0.6779661016949151,0.0,0.0,0.0,0.0,4.0,8.0,,,,,,,,,,,,,,,,,,,,,,,,,,,,,,,,,,,,,,,,
sci-5c5822f383a5,rar_science,baseline,,,,,78.0,188.0,,,,,,,,,,,grounding,13.0,27.0,0.38461538461538464,0.8461538461538461,0.4615384615384615,0.37777777777777777,0.3925233644859813,1.4615384615384615,0.5384615384615384,0.0,0.0,1.0,0.0,0.07692307692307693,0.0,0.07692307692307693,0.0,0.022222222222222223,0.02803738317757009,0.0,0.0,0.0,0.0,5.0,13.0,,,,,,,,,,,,,,,,,,,,,,,,,,,,,,,,,,,,,,,,
sci-5c5822f383a5,rar_science,agentic,,,,,78.0,188.0,,,,,,,,,,,grounding,15.0,27.0,0.13333333333333333,1.0,0.8666666666666667,0.10638297872340426,0.0892857142857143,2.066666666666667,0.3333333333333333,0.0,0.0,2.0,0.13333333333333333,0.0,0.0,0.0,0.0,0.0,0.0,0.0,0.0,0.0,0.0,2.0,15.0,,,,,,,,,,,,,,,,,,,,,,,,,,,,,,,,,,,,,,,,
sci-5c5822f383a5,rar_science,agentic-tools,,,,,78.0,188.0,,,,,,,,,,,grounding,13.0,27.0,0.07692307692307693,1.0,0.9230769230769231,0.1,0.0707070707070707,1.9230769230769231,0.46153846153846156,0.0,0.0,2.0,0.15384615384615385,0.0,0.0,0.0,0.0,0.0,0.0,0.0,0.0,0.0,0.0,1.0,13.0,,,,,,,,,,,,,,,,,,,,,,,,,,,,,,,,,,,,,,,,
sci-615e52d990f9,rar_science,shipped,,,,,37.0,31.0,,,,,,,,,,,grounding,7.0,9.0,0.5714285714285714,1.0,0.4285714285714286,0.6538461538461539,0.6071428571428571,0.42857142857142855,1.0,0.0,0.0,1.0,0.0,0.42857142857142855,0.14285714285714285,0.42857142857142855,0.14285714285714285,0.46153846153846156,0.41071428571428564,0.05454545454545455,0.0,0.0,0.0,4.0,7.0,,,,,,,,,,,,,,,,,,,,,,,,,,,,,,,,,,,,,,,,
sci-615e52d990f9,rar_science,baseline,,,,,37.0,31.0,,,,,,,,,,,grounding,13.0,9.0,0.8461538461538461,0.9230769230769231,0.07692307692307698,0.7560975609756098,0.7894736842105264,0.15384615384615385,1.0,0.0,0.0,5.0,0.15384615384615385,0.15384615384615385,0.38461538461538464,0.46153846153846156,0.38461538461538464,0.4634146341463415,0.38947368421052625,0.01183431952662722,0.0,0.0,0.0,11.0,13.0,,,,,,,,,,,,,,,,,,,,,,,,,,,,,,,,,,,,,,,,
sci-615e52d990f9,rar_science,agentic,,,,,37.0,31.0,,,,,,,,,,,grounding,8.0,9.0,0.75,1.0,0.25,0.6190476190476191,0.6909090909090909,0.5,0.875,0.0,0.0,1.0,0.0,0.0,0.375,0.375,0.25,0.38095238095238093,0.3818181818181818,0.125,0.125,0.125,0.0,6.0,8.0,,,,,,,,,,,,,,,,,,,,,,,,,,,,,,,,,,,,,,,,
sci-615e52d990f9,rar_science,agentic-tools,,,,,37.0,31.0,,,,,,,,,,,grounding,14.0,9.0,0.7142857142857143,0.9285714285714286,0.2142857142857143,0.6888888888888889,0.7373737373737372,0.42857142857142855,0.9285714285714286,0.0,0.0,1.0,0.0,0.0,0.21428571428571427,0.21428571428571427,0.21428571428571427,0.13333333333333333,0.19191919191919188,0.047889610389610385,0.07142857142857142,0.07142857142857142,0.0,10.0,14.0,,,,,,,,,,,,,,,,,,,,,,,,,,,,,,,,,,,,,,,,
sci-6601b6700272,rar_science,shipped,,,,,57.0,7.0,,,,,,,,,,,grounding,8.0,19.0,0.25,0.75,0.5,0.12,0.10714285714285715,1.75,0.375,0.0,0.0,1.0,0.0,0.5,0.25,0.625,0.25,0.64,0.5892857142857143,0.0,0.0,0.0,0.0,2.0,8.0,,,,,,,,,,,,,,,,,,,,,,,,,,,,,,,,,,,,,,,,
sci-6601b6700272,rar_science,baseline,,,,,57.0,7.0,,,,,,,,,,,grounding,10.0,19.0,0.0,0.9,0.9,0.0,0.0,1.7,0.5,0.0,0.0,1.0,0.0,0.0,0.0,0.0,0.0,0.0,0.0,0.0,0.0,0.0,0.0,0.0,10.0,,,,,,,,,,,,,,,,,,,,,,,,,,,,,,,,,,,,,,,,
sci-6601b6700272,rar_science,agentic,,,,,57.0,7.0,,,,,,,,,,,grounding,15.0,19.0,0.0,0.8666666666666667,0.8666666666666667,0.0,0.0,2.533333333333333,0.3333333333333333,0.0,0.0,1.0,0.0,0.0,0.0,0.0,0.0,0.0,0.0,0.0,0.0,0.0,0.0,0.0,15.0,,,,,,,,,,,,,,,,,,,,,,,,,,,,,,,,,,,,,,,,
sci-6601b6700272,rar_science,agentic-tools,,,,,57.0,7.0,,,,,,,,,,,grounding,5.0,19.0,0.0,1.0,1.0,0.0,0.0,3.2,0.2,0.0,0.0,1.0,0.0,0.0,0.0,0.0,0.0,0.0,0.0,0.0,0.0,0.0,0.0,0.0,5.0,,,,,,,,,,,,,,,,,,,,,,,,,,,,,,,,,,,,,,,,
sci-674358162aab,rar_science,shipped,,,,,40.0,27.0,,,,,,,,,,,grounding,7.0,13.0,0.14285714285714285,1.0,0.8571428571428572,0.18518518518518517,0.2040816326530612,2.142857142857143,0.5714285714285714,0.0,0.0,1.0,0.0,0.14285714285714285,0.0,0.14285714285714285,0.14285714285714285,0.18518518518518517,0.2040816326530612,0.05102040816326531,0.0,0.14285714285714285,0.023809523809523808,1.0,7.0,,,,,,,,,,,,,,,,,,,,,,,,,,,,,,,,,,,,,,,,
sci-674358162aab,rar_science,baseline,,,,,40.0,27.0,,,,,,,,,,,grounding,17.0,13.0,0.23529411764705882,1.0,0.7647058823529411,0.23529411764705882,0.1811023622047244,1.4705882352941178,0.7058823529411765,0.0,0.0,2.0,0.058823529411764705,0.058823529411764705,0.11764705882352941,0.11764705882352941,0.11764705882352941,0.058823529411764705,0.047244094488188976,0.018922254216371864,0.0,0.0,0.00980392156862745,4.0,17.0,,,,,,,,,,,,,,,,,,,,,,,,,,,,,,,,,,,,,,,,
sci-674358162aab,rar_science,agentic,,,,,40.0,27.0,,,,,,,,,,,grounding,15.0,13.0,0.2,1.0,0.8,0.1951219512195122,0.1368421052631579,1.6666666666666667,0.6,0.0,0.0,1.0,0.0,0.0,0.06666666666666667,0.06666666666666667,0.0,0.04878048780487805,0.031578947368421054,0.08601010101010102,0.0,0.2,0.0,3.0,15.0,,,,,,,,,,,,,,,,,,,,,,,,,,,,,,,,,,,,,,,,
sci-674358162aab,rar_science,agentic-tools,,,,,40.0,27.0,,,,,,,,,,,grounding,16.0,13.0,0.3125,1.0,0.6875,0.2765957446808511,0.21296296296296294,1.1875,0.625,0.0,0.0,1.0,0.0,0.0,0.0,0.0,0.0,0.0,0.0,0.05022321428571429,0.0,0.125,0.005681818181818182,5.0,16.0,,,,,,,,,,,,,,,,,,,,,,,,,,,,,,,,,,,,,,,,
sci-70db910e68ee,rar_science,shipped,,,,,31.0,56.0,,,,,,,,,,,grounding,7.0,4.0,0.42857142857142855,1.0,0.5714285714285714,0.44,0.37735849056603776,0.5714285714285714,1.0,0.0,0.0,1.0,0.0,0.42857142857142855,0.0,0.42857142857142855,0.2857142857142857,0.44,0.37735849056603776,0.03373015873015873,0.0,0.0,0.0,3.0,7.0,,,,,,,,,,,,,,,,,,,,,,,,,,,,,,,,,,,,,,,,
sci-70db910e68ee,rar_science,baseline,,,,,31.0,56.0,,,,,,,,,,,grounding,12.0,4.0,0.75,1.0,0.25,0.6829268292682927,0.7362637362637363,0.25,1.0,0.0,0.0,1.0,0.0,0.0,0.0,0.0,0.0,0.0,0.0,0.03125,0.0,0.08333333333333333,0.023809523809523808,9.0,12.0,,,,,,,,,,,,,,,,,,,,,,,,,,,,,,,,,,,,,,,,
sci-70db910e68ee,rar_science,agentic,,,,,31.0,56.0,,,,,,,,,,,grounding,15.0,4.0,0.6,0.9333333333333333,0.33333333333333337,0.6052631578947368,0.5901639344262295,0.4,1.0,0.0,0.0,1.0,0.0,0.0,0.0,0.0,0.0,0.0,0.0,0.02222222222222222,0.0,0.06666666666666667,0.030000000000000002,9.0,15.0,,,,,,,,,,,,,,,,,,,,,,,,,,,,,,,,,,,,,,,,
sci-70db910e68ee,rar_science,agentic-tools,,,,,31.0,56.0,,,,,,,,,,,grounding,6.0,4.0,0.3333333333333333,1.0,0.6666666666666667,0.35294117647058826,0.32500000000000007,0.6666666666666666,1.0,0.0,0.0,1.0,0.0,0.0,0.0,0.0,0.0,0.0,0.0,0.05423280423280422,0.0,0.0,0.025641025641025644,2.0,6.0,,,,,,,,,,,,,,,,,,,,,,,,,,,,,,,,,,,,,,,,
sci-71c07f577946,rar_science,shipped,,,,,36.0,31.0,,,,,,,,,,,grounding,7.0,11.0,0.14285714285714285,1.0,0.8571428571428572,0.14814814814814814,0.12499999999999999,1.4285714285714286,0.5714285714285714,0.0,0.0,1.0,0.0,0.42857142857142855,0.5714285714285714,0.7142857142857143,0.0,0.8148148148148148,0.7142857142857142,0.05952380952380952,0.0,0.0,0.011904761904761904,1.0,7.0,,,,,,,,,,,,,,,,,,,,,,,,,,,,,,,,,,,,,,,,
sci-71c07f577946,rar_science,baseline,,,,,36.0,31.0,,,,,,,,,,,grounding,12.0,11.0,0.4166666666666667,1.0,0.5833333333333333,0.3333333333333333,0.31868131868131866,1.0833333333333333,0.75,0.0,0.0,1.0,0.0,0.16666666666666666,0.16666666666666666,0.25,0.08333333333333333,0.3055555555555556,0.28571428571428575,0.05555555555555555,0.0,0.16666666666666666,0.0,5.0,12.0,,,,,,,,,,,,,,,,,,,,,,,,,,,,,,,,,,,,,,,,
sci-71c07f577946,rar_science,agentic,,,,,36.0,31.0,,,,,,,,,,,grounding,6.0,11.0,0.0,1.0,1.0,0.0,0.0,2.5,0.16666666666666666,0.0,0.0,2.0,0.3333333333333333,0.0,0.0,0.0,0.0,0.0,0.0,0.25,0.3333333333333333,0.3333333333333333,0.0,0.0,6.0,,,,,,,,,,,,,,,,,,,,,,,,,,,,,,,,,,,,,,,,
sci-71c07f577946,rar_science,agentic-tools,,,,,36.0,31.0,,,,,,,,,,,grounding,5.0,11.0,0.2,1.0,0.8,0.07142857142857142,0.19148936170212766,2.2,0.2,0.0,0.0,1.0,0.0,0.0,0.2,0.2,0.0,0.14285714285714285,0.19148936170212766,0.3,0.4,0.4,0.014285714285714285,1.0,5.0,,,,,,,,,,,,,,,,,,,,,,,,,,,,,,,,,,,,,,,,
sci-78456e89e0b3,rar_science,shipped,,,,,30.0,10.0,,,,,,,,,,,grounding,7.0,11.0,0.42857142857142855,1.0,0.5714285714285714,0.28,0.3584905660377358,0.8571428571428571,0.7142857142857143,0.0,0.0,2.0,0.14285714285714285,0.2857142857142857,0.14285714285714285,0.42857142857142855,0.2857142857142857,0.28,0.3584905660377358,0.0,0.0,0.0,0.0,3.0,7.0,,,,,,,,,,,,,,,,,,,,,,,,,,,,,,,,,,,,,,,,
sci-78456e89e0b3,rar_science,baseline,,,,,30.0,10.0,,,,,,,,,,,grounding,11.0,11.0,0.18181818181818182,1.0,0.8181818181818181,0.12195121951219512,0.10869565217391305,1.1818181818181819,0.6363636363636364,0.0,0.0,1.0,0.0,0.09090909090909091,0.09090909090909091,0.09090909090909091,0.09090909090909091,0.04878048780487805,0.03260869565217391,0.0,0.0,0.0,0.0,2.0,11.0,,,,,,,,,,,,,,,,,,,,,,,,,,,,,,,,,,,,,,,,
sci-78456e89e0b3,rar_science,agentic,,,,,30.0,10.0,,,,,,,,,,,grounding,7.0,11.0,0.0,1.0,1.0,0.0,0.0,1.8571428571428572,0.14285714285714285,0.0,0.0,1.0,0.0,0.0,0.0,0.0,0.0,0.0,0.0,0.0,0.0,0.0,0.0,0.0,7.0,,,,,,,,,,,,,,,,,,,,,,,,,,,,,,,,,,,,,,,,
sci-78456e89e0b3,rar_science,agentic-tools,,,,,30.0,10.0,,,,,,,,,,,grounding,15.0,11.0,0.06666666666666667,1.0,0.9333333333333333,0.057692307692307696,0.05833333333333333,1.7333333333333334,0.26666666666666666,0.0,0.0,1.0,0.0,0.0,0.0,0.0,0.0,0.0,0.0,0.0,0.0,0.0,0.0,1.0,15.0,,,,,,,,,,,,,,,,,,,,,,,,,,,,,,,,,,,,,,,,
sci-801539f7bca0,rar_science,shipped,,,,,62.0,25.0,,,,,,,,,,,grounding,8.0,28.0,0.125,0.875,0.75,0.10344827586206896,0.053571428571428575,3.125,0.25,0.0,0.0,1.0,0.0,0.25,0.125,0.25,0.125,0.27586206896551724,0.23214285714285718,0.020833333333333332,0.0,0.0,0.013888888888888888,1.0,8.0,,,,,,,,,,,,,,,,,,,,,,,,,,,,,,,,,,,,,,,,
sci-801539f7bca0,rar_science,baseline,,,,,62.0,25.0,,,,,,,,,,,grounding,10.0,28.0,0.1,0.9,0.8,0.03125,0.038461538461538464,3.7,0.1,0.0,0.0,5.0,0.1,0.1,0.1,0.1,0.1,0.03125,0.038461538461538464,0.02777777777777778,0.0,0.0,0.0,1.0,10.0,,,,,,,,,,,,,,,,,,,,,,,,,,,,,,,,,,,,,,,,
sci-801539f7bca0,rar_science,agentic,,,,,62.0,25.0,,,,,,,,,,,grounding,6.0,28.0,0.0,1.0,1.0,0.0,0.0,5.833333333333333,0.0,0.0,0.0,2.0,0.3333333333333333,0.0,0.0,0.0,0.0,0.0,0.0,0.17857142857142858,0.16666666666666666,0.3333333333333333,0.03333333333333333,0.0,6.0,,,,,,,,,,,,,,,,,,,,,,,,,,,,,,,,,,,,,,,,
sci-801539f7bca0,rar_science,agentic-tools,,,,,62.0,25.0,,,,,,,,,,,grounding,5.0,28.0,0.0,1.0,1.0,0.0,0.0,6.8,0.0,0.0,0.0,1.0,0.0,0.0,0.0,0.0,0.0,0.0,0.0,0.10467032967032967,0.0,0.2,0.06857142857142857,0.0,5.0,,,,,,,,,,,,,,,,,,,,,,,,,,,,,,,,,,,,,,,,
sci-870a3c2acf5f,rar_science,shipped,,,,,60.0,45.0,,,,,,,,,,,grounding,9.0,15.0,0.2222222222222222,1.0,0.7777777777777778,0.22580645161290322,0.15384615384615385,1.3333333333333333,0.6666666666666666,0.0,0.0,6.0,0.2222222222222222,0.3333333333333333,0.1111111111111111,0.3333333333333333,0.1111111111111111,0.3548387096774194,0.24615384615384617,0.022222222222222223,0.0,0.0,0.022222222222222223,2.0,9.0,,,,,,,,,,,,,,,,,,,,,,,,,,,,,,,,,,,,,,,,
sci-870a3c2acf5f,rar_science,baseline,,,,,60.0,45.0,,,,,,,,,,,grounding,9.0,15.0,0.3333333333333333,1.0,0.6666666666666667,0.25,0.3733333333333333,0.8888888888888888,0.7777777777777778,0.0,0.0,1.0,0.0,0.0,0.0,0.0,0.0,0.0,0.0,0.0,0.0,0.0,0.0,3.0,9.0,,,,,,,,,,,,,,,,,,,,,,,,,,,,,,,,,,,,,,,,
sci-870a3c2acf5f,rar_science,agentic,,,,,60.0,45.0,,,,,,,,,,,grounding,6.0,15.0,0.16666666666666666,1.0,0.8333333333333334,0.10526315789473684,0.13999999999999999,1.6666666666666667,0.5,0.0,0.0,1.0,0.0,0.0,0.16666666666666666,0.16666666666666666,0.0,0.15789473684210525,0.13999999999999999,0.0,0.0,0.0,0.0,1.0,6.0,,,,,,,,,,,,,,,,,,,,,,,,,,,,,,,,,,,,,,,,
sci-870a3c2acf5f,rar_science,agentic-tools,,,,,60.0,45.0,,,,,,,,,,,grounding,16.0,15.0,0.125,1.0,0.875,0.10638297872340426,0.10638297872340426,1.5625,0.5,0.0,0.0,1.0,0.0,0.0,0.0625,0.0625,0.0,0.06382978723404255,0.07446808510638298,0.007352941176470588,0.0,0.0,0.0,2.0,16.0,,,,,,,,,,,,,,,,,,,,,,,,,,,,,,,,,,,,,,,,
sci-88a263c8039c,rar_science,shipped,,,,,54.0,32.0,,,,,,,,,,,grounding,8.0,37.0,0.0,1.0,1.0,0.0,0.0,5.75,0.0,0.0,0.0,6.0,0.125,0.5,0.25,0.625,0.0,0.6896551724137931,0.6071428571428571,0.013888888888888888,0.0,0.0,0.06474358974358975,0.0,8.0,,,,,,,,,,,,,,,,,,,,,,,,,,,,,,,,,,,,,,,,
sci-88a263c8039c,rar_science,baseline,,,,,54.0,32.0,,,,,,,,,,,grounding,12.0,37.0,0.08333333333333333,1.0,0.9166666666666666,0.09090909090909091,0.07608695652173914,3.5833333333333335,0.16666666666666666,0.0,0.0,1.0,0.0,0.25,0.0,0.25,0.0,0.3181818181818182,0.29347826086956524,0.011904761904761904,0.0,0.0,0.0,1.0,12.0,,,,,,,,,,,,,,,,,,,,,,,,,,,,,,,,,,,,,,,,
sci-88a263c8039c,rar_science,agentic,,,,,54.0,32.0,,,,,,,,,,,grounding,15.0,37.0,0.0,1.0,1.0,0.0,0.0,3.8,0.2,0.0,0.0,1.0,0.0,0.0,0.06666666666666667,0.06666666666666667,0.0,0.06666666666666667,0.06930693069306931,0.009523809523809523,0.0,0.0,0.048552188552188555,0.0,15.0,,,,,,,,,,,,,,,,,,,,,,,,,,,,,,,,,,,,,,,,
sci-88a263c8039c,rar_science,agentic-tools,,,,,54.0,32.0,,,,,,,,,,,grounding,6.0,37.0,0.16666666666666666,0.8333333333333334,0.6666666666666667,0.13333333333333333,0.2,3.8333333333333335,0.16666666666666666,0.0,0.0,1.0,0.0,0.0,0.0,0.0,0.0,0.0,0.0,0.041666666666666664,0.0,0.0,0.03133903133903134,1.0,6.0,,,,,,,,,,,,,,,,,,,,,,,,,,,,,,,,,,,,,,,,
sci-8c97efc18a60,rar_science,shipped,,,,,20.0,7.0,,,,,,,,,,,grounding,7.0,9.0,0.42857142857142855,1.0,0.5714285714285714,0.36,0.28260869565217395,1.1428571428571428,0.5714285714285714,0.0,0.0,3.0,0.14285714285714285,0.2857142857142857,0.2857142857142857,0.42857142857142855,0.2857142857142857,0.44,0.4347826086956522,0.0,0.0,0.0,0.0,3.0,7.0,,,,,,,,,,,,,,,,,,,,,,,,,,,,,,,,,,,,,,,,
sci-8c97efc18a60,rar_science,baseline,,,,,20.0,7.0,,,,,,,,,,,grounding,8.0,9.0,0.625,1.0,0.375,0.52,0.5932203389830509,0.625,0.875,0.0,0.0,1.0,0.0,0.0,0.0,0.0,0.0,0.0,0.0,0.0,0.0,0.0,0.03125,5.0,8.0,,,,,,,,,,,,,,,,,,,,,,,,,,,,,,,,,,,,,,,,
sci-8c97efc18a60,rar_science,agentic,,,,,20.0,7.0,,,,,,,,,,,grounding,7.0,9.0,0.0,1.0,1.0,0.0,0.0,1.5714285714285714,0.7142857142857143,0.0,0.0,1.0,0.0,0.0,0.0,0.0,0.0,0.0,0.0,0.0,0.0,0.0,0.017857142857142856,0.0,7.0,,,,,,,,,,,,,,,,,,,,,,,,,,,,,,,,,,,,,,,,
sci-8c97efc18a60,rar_science,agentic-tools,,,,,20.0,7.0,,,,,,,,,,,grounding,11.0,9.0,0.18181818181818182,1.0,0.8181818181818181,0.09375,0.07692307692307691,1.9090909090909092,0.36363636363636365,0.0,0.0,1.0,0.0,0.0,0.0,0.0,0.0,0.0,0.0,0.011363636363636364,0.0,0.0,0.0,2.0,11.0,,,,,,,,,,,,,,,,,,,,,,,,,,,,,,,,,,,,,,,,
sci-96d4e5af66b6,rar_science,shipped,,,,,53.0,18.0,,,,,,,,,,,grounding,8.0,23.0,0.0,1.0,1.0,0.0,0.0,2.25,0.25,0.0,0.0,5.0,0.125,0.25,0.375,0.5,0.0,0.5666666666666667,0.5084745762711864,0.0,0.0,0.0,0.0,0.0,8.0,,,,,,,,,,,,,,,,,,,,,,,,,,,,,,,,,,,,,,,,
sci-96d4e5af66b6,rar_science,baseline,,,,,53.0,18.0,,,,,,,,,,,grounding,13.0,23.0,0.07692307692307693,1.0,0.9230769230769231,0.04878048780487805,0.031914893617021274,2.3076923076923075,0.46153846153846156,0.0,0.0,1.0,0.0,0.07692307692307693,0.23076923076923078,0.23076923076923078,0.0,0.21951219512195122,0.18085106382978722,0.0,0.0,0.0,0.0,1.0,13.0,,,,,,,,,,,,,,,,,,,,,,,,,,,,,,,,,,,,,,,,
sci-96d4e5af66b6,rar_science,agentic,,,,,53.0,18.0,,,,,,,,,,,grounding,8.0,23.0,0.0,1.0,1.0,0.0,0.0,3.25,0.0,0.0,0.0,1.0,0.0,0.0,0.125,0.125,0.0,0.20833333333333334,0.1754385964912281,0.0,0.0,0.0,0.0,0.0,8.0,,,,,,,,,,,,,,,,,,,,,,,,,,,,,,,,,,,,,,,,
sci-96d4e5af66b6,rar_science,agentic-tools,,,,,53.0,18.0,,,,,,,,,,,grounding,4.0,23.0,0.0,1.0,1.0,0.0,0.0,3.75,0.0,0.0,0.0,1.0,0.0,0.0,0.0,0.0,0.0,0.0,0.0,0.0,0.0,0.0,0.0,0.0,4.0,,,,,,,,,,,,,,,,,,,,,,,,,,,,,,,,,,,,,,,,
sci-9dd57081a4e1,rar_science,shipped,,,,,109.0,140.0,,,,,,,,,,,grounding,8.0,68.0,0.375,0.625,0.25,0.20689655172413793,0.2542372881355932,1.75,0.5,0.0,0.0,6.0,0.25,0.375,0.125,0.375,0.25,0.3448275862068966,0.2711864406779661,0.0,0.0,0.0,0.0,3.0,8.0,,,,,,,,,,,,,,,,,,,,,,,,,,,,,,,,,,,,,,,,
sci-9dd57081a4e1,rar_science,baseline,,,,,109.0,140.0,,,,,,,,,,,grounding,10.0,68.0,0.1,0.5,0.4,0.02857142857142857,0.0379746835443038,3.5,0.2,0.0,0.0,1.0,0.0,0.0,0.0,0.0,0.0,0.0,0.0,0.0,0.0,0.0,0.0,1.0,10.0,,,,,,,,,,,,,,,,,,,,,,,,,,,,,,,,,,,,,,,,
sci-9dd57081a4e1,rar_science,agentic,,,,,109.0,140.0,,,,,,,,,,,grounding,14.0,68.0,0.0,0.42857142857142855,0.42857142857142855,0.0,0.0,4.642857142857143,0.0,0.0,0.0,1.0,0.0,0.0,0.0,0.0,0.0,0.0,0.0,0.011904761904761904,0.0,0.0,0.0,0.0,14.0,,,,,,,,,,,,,,,,,,,,,,,,,,,,,,,,,,,,,,,,
sci-9dd57081a4e1,rar_science,agentic-tools,,,,,109.0,140.0,,,,,,,,,,,grounding,14.0,68.0,0.0,0.6428571428571429,0.6428571428571429,0.0,0.0,3.9285714285714284,0.07142857142857142,0.0,0.0,1.0,0.0,0.0,0.0,0.0,0.0,0.0,0.0,0.012987012987012988,0.0,0.0,0.0,0.0,14.0,,,,,,,,,,,,,,,,,,,,,,,,,,,,,,,,,,,,,,,,
sci-b89c9561e59a,rar_science,shipped,,,,,50.0,29.0,,,,,,,,,,,grounding,8.0,12.0,0.125,1.0,0.875,0.04,0.15517241379310345,1.875,0.5,0.0,0.0,1.0,0.0,0.25,0.125,0.375,0.0,0.52,0.396551724137931,0.020833333333333332,0.0,0.0,0.013888888888888888,1.0,8.0,,,,,,,,,,,,,,,,,,,,,,,,,,,,,,,,,,,,,,,,
sci-b89c9561e59a,rar_science,baseline,,,,,50.0,29.0,,,,,,,,,,,grounding,11.0,12.0,0.36363636363636365,1.0,0.6363636363636364,0.28205128205128205,0.3647058823529412,1.3636363636363635,0.5454545454545454,0.0,0.0,2.0,0.09090909090909091,0.09090909090909091,0.18181818181818182,0.18181818181818182,0.18181818181818182,0.1794871794871795,0.15294117647058825,0.0,0.0,0.0,0.0,4.0,11.0,,,,,,,,,,,,,,,,,,,,,,,,,,,,,,,,,,,,,,,,
sci-b89c9561e59a,rar_science,agentic,,,,,50.0,29.0,,,,,,,,,,,grounding,6.0,12.0,0.0,1.0,1.0,0.0,0.0,3.1666666666666665,0.3333333333333333,0.0,0.0,1.0,0.0,0.0,0.16666666666666666,0.16666666666666666,0.0,0.19047619047619047,0.12727272727272723,0.43076923076923074,0.5,0.6666666666666666,0.0,0.0,6.0,,,,,,,,,,,,,,,,,,,,,,,,,,,,,,,,,,,,,,,,
sci-b89c9561e59a,rar_science,agentic-tools,,,,,50.0,29.0,,,,,,,,,,,grounding,5.0,12.0,0.0,0.6,0.6,0.0,0.0,2.6,0.2,0.0,0.0,1.0,0.0,0.0,0.0,0.0,0.0,0.0,0.0,0.05454545454545454,0.0,0.0,0.02857142857142857,0.0,5.0,,,,,,,,,,,,,,,,,,,,,,,,,,,,,,,,,,,,,,,,
sci-c482b1d1dd52,rar_science,shipped,,,,,14.0,29.0,,,,,,,,,,,grounding,7.0,14.0,0.14285714285714285,1.0,0.8571428571428572,0.11538461538461539,0.05660377358490565,3.0,0.2857142857142857,0.0,0.0,3.0,0.2857142857142857,0.42857142857142855,0.42857142857142855,0.42857142857142855,0.14285714285714285,0.46153846153846156,0.3773584905660377,0.0715950715950716,0.0,0.14285714285714285,0.0,1.0,7.0,,,,,,,,,,,,,,,,,,,,,,,,,,,,,,,,,,,,,,,,
sci-c482b1d1dd52,rar_science,baseline,,,,,14.0,29.0,,,,,,,,,,,grounding,8.0,14.0,0.0,1.0,1.0,0.0,0.0,2.875,0.0,0.0,0.0,1.0,0.0,0.0,0.125,0.125,0.0,0.1724137931034483,0.15384615384615385,0.04563492063492063,0.0,0.0,0.0625,0.0,8.0,,,,,,,,,,,,,,,,,,,,,,,,,,,,,,,,,,,,,,,,
sci-c482b1d1dd52,rar_science,agentic,,,,,14.0,29.0,,,,,,,,,,,grounding,8.0,14.0,0.0,1.0,1.0,0.0,0.0,4.375,0.0,0.0,0.0,1.0,0.0,0.0,0.75,0.75,0.0,0.7407407407407407,0.7205882352941178,0.046875,0.0,0.0,0.1607142857142857,0.0,8.0,,,,,,,,,,,,,,,,,,,,,,,,,,,,,,,,,,,,,,,,
sci-c482b1d1dd52,rar_science,agentic-tools,,,,,14.0,29.0,,,,,,,,,,,grounding,6.0,14.0,0.0,1.0,1.0,0.0,0.0,2.6666666666666665,0.16666666666666666,0.0,0.0,1.0,0.0,0.0,0.5,0.5,0.0,0.38095238095238093,0.5090909090909089,0.06666666666666667,0.0,0.16666666666666666,0.08333333333333333,0.0,6.0,,,,,,,,,,,,,,,,,,,,,,,,,,,,,,,,,,,,,,,,
sci-cd724737b87b,rar_science,shipped,,,,,69.0,16.0,,,,,,,,,,,grounding,7.0,7.0,0.42857142857142855,1.0,0.5714285714285714,0.3103448275862069,0.33928571428571425,1.0,0.7142857142857143,0.0,0.0,2.0,0.14285714285714285,0.42857142857142855,0.0,0.42857142857142855,0.14285714285714285,0.4827586206896552,0.48214285714285715,0.03296703296703297,0.0,0.0,0.03571428571428571,3.0,7.0,,,,,,,,,,,,,,,,,,,,,,,,,,,,,,,,,,,,,,,,
sci-cd724737b87b,rar_science,baseline,,,,,69.0,16.0,,,,,,,,,,,grounding,11.0,7.0,0.5454545454545454,1.0,0.4545454545454546,0.5142857142857142,0.4705882352941176,0.45454545454545453,1.0,0.0,0.0,2.0,0.09090909090909091,0.09090909090909091,0.0,0.09090909090909091,0.09090909090909091,0.08571428571428572,0.08235294117647059,0.0,0.0,0.0,0.0,6.0,11.0,,,,,,,,,,,,,,,,,,,,,,,,,,,,,,,,,,,,,,,,
sci-cd724737b87b,rar_science,agentic,,,,,69.0,16.0,,,,,,,,,,,grounding,11.0,7.0,0.6363636363636364,1.0,0.36363636363636365,0.6216216216216216,0.6292134831460674,0.6363636363636364,0.9090909090909091,0.0,0.0,1.0,0.0,0.0,0.0,0.0,0.0,0.0,0.0,0.0303030303030303,0.0,0.09090909090909091,0.022727272727272728,7.0,11.0,,,,,,,,,,,,,,,,,,,,,,,,,,,,,,,,,,,,,,,,
sci-cd724737b87b,rar_science,agentic-tools,,,,,69.0,16.0,,,,,,,,,,,grounding,15.0,7.0,0.3333333333333333,1.0,0.6666666666666667,0.3023255813953488,0.28846153846153844,1.4666666666666666,0.7333333333333333,0.0,0.0,1.0,0.0,0.0,0.0,0.0,0.0,0.0,0.0,0.046464646464646465,0.0,0.13333333333333333,0.043333333333333335,5.0,15.0,,,,,,,,,,,,,,,,,,,,,,,,,,,,,,,,,,,,,,,,
sci-ce709b73231a,rar_science,shipped,,,,,105.0,232.0,,,,,,,,,,,grounding,7.0,45.0,0.0,1.0,1.0,0.0,0.0,3.4285714285714284,0.14285714285714285,0.0,0.0,1.0,0.0,0.14285714285714285,0.0,0.14285714285714285,0.0,0.12,0.06122448979591836,0.0,0.0,0.0,0.0,0.0,7.0,,,,,,,,,,,,,,,,,,,,,,,,,,,,,,,,,,,,,,,,
sci-ce709b73231a,rar_science,baseline,,,,,105.0,232.0,,,,,,,,,,,grounding,13.0,45.0,0.0,1.0,1.0,0.0,0.0,3.8461538461538463,0.0,0.0,0.0,1.0,0.0,0.0,0.0,0.0,0.0,0.0,0.0,0.0,0.0,0.0,0.0,0.0,13.0,,,,,,,,,,,,,,,,,,,,,,,,,,,,,,,,,,,,,,,,
sci-ce709b73231a,rar_science,agentic,,,,,105.0,232.0,,,,,,,,,,,grounding,14.0,45.0,0.0,1.0,1.0,0.0,0.0,4.214285714285714,0.14285714285714285,0.0,0.0,2.0,0.14285714285714285,0.0,0.0,0.0,0.0,0.0,0.0,0.008928571428571428,0.0,0.0,0.0,0.0,14.0,,,,,,,,,,,,,,,,,,,,,,,,,,,,,,,,,,,,,,,,
sci-ce709b73231a,rar_science,agentic-tools,,,,,105.0,232.0,,,,,,,,,,,grounding,14.0,45.0,0.0,1.0,1.0,0.0,0.0,5.285714285714286,0.07142857142857142,0.0,0.0,1.0,0.0,0.0,0.0,0.0,0.0,0.0,0.0,0.02297410192147034,0.0,0.0,0.0,0.0,14.0,,,,,,,,,,,,,,,,,,,,,,,,,,,,,,,,,,,,,,,,
sci-d0020349f91f,rar_science,shipped,,,,,52.0,30.0,,,,,,,,,,,grounding,9.0,15.0,0.4444444444444444,1.0,0.5555555555555556,0.3142857142857143,0.33333333333333337,1.6666666666666667,0.4444444444444444,0.0,0.0,3.0,0.3333333333333333,0.4444444444444444,0.6666666666666666,0.8888888888888888,0.3333333333333333,0.9428571428571428,0.8636363636363638,0.010101010101010102,0.0,0.0,0.10185185185185185,4.0,9.0,,,,,,,,,,,,,,,,,,,,,,,,,,,,,,,,,,,,,,,,
sci-d0020349f91f,rar_science,baseline,,,,,52.0,30.0,,,,,,,,,,,grounding,10.0,15.0,0.5,1.0,0.5,0.38235294117647056,0.4634146341463414,1.2,0.6,0.0,0.0,1.0,0.0,0.1,0.5,0.5,0.2,0.5,0.4512195121951219,0.039090909090909086,0.0,0.1,0.0,5.0,10.0,,,,,,,,,,,,,,,,,,,,,,,,,,,,,,,,,,,,,,,,
sci-d0020349f91f,rar_science,agentic,,,,,52.0,30.0,,,,,,,,,,,grounding,6.0,15.0,0.3333333333333333,1.0,0.6666666666666667,0.38461538461538464,0.3478260869565218,2.3333333333333335,0.3333333333333333,0.0,0.0,2.0,0.6666666666666666,0.0,0.5,0.5,0.0,0.38461538461538464,0.5,0.15277777777777776,0.16666666666666666,0.16666666666666666,0.0,2.0,6.0,,,,,,,,,,,,,,,,,,,,,,,,,,,,,,,,,,,,,,,,
sci-d0020349f91f,rar_science,agentic-tools,,,,,52.0,30.0,,,,,,,,,,,grounding,5.0,15.0,0.6,1.0,0.4,0.5,0.7297297297297298,1.0,0.6,0.0,0.0,1.0,0.0,0.0,0.2,0.2,0.2,0.16666666666666666,0.24324324324324326,0.0,0.0,0.0,0.0,3.0,5.0,,,,,,,,,,,,,,,,,,,,,,,,,,,,,,,,,,,,,,,,
sci-debd831207ba,rar_science,shipped,,,,,44.0,36.0,,,,,,,,,,,grounding,7.0,10.0,0.2857142857142857,1.0,0.7142857142857143,0.16,0.24489795918367344,2.2857142857142856,0.2857142857142857,0.0,0.0,3.0,0.14285714285714285,0.2857142857142857,0.14285714285714285,0.2857142857142857,0.14285714285714285,0.32,0.2653061224489796,0.026077097505668934,0.0,0.0,0.0,2.0,7.0,,,,,,,,,,,,,,,,,,,,,,,,,,,,,,,,,,,,,,,,
sci-debd831207ba,rar_science,baseline,,,,,44.0,36.0,,,,,,,,,,,grounding,14.0,10.0,0.14285714285714285,1.0,0.8571428571428572,0.1875,0.13333333333333333,1.5714285714285714,0.5714285714285714,0.0,0.0,1.0,0.0,0.07142857142857142,0.14285714285714285,0.21428571428571427,0.0,0.125,0.14285714285714285,0.010596546310832025,0.0,0.0,0.0,2.0,14.0,,,,,,,,,,,,,,,,,,,,,,,,,,,,,,,,,,,,,,,,
sci-debd831207ba,rar_science,agentic,,,,,44.0,36.0,,,,,,,,,,,grounding,6.0,10.0,0.0,1.0,1.0,0.0,0.0,1.8333333333333333,0.5,0.0,0.0,1.0,0.0,0.0,0.0,0.0,0.0,0.0,0.0,0.008333333333333333,0.0,0.0,0.0,0.0,6.0,,,,,,,,,,,,,,,,,,,,,,,,,,,,,,,,,,,,,,,,
sci-debd831207ba,rar_science,agentic-tools,,,,,44.0,36.0,,,,,,,,,,,grounding,6.0,10.0,0.16666666666666666,1.0,0.8333333333333334,0.15789473684210525,0.14285714285714288,2.3333333333333335,0.16666666666666666,0.0,0.0,1.0,0.0,0.0,0.0,0.0,0.0,0.0,0.0,0.011904761904761904,0.0,0.0,0.0,1.0,6.0,,,,,,,,,,,,,,,,,,,,,,,,,,,,,,,,,,,,,,,,
sci-e86ea8cb138a,rar_science,shipped,,,,,63.0,20.0,,,,,,,,,,,grounding,7.0,12.0,0.14285714285714285,1.0,0.8571428571428572,0.125,0.06122448979591836,1.4285714285714286,0.5714285714285714,0.0,0.0,3.0,0.14285714285714285,0.14285714285714285,0.14285714285714285,0.2857142857142857,0.0,0.2916666666666667,0.2653061224489796,0.02806122448979592,0.0,0.0,0.0,1.0,7.0,,,,,,,,,,,,,,,,,,,,,,,,,,,,,,,,,,,,,,,,
sci-e86ea8cb138a,rar_science,baseline,,,,,63.0,20.0,,,,,,,,,,,grounding,12.0,12.0,0.5,1.0,0.5,0.41025641025641024,0.5,0.8333333333333334,0.8333333333333334,0.0,0.0,1.0,0.0,0.0,0.08333333333333333,0.08333333333333333,0.08333333333333333,0.05128205128205128,0.10227272727272727,0.04545454545454545,0.08333333333333333,0.08333333333333333,0.0,6.0,12.0,,,,,,,,,,,,,,,,,,,,,,,,,,,,,,,,,,,,,,,,
sci-e86ea8cb138a,rar_science,agentic,,,,,63.0,20.0,,,,,,,,,,,grounding,6.0,12.0,0.16666666666666666,1.0,0.8333333333333334,0.07142857142857142,0.07692307692307693,1.5,0.5,0.0,0.0,1.0,0.0,0.0,0.0,0.0,0.0,0.0,0.0,0.08333333333333333,0.16666666666666666,0.16666666666666666,0.0,1.0,6.0,,,,,,,,,,,,,,,,,,,,,,,,,,,,,,,,,,,,,,,,
sci-e86ea8cb138a,rar_science,agentic-tools,,,,,63.0,20.0,,,,,,,,,,,grounding,14.0,12.0,0.07142857142857142,0.9285714285714286,0.8571428571428572,0.08108108108108109,0.07216494845360824,1.5714285714285714,0.5714285714285714,0.0,0.0,1.0,0.0,0.0,0.07142857142857142,0.07142857142857142,0.0,0.05405405405405406,0.030927835051546386,0.011904761904761904,0.0,0.0,0.0,1.0,14.0,,,,,,,,,,,,,,,,,,,,,,,,,,,,,,,,,,,,,,,,
sci-045492df8b2b,rar_science,shipped,,,,,56.0,5.0,,,,,,,,,,,grounding,7.0,13.0,0.2857142857142857,1.0,0.7142857142857143,0.28,0.2173913043478261,1.4285714285714286,0.42857142857142855,0.0,0.0,3.0,0.2857142857142857,0.42857142857142855,0.0,0.42857142857142855,0.14285714285714285,0.48,0.3695652173913044,0.0,0.0,0.0,0.0,2.0,7.0,,,,,,,,,,,,,,,,,,,,,,,,,,,,,,,,,,,,,,,,
sci-045492df8b2b,rar_science,baseline,,,,,56.0,5.0,,,,,,,,,,,grounding,9.0,13.0,0.2222222222222222,0.8888888888888888,0.6666666666666666,0.10714285714285714,0.0923076923076923,1.7777777777777777,0.4444444444444444,0.0,0.0,2.0,0.1111111111111111,0.1111111111111111,0.0,0.1111111111111111,0.1111111111111111,0.03571428571428571,0.04615384615384615,0.0,0.0,0.0,0.0,2.0,9.0,,,,,,,,,,,,,,,,,,,,,,,,,,,,,,,,,,,,,,,,
sci-045492df8b2b,rar_science,agentic,,,,,56.0,5.0,,,,,,,,,,,grounding,9.0,13.0,0.0,1.0,1.0,0.0,0.0,2.888888888888889,0.1111111111111111,0.0,0.0,1.0,0.0,0.0,0.0,0.0,0.0,0.0,0.0,0.0,0.0,0.0,0.07777777777777778,0.0,9.0,,,,,,,,,,,,,,,,,,,,,,,,,,,,,,,,,,,,,,,,
sci-045492df8b2b,rar_science,agentic-tools,,,,,56.0,5.0,,,,,,,,,,,grounding,13.0,13.0,0.0,1.0,1.0,0.0,0.0,2.4615384615384617,0.23076923076923078,0.0,0.0,1.0,0.0,0.0,0.0,0.0,0.0,0.0,0.0,0.0,0.0,0.0,0.04615384615384615,0.0,13.0,,,,,,,,,,,,,,,,,,,,,,,,,,,,,,,,,,,,,,,,
sci-180557220f0a,rar_science,shipped,,,,,54.0,86.0,,,,,,,,,,,grounding,7.0,15.0,0.2857142857142857,1.0,0.7142857142857143,0.24,0.12244897959183672,1.2857142857142858,0.5714285714285714,0.0,0.0,5.0,0.42857142857142855,0.5714285714285714,0.14285714285714285,0.5714285714285714,0.14285714285714285,0.68,0.6122448979591836,0.0815018315018315,0.0,0.14285714285714285,0.08333333333333334,2.0,7.0,,,,,,,,,,,,,,,,,,,,,,,,,,,,,,,,,,,,,,,,
sci-180557220f0a,rar_science,baseline,,,,,54.0,86.0,,,,,,,,,,,grounding,10.0,15.0,0.3,1.0,0.7,0.21875,0.2435897435897436,1.1,0.8,0.0,0.0,5.0,0.2,0.2,0.1,0.2,0.1,0.09375,0.07692307692307693,0.1306837606837607,0.1,0.2,0.02361111111111111,3.0,10.0,,,,,,,,,,,,,,,,,,,,,,,,,,,,,,,,,,,,,,,,
sci-180557220f0a,rar_science,agentic,,,,,54.0,86.0,,,,,,,,,,,grounding,7.0,15.0,0.0,1.0,1.0,0.0,0.0,2.4285714285714284,0.42857142857142855,0.0,0.0,1.0,0.0,0.0,0.14285714285714285,0.14285714285714285,0.0,0.08333333333333333,0.15254237288135591,0.37700208288443576,0.42857142857142855,0.5714285714285714,0.041666666666666664,0.0,7.0,,,,,,,,,,,,,,,,,,,,,,,,,,,,,,,,,,,,,,,,
sci-180557220f0a,rar_science,agentic-tools,,,,,54.0,86.0,,,,,,,,,,,grounding,16.0,15.0,0.25,0.875,0.625,0.22916666666666666,0.26829268292682923,1.5,0.5,0.0,0.0,1.0,0.0,0.0,0.0,0.0,0.0,0.0,0.0,0.14417613636363635,0.125,0.25,0.04608585858585859,4.0,16.0,,,,,,,,,,,,,,,,,,,,,,,,,,,,,,,,,,,,,,,,
sci-256b4b58e6fc,rar_science,shipped,,,,,94.0,770.0,,,,,,,,,,,grounding,7.0,173.0,0.0,0.7142857142857143,0.7142857142857143,0.0,0.0,3.142857142857143,0.2857142857142857,0.0,0.0,2.0,0.2857142857142857,0.42857142857142855,0.0,0.42857142857142855,0.0,0.4583333333333333,0.346938775510204,0.01098901098901099,0.0,0.0,0.0,0.0,7.0,,,,,,,,,,,,,,,,,,,,,,,,,,,,,,,,,,,,,,,,
sci-256b4b58e6fc,rar_science,baseline,,,,,94.0,770.0,,,,,,,,,,,grounding,12.0,173.0,0.0,0.5833333333333334,0.5833333333333334,0.0,0.0,3.9166666666666665,0.16666666666666666,0.0,0.0,1.0,0.0,0.0,0.0,0.0,0.0,0.0,0.0,0.03125,0.0,0.08333333333333333,0.0,0.0,12.0,,,,,,,,,,,,,,,,,,,,,,,,,,,,,,,,,,,,,,,,
sci-256b4b58e6fc,rar_science,agentic,,,,,94.0,770.0,,,,,,,,,,,grounding,12.0,173.0,0.0,0.8333333333333334,0.8333333333333334,0.0,0.0,4.166666666666667,0.0,0.0,0.0,1.0,0.0,0.0,0.0,0.0,0.0,0.0,0.0,0.0,0.0,0.0,0.0,0.0,12.0,,,,,,,,,,,,,,,,,,,,,,,,,,,,,,,,,,,,,,,,
sci-256b4b58e6fc,rar_science,agentic-tools,,,,,94.0,770.0,,,,,,,,,,,grounding,7.0,173.0,0.0,0.8571428571428571,0.8571428571428571,0.0,0.0,5.571428571428571,0.0,0.0,0.0,1.0,0.0,0.0,0.0,0.0,0.0,0.0,0.0,0.02806122448979592,0.0,0.0,0.0,0.0,7.0,,,,,,,,,,,,,,,,,,,,,,,,,,,,,,,,,,,,,,,,
sci-2892b69a6237,rar_science,shipped,,,,,35.0,29.0,,,,,,,,,,,grounding,8.0,10.0,0.125,1.0,0.875,0.07142857142857142,0.053571428571428575,2.875,0.125,0.0,0.0,1.0,0.0,0.125,0.25,0.375,0.125,0.39285714285714285,0.35714285714285715,0.025240384615384616,0.0,0.0,0.0125,1.0,8.0,,,,,,,,,,,,,,,,,,,,,,,,,,,,,,,,,,,,,,,,
sci-2892b69a6237,rar_science,baseline,,,,,35.0,29.0,,,,,,,,,,,grounding,11.0,10.0,0.18181818181818182,1.0,0.8181818181818181,0.11428571428571428,0.12658227848101264,1.4545454545454546,0.5454545454545454,0.0,0.0,1.0,0.0,0.09090909090909091,0.0,0.09090909090909091,0.09090909090909091,0.08571428571428572,0.08860759493670885,0.01962809917355372,0.0,0.0,0.0,2.0,11.0,,,,,,,,,,,,,,,,,,,,,,,,,,,,,,,,,,,,,,,,
sci-2892b69a6237,rar_science,agentic,,,,,35.0,29.0,,,,,,,,,,,grounding,8.0,10.0,0.5,1.0,0.5,0.4827586206896552,0.48000000000000004,0.5,1.0,0.0,0.0,2.0,0.25,0.0,0.0,0.0,0.0,0.0,0.0,0.017857142857142856,0.0,0.0,0.0,4.0,8.0,,,,,,,,,,,,,,,,,,,,,,,,,,,,,,,,,,,,,,,,
sci-2892b69a6237,rar_science,agentic-tools,,,,,35.0,29.0,,,,,,,,,,,grounding,5.0,10.0,0.0,1.0,1.0,0.0,0.0,2.2,0.4,0.0,0.0,1.0,0.0,0.0,0.0,0.0,0.0,0.0,0.0,0.18138528138528137,0.0,0.2,0.03333333333333333,0.0,5.0,,,,,,,,,,,,,,,,,,,,,,,,,,,,,,,,,,,,,,,,
sci-2894a3c6c89c,rar_science,shipped,,,,,63.0,10.0,,,,,,,,,,,grounding,8.0,14.0,0.25,1.0,0.75,0.1935483870967742,0.10714285714285715,1.75,0.25,0.0,0.0,1.0,0.0,0.5,0.25,0.5,0.25,0.5161290322580645,0.4107142857142857,0.0,0.0,0.0,0.03888888888888889,2.0,8.0,,,,,,,,,,,,,,,,,,,,,,,,,,,,,,,,,,,,,,,,
sci-2894a3c6c89c,rar_science,baseline,,,,,63.0,10.0,,,,,,,,,,,grounding,13.0,14.0,0.15384615384615385,1.0,0.8461538461538461,0.0784313725490196,0.11009174311926605,1.3846153846153846,0.6153846153846154,0.0,0.0,1.0,0.0,0.07692307692307693,0.0,0.07692307692307693,0.07692307692307693,0.0392156862745098,0.027522935779816512,0.0,0.0,0.0,0.0,2.0,13.0,,,,,,,,,,,,,,,,,,,,,,,,,,,,,,,,,,,,,,,,
sci-2894a3c6c89c,rar_science,agentic,,,,,63.0,10.0,,,,,,,,,,,grounding,6.0,14.0,0.0,1.0,1.0,0.0,0.0,3.0,0.16666666666666666,0.0,0.0,1.0,0.0,0.0,0.0,0.0,0.0,0.0,0.0,0.009259259259259259,0.0,0.0,0.011904761904761904,0.0,6.0,,,,,,,,,,,,,,,,,,,,,,,,,,,,,,,,,,,,,,,,
sci-2894a3c6c89c,rar_science,agentic-tools,,,,,63.0,10.0,,,,,,,,,,,grounding,5.0,14.0,0.2,1.0,0.8,0.08333333333333333,0.21428571428571427,1.6,0.6,0.0,0.0,1.0,0.0,0.0,0.0,0.0,0.0,0.0,0.0,0.0,0.0,0.0,0.04444444444444444,1.0,5.0,,,,,,,,,,,,,,,,,,,,,,,,,,,,,,,,,,,,,,,,
sci-31945f4df73d,rar_science,shipped,,,,,37.0,67.0,,,,,,,,,,,grounding,7.0,17.0,0.0,1.0,1.0,0.0,0.0,2.0,0.14285714285714285,0.0,0.0,3.0,0.14285714285714285,0.42857142857142855,0.42857142857142855,0.42857142857142855,0.0,0.4642857142857143,0.41071428571428564,0.047619047619047616,0.0,0.0,0.04184704184704185,0.0,7.0,,,,,,,,,,,,,,,,,,,,,,,,,,,,,,,,,,,,,,,,
sci-31945f4df73d,rar_science,baseline,,,,,37.0,67.0,,,,,,,,,,,grounding,9.0,17.0,0.0,1.0,1.0,0.0,0.0,1.5555555555555556,0.5555555555555556,0.0,0.0,1.0,0.0,0.0,0.6666666666666666,0.6666666666666666,0.0,0.7058823529411765,0.6933333333333334,0.05066588038724261,0.0,0.0,0.034722222222222224,0.0,9.0,,,,,,,,,,,,,,,,,,,,,,,,,,,,,,,,,,,,,,,,
sci-31945f4df73d,rar_science,agentic,,,,,37.0,67.0,,,,,,,,,,,grounding,9.0,17.0,0.0,1.0,1.0,0.0,0.0,3.4444444444444446,0.1111111111111111,0.0,0.0,1.0,0.0,0.0,0.3333333333333333,0.3333333333333333,0.0,0.3870967741935484,0.2898550724637681,0.32407407407407407,0.4444444444444444,0.4444444444444444,0.106000481000481,0.0,9.0,,,,,,,,,,,,,,,,,,,,,,,,,,,,,,,,,,,,,,,,
sci-31945f4df73d,rar_science,agentic-tools,,,,,37.0,67.0,,,,,,,,,,,grounding,5.0,17.0,0.0,1.0,1.0,0.0,0.0,3.0,0.0,0.0,0.0,1.0,0.0,0.0,0.2,0.2,0.0,0.16666666666666666,0.1627906976744186,0.22777777777777777,0.2,0.4,0.06136363636363636,0.0,5.0,,,,,,,,,,,,,,,,,,,,,,,,,,,,,,,,,,,,,,,,
sci-3c61ccbecbf0,rar_science,shipped,,,,,62.0,24.0,,,,,,,,,,,grounding,7.0,9.0,0.42857142857142855,1.0,0.5714285714285714,0.44,0.32653061224489793,1.0,0.5714285714285714,0.0,0.0,1.0,0.0,0.42857142857142855,0.14285714285714285,0.42857142857142855,0.2857142857142857,0.44,0.32653061224489793,0.04081632653061224,0.0,0.0,0.01098901098901099,3.0,7.0,,,,,,,,,,,,,,,,,,,,,,,,,,,,,,,,,,,,,,,,
sci-3c61ccbecbf0,rar_science,baseline,,,,,62.0,24.0,,,,,,,,,,,grounding,14.0,9.0,0.6428571428571429,1.0,0.3571428571428571,0.5909090909090909,0.5794392523364486,0.5,0.8571428571428571,0.0,0.0,2.0,0.07142857142857142,0.0,0.0,0.0,0.0,0.0,0.0,0.0,0.0,0.0,0.012987012987012988,9.0,14.0,,,,,,,,,,,,,,,,,,,,,,,,,,,,,,,,,,,,,,,,
sci-3c61ccbecbf0,rar_science,agentic,,,,,62.0,24.0,,,,,,,,,,,grounding,6.0,9.0,0.16666666666666666,1.0,0.8333333333333334,0.1111111111111111,0.16071428571428573,1.0,0.8333333333333334,0.0,0.0,1.0,0.0,0.0,0.0,0.0,0.0,0.0,0.0,0.13333333333333333,0.16666666666666666,0.3333333333333333,0.0,1.0,6.0,,,,,,,,,,,,,,,,,,,,,,,,,,,,,,,,,,,,,,,,
sci-3c61ccbecbf0,rar_science,agentic-tools,,,,,62.0,24.0,,,,,,,,,,,grounding,4.0,9.0,0.25,1.0,0.75,0.2,0.24137931034482757,1.0,0.75,0.0,0.0,1.0,0.0,0.0,0.0,0.0,0.0,0.0,0.0,0.06666666666666667,0.0,0.0,0.0,1.0,4.0,,,,,,,,,,,,,,,,,,,,,,,,,,,,,,,,,,,,,,,,
sci-4043bf8ee284,rar_science,shipped,,,,,61.0,52.0,,,,,,,,,,,grounding,9.0,24.0,0.2222222222222222,1.0,0.7777777777777778,0.14285714285714285,0.1016949152542373,3.7777777777777777,0.3333333333333333,0.0,0.0,3.0,0.1111111111111111,0.2222222222222222,0.1111111111111111,0.2222222222222222,0.1111111111111111,0.25,0.22033898305084748,0.04791595000573329,0.0,0.0,0.09768518518518518,2.0,9.0,,,,,,,,,,,,,,,,,,,,,,,,,,,,,,,,,,,,,,,,
sci-4043bf8ee284,rar_science,baseline,,,,,61.0,52.0,,,,,,,,,,,grounding,10.0,24.0,0.0,1.0,1.0,0.0,0.0,3.4,0.2,0.0,0.0,2.0,0.1,0.0,0.0,0.0,0.0,0.0,0.0,0.04762626262626263,0.0,0.0,0.021764705882352943,0.0,10.0,,,,,,,,,,,,,,,,,,,,,,,,,,,,,,,,,,,,,,,,
sci-4043bf8ee284,rar_science,agentic,,,,,61.0,52.0,,,,,,,,,,,grounding,16.0,24.0,0.0,1.0,1.0,0.0,0.0,3.9375,0.125,0.0,0.0,1.0,0.0,0.0,0.0,0.0,0.0,0.0,0.0,0.16477636946386948,0.1875,0.1875,0.06411256227432698,0.0,16.0,,,,,,,,,,,,,,,,,,,,,,,,,,,,,,,,,,,,,,,,
sci-4043bf8ee284,rar_science,agentic-tools,,,,,61.0,52.0,,,,,,,,,,,grounding,6.0,24.0,0.0,1.0,1.0,0.0,0.0,4.5,0.3333333333333333,0.0,0.0,1.0,0.0,0.0,0.0,0.0,0.0,0.0,0.0,0.22374847374847376,0.16666666666666666,0.3333333333333333,0.036111111111111115,0.0,6.0,,,,,,,,,,,,,,,,,,,,,,,,,,,,,,,,,,,,,,,,
sci-42ea0adaccfd,rar_science,shipped,,,,,62.0,41.0,,,,,,,,,,,grounding,7.0,14.0,0.42857142857142855,1.0,0.5714285714285714,0.28,0.32608695652173914,1.1428571428571428,0.8571428571428571,0.0,0.0,2.0,0.14285714285714285,0.2857142857142857,0.7142857142857143,0.8571428571428571,0.42857142857142855,0.8,0.7826086956521738,0.047619047619047616,0.0,0.14285714285714285,0.0,3.0,7.0,,,,,,,,,,,,,,,,,,,,,,,,,,,,,,,,,,,,,,,,
sci-42ea0adaccfd,rar_science,baseline,,,,,62.0,41.0,,,,,,,,,,,grounding,9.0,14.0,0.1111111111111111,1.0,0.8888888888888888,0.13333333333333333,0.10769230769230768,1.6666666666666667,0.4444444444444444,0.0,0.0,1.0,0.0,0.1111111111111111,0.4444444444444444,0.5555555555555556,0.1111111111111111,0.5666666666666667,0.46153846153846145,0.05772005772005771,0.0,0.0,0.0,1.0,9.0,,,,,,,,,,,,,,,,,,,,,,,,,,,,,,,,,,,,,,,,
sci-42ea0adaccfd,rar_science,agentic,,,,,62.0,41.0,,,,,,,,,,,grounding,6.0,14.0,0.0,1.0,1.0,0.0,0.0,1.5,0.6666666666666666,0.0,0.0,1.0,0.0,0.0,0.3333333333333333,0.3333333333333333,0.0,0.3684210526315789,0.35416666666666663,0.1402116402116402,0.16666666666666666,0.16666666666666666,0.027777777777777776,0.0,6.0,,,,,,,,,,,,,,,,,,,,,,,,,,,,,,,,,,,,,,,,
sci-42ea0adaccfd,rar_science,agentic-tools,,,,,62.0,41.0,,,,,,,,,,,grounding,6.0,14.0,0.0,1.0,1.0,0.0,0.0,2.0,0.3333333333333333,0.0,0.0,1.0,0.0,0.0,0.16666666666666666,0.16666666666666666,0.0,0.2777777777777778,0.18518518518518517,0.07407407407407407,0.0,0.16666666666666666,0.041666666666666664,0.0,6.0,,,,,,,,,,,,,,,,,,,,,,,,,,,,,,,,,,,,,,,,
sci-4374acc76fa7,rar_science,shipped,,,,,47.0,20.0,,,,,,,,,,,grounding,7.0,14.0,0.2857142857142857,1.0,0.7142857142857143,0.18518518518518517,0.24489795918367344,2.142857142857143,0.42857142857142855,0.0,0.0,1.0,0.0,0.14285714285714285,0.14285714285714285,0.14285714285714285,0.0,0.1111111111111111,0.06122448979591836,0.015873015873015872,0.0,0.0,0.0642857142857143,2.0,7.0,,,,,,,,,,,,,,,,,,,,,,,,,,,,,,,,,,,,,,,,
sci-4374acc76fa7,rar_science,baseline,,,,,47.0,20.0,,,,,,,,,,,grounding,11.0,14.0,0.36363636363636365,1.0,0.6363636363636364,0.4,0.3417721518987341,1.2727272727272727,0.6363636363636364,0.0,0.0,1.0,0.0,0.09090909090909091,0.18181818181818182,0.18181818181818182,0.0,0.14285714285714285,0.12658227848101264,0.011363636363636364,0.0,0.0,0.0,4.0,11.0,,,,,,,,,,,,,,,,,,,,,,,,,,,,,,,,,,,,,,,,
sci-4374acc76fa7,rar_science,agentic,,,,,47.0,20.0,,,,,,,,,,,grounding,15.0,14.0,0.13333333333333333,1.0,0.8666666666666667,0.08163265306122448,0.05405405405405406,2.066666666666667,0.3333333333333333,0.0,0.0,2.0,0.13333333333333333,0.0,0.0,0.0,0.0,0.0,0.0,0.08880952380952381,0.06666666666666667,0.13333333333333333,0.008333333333333333,2.0,15.0,,,,,,,,,,,,,,,,,,,,,,,,,,,,,,,,,,,,,,,,
sci-4374acc76fa7,rar_science,agentic-tools,,,,,47.0,20.0,,,,,,,,,,,grounding,15.0,14.0,0.2,1.0,0.8,0.13953488372093023,0.13761467889908258,1.8,0.4,0.0,0.0,1.0,0.0,0.0,0.0,0.0,0.0,0.0,0.0,0.030476190476190473,0.0,0.0,0.008333333333333333,3.0,15.0,,,,,,,,,,,,,,,,,,,,,,,,,,,,,,,,,,,,,,,,
sci-4ff615cd292d,rar_science,shipped,,,,,41.0,26.0,,,,,,,,,,,grounding,7.0,11.0,0.14285714285714285,1.0,0.8571428571428572,0.16666666666666666,0.14285714285714288,1.1428571428571428,0.7142857142857143,0.0,0.0,2.0,0.14285714285714285,0.14285714285714285,0.0,0.14285714285714285,0.0,0.20833333333333334,0.20408163265306126,0.015873015873015872,0.0,0.0,0.017857142857142856,1.0,7.0,,,,,,,,,,,,,,,,,,,,,,,,,,,,,,,,,,,,,,,,
sci-4ff615cd292d,rar_science,baseline,,,,,41.0,26.0,,,,,,,,,,,grounding,8.0,11.0,0.25,1.0,0.75,0.21875,0.2638888888888889,1.125,0.75,0.0,0.0,1.0,0.0,0.0,0.0,0.0,0.0,0.0,0.0,0.1294642857142857,0.125,0.125,0.057291666666666664,2.0,8.0,,,,,,,,,,,,,,,,,,,,,,,,,,,,,,,,,,,,,,,,
sci-4ff615cd292d,rar_science,agentic,,,,,41.0,26.0,,,,,,,,,,,grounding,6.0,11.0,0.0,1.0,1.0,0.0,0.0,1.5,0.5,0.0,0.0,1.0,0.0,0.0,0.0,0.0,0.0,0.0,0.0,0.1126984126984127,0.0,0.16666666666666666,0.11851851851851851,0.0,6.0,,,,,,,,,,,,,,,,,,,,,,,,,,,,,,,,,,,,,,,,
sci-4ff615cd292d,rar_science,agentic-tools,,,,,41.0,26.0,,,,,,,,,,,grounding,5.0,11.0,0.2,1.0,0.8,0.06666666666666667,0.08823529411764706,1.6,0.6,0.0,0.0,1.0,0.0,0.0,0.0,0.0,0.0,0.0,0.0,0.11666666666666665,0.0,0.2,0.08214285714285714,1.0,5.0,,,,,,,,,,,,,,,,,,,,,,,,,,,,,,,,,,,,,,,,
sci-51a643fb0239,rar_science,shipped,,,,,47.0,51.0,,,,,,,,,,,grounding,7.0,25.0,0.0,1.0,1.0,0.0,0.0,3.0,0.14285714285714285,0.0,0.0,1.0,0.0,0.2857142857142857,0.0,0.2857142857142857,0.0,0.26666666666666666,0.24074074074074073,0.0873015873015873,0.0,0.14285714285714285,0.0,0.0,7.0,,,,,,,,,,,,,,,,,,,,,,,,,,,,,,,,,,,,,,,,
sci-51a643fb0239,rar_science,baseline,,,,,47.0,51.0,,,,,,,,,,,grounding,9.0,25.0,0.0,1.0,1.0,0.0,0.0,3.0,0.1111111111111111,0.0,0.0,1.0,0.0,0.0,0.0,0.0,0.0,0.0,0.0,0.11574074074074073,0.1111111111111111,0.1111111111111111,0.013888888888888888,0.0,9.0,,,,,,,,,,,,,,,,,,,,,,,,,,,,,,,,,,,,,,,,
sci-51a643fb0239,rar_science,agentic,,,,,47.0,51.0,,,,,,,,,,,grounding,6.0,25.0,0.0,1.0,1.0,0.0,0.0,4.833333333333333,0.0,0.0,0.0,1.0,0.0,0.0,0.0,0.0,0.0,0.0,0.0,0.26825396825396824,0.3333333333333333,0.5,0.025641025641025644,0.0,6.0,,,,,,,,,,,,,,,,,,,,,,,,,,,,,,,,,,,,,,,,
sci-51a643fb0239,rar_science,agentic-tools,,,,,47.0,51.0,,,,,,,,,,,grounding,6.0,25.0,0.0,1.0,1.0,0.0,0.0,4.5,0.0,0.0,0.0,1.0,0.0,0.0,0.0,0.0,0.0,0.0,0.0,0.2731481481481482,0.16666666666666666,0.3333333333333333,0.023809523809523808,0.0,6.0,,,,,,,,,,,,,,,,,,,,,,,,,,,,,,,,,,,,,,,,
sci-59e13b52684e,rar_science,shipped,,,,,41.0,59.0,,,,,,,,,,,grounding,8.0,29.0,0.125,1.0,0.875,0.03333333333333333,0.16071428571428573,3.25,0.375,0.0,0.0,3.0,0.125,0.5,0.25,0.625,0.0,0.7333333333333333,0.6607142857142857,0.022727272727272728,0.0,0.0,0.0,1.0,8.0,,,,,,,,,,,,,,,,,,,,,,,,,,,,,,,,,,,,,,,,
sci-59e13b52684e,rar_science,baseline,,,,,41.0,59.0,,,,,,,,,,,grounding,10.0,29.0,0.1,1.0,0.9,0.11428571428571428,0.0958904109589041,3.0,0.1,0.0,0.0,1.0,0.0,0.1,0.1,0.1,0.0,0.05714285714285714,0.0410958904109589,0.01,0.0,0.0,0.0,1.0,10.0,,,,,,,,,,,,,,,,,,,,,,,,,,,,,,,,,,,,,,,,
sci-59e13b52684e,rar_science,agentic,,,,,41.0,59.0,,,,,,,,,,,grounding,6.0,29.0,0.16666666666666666,1.0,0.8333333333333334,0.09523809523809523,0.1372549019607843,4.333333333333333,0.3333333333333333,0.0,0.0,1.0,0.0,0.0,0.0,0.0,0.0,0.0,0.0,0.28461538461538455,0.16666666666666666,0.3333333333333333,0.0,1.0,6.0,,,,,,,,,,,,,,,,,,,,,,,,,,,,,,,,,,,,,,,,
sci-59e13b52684e,rar_science,agentic-tools,,,,,41.0,59.0,,,,,,,,,,,grounding,5.0,29.0,0.0,1.0,1.0,0.0,0.0,4.6,0.2,0.0,0.0,1.0,0.0,0.0,0.0,0.0,0.0,0.0,0.0,0.18253968253968256,0.2,0.4,0.0,0.0,5.0,,,,,,,,,,,,,,,,,,,,,,,,,,,,,,,,,,,,,,,,
sci-7232a342c126,rar_science,shipped,,,,,52.0,18.0,,,,,,,,,,,grounding,7.0,10.0,0.2857142857142857,1.0,0.7142857142857143,0.2692307692307692,0.24528301886792456,2.2857142857142856,0.2857142857142857,0.0,0.0,5.0,0.14285714285714285,0.2857142857142857,0.14285714285714285,0.2857142857142857,0.14285714285714285,0.2692307692307692,0.24528301886792456,0.03826530612244898,0.0,0.0,0.0,2.0,7.0,,,,,,,,,,,,,,,,,,,,,,,,,,,,,,,,,,,,,,,,
sci-7232a342c126,rar_science,baseline,,,,,52.0,18.0,,,,,,,,,,,grounding,13.0,10.0,0.15384615384615385,1.0,0.8461538461538461,0.075,0.12631578947368421,1.4615384615384615,0.5384615384615384,0.0,0.0,2.0,0.07692307692307693,0.07692307692307693,0.07692307692307693,0.07692307692307693,0.07692307692307693,0.025,0.031578947368421054,0.009615384615384616,0.0,0.0,0.0,2.0,13.0,,,,,,,,,,,,,,,,,,,,,,,,,,,,,,,,,,,,,,,,
sci-7232a342c126,rar_science,agentic,,,,,52.0,18.0,,,,,,,,,,,grounding,16.0,10.0,0.0625,1.0,0.9375,0.04081632653061224,0.02586206896551724,2.0625,0.3125,0.0,0.0,1.0,0.0,0.0,0.0,0.0,0.0,0.0,0.0,0.0234375,0.0,0.0625,0.0,1.0,16.0,,,,,,,,,,,,,,,,,,,,,,,,,,,,,,,,,,,,,,,,
sci-7232a342c126,rar_science,agentic-tools,,,,,52.0,18.0,,,,,,,,,,,grounding,5.0,10.0,0.0,1.0,1.0,0.0,0.0,2.6,0.4,0.0,0.0,1.0,0.0,0.0,0.0,0.0,0.0,0.0,0.0,0.02967032967032967,0.0,0.0,0.0,0.0,5.0,,,,,,,,,,,,,,,,,,,,,,,,,,,,,,,,,,,,,,,,
sci-774dda56a4b0,rar_science,shipped,,,,,79.0,28.0,,,,,,,,,,,grounding,7.0,18.0,0.14285714285714285,0.8571428571428571,0.7142857142857142,0.08,0.06976744186046512,1.8571428571428572,0.2857142857142857,0.0,0.0,6.0,0.2857142857142857,0.2857142857142857,0.7142857142857143,0.7142857142857143,0.14285714285714285,0.76,0.7674418604651163,0.0,0.0,0.0,0.0,1.0,7.0,,,,,,,,,,,,,,,,,,,,,,,,,,,,,,,,,,,,,,,,
sci-774dda56a4b0,rar_science,baseline,,,,,79.0,28.0,,,,,,,,,,,grounding,10.0,18.0,0.0,0.6,0.6,0.0,0.0,2.6,0.3,0.0,0.0,2.0,0.1,0.2,0.3,0.4,0.0,0.53125,0.5064935064935064,0.058333333333333334,0.1,0.1,0.06568831168831168,0.0,10.0,,,,,,,,,,,,,,,,,,,,,,,,,,,,,,,,,,,,,,,,
sci-774dda56a4b0,rar_science,agentic,,,,,79.0,28.0,,,,,,,,,,,grounding,6.0,18.0,0.16666666666666666,0.6666666666666666,0.5,0.23809523809523808,0.1818181818181818,2.0,0.5,0.0,0.0,2.0,0.3333333333333333,0.0,0.16666666666666666,0.16666666666666666,0.0,0.23809523809523808,0.1818181818181818,0.14285714285714285,0.16666666666666666,0.16666666666666666,0.1388888888888889,1.0,6.0,,,,,,,,,,,,,,,,,,,,,,,,,,,,,,,,,,,,,,,,
sci-774dda56a4b0,rar_science,agentic-tools,,,,,79.0,28.0,,,,,,,,,,,grounding,16.0,18.0,0.125,0.875,0.75,0.08695652173913043,0.05263157894736842,1.5,0.5625,0.0,0.0,1.0,0.0,0.0,0.25,0.25,0.0,0.2826086956521739,0.28947368421052627,0.006944444444444444,0.0,0.0,0.0,2.0,16.0,,,,,,,,,,,,,,,,,,,,,,,,,,,,,,,,,,,,,,,,
sci-87fc64569182,rar_science,shipped,,,,,31.0,32.0,,,,,,,,,,,grounding,7.0,10.0,0.42857142857142855,1.0,0.5714285714285714,0.42857142857142855,0.4468085106382978,0.8571428571428571,0.7142857142857143,0.0,0.0,3.0,0.42857142857142855,0.2857142857142857,0.14285714285714285,0.2857142857142857,0.0,0.2857142857142857,0.2765957446808511,0.05612244897959184,0.0,0.0,0.023809523809523808,3.0,7.0,,,,,,,,,,,,,,,,,,,,,,,,,,,,,,,,,,,,,,,,
sci-87fc64569182,rar_science,baseline,,,,,31.0,32.0,,,,,,,,,,,grounding,7.0,10.0,0.0,1.0,1.0,0.0,0.0,2.0,0.42857142857142855,0.0,0.0,1.0,0.0,0.2857142857142857,0.0,0.2857142857142857,0.0,0.42857142857142855,0.3269230769230769,0.1098901098901099,0.14285714285714285,0.14285714285714285,0.011904761904761904,0.0,7.0,,,,,,,,,,,,,,,,,,,,,,,,,,,,,,,,,,,,,,,,
sci-87fc64569182,rar_science,agentic,,,,,31.0,32.0,,,,,,,,,,,grounding,6.0,10.0,0.0,1.0,1.0,0.0,0.0,2.0,0.3333333333333333,0.0,0.0,2.0,0.3333333333333333,0.0,0.0,0.0,0.0,0.0,0.0,0.23016944069575648,0.3333333333333333,0.3333333333333333,0.0,0.0,6.0,,,,,,,,,,,,,,,,,,,,,,,,,,,,,,,,,,,,,,,,
sci-87fc64569182,rar_science,agentic-tools,,,,,31.0,32.0,,,,,,,,,,,grounding,6.0,10.0,0.0,1.0,1.0,0.0,0.0,1.6666666666666667,0.5,0.0,0.0,1.0,0.0,0.0,0.0,0.0,0.0,0.0,0.0,0.13636363636363638,0.16666666666666666,0.16666666666666666,0.0,0.0,6.0,,,,,,,,,,,,,,,,,,,,,,,,,,,,,,,,,,,,,,,,
sci-8af1844cfb27,rar_science,shipped,,,,,114.0,169.0,,,,,,,,,,,grounding,8.0,26.0,0.5,1.0,0.5,0.41935483870967744,0.5178571428571429,0.875,0.75,0.0,0.0,1.0,0.0,0.5,0.25,0.625,0.375,0.7096774193548387,0.6607142857142858,0.03636363636363636,0.0,0.0,0.0,4.0,8.0,,,,,,,,,,,,,,,,,,,,,,,,,,,,,,,,,,,,,,,,
sci-8af1844cfb27,rar_science,baseline,,,,,114.0,169.0,,,,,,,,,,,grounding,11.0,26.0,0.18181818181818182,1.0,0.8181818181818181,0.1702127659574468,0.16999999999999998,1.4545454545454546,0.5454545454545454,0.0,0.0,1.0,0.0,0.0,0.09090909090909091,0.09090909090909091,0.0,0.0851063829787234,0.06999999999999999,0.1766053391053391,0.09090909090909091,0.18181818181818182,0.03178639542275906,2.0,11.0,,,,,,,,,,,,,,,,,,,,,,,,,,,,,,,,,,,,,,,,
sci-8af1844cfb27,rar_science,agentic,,,,,114.0,169.0,,,,,,,,,,,grounding,10.0,26.0,0.3,1.0,0.7,0.29411764705882354,0.31034482758620696,1.0,0.7,0.0,0.0,1.0,0.0,0.0,0.0,0.0,0.0,0.0,0.0,0.2694047619047619,0.2,0.3,0.02857142857142857,3.0,10.0,,,,,,,,,,,,,,,,,,,,,,,,,,,,,,,,,,,,,,,,
sci-8af1844cfb27,rar_science,agentic-tools,,,,,114.0,169.0,,,,,,,,,,,grounding,13.0,26.0,0.23076923076923078,1.0,0.7692307692307692,0.2,0.20588235294117646,1.1538461538461537,0.6923076923076923,0.0,0.0,1.0,0.0,0.0,0.15384615384615385,0.15384615384615385,0.07692307692307693,0.13333333333333333,0.13725490196078433,0.06999666999667,0.0,0.0,0.01282051282051282,3.0,13.0,,,,,,,,,,,,,,,,,,,,,,,,,,,,,,,,,,,,,,,,
sci-a8cd6180f491,rar_science,shipped,,,,,30.0,30.0,,,,,,,,,,,grounding,7.0,20.0,0.0,1.0,1.0,0.0,0.0,2.7142857142857144,0.14285714285714285,0.0,0.0,2.0,0.14285714285714285,0.42857142857142855,0.14285714285714285,0.42857142857142855,0.0,0.4583333333333333,0.4,0.015873015873015872,0.0,0.0,0.023809523809523808,0.0,7.0,,,,,,,,,,,,,,,,,,,,,,,,,,,,,,,,,,,,,,,,
sci-a8cd6180f491,rar_science,baseline,,,,,30.0,30.0,,,,,,,,,,,grounding,8.0,20.0,0.125,1.0,0.875,0.04,0.048387096774193554,2.75,0.25,0.0,0.0,1.0,0.0,0.625,0.0,0.625,0.0,0.72,0.6935483870967744,0.013888888888888888,0.0,0.0,0.0,1.0,8.0,,,,,,,,,,,,,,,,,,,,,,,,,,,,,,,,,,,,,,,,
sci-a8cd6180f491,rar_science,agentic,,,,,30.0,30.0,,,,,,,,,,,grounding,9.0,20.0,0.0,1.0,1.0,0.0,0.0,4.555555555555555,0.1111111111111111,0.0,0.0,1.0,0.0,0.1111111111111111,0.0,0.1111111111111111,0.0,0.06451612903225806,0.13043478260869568,0.13726150392817058,0.1111111111111111,0.2222222222222222,0.04845679012345679,0.0,9.0,,,,,,,,,,,,,,,,,,,,,,,,,,,,,,,,,,,,,,,,
sci-a8cd6180f491,rar_science,agentic-tools,,,,,30.0,30.0,,,,,,,,,,,grounding,7.0,20.0,0.0,1.0,1.0,0.0,0.0,3.2857142857142856,0.0,0.0,0.0,1.0,0.0,0.2857142857142857,0.0,0.2857142857142857,0.0,0.2727272727272727,0.32203389830508466,0.09801587301587301,0.0,0.0,0.023809523809523808,0.0,7.0,,,,,,,,,,,,,,,,,,,,,,,,,,,,,,,,,,,,,,,,
sci-acc5a4fc4c49,rar_science,shipped,,,,,38.0,97.0,,,,,,,,,,,grounding,8.0,30.0,0.25,1.0,0.75,0.11764705882352941,0.18181818181818182,1.125,0.625,0.0,0.0,1.0,0.0,0.25,0.375,0.5,0.125,0.5294117647058824,0.40909090909090906,0.0,0.0,0.0,0.0,2.0,8.0,,,,,,,,,,,,,,,,,,,,,,,,,,,,,,,,,,,,,,,,
sci-acc5a4fc4c49,rar_science,baseline,,,,,38.0,97.0,,,,,,,,,,,grounding,14.0,30.0,0.07142857142857142,0.9285714285714286,0.8571428571428572,0.04081632653061224,0.02678571428571428,4.785714285714286,0.2857142857142857,0.0,0.0,1.0,0.0,0.14285714285714285,0.2857142857142857,0.42857142857142855,0.07142857142857142,0.3877551020408163,0.3571428571428571,0.03824279711884754,0.0,0.0,0.005494505494505495,1.0,14.0,,,,,,,,,,,,,,,,,,,,,,,,,,,,,,,,,,,,,,,,
sci-acc5a4fc4c49,rar_science,agentic,,,,,38.0,97.0,,,,,,,,,,,grounding,14.0,30.0,0.0,1.0,1.0,0.0,0.0,5.5,0.07142857142857142,0.0,0.0,1.0,0.0,0.0,0.07142857142857142,0.07142857142857142,0.0,0.07142857142857142,0.059322033898305086,0.07770305091733663,0.0,0.07142857142857142,0.0,0.0,14.0,,,,,,,,,,,,,,,,,,,,,,,,,,,,,,,,,,,,,,,,
sci-acc5a4fc4c49,rar_science,agentic-tools,,,,,38.0,97.0,,,,,,,,,,,grounding,14.0,30.0,0.0,1.0,1.0,0.0,0.0,5.928571428571429,0.0,0.0,0.0,1.0,0.0,0.0,0.0,0.0,0.0,0.0,0.0,0.06966248037676608,0.0,0.07142857142857142,0.0,0.0,14.0,,,,,,,,,,,,,,,,,,,,,,,,,,,,,,,,,,,,,,,,
sci-b9f57b678ecc,rar_science,shipped,,,,,53.0,18.0,,,,,,,,,,,grounding,7.0,9.0,0.14285714285714285,1.0,0.8571428571428572,0.11538461538461539,0.06122448979591836,1.2857142857142858,0.5714285714285714,0.0,0.0,1.0,0.0,0.2857142857142857,0.14285714285714285,0.2857142857142857,0.14285714285714285,0.3076923076923077,0.2653061224489796,0.014285714285714287,0.0,0.0,0.015873015873015872,1.0,7.0,,,,,,,,,,,,,,,,,,,,,,,,,,,,,,,,,,,,,,,,
sci-b9f57b678ecc,rar_science,baseline,,,,,53.0,18.0,,,,,,,,,,,grounding,12.0,9.0,0.08333333333333333,1.0,0.9166666666666666,0.13513513513513514,0.11111111111111109,1.4166666666666667,0.6666666666666666,0.0,0.0,1.0,0.0,0.08333333333333333,0.0,0.08333333333333333,0.0,0.02702702702702703,0.09999999999999998,0.013986013986013986,0.0,0.0,0.0,1.0,12.0,,,,,,,,,,,,,,,,,,,,,,,,,,,,,,,,,,,,,,,,
sci-b9f57b678ecc,rar_science,agentic,,,,,53.0,18.0,,,,,,,,,,,grounding,15.0,9.0,0.2,1.0,0.8,0.23404255319148937,0.23076923076923073,1.7333333333333334,0.4666666666666667,0.0,0.0,1.0,0.0,0.0,0.0,0.0,0.0,0.0,0.0,0.02222222222222222,0.0,0.06666666666666667,0.01619047619047619,3.0,15.0,,,,,,,,,,,,,,,,,,,,,,,,,,,,,,,,,,,,,,,,
sci-b9f57b678ecc,rar_science,agentic-tools,,,,,53.0,18.0,,,,,,,,,,,grounding,15.0,9.0,0.13333333333333333,1.0,0.8666666666666667,0.12962962962962962,0.11818181818181817,1.3333333333333333,0.5333333333333333,0.0,0.0,1.0,0.0,0.0,0.0,0.0,0.0,0.0,0.0,0.02222222222222222,0.0,0.06666666666666667,0.007407407407407407,2.0,15.0,,,,,,,,,,,,,,,,,,,,,,,,,,,,,,,,,,,,,,,,
sci-be1b014411ab,rar_science,shipped,,,,,139.0,25.0,,,,,,,,,,,grounding,8.0,51.0,0.125,1.0,0.875,0.1,0.05084745762711864,4.125,0.125,0.0,0.0,1.0,0.0,0.0,0.25,0.25,0.0,0.26666666666666666,0.28813559322033894,0.0,0.0,0.0,0.040625,1.0,8.0,,,,,,,,,,,,,,,,,,,,,,,,,,,,,,,,,,,,,,,,
sci-be1b014411ab,rar_science,baseline,,,,,139.0,25.0,,,,,,,,,,,grounding,16.0,51.0,0.0625,1.0,0.9375,0.04081632653061224,0.02542372881355932,3.875,0.125,0.0,0.0,1.0,0.0,0.0,0.0625,0.0625,0.0,0.08163265306122448,0.05932203389830508,0.0,0.0,0.0,0.026515151515151512,1.0,16.0,,,,,,,,,,,,,,,,,,,,,,,,,,,,,,,,,,,,,,,,
sci-be1b014411ab,rar_science,agentic,,,,,139.0,25.0,,,,,,,,,,,grounding,15.0,51.0,0.0,1.0,1.0,0.0,0.0,4.0,0.13333333333333333,0.0,0.0,1.0,0.0,0.0,0.0,0.0,0.0,0.0,0.0,0.0,0.0,0.0,0.10523809523809526,0.0,15.0,,,,,,,,,,,,,,,,,,,,,,,,,,,,,,,,,,,,,,,,
sci-be1b014411ab,rar_science,agentic-tools,,,,,139.0,25.0,,,,,,,,,,,grounding,11.0,51.0,0.09090909090909091,1.0,0.9090909090909091,0.08823529411764706,0.10204081632653063,4.090909090909091,0.18181818181818182,0.0,0.0,1.0,0.0,0.0,0.0,0.0,0.0,0.0,0.0,0.0,0.0,0.0,0.12878787878787878,1.0,11.0,,,,,,,,,,,,,,,,,,,,,,,,,,,,,,,,,,,,,,,,
sci-c23a2106d46f,rar_science,shipped,,,,,11.0,62.0,,,,,,,,,,,grounding,7.0,23.0,0.0,1.0,1.0,0.0,0.0,3.142857142857143,0.14285714285714285,0.0,0.0,1.0,0.0,0.2857142857142857,0.2857142857142857,0.5714285714285714,0.0,0.4166666666666667,0.4489795918367347,0.04603174603174603,0.0,0.0,0.0,0.0,7.0,,,,,,,,,,,,,,,,,,,,,,,,,,,,,,,,,,,,,,,,
sci-c23a2106d46f,rar_science,baseline,,,,,11.0,62.0,,,,,,,,,,,grounding,9.0,23.0,0.2222222222222222,1.0,0.7777777777777778,0.24,0.19402985074626866,2.7777777777777777,0.2222222222222222,0.0,0.0,5.0,0.1111111111111111,0.1111111111111111,0.1111111111111111,0.1111111111111111,0.1111111111111111,0.04,0.04477611940298507,0.037037037037037035,0.0,0.1111111111111111,0.0,2.0,9.0,,,,,,,,,,,,,,,,,,,,,,,,,,,,,,,,,,,,,,,,
sci-c23a2106d46f,rar_science,agentic,,,,,11.0,62.0,,,,,,,,,,,grounding,12.0,23.0,0.0,1.0,1.0,0.0,0.0,3.9166666666666665,0.08333333333333333,0.0,0.0,1.0,0.0,0.0,0.16666666666666666,0.16666666666666666,0.0,0.10256410256410256,0.18947368421052632,0.1863095238095238,0.16666666666666666,0.16666666666666666,0.0,0.0,12.0,,,,,,,,,,,,,,,,,,,,,,,,,,,,,,,,,,,,,,,,
sci-c23a2106d46f,rar_science,agentic-tools,,,,,11.0,62.0,,,,,,,,,,,grounding,9.0,23.0,0.0,0.8888888888888888,0.8888888888888888,0.0,0.0,3.2222222222222223,0.1111111111111111,0.0,0.0,1.0,0.0,0.0,0.0,0.0,0.0,0.0,0.0,0.1111111111111111,0.1111111111111111,0.1111111111111111,0.0,0.0,9.0,,,,,,,,,,,,,,,,,,,,,,,,,,,,,,,,,,,,,,,,
sci-d1dec685a824,rar_science,shipped,,,,,31.0,33.0,,,,,,,,,,,grounding,7.0,18.0,0.14285714285714285,1.0,0.8571428571428572,0.1111111111111111,0.05357142857142856,2.2857142857142856,0.2857142857142857,0.0,0.0,1.0,0.0,0.5714285714285714,0.2857142857142857,0.5714285714285714,0.14285714285714285,0.5925925925925926,0.48214285714285704,0.017857142857142856,0.0,0.0,0.0,1.0,7.0,,,,,,,,,,,,,,,,,,,,,,,,,,,,,,,,,,,,,,,,
sci-d1dec685a824,rar_science,baseline,,,,,31.0,33.0,,,,,,,,,,,grounding,10.0,18.0,0.0,1.0,1.0,0.0,0.0,3.2,0.2,0.0,0.0,1.0,0.0,0.2,0.0,0.2,0.0,0.14705882352941177,0.19512195121951217,0.06194805194805195,0.0,0.1,0.0,0.0,10.0,,,,,,,,,,,,,,,,,,,,,,,,,,,,,,,,,,,,,,,,
sci-d1dec685a824,rar_science,agentic,,,,,31.0,33.0,,,,,,,,,,,grounding,7.0,18.0,0.0,1.0,1.0,0.0,0.0,4.714285714285714,0.0,0.0,0.0,1.0,0.0,0.0,0.0,0.0,0.0,0.0,0.0,0.10656010656010657,0.0,0.14285714285714285,0.014285714285714287,0.0,7.0,,,,,,,,,,,,,,,,,,,,,,,,,,,,,,,,,,,,,,,,
sci-d1dec685a824,rar_science,agentic-tools,,,,,31.0,33.0,,,,,,,,,,,grounding,7.0,18.0,0.0,1.0,1.0,0.0,0.0,2.857142857142857,0.2857142857142857,0.0,0.0,1.0,0.0,0.0,0.0,0.0,0.0,0.0,0.0,0.10158730158730159,0.0,0.14285714285714285,0.0,0.0,7.0,,,,,,,,,,,,,,,,,,,,,,,,,,,,,,,,,,,,,,,,
sci-da510f1356cb,rar_science,shipped,,,,,42.0,30.0,,,,,,,,,,,grounding,7.0,21.0,0.14285714285714285,1.0,0.8571428571428572,0.17391304347826086,0.14285714285714285,1.8571428571428572,0.14285714285714285,0.0,0.0,3.0,0.14285714285714285,0.2857142857142857,0.5714285714285714,0.7142857142857143,0.14285714285714285,0.6956521739130435,0.6122448979591836,0.0,0.0,0.0,0.0,1.0,7.0,,,,,,,,,,,,,,,,,,,,,,,,,,,,,,,,,,,,,,,,
sci-da510f1356cb,rar_science,baseline,,,,,42.0,30.0,,,,,,,,,,,grounding,12.0,21.0,0.08333333333333333,1.0,0.9166666666666666,0.05263157894736842,0.03296703296703297,1.3333333333333333,0.6666666666666666,0.0,0.0,1.0,0.0,0.08333333333333333,0.3333333333333333,0.3333333333333333,0.0,0.3157894736842105,0.38461538461538464,0.0,0.0,0.0,0.0,1.0,12.0,,,,,,,,,,,,,,,,,,,,,,,,,,,,,,,,,,,,,,,,
sci-da510f1356cb,rar_science,agentic,,,,,42.0,30.0,,,,,,,,,,,grounding,12.0,21.0,0.0,0.9166666666666666,0.9166666666666666,0.0,0.0,2.3333333333333335,0.16666666666666666,0.0,0.0,1.0,0.0,0.16666666666666666,0.25,0.3333333333333333,0.0,0.2777777777777778,0.33673469387755106,0.07671957671957673,0.0,0.08333333333333333,0.0,0.0,12.0,,,,,,,,,,,,,,,,,,,,,,,,,,,,,,,,,,,,,,,,
sci-da510f1356cb,rar_science,agentic-tools,,,,,42.0,30.0,,,,,,,,,,,grounding,6.0,21.0,0.0,1.0,1.0,0.0,0.0,3.0,0.3333333333333333,0.0,0.0,1.0,0.0,0.0,0.16666666666666666,0.16666666666666666,0.0,0.26666666666666666,0.1590909090909091,0.13744588744588745,0.16666666666666666,0.16666666666666666,0.0,0.0,6.0,,,,,,,,,,,,,,,,,,,,,,,,,,,,,,,,,,,,,,,,
sci-da7d555f397b,rar_science,shipped,,,,,48.0,43.0,,,,,,,,,,,grounding,7.0,36.0,0.0,1.0,1.0,0.0,0.0,3.4285714285714284,0.2857142857142857,0.0,0.0,3.0,0.14285714285714285,0.14285714285714285,0.0,0.14285714285714285,0.0,0.19230769230769232,0.20408163265306126,0.04285714285714286,0.0,0.14285714285714285,0.0,0.0,7.0,,,,,,,,,,,,,,,,,,,,,,,,,,,,,,,,,,,,,,,,
sci-da7d555f397b,rar_science,baseline,,,,,48.0,43.0,,,,,,,,,,,grounding,9.0,36.0,0.1111111111111111,1.0,0.8888888888888888,0.07142857142857142,0.16071428571428573,3.888888888888889,0.2222222222222222,0.0,0.0,1.0,0.0,0.3333333333333333,0.2222222222222222,0.4444444444444444,0.1111111111111111,0.4642857142857143,0.5178571428571429,0.16083916083916083,0.2222222222222222,0.2222222222222222,0.0,1.0,9.0,,,,,,,,,,,,,,,,,,,,,,,,,,,,,,,,,,,,,,,,
sci-da7d555f397b,rar_science,agentic,,,,,48.0,43.0,,,,,,,,,,,grounding,8.0,36.0,0.0,1.0,1.0,0.0,0.0,6.75,0.0,0.0,0.0,2.0,0.5,0.0,0.0,0.0,0.0,0.0,0.0,0.25161603102779573,0.125,0.5,0.0,0.0,8.0,,,,,,,,,,,,,,,,,,,,,,,,,,,,,,,,,,,,,,,,
sci-da7d555f397b,rar_science,agentic-tools,,,,,48.0,43.0,,,,,,,,,,,grounding,15.0,36.0,0.0,1.0,1.0,0.0,0.0,4.333333333333333,0.0,0.0,0.0,1.0,0.0,0.0,0.06666666666666667,0.06666666666666667,0.0,0.05660377358490566,0.05882352941176471,0.15592592592592594,0.2,0.26666666666666666,0.0,0.0,15.0,,,,,,,,,,,,,,,,,,,,,,,,,,,,,,,,,,,,,,,,
sci-e12680ade60e,rar_science,shipped,,,,,140.0,308.0,,,,,,,,,,,grounding,9.0,44.0,0.2222222222222222,1.0,0.7777777777777778,0.11764705882352941,0.18181818181818182,2.6666666666666665,0.4444444444444444,0.0,0.0,6.0,0.1111111111111111,0.2222222222222222,0.1111111111111111,0.2222222222222222,0.1111111111111111,0.23529411764705882,0.196969696969697,0.018518518518518517,0.0,0.0,0.0303030303030303,2.0,9.0,,,,,,,,,,,,,,,,,,,,,,,,,,,,,,,,,,,,,,,,
sci-e12680ade60e,rar_science,baseline,,,,,140.0,308.0,,,,,,,,,,,grounding,11.0,44.0,0.0,1.0,1.0,0.0,0.0,2.909090909090909,0.09090909090909091,0.0,0.0,2.0,0.09090909090909091,0.09090909090909091,0.09090909090909091,0.09090909090909091,0.0,0.02631578947368421,0.03409090909090909,0.030991735537190087,0.0,0.0,0.024793388429752063,0.0,11.0,,,,,,,,,,,,,,,,,,,,,,,,,,,,,,,,,,,,,,,,
sci-e12680ade60e,rar_science,agentic,,,,,140.0,308.0,,,,,,,,,,,grounding,12.0,44.0,0.0,1.0,1.0,0.0,0.0,3.75,0.08333333333333333,0.0,0.0,1.0,0.0,0.0,0.0,0.0,0.0,0.0,0.0,0.11340488215488216,0.0,0.16666666666666666,0.0,0.0,12.0,,,,,,,,,,,,,,,,,,,,,,,,,,,,,,,,,,,,,,,,
sci-e12680ade60e,rar_science,agentic-tools,,,,,140.0,308.0,,,,,,,,,,,grounding,12.0,44.0,0.0,1.0,1.0,0.0,0.0,4.0,0.0,0.0,0.0,1.0,0.0,0.0,0.0,0.0,0.0,0.0,0.0,0.14166666666666666,0.16666666666666666,0.25,0.01875,0.0,12.0,,,,,,,,,,,,,,,,,,,,,,,,,,,,,,,,,,,,,,,,
sci-e74b83fd436a,rar_science,shipped,,,,,12.0,156.0,,,,,,,,,,,grounding,7.0,44.0,0.0,1.0,1.0,0.0,0.0,4.142857142857143,0.14285714285714285,0.0,0.0,3.0,0.14285714285714285,0.42857142857142855,0.14285714285714285,0.42857142857142855,0.0,0.3870967741935484,0.37037037037037035,0.07658730158730158,0.0,0.0,0.0,0.0,7.0,,,,,,,,,,,,,,,,,,,,,,,,,,,,,,,,,,,,,,,,
sci-e74b83fd436a,rar_science,baseline,,,,,12.0,156.0,,,,,,,,,,,grounding,9.0,44.0,0.0,1.0,1.0,0.0,0.0,6.333333333333333,0.0,0.0,0.0,2.0,0.1111111111111111,0.1111111111111111,0.1111111111111111,0.1111111111111111,0.0,0.05714285714285714,0.0410958904109589,0.22689594356261023,0.1111111111111111,0.2222222222222222,0.010101010101010102,0.0,9.0,,,,,,,,,,,,,,,,,,,,,,,,,,,,,,,,,,,,,,,,
sci-e74b83fd436a,rar_science,agentic,,,,,12.0,156.0,,,,,,,,,,,grounding,15.0,44.0,0.0,0.9333333333333333,0.9333333333333333,0.0,0.0,5.533333333333333,0.0,0.0,0.0,1.0,0.0,0.0,0.0,0.0,0.0,0.0,0.0,0.41203944203944204,0.4,0.5333333333333333,0.015873015873015876,0.0,15.0,,,,,,,,,,,,,,,,,,,,,,,,,,,,,,,,,,,,,,,,
sci-e74b83fd436a,rar_science,agentic-tools,,,,,12.0,156.0,,,,,,,,,,,grounding,16.0,44.0,0.0,1.0,1.0,0.0,0.0,5.375,0.0625,0.0,0.0,1.0,0.0,0.0,0.0,0.0,0.0,0.0,0.0,0.4187026515151515,0.4375,0.5625,0.0140625,0.0,16.0,,,,,,,,,,,,,,,,,,,,,,,,,,,,,,,,,,,,,,,,
sci-ea25bcc0bf72,rar_science,shipped,,,,,21.0,24.0,,,,,,,,,,,grounding,7.0,15.0,0.0,1.0,1.0,0.0,0.0,3.4285714285714284,0.0,0.0,0.0,3.0,0.14285714285714285,0.5714285714285714,0.14285714285714285,0.5714285714285714,0.0,0.5185185185185185,0.5714285714285713,0.0347985347985348,0.0,0.0,0.0,0.0,7.0,,,,,,,,,,,,,,,,,,,,,,,,,,,,,,,,,,,,,,,,
sci-ea25bcc0bf72,rar_science,baseline,,,,,21.0,24.0,,,,,,,,,,,grounding,7.0,15.0,0.2857142857142857,1.0,0.7142857142857143,0.16666666666666666,0.17857142857142855,2.142857142857143,0.2857142857142857,0.0,0.0,5.0,0.14285714285714285,0.14285714285714285,0.0,0.14285714285714285,0.14285714285714285,0.125,0.12499999999999999,0.0496031746031746,0.0,0.0,0.0,2.0,7.0,,,,,,,,,,,,,,,,,,,,,,,,,,,,,,,,,,,,,,,,
sci-ea25bcc0bf72,rar_science,agentic,,,,,21.0,24.0,,,,,,,,,,,grounding,8.0,15.0,0.0,1.0,1.0,0.0,0.0,3.875,0.0,0.0,0.0,2.0,0.25,0.0,0.0,0.0,0.0,0.0,0.0,0.019230769230769232,0.0,0.0,0.0,0.0,8.0,,,,,,,,,,,,,,,,,,,,,,,,,,,,,,,,,,,,,,,,
sci-ea25bcc0bf72,rar_science,agentic-tools,,,,,21.0,24.0,,,,,,,,,,,grounding,7.0,15.0,0.0,1.0,1.0,0.0,0.0,3.857142857142857,0.0,0.0,0.0,1.0,0.0,0.0,0.14285714285714285,0.14285714285714285,0.0,0.043478260869565216,0.14516129032258063,0.0,0.0,0.0,0.047619047619047616,0.0,7.0,,,,,,,,,,,,,,,,,,,,,,,,,,,,,,,,,,,,,,,,
sci-eca9a0437743,rar_science,shipped,,,,,32.0,11.0,,,,,,,,,,,grounding,7.0,7.0,0.2857142857142857,1.0,0.7142857142857143,0.27586206896551724,0.23333333333333328,1.0,0.7142857142857143,0.0,0.0,3.0,0.2857142857142857,0.0,0.14285714285714285,0.14285714285714285,0.14285714285714285,0.13793103448275862,0.11666666666666664,0.0,0.0,0.0,0.0,2.0,7.0,,,,,,,,,,,,,,,,,,,,,,,,,,,,,,,,,,,,,,,,
sci-eca9a0437743,rar_science,baseline,,,,,32.0,11.0,,,,,,,,,,,grounding,10.0,7.0,0.4,1.0,0.6,0.2777777777777778,0.37209302325581395,0.8,0.8,0.0,0.0,1.0,0.0,0.2,0.0,0.2,0.1,0.1388888888888889,0.186046511627907,0.0,0.0,0.0,0.0,4.0,10.0,,,,,,,,,,,,,,,,,,,,,,,,,,,,,,,,,,,,,,,,
sci-eca9a0437743,rar_science,agentic,,,,,32.0,11.0,,,,,,,,,,,grounding,16.0,7.0,0.25,1.0,0.75,0.24,0.2631578947368421,1.0625,0.6875,0.0,0.0,1.0,0.0,0.0,0.0,0.0,0.0,0.0,0.0,0.0,0.0,0.0,0.0,4.0,16.0,,,,,,,,,,,,,,,,,,,,,,,,,,,,,,,,,,,,,,,,
sci-eca9a0437743,rar_science,agentic-tools,,,,,32.0,11.0,,,,,,,,,,,grounding,16.0,7.0,0.1875,1.0,0.8125,0.20754716981132076,0.19047619047619047,1.4375,0.5625,0.0,0.0,1.0,0.0,0.0,0.0,0.0,0.0,0.0,0.0,0.0,0.0,0.0,0.0,3.0,16.0,,,,,,,,,,,,,,,,,,,,,,,,,,,,,,,,,,,,,,,,
sci-f6b7d71c6b3c,rar_science,shipped,,,,,74.0,22.0,,,,,,,,,,,grounding,7.0,27.0,0.14285714285714285,1.0,0.8571428571428572,0.10344827586206896,0.05084745762711864,3.5714285714285716,0.14285714285714285,0.0,0.0,6.0,0.14285714285714285,0.2857142857142857,0.2857142857142857,0.42857142857142855,0.14285714285714285,0.4482758620689655,0.38983050847457623,0.0,0.0,0.0,0.03896103896103896,1.0,7.0,,,,,,,,,,,,,,,,,,,,,,,,,,,,,,,,,,,,,,,,
sci-f6b7d71c6b3c,rar_science,baseline,,,,,74.0,22.0,,,,,,,,,,,grounding,15.0,27.0,0.0,0.7333333333333333,0.7333333333333333,0.0,0.0,2.8666666666666667,0.06666666666666667,0.0,0.0,1.0,0.0,0.2,0.13333333333333333,0.2,0.0,0.16981132075471697,0.17829457364341086,0.0044444444444444444,0.0,0.0,0.016883116883116885,0.0,15.0,,,,,,,,,,,,,,,,,,,,,,,,,,,,,,,,,,,,,,,,
sci-f6b7d71c6b3c,rar_science,agentic,,,,,74.0,22.0,,,,,,,,,,,grounding,16.0,27.0,0.0,0.75,0.75,0.0,0.0,3.0625,0.125,0.0,0.0,1.0,0.0,0.0,0.0625,0.0625,0.0,0.07936507936507936,0.078125,0.0,0.0,0.0,0.057692307692307696,0.0,16.0,,,,,,,,,,,,,,,,,,,,,,,,,,,,,,,,,,,,,,,,
sci-f6b7d71c6b3c,rar_science,agentic-tools,,,,,74.0,22.0,,,,,,,,,,,grounding,15.0,27.0,0.0,0.7333333333333333,0.7333333333333333,0.0,0.0,3.2666666666666666,0.06666666666666667,0.0,0.0,1.0,0.0,0.0,0.06666666666666667,0.06666666666666667,0.0,0.09433962264150944,0.07936507936507936,0.005128205128205128,0.0,0.0,0.024444444444444446,0.0,15.0,,,,,,,,,,,,,,,,,,,,,,,,,,,,,,,,,,,,,,,,
sci-f6b96b82605e,rar_science,shipped,,,,,23.0,9.0,,,,,,,,,,,grounding,7.0,13.0,0.14285714285714285,1.0,0.8571428571428572,0.08695652173913043,0.06122448979591836,3.2857142857142856,0.14285714285714285,0.0,0.0,5.0,0.2857142857142857,0.2857142857142857,0.0,0.2857142857142857,0.14285714285714285,0.30434782608695654,0.2653061224489796,0.0,0.0,0.0,0.031746031746031744,1.0,7.0,,,,,,,,,,,,,,,,,,,,,,,,,,,,,,,,,,,,,,,,
sci-f6b96b82605e,rar_science,baseline,,,,,23.0,9.0,,,,,,,,,,,grounding,7.0,13.0,0.0,1.0,1.0,0.0,0.0,4.142857142857143,0.14285714285714285,0.0,0.0,1.0,0.0,0.2857142857142857,0.0,0.2857142857142857,0.0,0.4,0.33898305084745756,0.0,0.0,0.0,0.0,0.0,7.0,,,,,,,,,,,,,,,,,,,,,,,,,,,,,,,,,,,,,,,,
sci-f6b96b82605e,rar_science,agentic,,,,,23.0,9.0,,,,,,,,,,,grounding,8.0,13.0,0.0,1.0,1.0,0.0,0.0,4.375,0.0,0.0,0.0,1.0,0.0,0.375,0.0,0.375,0.0,0.3333333333333333,0.3768115942028985,0.030357142857142857,0.0,0.0,0.027777777777777776,0.0,8.0,,,,,,,,,,,,,,,,,,,,,,,,,,,,,,,,,,,,,,,,
sci-f6b96b82605e,rar_science,agentic-tools,,,,,23.0,9.0,,,,,,,,,,,grounding,7.0,13.0,0.0,1.0,1.0,0.0,0.0,3.142857142857143,0.0,0.0,0.0,1.0,0.0,0.0,0.0,0.0,0.0,0.0,0.0,0.0,0.0,0.0,0.0,0.0,7.0,,,,,,,,,,,,,,,,,,,,,,,,,,,,,,,,,,,,,,,,
sci-f83b10fdfa1f,rar_science,shipped,,,,,128.0,133.0,,,,,,,,,,,grounding,8.0,35.0,0.0,1.0,1.0,0.0,0.0,3.125,0.375,0.0,0.0,1.0,0.0,0.0,0.0,0.0,0.0,0.0,0.0,0.07291666666666667,0.125,0.125,0.04821428571428571,0.0,8.0,,,,,,,,,,,,,,,,,,,,,,,,,,,,,,,,,,,,,,,,
sci-f83b10fdfa1f,rar_science,baseline,,,,,128.0,133.0,,,,,,,,,,,grounding,10.0,35.0,0.1,1.0,0.9,0.04878048780487805,0.09782608695652173,3.4,0.3,0.0,0.0,1.0,0.0,0.0,0.0,0.0,0.0,0.0,0.0,0.1625,0.1,0.2,0.06666666666666667,1.0,10.0,,,,,,,,,,,,,,,,,,,,,,,,,,,,,,,,,,,,,,,,
sci-f83b10fdfa1f,rar_science,agentic,,,,,128.0,133.0,,,,,,,,,,,grounding,10.0,35.0,0.0,1.0,1.0,0.0,0.0,3.2,0.2,0.0,0.0,1.0,0.0,0.0,0.0,0.0,0.0,0.0,0.0,0.51,0.6,0.8,0.075,0.0,10.0,,,,,,,,,,,,,,,,,,,,,,,,,,,,,,,,,,,,,,,,
sci-f83b10fdfa1f,rar_science,agentic-tools,,,,,128.0,133.0,,,,,,,,,,,grounding,15.0,35.0,0.06666666666666667,1.0,0.9333333333333333,0.05555555555555555,0.05426356589147286,3.7333333333333334,0.06666666666666667,0.0,0.0,1.0,0.0,0.0,0.0,0.0,0.0,0.0,0.0,0.3011111111111111,0.26666666666666666,0.4666666666666667,0.12777777777777777,1.0,15.0,,,,,,,,,,,,,,,,,,,,,,,,,,,,,,,,,,,,,,,,
med-02a8056b1d15,rar_medicine,shipped,10.0,,,,,,,,,,,,,,,,lint,,,,,,,,,,,,,,,,,,,,,,,,,,"{'item_count_7_20': {'name': 'item_count_7_20', 'applicable': True, 'passed': True, 'reason': ''}}",0.7,0.0,1.0,1.0,0.1,0.0,0.0,0.0,0.0,0.5591216087341309,0.1,1.0,0.1,1.0,1.0,1.0,1.0,1.0,1.0,0.0,1.0,0.8,1.0,23.0,[],,,,,,,,,,,,,,
med-02a8056b1d15,rar_medicine,baseline,7.0,,,,,,,,,,,,,,,,lint,,,,,,,,,,,,,,,,,,,,,,,,,,"{'item_count_7_20': {'name': 'item_count_7_20', 'applicable': True, 'passed': True, 'reason': ''}}",0.8571428571428571,0.0,1.0,0.0,0.14285714285714285,0.0,0.0,1.0,1.0,0.6824964284896851,0.14285714285714285,1.0,0.0,1.0,1.0,1.0,1.0,1.0,1.0,1.0,1.0,0.8571428571428571,1.0,11.0,"[{'pitfall_index': 5, 'positive_index': 1, 'similarity': 0.6824964284896851}]",,,,,,,,,,,,,,
med-02a8056b1d15,rar_medicine,agentic,10.0,,,,,,,,,,,,,,,,lint,,,,,,,,,,,,,,,,,,,,,,,,,,"{'item_count_7_20': {'name': 'item_count_7_20', 'applicable': True, 'passed': True, 'reason': ''}}",0.6,0.0,1.0,1.0,0.2,0.0,0.0,0.0,0.0,0.459963858127594,0.2,1.0,0.0,1.0,1.0,1.0,1.0,1.0,1.0,0.0,1.0,0.8,1.0,17.0,[],,,,,,,,,,,,,,
med-02a8056b1d15,rar_medicine,agentic-tools,11.0,,,,,,,,,,,,,,,,lint,,,,,,,,,,,,,,,,,,,,,,,,,,"{'item_count_7_20': {'name': 'item_count_7_20', 'applicable': True, 'passed': True, 'reason': ''}}",0.5454545454545454,0.0,1.0,1.0,0.18181818181818182,1.0,0.05,0.0,0.0,0.3690863847732544,0.18181818181818182,0.9090909090909091,0.0,1.0,0.9090909090909091,1.0,1.0,1.0,0.9090909090909091,0.0,1.0,0.9090909090909091,1.0,20.0,[],,,,,,,,,,,,,,
med-27bf6ad66800,rar_medicine,shipped,10.0,,,,,,,,,,,,,,,,lint,,,,,,,,,,,,,,,,,,,,,,,,,,"{'item_count_7_20': {'name': 'item_count_7_20', 'applicable': True, 'passed': True, 'reason': ''}}",0.8,0.0,1.0,0.0,0.2,0.0,0.0,0.0,0.0,0.19095154106616974,0.2,1.0,0.0,1.0,0.9,1.0,1.0,1.0,1.0,1.0,1.0,0.9,1.0,21.0,[],,,,,,,,,,,,,,
med-27bf6ad66800,rar_medicine,baseline,10.0,,,,,,,,,,,,,,,,lint,,,,,,,,,,,,,,,,,,,,,,,,,,"{'item_count_7_20': {'name': 'item_count_7_20', 'applicable': True, 'passed': True, 'reason': ''}}",0.7,0.0,1.0,1.0,0.1,1.0,0.041666666666666664,0.0,0.0,0.4339752495288849,0.1,0.9,0.0,1.0,0.9,1.0,1.0,1.0,0.9,0.0,1.0,1.0,1.0,24.0,[],,,,,,,,,,,,,,
med-27bf6ad66800,rar_medicine,agentic,12.0,,,,,,,,,,,,,,,,lint,,,,,,,,,,,,,,,,,,,,,,,,,,"{'item_count_7_20': {'name': 'item_count_7_20', 'applicable': True, 'passed': True, 'reason': ''}}",0.75,0.0,1.0,1.0,0.16666666666666666,0.0,0.0,0.0,0.0,0.262201726436615,0.16666666666666666,1.0,0.0,1.0,1.0,0.9166666666666666,1.0,1.0,1.0,0.0,1.0,1.0,1.0,23.0,[],,,,,,,,,,,,,,
med-27bf6ad66800,rar_medicine,agentic-tools,9.0,,,,,,,,,,,,,,,,lint,,,,,,,,,,,,,,,,,,,,,,,,,,"{'item_count_7_20': {'name': 'item_count_7_20', 'applicable': True, 'passed': True, 'reason': ''}}",0.5555555555555556,0.0,1.0,1.0,0.3333333333333333,0.0,0.0,0.0,0.0,0.3981420397758484,0.3333333333333333,1.0,0.0,1.0,1.0,0.8888888888888888,1.0,1.0,1.0,0.0,1.0,1.0,1.0,11.0,[],,,,,,,,,,,,,,
med-3e58d5c52834,rar_medicine,shipped,10.0,,,,,,,,,,,,,,,,lint,,,,,,,,,,,,,,,,,,,,,,,,,,"{'item_count_7_20': {'name': 'item_count_7_20', 'applicable': True, 'passed': True, 'reason': ''}}",0.8,0.0,1.0,0.0,0.2,0.0,0.0,0.0,0.0,0.20434045791625977,0.2,1.0,0.1,1.0,1.0,1.0,1.0,1.0,1.0,0.5,1.0,0.9,1.0,21.0,[],,,,,,,,,,,,,,
med-3e58d5c52834,rar_medicine,baseline,8.0,,,,,,,,,,,,,,,,lint,,,,,,,,,,,,,,,,,,,,,,,,,,"{'item_count_7_20': {'name': 'item_count_7_20', 'applicable': True, 'passed': True, 'reason': ''}}",0.875,0.0,1.0,0.0,0.25,1.0,0.08333333333333333,1.0,2.0,0.7646080255508423,0.25,0.875,0.0,1.0,1.0,1.0,1.0,1.0,0.875,1.0,1.0,1.0,1.0,12.0,"[{'pitfall_index': 7, 'positive_index': 0, 'similarity': 0.6874338388442993}, {'pitfall_index': 7, 'positive_index': 4, 'similarity': 0.7646080255508423}]",,,,,,,,,,,,,,
med-3e58d5c52834,rar_medicine,agentic,6.0,,,,,,,,,,,,,,,,lint,,,,,,,,,,,,,,,,,,,,,,,,,,"{'item_count_7_20': {'name': 'item_count_7_20', 'applicable': True, 'passed': False, 'reason': '6 items'}}",0.3333333333333333,0.0,0.0,1.0,0.0,0.0,0.0,0.0,0.0,0.0,0.0,0.6666666666666666,0.0,0.0,0.5,1.0,1.0,1.0,0.6666666666666666,,1.0,0.8333333333333334,1.0,11.0,[],,,,,,,,,,,,,,
med-3e58d5c52834,rar_medicine,agentic-tools,8.0,,,,,,,,,,,,,,,,lint,,,,,,,,,,,,,,,,,,,,,,,,,,"{'item_count_7_20': {'name': 'item_count_7_20', 'applicable': True, 'passed': True, 'reason': ''}}",0.625,0.0,1.0,1.0,0.0,1.0,0.05,0.0,0.0,0.0,0.0,0.875,0.0,1.0,1.0,1.0,1.0,1.0,0.875,,1.0,0.75,1.0,20.0,[],,,,,,,,,,,,,,
med-44131a7ca41d,rar_medicine,shipped,10.0,,,,,,,,,,,,,,,,lint,,,,,,,,,,,,,,,,,,,,,,,,,,"{'item_count_7_20': {'name': 'item_count_7_20', 'applicable': True, 'passed': True, 'reason': ''}}",0.8,0.0,1.0,0.0,0.2,0.0,0.0,0.0,0.0,0.3283396363258362,0.2,1.0,0.0,1.0,1.0,1.0,1.0,1.0,1.0,1.0,1.0,0.8,1.0,21.0,[],,,,,,,,,,,,,,
med-44131a7ca41d,rar_medicine,baseline,9.0,,,,,,,,,,,,,,,,lint,,,,,,,,,,,,,,,,,,,,,,,,,,"{'item_count_7_20': {'name': 'item_count_7_20', 'applicable': True, 'passed': True, 'reason': ''}}",0.8888888888888888,0.0,1.0,0.0,0.2222222222222222,0.0,0.0,0.0,0.0,0.5343207716941833,0.2222222222222222,1.0,0.0,1.0,1.0,1.0,1.0,1.0,1.0,1.0,1.0,0.8888888888888888,1.0,15.0,[],,,,,,,,,,,,,,
med-44131a7ca41d,rar_medicine,agentic,15.0,,,,,,,,,,,,,,,,lint,,,,,,,,,,,,,,,,,,,,,,,,,,"{'item_count_7_20': {'name': 'item_count_7_20', 'applicable': True, 'passed': True, 'reason': ''}}",0.8,0.0,1.0,1.0,0.06666666666666667,0.0,0.0,0.0,0.0,0.26836204528808594,0.06666666666666667,1.0,0.0,1.0,1.0,1.0,1.0,1.0,1.0,0.0,1.0,0.8666666666666667,1.0,49.0,[],,,,,,,,,,,,,,
med-44131a7ca41d,rar_medicine,agentic-tools,15.0,,,,,,,,,,,,,,,,lint,,,,,,,,,,,,,,,,,,,,,,,,,,"{'item_count_7_20': {'name': 'item_count_7_20', 'applicable': True, 'passed': True, 'reason': ''}}",0.4,0.0,1.0,1.0,0.06666666666666667,1.0,0.18181818181818182,0.0,0.0,0.11783508956432343,0.06666666666666667,0.6666666666666666,0.0,1.0,1.0,1.0,1.0,1.0,0.6666666666666666,0.0,1.0,0.8,1.0,55.0,[],,,,,,,,,,,,,,
med-44c1b0452475,rar_medicine,shipped,9.0,,,,,,,,,,,,,,,,lint,,,,,,,,,,,,,,,,,,,,,,,,,,"{'item_count_7_20': {'name': 'item_count_7_20', 'applicable': True, 'passed': True, 'reason': ''}}",0.8888888888888888,0.0,1.0,0.0,0.1111111111111111,0.0,0.0,0.0,0.0,0.38196489214897156,0.1111111111111111,1.0,0.0,1.0,1.0,1.0,1.0,1.0,1.0,1.0,1.0,0.8888888888888888,1.0,20.0,[],,,,,,,,,,,,,,
med-44c1b0452475,rar_medicine,baseline,5.0,,,,,,,,,,,,,,,,lint,,,,,,,,,,,,,,,,,,,,,,,,,,"{'item_count_7_20': {'name': 'item_count_7_20', 'applicable': True, 'passed': False, 'reason': '5 items'}}",0.6,0.0,0.0,0.0,0.2,0.0,0.0,0.0,0.0,0.4735482931137085,0.2,1.0,0.0,0.0,1.0,1.0,1.0,1.0,1.0,0.0,1.0,0.8,1.0,5.0,[],,,,,,,,,,,,,,
med-44c1b0452475,rar_medicine,agentic,7.0,,,,,,,,,,,,,,,,lint,,,,,,,,,,,,,,,,,,,,,,,,,,"{'item_count_7_20': {'name': 'item_count_7_20', 'applicable': True, 'passed': True, 'reason': ''}}",0.42857142857142855,0.0,1.0,1.0,0.14285714285714285,0.0,0.0,1.0,2.0,0.9248962998390198,0.14285714285714285,0.8571428571428571,0.0,1.0,1.0,1.0,1.0,1.0,0.8571428571428571,0.0,1.0,0.42857142857142855,1.0,11.0,"[{'pitfall_index': 5, 'positive_index': 0, 'similarity': 0.8578569293022156}, {'pitfall_index': 5, 'positive_index': 6, 'similarity': 0.9248962998390198}]",,,,,,,,,,,,,,
med-44c1b0452475,rar_medicine,agentic-tools,5.0,,,,,,,,,,,,,,,,lint,,,,,,,,,,,,,,,,,,,,,,,,,,"{'item_count_7_20': {'name': 'item_count_7_20', 'applicable': True, 'passed': False, 'reason': '5 items'}}",0.6,0.0,0.0,1.0,0.4,0.0,0.0,0.0,0.0,0.5573017001152039,0.4,1.0,0.0,0.0,1.0,1.0,1.0,1.0,1.0,0.0,1.0,1.0,1.0,2.0,[],,,,,,,,,,,,,,
med-45b65c37ae12,rar_medicine,shipped,10.0,,,,,,,,,,,,,,,,lint,,,,,,,,,,,,,,,,,,,,,,,,,,"{'item_count_7_20': {'name': 'item_count_7_20', 'applicable': True, 'passed': True, 'reason': ''}}",0.9,0.0,1.0,1.0,0.0,0.0,0.0,0.0,0.0,0.0,0.0,1.0,0.0,1.0,1.0,1.0,1.0,1.0,1.0,,1.0,0.9,1.0,33.0,[],,,,,,,,,,,,,,
med-45b65c37ae12,rar_medicine,baseline,9.0,,,,,,,,,,,,,,,,lint,,,,,,,,,,,,,,,,,,,,,,,,,,"{'item_count_7_20': {'name': 'item_count_7_20', 'applicable': True, 'passed': True, 'reason': ''}}",0.7777777777777778,0.0,1.0,0.0,0.2222222222222222,0.0,0.0,0.0,0.0,0.5355076193809509,0.2222222222222222,1.0,0.0,1.0,1.0,1.0,1.0,1.0,1.0,1.0,1.0,0.7777777777777778,1.0,14.0,[],,,,,,,,,,,,,,
med-45b65c37ae12,rar_medicine,agentic,10.0,,,,,,,,,,,,,,,,lint,,,,,,,,,,,,,,,,,,,,,,,,,,"{'item_count_7_20': {'name': 'item_count_7_20', 'applicable': True, 'passed': True, 'reason': ''}}",0.6,0.0,1.0,1.0,0.1,0.0,0.0,0.0,0.0,0.45310190320014954,0.1,1.0,0.0,1.0,1.0,1.0,1.0,1.0,1.0,0.0,1.0,0.7,1.0,23.0,[],,,,,,,,,,,,,,
med-45b65c37ae12,rar_medicine,agentic-tools,10.0,,,,,,,,,,,,,,,,lint,,,,,,,,,,,,,,,,,,,,,,,,,,"{'item_count_7_20': {'name': 'item_count_7_20', 'applicable': True, 'passed': True, 'reason': ''}}",0.8,0.0,1.0,1.0,0.2,0.0,0.0,0.0,0.0,0.33855462074279785,0.2,1.0,0.0,1.0,1.0,1.0,1.0,1.0,1.0,0.0,1.0,1.0,1.0,17.0,[],,,,,,,,,,,,,,
med-53e3b6247ade,rar_medicine,shipped,10.0,,,,,,,,,,,,,,,,lint,,,,,,,,,,,,,,,,,,,,,,,,,,"{'item_count_7_20': {'name': 'item_count_7_20', 'applicable': True, 'passed': True, 'reason': ''}}",0.9,0.0,1.0,0.0,0.1,0.0,0.0,0.0,0.0,0.07140302658081055,0.1,1.0,0.0,1.0,1.0,1.0,1.0,1.0,1.0,0.0,1.0,1.0,1.0,23.0,[],,,,,,,,,,,,,,
med-53e3b6247ade,rar_medicine,baseline,9.0,,,,,,,,,,,,,,,,lint,,,,,,,,,,,,,,,,,,,,,,,,,,"{'item_count_7_20': {'name': 'item_count_7_20', 'applicable': True, 'passed': True, 'reason': ''}}",0.8888888888888888,0.0,1.0,0.0,0.2222222222222222,0.0,0.0,0.0,0.0,0.4308127462863922,0.2222222222222222,1.0,0.0,1.0,1.0,1.0,1.0,1.0,1.0,1.0,1.0,0.8888888888888888,1.0,14.0,[],,,,,,,,,,,,,,
med-53e3b6247ade,rar_medicine,agentic,11.0,,,,,,,,,,,,,,,,lint,,,,,,,,,,,,,,,,,,,,,,,,,,"{'item_count_7_20': {'name': 'item_count_7_20', 'applicable': True, 'passed': True, 'reason': ''}}",0.7272727272727273,0.0,1.0,1.0,0.18181818181818182,0.0,0.0,0.0,0.0,0.32062748074531555,0.18181818181818182,1.0,0.0,1.0,1.0,1.0,1.0,1.0,1.0,0.0,1.0,0.9090909090909091,1.0,23.0,[],,,,,,,,,,,,,,
med-53e3b6247ade,rar_medicine,agentic-tools,12.0,,,,,,,,,,,,,,,,lint,,,,,,,,,,,,,,,,,,,,,,,,,,"{'item_count_7_20': {'name': 'item_count_7_20', 'applicable': True, 'passed': True, 'reason': ''}}",0.4166666666666667,0.0,1.0,1.0,0.25,1.0,0.2857142857142857,0.0,0.0,0.5086772441864014,0.25,0.8333333333333334,0.0,1.0,0.8333333333333334,1.0,1.0,1.0,0.8333333333333334,0.0,1.0,0.9166666666666666,1.0,14.0,[],,,,,,,,,,,,,,
med-5a729ac36da6,rar_medicine,shipped,8.0,,,,,,,,,,,,,,,,lint,,,,,,,,,,,,,,,,,,,,,,,,,,"{'item_count_7_20': {'name': 'item_count_7_20', 'applicable': True, 'passed': True, 'reason': ''}}",0.625,0.0,1.0,0.0,0.25,0.0,0.0,0.0,0.0,0.5031613111495972,0.25,1.0,0.0,1.0,0.875,1.0,1.0,1.0,1.0,0.5,1.0,1.0,0.875,11.0,[],,,,,,,,,,,,,,
med-5a729ac36da6,rar_medicine,baseline,10.0,,,,,,,,,,,,,,,,lint,,,,,,,,,,,,,,,,,,,,,,,,,,"{'item_count_7_20': {'name': 'item_count_7_20', 'applicable': True, 'passed': True, 'reason': ''}}",0.8,0.0,1.0,0.0,0.2,0.0,0.0,0.0,0.0,0.5502915382385254,0.2,1.0,0.0,1.0,1.0,1.0,1.0,1.0,1.0,0.0,1.0,1.0,1.0,17.0,[],,,,,,,,,,,,,,
med-5a729ac36da6,rar_medicine,agentic,6.0,,,,,,,,,,,,,,,,lint,,,,,,,,,,,,,,,,,,,,,,,,,,"{'item_count_7_20': {'name': 'item_count_7_20', 'applicable': True, 'passed': False, 'reason': '6 items'}}",0.8333333333333334,0.0,0.0,1.0,0.16666666666666666,0.0,0.0,1.0,3.0,0.7979893684387207,0.16666666666666666,1.0,0.0,0.0,1.0,1.0,1.0,1.0,1.0,0.0,1.0,1.0,1.0,6.0,"[{'pitfall_index': 4, 'positive_index': 0, 'similarity': 0.7763787508010864}, {'pitfall_index': 4, 'positive_index': 2, 'similarity': 0.6079530715942383}, {'pitfall_index': 4, 'positive_index': 5, 'similarity': 0.7979893684387207}]",,,,,,,,,,,,,,
med-5a729ac36da6,rar_medicine,agentic-tools,9.0,,,,,,,,,,,,,,,,lint,,,,,,,,,,,,,,,,,,,,,,,,,,"{'item_count_7_20': {'name': 'item_count_7_20', 'applicable': True, 'passed': True, 'reason': ''}}",0.4444444444444444,0.0,1.0,1.0,0.3333333333333333,0.0,0.0,0.0,0.0,0.5513615012168884,0.3333333333333333,1.0,0.0,1.0,0.8888888888888888,1.0,1.0,1.0,1.0,0.0,1.0,0.8888888888888888,1.0,11.0,[],,,,,,,,,,,,,,
med-5c4c1ea586d0,rar_medicine,shipped,10.0,,,,,,,,,,,,,,,,lint,,,,,,,,,,,,,,,,,,,,,,,,,,"{'item_count_7_20': {'name': 'item_count_7_20', 'applicable': True, 'passed': True, 'reason': ''}}",0.9,0.0,1.0,0.0,0.2,0.0,0.0,0.0,0.0,0.31226298213005066,0.2,1.0,0.1,1.0,1.0,1.0,1.0,1.0,1.0,0.5,1.0,1.0,1.0,19.0,[],,,,,,,,,,,,,,
med-5c4c1ea586d0,rar_medicine,baseline,9.0,,,,,,,,,,,,,,,,lint,,,,,,,,,,,,,,,,,,,,,,,,,,"{'item_count_7_20': {'name': 'item_count_7_20', 'applicable': True, 'passed': True, 'reason': ''}}",0.6666666666666666,0.0,1.0,0.0,0.2222222222222222,1.0,0.06666666666666667,0.0,0.0,0.5371395349502563,0.2222222222222222,0.6666666666666666,0.0,1.0,1.0,1.0,1.0,1.0,0.6666666666666666,1.0,1.0,1.0,1.0,15.0,[],,,,,,,,,,,,,,
med-5c4c1ea586d0,rar_medicine,agentic,10.0,,,,,,,,,,,,,,,,lint,,,,,,,,,,,,,,,,,,,,,,,,,,"{'item_count_7_20': {'name': 'item_count_7_20', 'applicable': True, 'passed': True, 'reason': ''}}",0.8,0.0,1.0,1.0,0.2,0.0,0.0,0.0,0.0,0.3363038897514343,0.2,1.0,0.0,1.0,1.0,1.0,1.0,1.0,1.0,0.0,1.0,1.0,1.0,13.0,[],,,,,,,,,,,,,,
med-5c4c1ea586d0,rar_medicine,agentic-tools,11.0,,,,,,,,,,,,,,,,lint,,,,,,,,,,,,,,,,,,,,,,,,,,"{'item_count_7_20': {'name': 'item_count_7_20', 'applicable': True, 'passed': True, 'reason': ''}}",0.5454545454545454,0.0,1.0,1.0,0.18181818181818182,0.0,0.0,0.0,0.0,0.5859599709510803,0.18181818181818182,1.0,0.0,1.0,0.9090909090909091,1.0,1.0,1.0,1.0,0.0,1.0,0.8181818181818182,1.0,26.0,[],,,,,,,,,,,,,,
med-6c38d46aa8e9,rar_medicine,shipped,11.0,,,,,,,,,,,,,,,,lint,,,,,,,,,,,,,,,,,,,,,,,,,,"{'item_count_7_20': {'name': 'item_count_7_20', 'applicable': True, 'passed': True, 'reason': ''}}",0.9090909090909091,0.0,1.0,0.0,0.09090909090909091,0.0,0.0,0.0,0.0,0.29247233271598816,0.09090909090909091,1.0,0.0,1.0,1.0,1.0,1.0,1.0,1.0,1.0,1.0,0.9090909090909091,1.0,33.0,[],,,,,,,,,,,,,,
med-6c38d46aa8e9,rar_medicine,baseline,10.0,,,,,,,,,,,,,,,,lint,,,,,,,,,,,,,,,,,,,,,,,,,,"{'item_count_7_20': {'name': 'item_count_7_20', 'applicable': True, 'passed': True, 'reason': ''}}",0.9,0.0,1.0,0.0,0.2,0.0,0.0,1.0,1.0,0.6791099309921265,0.2,1.0,0.0,1.0,0.9,1.0,1.0,1.0,1.0,1.0,1.0,1.0,1.0,19.0,"[{'pitfall_index': 8, 'positive_index': 0, 'similarity': 0.6791099309921265}]",,,,,,,,,,,,,,
med-6c38d46aa8e9,rar_medicine,agentic,12.0,,,,,,,,,,,,,,,,lint,,,,,,,,,,,,,,,,,,,,,,,,,,"{'item_count_7_20': {'name': 'item_count_7_20', 'applicable': True, 'passed': True, 'reason': ''}}",0.75,0.0,1.0,1.0,0.16666666666666666,1.0,0.03225806451612903,0.0,0.0,0.5674862861633301,0.16666666666666666,0.9166666666666666,0.0,1.0,0.9166666666666666,1.0,1.0,1.0,0.9166666666666666,0.0,1.0,0.9166666666666666,1.0,31.0,[],,,,,,,,,,,,,,
med-6c38d46aa8e9,rar_medicine,agentic-tools,11.0,,,,,,,,,,,,,,,,lint,,,,,,,,,,,,,,,,,,,,,,,,,,"{'item_count_7_20': {'name': 'item_count_7_20', 'applicable': True, 'passed': True, 'reason': ''}}",0.6363636363636364,0.0,1.0,1.0,0.18181818181818182,0.0,0.0,1.0,1.0,0.6094915866851807,0.18181818181818182,0.9090909090909091,0.0,1.0,0.9090909090909091,1.0,1.0,1.0,0.9090909090909091,0.0,1.0,0.8181818181818182,1.0,26.0,"[{'pitfall_index': 8, 'positive_index': 0, 'similarity': 0.6094915866851807}]",,,,,,,,,,,,,,
med-75b39d0ce8c6,rar_medicine,shipped,10.0,,,,,,,,,,,,,,,,lint,,,,,,,,,,,,,,,,,,,,,,,,,,"{'item_count_7_20': {'name': 'item_count_7_20', 'applicable': True, 'passed': True, 'reason': ''}}",0.7,0.0,1.0,0.0,0.2,0.0,0.0,0.0,0.0,0.46991902589797974,0.2,1.0,0.0,1.0,0.9,1.0,1.0,1.0,1.0,0.5,1.0,0.9,1.0,20.0,[],,,,,,,,,,,,,,
med-75b39d0ce8c6,rar_medicine,baseline,7.0,,,,,,,,,,,,,,,,lint,,,,,,,,,,,,,,,,,,,,,,,,,,"{'item_count_7_20': {'name': 'item_count_7_20', 'applicable': True, 'passed': True, 'reason': ''}}",0.8571428571428571,0.0,1.0,0.0,0.2857142857142857,0.0,0.0,1.0,1.0,0.7653380632400513,0.2857142857142857,1.0,0.0,1.0,1.0,1.0,1.0,1.0,1.0,1.0,1.0,0.8571428571428571,1.0,8.0,"[{'pitfall_index': 6, 'positive_index': 2, 'similarity': 0.7653380632400513}]",,,,,,,,,,,,,,
med-75b39d0ce8c6,rar_medicine,agentic,11.0,,,,,,,,,,,,,,,,lint,,,,,,,,,,,,,,,,,,,,,,,,,,"{'item_count_7_20': {'name': 'item_count_7_20', 'applicable': True, 'passed': True, 'reason': ''}}",0.7272727272727273,0.0,1.0,1.0,0.18181818181818182,1.0,0.05,0.0,0.0,0.5186822414398193,0.18181818181818182,0.9090909090909091,0.0,1.0,0.9090909090909091,1.0,1.0,1.0,0.9090909090909091,0.0,1.0,1.0,1.0,20.0,[],,,,,,,,,,,,,,
med-75b39d0ce8c6,rar_medicine,agentic-tools,11.0,,,,,,,,,,,,,,,,lint,,,,,,,,,,,,,,,,,,,,,,,,,,"{'item_count_7_20': {'name': 'item_count_7_20', 'applicable': True, 'passed': True, 'reason': ''}}",0.7272727272727273,0.0,1.0,1.0,0.18181818181818182,1.0,0.038461538461538464,1.0,1.0,0.759646475315094,0.18181818181818182,0.9090909090909091,0.0,1.0,1.0,1.0,1.0,1.0,0.9090909090909091,0.0,1.0,1.0,1.0,26.0,"[{'pitfall_index': 10, 'positive_index': 4, 'similarity': 0.759646475315094}]",,,,,,,,,,,,,,
med-769d6769c7d8,rar_medicine,shipped,12.0,,,,,,,,,,,,,,,,lint,,,,,,,,,,,,,,,,,,,,,,,,,,"{'item_count_7_20': {'name': 'item_count_7_20', 'applicable': True, 'passed': True, 'reason': ''}}",0.9166666666666666,0.0,1.0,0.0,0.16666666666666666,0.0,0.0,0.0,0.0,0.5786123871803284,0.16666666666666666,1.0,0.08333333333333333,1.0,1.0,1.0,1.0,1.0,1.0,0.5,1.0,1.0,1.0,33.0,[],,,,,,,,,,,,,,
med-769d6769c7d8,rar_medicine,baseline,8.0,,,,,,,,,,,,,,,,lint,,,,,,,,,,,,,,,,,,,,,,,,,,"{'item_count_7_20': {'name': 'item_count_7_20', 'applicable': True, 'passed': True, 'reason': ''}}",0.875,0.0,1.0,0.0,0.125,1.0,0.07142857142857142,0.0,0.0,0.26279252767562866,0.125,0.875,0.0,1.0,1.0,1.0,1.0,1.0,0.875,1.0,1.0,1.0,1.0,14.0,[],,,,,,,,,,,,,,
med-769d6769c7d8,rar_medicine,agentic,15.0,,,,,,,,,,,,,,,,lint,,,,,,,,,,,,,,,,,,,,,,,,,,"{'item_count_7_20': {'name': 'item_count_7_20', 'applicable': True, 'passed': True, 'reason': ''}}",0.6666666666666666,0.0,1.0,1.0,0.2,0.0,0.0,0.0,0.0,0.5475127100944519,0.2,1.0,0.0,1.0,1.0,1.0,1.0,1.0,1.0,0.0,1.0,0.8666666666666667,1.0,35.0,[],,,,,,,,,,,,,,
med-769d6769c7d8,rar_medicine,agentic-tools,15.0,,,,,,,,,,,,,,,,lint,,,,,,,,,,,,,,,,,,,,,,,,,,"{'item_count_7_20': {'name': 'item_count_7_20', 'applicable': True, 'passed': True, 'reason': ''}}",0.6,0.0,1.0,1.0,0.26666666666666666,0.0,0.0,0.0,0.0,0.4539591073989868,0.26666666666666666,1.0,0.0,1.0,1.0,1.0,1.0,1.0,1.0,0.0,1.0,0.8666666666666667,1.0,38.0,[],,,,,,,,,,,,,,
med-8227a3f56ff4,rar_medicine,shipped,10.0,,,,,,,,,,,,,,,,lint,,,,,,,,,,,,,,,,,,,,,,,,,,"{'item_count_7_20': {'name': 'item_count_7_20', 'applicable': True, 'passed': True, 'reason': ''}}",0.8,0.0,1.0,0.0,0.2,0.0,0.0,1.0,1.0,0.6078394651412964,0.2,1.0,0.0,1.0,0.9,1.0,1.0,1.0,1.0,1.0,1.0,0.8,1.0,21.0,"[{'pitfall_index': 9, 'positive_index': 4, 'similarity': 0.6078394651412964}]",,,,,,,,,,,,,,
med-8227a3f56ff4,rar_medicine,baseline,8.0,,,,,,,,,,,,,,,,lint,,,,,,,,,,,,,,,,,,,,,,,,,,"{'item_count_7_20': {'name': 'item_count_7_20', 'applicable': True, 'passed': True, 'reason': ''}}",0.875,0.0,1.0,0.0,0.25,0.0,0.0,1.0,1.0,0.6931119561195374,0.25,1.0,0.0,1.0,1.0,1.0,1.0,1.0,1.0,1.0,1.0,0.875,1.0,11.0,"[{'pitfall_index': 7, 'positive_index': 3, 'similarity': 0.6931119561195374}]",,,,,,,,,,,,,,
med-8227a3f56ff4,rar_medicine,agentic,9.0,,,,,,,,,,,,,,,,lint,,,,,,,,,,,,,,,,,,,,,,,,,,"{'item_count_7_20': {'name': 'item_count_7_20', 'applicable': True, 'passed': True, 'reason': ''}}",0.7777777777777778,0.0,1.0,1.0,0.2222222222222222,0.0,0.0,0.0,0.0,0.39197540283203125,0.2222222222222222,1.0,0.0,1.0,1.0,1.0,1.0,1.0,1.0,0.0,1.0,1.0,1.0,11.0,[],,,,,,,,,,,,,,
med-8227a3f56ff4,rar_medicine,agentic-tools,6.0,,,,,,,,,,,,,,,,lint,,,,,,,,,,,,,,,,,,,,,,,,,,"{'item_count_7_20': {'name': 'item_count_7_20', 'applicable': True, 'passed': False, 'reason': '6 items'}}",0.6666666666666666,0.0,0.0,1.0,0.16666666666666666,0.0,0.0,0.0,0.0,0.5189475417137146,0.16666666666666666,1.0,0.0,0.0,1.0,1.0,1.0,1.0,1.0,0.0,1.0,0.8333333333333334,1.0,7.0,[],,,,,,,,,,,,,,
med-82b936c85c28,rar_medicine,shipped,8.0,,,,,,,,,,,,,,,,lint,,,,,,,,,,,,,,,,,,,,,,,,,,"{'item_count_7_20': {'name': 'item_count_7_20', 'applicable': True, 'passed': True, 'reason': ''}}",0.75,0.0,1.0,0.0,0.125,0.0,0.0,0.0,0.0,0.27459123730659485,0.125,1.0,0.0,1.0,1.0,1.0,1.0,1.0,1.0,1.0,1.0,0.75,1.0,16.0,[],,,,,,,,,,,,,,
med-82b936c85c28,rar_medicine,baseline,9.0,,,,,,,,,,,,,,,,lint,,,,,,,,,,,,,,,,,,,,,,,,,,"{'item_count_7_20': {'name': 'item_count_7_20', 'applicable': True, 'passed': True, 'reason': ''}}",0.5555555555555556,0.0,1.0,0.0,0.2222222222222222,0.0,0.0,1.0,3.0,0.7954385280609131,0.2222222222222222,1.0,0.1111111111111111,1.0,0.8888888888888888,1.0,1.0,1.0,1.0,0.5,1.0,0.7777777777777778,1.0,14.0,"[{'pitfall_index': 7, 'positive_index': 0, 'similarity': 0.7327508926391602}, {'pitfall_index': 7, 'positive_index': 1, 'similarity': 0.7954385280609131}, {'pitfall_index': 8, 'positive_index': 1, 'similarity': 0.7100954055786133}]",,,,,,,,,,,,,,
med-82b936c85c28,rar_medicine,agentic,12.0,,,,,,,,,,,,,,,,lint,,,,,,,,,,,,,,,,,,,,,,,,,,"{'item_count_7_20': {'name': 'item_count_7_20', 'applicable': True, 'passed': True, 'reason': ''}}",0.5,0.0,1.0,1.0,0.25,0.0,0.0,0.0,0.0,0.5603262186050415,0.25,1.0,0.0,1.0,1.0,1.0,1.0,1.0,1.0,0.0,1.0,0.75,1.0,24.0,[],,,,,,,,,,,,,,
med-82b936c85c28,rar_medicine,agentic-tools,10.0,,,,,,,,,,,,,,,,lint,,,,,,,,,,,,,,,,,,,,,,,,,,"{'item_count_7_20': {'name': 'item_count_7_20', 'applicable': True, 'passed': True, 'reason': ''}}",0.5,0.0,1.0,1.0,0.2,0.0,0.0,1.0,1.0,0.6103886365890503,0.2,1.0,0.0,1.0,0.9,1.0,1.0,1.0,1.0,0.0,1.0,0.8,1.0,17.0,"[{'pitfall_index': 9, 'positive_index': 1, 'similarity': 0.6103886365890503}]",,,,,,,,,,,,,,
med-91ae4098e221,rar_medicine,shipped,10.0,,,,,,,,,,,,,,,,lint,,,,,,,,,,,,,,,,,,,,,,,,,,"{'item_count_7_20': {'name': 'item_count_7_20', 'applicable': True, 'passed': True, 'reason': ''}}",0.8,0.0,1.0,0.0,0.1,0.0,0.0,0.0,0.0,0.33685868978500366,0.1,1.0,0.0,1.0,1.0,1.0,1.0,1.0,1.0,1.0,1.0,0.8,1.0,24.0,[],,,,,,,,,,,,,,
med-91ae4098e221,rar_medicine,baseline,9.0,,,,,,,,,,,,,,,,lint,,,,,,,,,,,,,,,,,,,,,,,,,,"{'item_count_7_20': {'name': 'item_count_7_20', 'applicable': True, 'passed': True, 'reason': ''}}",0.7777777777777778,0.0,1.0,0.0,0.2222222222222222,0.0,0.0,0.0,0.0,0.5235190391540527,0.2222222222222222,1.0,0.0,1.0,1.0,1.0,1.0,1.0,1.0,1.0,1.0,0.7777777777777778,1.0,16.0,[],,,,,,,,,,,,,,
med-91ae4098e221,rar_medicine,agentic,7.0,,,,,,,,,,,,,,,,lint,,,,,,,,,,,,,,,,,,,,,,,,,,"{'item_count_7_20': {'name': 'item_count_7_20', 'applicable': True, 'passed': True, 'reason': ''}}",0.42857142857142855,0.0,1.0,1.0,0.14285714285714285,0.0,0.0,1.0,1.0,0.6336064338684082,0.14285714285714285,1.0,0.0,1.0,1.0,1.0,1.0,1.0,1.0,0.0,1.0,0.5714285714285714,1.0,5.0,"[{'pitfall_index': 5, 'positive_index': 0, 'similarity': 0.6336064338684082}]",,,,,,,,,,,,,,
med-91ae4098e221,rar_medicine,agentic-tools,9.0,,,,,,,,,,,,,,,,lint,,,,,,,,,,,,,,,,,,,,,,,,,,"{'item_count_7_20': {'name': 'item_count_7_20', 'applicable': True, 'passed': True, 'reason': ''}}",0.5555555555555556,0.0,1.0,1.0,0.2222222222222222,0.0,0.0,0.0,0.0,0.5987446308135986,0.2222222222222222,1.0,0.0,1.0,0.7777777777777778,1.0,1.0,1.0,1.0,0.0,1.0,0.8888888888888888,1.0,14.0,[],,,,,,,,,,,,,,
med-931e7fb4de55,rar_medicine,shipped,10.0,,,,,,,,,,,,,,,,lint,,,,,,,,,,,,,,,,,,,,,,,,,,"{'item_count_7_20': {'name': 'item_count_7_20', 'applicable': True, 'passed': True, 'reason': ''}}",1.0,1.0,1.0,0.0,0.2,0.0,0.0,1.0,1.0,0.6107398867607117,0.2,1.0,0.0,1.0,1.0,1.0,1.0,1.0,1.0,1.0,1.0,1.0,1.0,21.0,"[{'pitfall_index': 8, 'positive_index': 2, 'similarity': 0.6107398867607117}]",,,,,,,,,,,,,,
med-931e7fb4de55,rar_medicine,baseline,7.0,,,,,,,,,,,,,,,,lint,,,,,,,,,,,,,,,,,,,,,,,,,,"{'item_count_7_20': {'name': 'item_count_7_20', 'applicable': True, 'passed': True, 'reason': ''}}",1.0,1.0,1.0,0.0,0.2857142857142857,0.0,0.0,0.0,0.0,0.46172332763671875,0.2857142857142857,1.0,0.0,1.0,1.0,1.0,1.0,1.0,1.0,1.0,1.0,1.0,1.0,6.0,[],,,,,,,,,,,,,,
med-931e7fb4de55,rar_medicine,agentic,10.0,,,,,,,,,,,,,,,,lint,,,,,,,,,,,,,,,,,,,,,,,,,,"{'item_count_7_20': {'name': 'item_count_7_20', 'applicable': True, 'passed': True, 'reason': ''}}",0.5,0.0,1.0,1.0,0.2,1.0,0.25,0.0,0.0,0.45123809576034546,0.2,0.8,0.0,1.0,1.0,1.0,1.0,1.0,0.8,0.0,1.0,0.9,1.0,20.0,[],,,,,,,,,,,,,,
med-931e7fb4de55,rar_medicine,agentic-tools,8.0,,,,,,,,,,,,,,,,lint,,,,,,,,,,,,,,,,,,,,,,,,,,"{'item_count_7_20': {'name': 'item_count_7_20', 'applicable': True, 'passed': True, 'reason': ''}}",0.5,0.0,1.0,1.0,0.25,1.0,0.1111111111111111,0.0,0.0,0.46540653705596924,0.25,0.875,0.0,1.0,1.0,1.0,1.0,1.0,0.875,0.0,1.0,0.875,1.0,9.0,[],,,,,,,,,,,,,,
med-960f0934dd5d,rar_medicine,shipped,9.0,,,,,,,,,,,,,,,,lint,,,,,,,,,,,,,,,,,,,,,,,,,,"{'item_count_7_20': {'name': 'item_count_7_20', 'applicable': True, 'passed': True, 'reason': ''}}",0.7777777777777778,0.0,1.0,0.0,0.1111111111111111,0.0,0.0,1.0,1.0,0.6803545355796814,0.1111111111111111,1.0,0.0,1.0,0.8888888888888888,1.0,1.0,1.0,1.0,1.0,1.0,0.8888888888888888,1.0,19.0,"[{'pitfall_index': 8, 'positive_index': 0, 'similarity': 0.6803545355796814}]",,,,,,,,,,,,,,
med-960f0934dd5d,rar_medicine,baseline,6.0,,,,,,,,,,,,,,,,lint,,,,,,,,,,,,,,,,,,,,,,,,,,"{'item_count_7_20': {'name': 'item_count_7_20', 'applicable': True, 'passed': False, 'reason': '6 items'}}",1.0,0.0,0.0,0.0,0.3333333333333333,0.0,0.0,0.0,0.0,0.5669063329696655,0.3333333333333333,1.0,0.0,0.0,1.0,1.0,1.0,1.0,1.0,1.0,1.0,1.0,1.0,5.0,[],,,,,,,,,,,,,,
med-960f0934dd5d,rar_medicine,agentic,7.0,,,,,,,,,,,,,,,,lint,,,,,,,,,,,,,,,,,,,,,,,,,,"{'item_count_7_20': {'name': 'item_count_7_20', 'applicable': True, 'passed': True, 'reason': ''}}",0.2857142857142857,0.0,1.0,1.0,0.14285714285714285,1.0,0.08333333333333333,1.0,2.0,0.8298438191413879,0.14285714285714285,0.8571428571428571,0.0,1.0,1.0,1.0,1.0,1.0,0.8571428571428571,0.0,1.0,0.5714285714285714,1.0,12.0,"[{'pitfall_index': 5, 'positive_index': 0, 'similarity': 0.8298437595367432}, {'pitfall_index': 5, 'positive_index': 6, 'similarity': 0.8298438191413879}]",,,,,,,,,,,,,,
med-960f0934dd5d,rar_medicine,agentic-tools,6.0,,,,,,,,,,,,,,,,lint,,,,,,,,,,,,,,,,,,,,,,,,,,"{'item_count_7_20': {'name': 'item_count_7_20', 'applicable': True, 'passed': False, 'reason': '6 items'}}",0.6666666666666666,0.0,0.0,1.0,0.16666666666666666,0.0,0.0,0.0,0.0,0.5925991535186768,0.16666666666666666,1.0,0.0,0.0,0.8333333333333334,1.0,1.0,1.0,1.0,0.0,1.0,1.0,1.0,7.0,[],,,,,,,,,,,,,,
med-a5b48b2e083f,rar_medicine,shipped,9.0,,,,,,,,,,,,,,,,lint,,,,,,,,,,,,,,,,,,,,,,,,,,"{'item_count_7_20': {'name': 'item_count_7_20', 'applicable': True, 'passed': True, 'reason': ''}}",1.0,1.0,1.0,0.0,0.1111111111111111,0.0,0.0,0.0,0.0,0.2459123730659485,0.1111111111111111,1.0,0.0,1.0,1.0,1.0,1.0,1.0,1.0,1.0,1.0,1.0,1.0,21.0,[],,,,,,,,,,,,,,
med-a5b48b2e083f,rar_medicine,baseline,7.0,,,,,,,,,,,,,,,,lint,,,,,,,,,,,,,,,,,,,,,,,,,,"{'item_count_7_20': {'name': 'item_count_7_20', 'applicable': True, 'passed': True, 'reason': ''}}",0.7142857142857143,0.0,1.0,0.0,0.2857142857142857,0.0,0.0,1.0,1.0,0.6023247241973877,0.2857142857142857,1.0,0.0,1.0,0.7142857142857143,1.0,1.0,1.0,1.0,1.0,1.0,1.0,1.0,7.0,"[{'pitfall_index': 6, 'positive_index': 0, 'similarity': 0.6023247241973877}]",,,,,,,,,,,,,,
med-a5b48b2e083f,rar_medicine,agentic,11.0,,,,,,,,,,,,,,,,lint,,,,,,,,,,,,,,,,,,,,,,,,,,"{'item_count_7_20': {'name': 'item_count_7_20', 'applicable': True, 'passed': True, 'reason': ''}}",0.8181818181818182,0.0,1.0,1.0,0.18181818181818182,0.0,0.0,0.0,0.0,0.5617936849594116,0.18181818181818182,1.0,0.0,1.0,1.0,1.0,1.0,1.0,1.0,0.0,1.0,1.0,1.0,23.0,[],,,,,,,,,,,,,,
med-a5b48b2e083f,rar_medicine,agentic-tools,7.0,,,,,,,,,,,,,,,,lint,,,,,,,,,,,,,,,,,,,,,,,,,,"{'item_count_7_20': {'name': 'item_count_7_20', 'applicable': True, 'passed': True, 'reason': ''}}",0.7142857142857143,0.0,1.0,1.0,0.14285714285714285,0.0,0.0,1.0,1.0,0.7181510925292969,0.14285714285714285,1.0,0.0,1.0,1.0,1.0,1.0,1.0,1.0,0.0,1.0,0.8571428571428571,1.0,11.0,"[{'pitfall_index': 6, 'positive_index': 0, 'similarity': 0.7181510925292969}]",,,,,,,,,,,,,,
med-ac6f5e1f72e2,rar_medicine,shipped,10.0,,,,,,,,,,,,,,,,lint,,,,,,,,,,,,,,,,,,,,,,,,,,"{'item_count_7_20': {'name': 'item_count_7_20', 'applicable': True, 'passed': True, 'reason': ''}}",0.9,0.0,1.0,0.0,0.1,0.0,0.0,0.0,0.0,0.23571260273456573,0.1,1.0,0.0,1.0,1.0,1.0,1.0,1.0,1.0,1.0,1.0,0.9,1.0,24.0,[],,,,,,,,,,,,,,
med-ac6f5e1f72e2,rar_medicine,baseline,9.0,,,,,,,,,,,,,,,,lint,,,,,,,,,,,,,,,,,,,,,,,,,,"{'item_count_7_20': {'name': 'item_count_7_20', 'applicable': True, 'passed': True, 'reason': ''}}",0.8888888888888888,0.0,1.0,0.0,0.2222222222222222,0.0,0.0,0.0,0.0,0.37506961822509766,0.2222222222222222,1.0,0.0,1.0,0.8888888888888888,1.0,1.0,1.0,1.0,1.0,1.0,1.0,1.0,14.0,[],,,,,,,,,,,,,,
med-ac6f5e1f72e2,rar_medicine,agentic,10.0,,,,,,,,,,,,,,,,lint,,,,,,,,,,,,,,,,,,,,,,,,,,"{'item_count_7_20': {'name': 'item_count_7_20', 'applicable': True, 'passed': True, 'reason': ''}}",0.5,0.0,1.0,1.0,0.2,1.0,0.15384615384615385,0.0,0.0,0.4848400354385376,0.2,0.8,0.0,1.0,1.0,1.0,1.0,1.0,0.8,0.0,1.0,1.0,0.9,13.0,[],,,,,,,,,,,,,,
med-ac6f5e1f72e2,rar_medicine,agentic-tools,10.0,,,,,,,,,,,,,,,,lint,,,,,,,,,,,,,,,,,,,,,,,,,,"{'item_count_7_20': {'name': 'item_count_7_20', 'applicable': True, 'passed': True, 'reason': ''}}",0.8,0.0,1.0,1.0,0.2,0.0,0.0,1.0,1.0,0.6691397428512573,0.2,1.0,0.0,1.0,1.0,1.0,1.0,1.0,1.0,0.0,1.0,1.0,1.0,17.0,"[{'pitfall_index': 8, 'positive_index': 0, 'similarity': 0.6691397428512573}]",,,,,,,,,,,,,,
med-b2be91e4d044,rar_medicine,shipped,11.0,,,,,,,,,,,,,,,,lint,,,,,,,,,,,,,,,,,,,,,,,,,,"{'item_count_7_20': {'name': 'item_count_7_20', 'applicable': True, 'passed': True, 'reason': ''}}",0.8181818181818182,0.0,1.0,0.0,0.18181818181818182,0.0,0.0,0.0,0.0,0.31866514682769775,0.18181818181818182,1.0,0.0,1.0,1.0,1.0,1.0,1.0,1.0,0.5,1.0,0.9090909090909091,1.0,27.0,[],,,,,,,,,,,,,,
med-b2be91e4d044,rar_medicine,baseline,12.0,,,,,,,,,,,,,,,,lint,,,,,,,,,,,,,,,,,,,,,,,,,,"{'item_count_7_20': {'name': 'item_count_7_20', 'applicable': True, 'passed': True, 'reason': ''}}",0.6666666666666666,0.0,1.0,0.0,0.25,0.0,0.0,1.0,3.0,0.8147474527359009,0.25,1.0,0.0,1.0,1.0,1.0,1.0,1.0,1.0,1.0,1.0,0.6666666666666666,1.0,24.0,"[{'pitfall_index': 9, 'positive_index': 1, 'similarity': 0.8147474527359009}, {'pitfall_index': 10, 'positive_index': 2, 'similarity': 0.7087066173553467}, {'pitfall_index': 11, 'positive_index': 7, 'similarity': 0.6653808355331421}]",,,,,,,,,,,,,,
med-b2be91e4d044,rar_medicine,agentic,16.0,,,,,,,,,,,,,,,,lint,,,,,,,,,,,,,,,,,,,,,,,,,,"{'item_count_7_20': {'name': 'item_count_7_20', 'applicable': True, 'passed': True, 'reason': ''}}",0.5,0.0,1.0,1.0,0.1875,1.0,0.2222222222222222,0.0,0.0,0.404762327671051,0.1875,0.875,0.0,1.0,1.0,1.0,1.0,1.0,0.875,0.0,1.0,0.8125,1.0,36.0,[],,,,,,,,,,,,,,
med-b2be91e4d044,rar_medicine,agentic-tools,13.0,,,,,,,,,,,,,,,,lint,,,,,,,,,,,,,,,,,,,,,,,,,,"{'item_count_7_20': {'name': 'item_count_7_20', 'applicable': True, 'passed': True, 'reason': ''}}",0.6153846153846154,0.0,1.0,1.0,0.07692307692307693,1.0,0.08571428571428572,0.0,0.0,0.3681386709213257,0.07692307692307693,0.9230769230769231,0.0,1.0,1.0,1.0,1.0,1.0,0.9230769230769231,0.0,1.0,0.7692307692307693,1.0,35.0,[],,,,,,,,,,,,,,
med-ba0b7452f8cd,rar_medicine,shipped,8.0,,,,,,,,,,,,,,,,lint,,,,,,,,,,,,,,,,,,,,,,,,,,"{'item_count_7_20': {'name': 'item_count_7_20', 'applicable': True, 'passed': True, 'reason': ''}}",0.5,0.0,1.0,0.0,0.125,0.0,0.0,0.0,0.0,0.3294753432273865,0.125,1.0,0.0,1.0,0.875,1.0,1.0,1.0,1.0,1.0,1.0,0.625,1.0,15.0,[],,,,,,,,,,,,,,
med-ba0b7452f8cd,rar_medicine,baseline,8.0,,,,,,,,,,,,,,,,lint,,,,,,,,,,,,,,,,,,,,,,,,,,"{'item_count_7_20': {'name': 'item_count_7_20', 'applicable': True, 'passed': True, 'reason': ''}}",0.875,0.0,1.0,0.0,0.125,0.0,0.0,1.0,2.0,0.7025647759437561,0.125,1.0,0.0,1.0,1.0,1.0,1.0,1.0,1.0,1.0,1.0,0.875,1.0,16.0,"[{'pitfall_index': 5, 'positive_index': 0, 'similarity': 0.7025647759437561}, {'pitfall_index': 5, 'positive_index': 1, 'similarity': 0.7025647759437561}]",,,,,,,,,,,,,,
med-ba0b7452f8cd,rar_medicine,agentic,13.0,,,,,,,,,,,,,,,,lint,,,,,,,,,,,,,,,,,,,,,,,,,,"{'item_count_7_20': {'name': 'item_count_7_20', 'applicable': True, 'passed': True, 'reason': ''}}",0.5384615384615384,0.0,1.0,1.0,0.23076923076923078,1.0,0.2608695652173913,1.0,1.0,0.7087172865867615,0.23076923076923078,0.8461538461538461,0.0,1.0,1.0,1.0,1.0,1.0,0.8461538461538461,0.0,1.0,0.9230769230769231,1.0,23.0,"[{'pitfall_index': 10, 'positive_index': 1, 'similarity': 0.7087172865867615}]",,,,,,,,,,,,,,
med-ba0b7452f8cd,rar_medicine,agentic-tools,13.0,,,,,,,,,,,,,,,,lint,,,,,,,,,,,,,,,,,,,,,,,,,,"{'item_count_7_20': {'name': 'item_count_7_20', 'applicable': True, 'passed': True, 'reason': ''}}",0.5384615384615384,0.0,1.0,1.0,0.23076923076923078,0.0,0.0,1.0,3.0,0.7370280027389526,0.23076923076923078,1.0,0.0,1.0,1.0,1.0,1.0,1.0,1.0,0.0,1.0,0.7692307692307693,1.0,31.0,"[{'pitfall_index': 10, 'positive_index': 0, 'similarity': 0.7370280027389526}, {'pitfall_index': 10, 'positive_index': 1, 'similarity': 0.7354562878608704}, {'pitfall_index': 10, 'positive_index': 2, 'similarity': 0.6102694272994995}]",,,,,,,,,,,,,,
med-bbb832a8fec2,rar_medicine,shipped,11.0,,,,,,,,,,,,,,,,lint,,,,,,,,,,,,,,,,,,,,,,,,,,"{'item_count_7_20': {'name': 'item_count_7_20', 'applicable': True, 'passed': True, 'reason': ''}}",0.9090909090909091,0.0,1.0,1.0,0.09090909090909091,0.0,0.0,0.0,0.0,0.22606272995471954,0.09090909090909091,1.0,0.09090909090909091,1.0,1.0,1.0,1.0,1.0,1.0,0.0,1.0,1.0,1.0,33.0,[],,,,,,,,,,,,,,
med-bbb832a8fec2,rar_medicine,baseline,8.0,,,,,,,,,,,,,,,,lint,,,,,,,,,,,,,,,,,,,,,,,,,,"{'item_count_7_20': {'name': 'item_count_7_20', 'applicable': True, 'passed': True, 'reason': ''}}",0.875,0.0,1.0,1.0,0.125,0.0,0.0,0.0,0.0,0.4377419352531433,0.125,1.0,0.0,1.0,1.0,1.0,1.0,1.0,1.0,0.0,1.0,1.0,1.0,14.0,[],,,,,,,,,,,,,,
med-bbb832a8fec2,rar_medicine,agentic,11.0,,,,,,,,,,,,,,,,lint,,,,,,,,,,,,,,,,,,,,,,,,,,"{'item_count_7_20': {'name': 'item_count_7_20', 'applicable': True, 'passed': True, 'reason': ''}}",0.2727272727272727,0.0,1.0,1.0,0.18181818181818182,1.0,0.15,0.0,0.0,0.5194014310836792,0.18181818181818182,0.5454545454545454,0.0,1.0,0.9090909090909091,1.0,1.0,1.0,0.5454545454545454,0.0,1.0,1.0,1.0,20.0,[],,,,,,,,,,,,,,
med-bbb832a8fec2,rar_medicine,agentic-tools,11.0,,,,,,,,,,,,,,,,lint,,,,,,,,,,,,,,,,,,,,,,,,,,"{'item_count_7_20': {'name': 'item_count_7_20', 'applicable': True, 'passed': True, 'reason': ''}}",0.2727272727272727,0.0,1.0,1.0,0.18181818181818182,1.0,0.16666666666666666,0.0,0.0,0.5632642507553101,0.18181818181818182,0.6363636363636364,0.0,1.0,0.8181818181818182,1.0,1.0,1.0,0.6363636363636364,0.0,1.0,1.0,1.0,24.0,[],,,,,,,,,,,,,,
med-bf99d4ee36f1,rar_medicine,shipped,11.0,,,,,,,,,,,,,,,,lint,,,,,,,,,,,,,,,,,,,,,,,,,,"{'item_count_7_20': {'name': 'item_count_7_20', 'applicable': True, 'passed': True, 'reason': ''}}",1.0,1.0,1.0,0.0,0.18181818181818182,0.0,0.0,0.0,0.0,0.4901564121246338,0.18181818181818182,1.0,0.0,1.0,1.0,1.0,1.0,1.0,1.0,1.0,1.0,1.0,1.0,26.0,[],,,,,,,,,,,,,,
med-bf99d4ee36f1,rar_medicine,baseline,8.0,,,,,,,,,,,,,,,,lint,,,,,,,,,,,,,,,,,,,,,,,,,,"{'item_count_7_20': {'name': 'item_count_7_20', 'applicable': True, 'passed': True, 'reason': ''}}",0.75,0.0,1.0,0.0,0.25,0.0,0.0,0.0,0.0,0.4416865408420563,0.25,1.0,0.0,1.0,1.0,1.0,1.0,1.0,1.0,0.5,1.0,0.875,1.0,11.0,[],,,,,,,,,,,,,,
med-bf99d4ee36f1,rar_medicine,agentic,14.0,,,,,,,,,,,,,,,,lint,,,,,,,,,,,,,,,,,,,,,,,,,,"{'item_count_7_20': {'name': 'item_count_7_20', 'applicable': True, 'passed': True, 'reason': ''}}",0.42857142857142855,0.0,1.0,1.0,0.21428571428571427,0.0,0.0,0.0,0.0,0.44050219655036926,0.21428571428571427,0.9285714285714286,0.0,1.0,1.0,1.0,1.0,1.0,0.9285714285714286,0.0,1.0,0.7142857142857143,0.9285714285714286,40.0,[],,,,,,,,,,,,,,
med-bf99d4ee36f1,rar_medicine,agentic-tools,14.0,,,,,,,,,,,,,,,,lint,,,,,,,,,,,,,,,,,,,,,,,,,,"{'item_count_7_20': {'name': 'item_count_7_20', 'applicable': True, 'passed': True, 'reason': ''}}",0.35714285714285715,0.0,1.0,1.0,0.21428571428571427,1.0,0.16666666666666666,1.0,1.0,0.6663564443588257,0.21428571428571427,0.7857142857142857,0.0,1.0,1.0,1.0,1.0,1.0,0.7857142857142857,0.0,1.0,0.7142857142857143,0.9285714285714286,36.0,"[{'pitfall_index': 11, 'positive_index': 0, 'similarity': 0.6663564443588257}]",,,,,,,,,,,,,,
med-c8812f74fcb4,rar_medicine,shipped,10.0,,,,,,,,,,,,,,,,lint,,,,,,,,,,,,,,,,,,,,,,,,,,"{'item_count_7_20': {'name': 'item_count_7_20', 'applicable': True, 'passed': True, 'reason': ''}}",0.8,0.0,1.0,0.0,0.2,0.0,0.0,0.0,0.0,0.11087200790643692,0.2,1.0,0.1,1.0,1.0,1.0,1.0,1.0,1.0,0.5,1.0,0.9,1.0,21.0,[],,,,,,,,,,,,,,
med-c8812f74fcb4,rar_medicine,baseline,8.0,,,,,,,,,,,,,,,,lint,,,,,,,,,,,,,,,,,,,,,,,,,,"{'item_count_7_20': {'name': 'item_count_7_20', 'applicable': True, 'passed': True, 'reason': ''}}",0.75,0.0,1.0,0.0,0.25,0.0,0.0,0.0,0.0,0.4551205039024353,0.25,1.0,0.125,1.0,1.0,1.0,1.0,1.0,1.0,0.0,1.0,1.0,1.0,12.0,[],,,,,,,,,,,,,,
med-c8812f74fcb4,rar_medicine,agentic,15.0,,,,,,,,,,,,,,,,lint,,,,,,,,,,,,,,,,,,,,,,,,,,"{'item_count_7_20': {'name': 'item_count_7_20', 'applicable': True, 'passed': True, 'reason': ''}}",0.5333333333333333,0.0,1.0,1.0,0.2,1.0,0.17777777777777778,1.0,1.0,0.7332574129104614,0.2,0.8,0.0,1.0,1.0,1.0,1.0,1.0,0.8,0.0,1.0,0.9333333333333333,1.0,45.0,"[{'pitfall_index': 11, 'positive_index': 0, 'similarity': 0.7332574129104614}]",,,,,,,,,,,,,,
med-c8812f74fcb4,rar_medicine,agentic-tools,15.0,,,,,,,,,,,,,,,,lint,,,,,,,,,,,,,,,,,,,,,,,,,,"{'item_count_7_20': {'name': 'item_count_7_20', 'applicable': True, 'passed': True, 'reason': ''}}",0.5333333333333333,0.0,1.0,1.0,0.26666666666666666,1.0,0.02564102564102564,0.0,0.0,0.48524144291877747,0.26666666666666666,0.9333333333333333,0.0,1.0,1.0,1.0,1.0,1.0,0.9333333333333333,0.0,1.0,0.8666666666666667,1.0,39.0,[],,,,,,,,,,,,,,
med-c98a2c1d81b2,rar_medicine,shipped,11.0,,,,,,,,,,,,,,,,lint,,,,,,,,,,,,,,,,,,,,,,,,,,"{'item_count_7_20': {'name': 'item_count_7_20', 'applicable': True, 'passed': True, 'reason': ''}}",0.9090909090909091,0.0,1.0,0.0,0.09090909090909091,0.0,0.0,0.0,0.0,0.056138064712285995,0.09090909090909091,1.0,0.0,1.0,1.0,1.0,1.0,1.0,1.0,0.0,1.0,1.0,1.0,32.0,[],,,,,,,,,,,,,,
med-c98a2c1d81b2,rar_medicine,baseline,8.0,,,,,,,,,,,,,,,,lint,,,,,,,,,,,,,,,,,,,,,,,,,,"{'item_count_7_20': {'name': 'item_count_7_20', 'applicable': True, 'passed': True, 'reason': ''}}",1.0,1.0,1.0,0.0,0.25,0.0,0.0,0.0,0.0,0.3628537654876709,0.25,1.0,0.0,1.0,1.0,1.0,1.0,1.0,1.0,1.0,1.0,1.0,1.0,11.0,[],,,,,,,,,,,,,,
med-c98a2c1d81b2,rar_medicine,agentic,11.0,,,,,,,,,,,,,,,,lint,,,,,,,,,,,,,,,,,,,,,,,,,,"{'item_count_7_20': {'name': 'item_count_7_20', 'applicable': True, 'passed': True, 'reason': ''}}",0.45454545454545453,0.0,1.0,1.0,0.0,1.0,0.19444444444444445,0.0,0.0,0.0,0.0,0.45454545454545453,0.0,1.0,1.0,1.0,1.0,1.0,0.45454545454545453,,1.0,1.0,1.0,36.0,[],,,,,,,,,,,,,,
med-c98a2c1d81b2,rar_medicine,agentic-tools,10.0,,,,,,,,,,,,,,,,lint,,,,,,,,,,,,,,,,,,,,,,,,,,"{'item_count_7_20': {'name': 'item_count_7_20', 'applicable': True, 'passed': True, 'reason': ''}}",0.7,0.0,1.0,1.0,0.2,0.0,0.0,0.0,0.0,0.3501136004924774,0.2,1.0,0.0,1.0,1.0,1.0,1.0,1.0,1.0,0.0,1.0,0.9,1.0,19.0,[],,,,,,,,,,,,,,
med-d9d6d0e87ecb,rar_medicine,shipped,9.0,,,,,,,,,,,,,,,,lint,,,,,,,,,,,,,,,,,,,,,,,,,,"{'item_count_7_20': {'name': 'item_count_7_20', 'applicable': True, 'passed': True, 'reason': ''}}",0.8888888888888888,0.0,1.0,0.0,0.1111111111111111,0.0,0.0,0.0,0.0,0.4276539385318756,0.1111111111111111,1.0,0.0,1.0,0.8888888888888888,1.0,1.0,1.0,1.0,1.0,1.0,1.0,1.0,21.0,[],,,,,,,,,,,,,,
med-d9d6d0e87ecb,rar_medicine,baseline,6.0,,,,,,,,,,,,,,,,lint,,,,,,,,,,,,,,,,,,,,,,,,,,"{'item_count_7_20': {'name': 'item_count_7_20', 'applicable': True, 'passed': False, 'reason': '6 items'}}",0.6666666666666666,0.0,0.0,0.0,0.16666666666666666,0.0,0.0,0.0,0.0,0.28476375341415405,0.16666666666666666,1.0,0.0,0.0,1.0,1.0,1.0,1.0,1.0,1.0,1.0,0.6666666666666666,1.0,8.0,[],,,,,,,,,,,,,,
med-d9d6d0e87ecb,rar_medicine,agentic,9.0,,,,,,,,,,,,,,,,lint,,,,,,,,,,,,,,,,,,,,,,,,,,"{'item_count_7_20': {'name': 'item_count_7_20', 'applicable': True, 'passed': True, 'reason': ''}}",0.3333333333333333,0.0,1.0,1.0,0.2222222222222222,0.0,0.0,0.0,0.0,0.5463278889656067,0.2222222222222222,0.7777777777777778,0.0,1.0,1.0,1.0,1.0,1.0,0.7777777777777778,0.0,1.0,0.7777777777777778,1.0,14.0,[],,,,,,,,,,,,,,
med-d9d6d0e87ecb,rar_medicine,agentic-tools,11.0,,,,,,,,,,,,,,,,lint,,,,,,,,,,,,,,,,,,,,,,,,,,"{'item_count_7_20': {'name': 'item_count_7_20', 'applicable': True, 'passed': True, 'reason': ''}}",0.45454545454545453,0.0,1.0,1.0,0.18181818181818182,0.0,0.0,0.0,0.0,0.5650385618209839,0.18181818181818182,1.0,0.0,1.0,1.0,1.0,1.0,1.0,1.0,0.0,1.0,0.6363636363636364,1.0,23.0,[],,,,,,,,,,,,,,
med-dc7957448669,rar_medicine,shipped,9.0,,,,,,,,,,,,,,,,lint,,,,,,,,,,,,,,,,,,,,,,,,,,"{'item_count_7_20': {'name': 'item_count_7_20', 'applicable': True, 'passed': True, 'reason': ''}}",0.7777777777777778,0.0,1.0,0.0,0.1111111111111111,0.0,0.0,0.0,0.0,0.5123609900474548,0.1111111111111111,1.0,0.0,1.0,0.8888888888888888,1.0,1.0,1.0,1.0,1.0,1.0,0.8888888888888888,1.0,20.0,[],,,,,,,,,,,,,,
med-dc7957448669,rar_medicine,baseline,8.0,,,,,,,,,,,,,,,,lint,,,,,,,,,,,,,,,,,,,,,,,,,,"{'item_count_7_20': {'name': 'item_count_7_20', 'applicable': True, 'passed': True, 'reason': ''}}",0.875,0.0,1.0,0.0,0.25,1.0,0.125,1.0,2.0,0.6305181384086609,0.25,0.875,0.0,1.0,1.0,1.0,1.0,1.0,0.875,1.0,1.0,1.0,1.0,8.0,"[{'pitfall_index': 6, 'positive_index': 1, 'similarity': 0.6305181384086609}, {'pitfall_index': 7, 'positive_index': 4, 'similarity': 0.6138299703598022}]",,,,,,,,,,,,,,
med-dc7957448669,rar_medicine,agentic,7.0,,,,,,,,,,,,,,,,lint,,,,,,,,,,,,,,,,,,,,,,,,,,"{'item_count_7_20': {'name': 'item_count_7_20', 'applicable': True, 'passed': True, 'reason': ''}}",0.8571428571428571,0.0,1.0,1.0,0.0,0.0,0.0,0.0,0.0,0.0,0.0,1.0,0.0,1.0,1.0,1.0,1.0,1.0,1.0,,1.0,0.8571428571428571,1.0,6.0,[],,,,,,,,,,,,,,
med-dc7957448669,rar_medicine,agentic-tools,12.0,,,,,,,,,,,,,,,,lint,,,,,,,,,,,,,,,,,,,,,,,,,,"{'item_count_7_20': {'name': 'item_count_7_20', 'applicable': True, 'passed': True, 'reason': ''}}",0.8333333333333334,0.0,1.0,1.0,0.08333333333333333,0.0,0.0,0.0,0.0,0.38140392303466797,0.08333333333333333,1.0,0.0,1.0,1.0,1.0,1.0,1.0,1.0,0.0,1.0,0.9166666666666666,1.0,31.0,[],,,,,,,,,,,,,,
med-e6c4ba1af357,rar_medicine,shipped,8.0,,,,,,,,,,,,,,,,lint,,,,,,,,,,,,,,,,,,,,,,,,,,"{'item_count_7_20': {'name': 'item_count_7_20', 'applicable': True, 'passed': True, 'reason': ''}}",0.625,0.0,1.0,0.0,0.125,0.0,0.0,0.0,0.0,0.09566058218479156,0.125,1.0,0.0,1.0,1.0,1.0,1.0,1.0,1.0,1.0,1.0,0.625,1.0,14.0,[],,,,,,,,,,,,,,
med-e6c4ba1af357,rar_medicine,baseline,8.0,,,,,,,,,,,,,,,,lint,,,,,,,,,,,,,,,,,,,,,,,,,,"{'item_count_7_20': {'name': 'item_count_7_20', 'applicable': True, 'passed': True, 'reason': ''}}",0.75,0.0,1.0,0.0,0.125,0.0,0.0,0.0,0.0,0.3666136860847473,0.125,0.875,0.0,1.0,1.0,1.0,1.0,1.0,0.875,1.0,1.0,0.875,1.0,16.0,[],,,,,,,,,,,,,,
med-e6c4ba1af357,rar_medicine,agentic,10.0,,,,,,,,,,,,,,,,lint,,,,,,,,,,,,,,,,,,,,,,,,,,"{'item_count_7_20': {'name': 'item_count_7_20', 'applicable': True, 'passed': True, 'reason': ''}}",0.6,0.0,1.0,1.0,0.2,0.0,0.0,0.0,0.0,0.420923113822937,0.2,1.0,0.0,1.0,1.0,1.0,1.0,1.0,1.0,0.0,1.0,0.8,1.0,17.0,[],,,,,,,,,,,,,,
med-e6c4ba1af357,rar_medicine,agentic-tools,6.0,,,,,,,,,,,,,,,,lint,,,,,,,,,,,,,,,,,,,,,,,,,,"{'item_count_7_20': {'name': 'item_count_7_20', 'applicable': True, 'passed': False, 'reason': '6 items'}}",0.6666666666666666,0.0,0.0,1.0,0.16666666666666666,0.0,0.0,0.0,0.0,0.28960439562797546,0.16666666666666666,1.0,0.0,0.0,1.0,1.0,1.0,1.0,1.0,0.0,1.0,0.8333333333333334,1.0,7.0,[],,,,,,,,,,,,,,
med-e9a2fe585dc6,rar_medicine,shipped,10.0,,,,,,,,,,,,,,,,lint,,,,,,,,,,,,,,,,,,,,,,,,,,"{'item_count_7_20': {'name': 'item_count_7_20', 'applicable': True, 'passed': True, 'reason': ''}}",0.9,0.0,1.0,0.0,0.2,0.0,0.0,0.0,0.0,0.45236608386039734,0.2,1.0,0.1,1.0,1.0,1.0,1.0,1.0,1.0,0.5,1.0,1.0,1.0,21.0,[],,,,,,,,,,,,,,
med-e9a2fe585dc6,rar_medicine,baseline,7.0,,,,,,,,,,,,,,,,lint,,,,,,,,,,,,,,,,,,,,,,,,,,"{'item_count_7_20': {'name': 'item_count_7_20', 'applicable': True, 'passed': True, 'reason': ''}}",1.0,1.0,1.0,0.0,0.14285714285714285,0.0,0.0,0.0,0.0,0.4668797254562378,0.14285714285714285,1.0,0.0,1.0,1.0,1.0,1.0,1.0,1.0,1.0,1.0,1.0,1.0,8.0,[],,,,,,,,,,,,,,
med-e9a2fe585dc6,rar_medicine,agentic,13.0,,,,,,,,,,,,,,,,lint,,,,,,,,,,,,,,,,,,,,,,,,,,"{'item_count_7_20': {'name': 'item_count_7_20', 'applicable': True, 'passed': True, 'reason': ''}}",0.38461538461538464,0.0,1.0,1.0,0.15384615384615385,1.0,0.08333333333333333,0.0,0.0,0.4125264883041382,0.15384615384615385,0.6153846153846154,0.0,1.0,1.0,1.0,1.0,1.0,0.6153846153846154,0.0,1.0,0.8461538461538461,1.0,36.0,[],,,,,,,,,,,,,,
med-e9a2fe585dc6,rar_medicine,agentic-tools,11.0,,,,,,,,,,,,,,,,lint,,,,,,,,,,,,,,,,,,,,,,,,,,"{'item_count_7_20': {'name': 'item_count_7_20', 'applicable': True, 'passed': True, 'reason': ''}}",0.6363636363636364,0.0,1.0,1.0,0.18181818181818182,0.0,0.0,0.0,0.0,0.47113609313964844,0.18181818181818182,1.0,0.0,1.0,1.0,1.0,1.0,1.0,1.0,0.0,1.0,0.8181818181818182,1.0,23.0,[],,,,,,,,,,,,,,
med-f1727cd9627c,rar_medicine,shipped,10.0,,,,,,,,,,,,,,,,lint,,,,,,,,,,,,,,,,,,,,,,,,,,"{'item_count_7_20': {'name': 'item_count_7_20', 'applicable': True, 'passed': True, 'reason': ''}}",0.8,0.0,1.0,0.0,0.2,0.0,0.0,0.0,0.0,0.23604315519332886,0.2,1.0,0.0,1.0,0.8,1.0,1.0,1.0,1.0,1.0,1.0,1.0,1.0,19.0,[],,,,,,,,,,,,,,
med-f1727cd9627c,rar_medicine,baseline,8.0,,,,,,,,,,,,,,,,lint,,,,,,,,,,,,,,,,,,,,,,,,,,"{'item_count_7_20': {'name': 'item_count_7_20', 'applicable': True, 'passed': True, 'reason': ''}}",1.0,1.0,1.0,0.0,0.25,0.0,0.0,0.0,0.0,0.48805689811706543,0.25,1.0,0.0,1.0,1.0,1.0,1.0,1.0,1.0,1.0,1.0,1.0,1.0,9.0,[],,,,,,,,,,,,,,
med-f1727cd9627c,rar_medicine,agentic,9.0,,,,,,,,,,,,,,,,lint,,,,,,,,,,,,,,,,,,,,,,,,,,"{'item_count_7_20': {'name': 'item_count_7_20', 'applicable': True, 'passed': True, 'reason': ''}}",0.6666666666666666,0.0,1.0,1.0,0.2222222222222222,0.0,0.0,0.0,0.0,0.2578395903110504,0.2222222222222222,1.0,0.0,1.0,1.0,1.0,1.0,1.0,1.0,0.0,1.0,0.8888888888888888,1.0,6.0,[],,,,,,,,,,,,,,
med-f1727cd9627c,rar_medicine,agentic-tools,8.0,,,,,,,,,,,,,,,,lint,,,,,,,,,,,,,,,,,,,,,,,,,,"{'item_count_7_20': {'name': 'item_count_7_20', 'applicable': True, 'passed': True, 'reason': ''}}",0.625,0.0,1.0,1.0,0.25,1.0,0.3333333333333333,0.0,0.0,0.5939701199531555,0.25,0.875,0.0,1.0,0.75,1.0,1.0,1.0,0.875,0.0,1.0,1.0,1.0,9.0,[],,,,,,,,,,,,,,
med-fff27f593ee9,rar_medicine,shipped,13.0,,,,,,,,,,,,,,,,lint,,,,,,,,,,,,,,,,,,,,,,,,,,"{'item_count_7_20': {'name': 'item_count_7_20', 'applicable': True, 'passed': True, 'reason': ''}}",0.8461538461538461,0.0,1.0,1.0,0.07692307692307693,0.0,0.0,0.0,0.0,0.28800055384635925,0.07692307692307693,1.0,0.07692307692307693,1.0,0.9230769230769231,1.0,1.0,1.0,1.0,0.0,1.0,1.0,1.0,47.0,[],,,,,,,,,,,,,,
med-fff27f593ee9,rar_medicine,baseline,9.0,,,,,,,,,,,,,,,,lint,,,,,,,,,,,,,,,,,,,,,,,,,,"{'item_count_7_20': {'name': 'item_count_7_20', 'applicable': True, 'passed': True, 'reason': ''}}",0.7777777777777778,0.0,1.0,0.0,0.2222222222222222,0.0,0.0,0.0,0.0,0.5648316144943237,0.2222222222222222,1.0,0.0,1.0,1.0,1.0,1.0,1.0,1.0,1.0,1.0,0.7777777777777778,1.0,14.0,[],,,,,,,,,,,,,,
med-fff27f593ee9,rar_medicine,agentic,13.0,,,,,,,,,,,,,,,,lint,,,,,,,,,,,,,,,,,,,,,,,,,,"{'item_count_7_20': {'name': 'item_count_7_20', 'applicable': True, 'passed': True, 'reason': ''}}",0.8461538461538461,0.0,1.0,1.0,0.07692307692307693,0.0,0.0,0.0,0.0,0.3545924425125122,0.07692307692307693,1.0,0.0,1.0,1.0,1.0,1.0,1.0,1.0,0.0,1.0,0.9230769230769231,1.0,44.0,[],,,,,,,,,,,,,,
med-fff27f593ee9,rar_medicine,agentic-tools,12.0,,,,,,,,,,,,,,,,lint,,,,,,,,,,,,,,,,,,,,,,,,,,"{'item_count_7_20': {'name': 'item_count_7_20', 'applicable': True, 'passed': True, 'reason': ''}}",0.6666666666666666,0.0,1.0,1.0,0.16666666666666666,1.0,0.06451612903225806,0.0,0.0,0.3883415460586548,0.16666666666666666,0.9166666666666666,0.0,1.0,1.0,1.0,1.0,1.0,0.9166666666666666,0.0,1.0,0.9166666666666666,1.0,31.0,[],,,,,,,,,,,,,,
med-197191f4a201,rar_medicine,shipped,8.0,,,,,,,,,,,,,,,,lint,,,,,,,,,,,,,,,,,,,,,,,,,,"{'item_count_7_20': {'name': 'item_count_7_20', 'applicable': True, 'passed': True, 'reason': ''}}",0.625,0.0,1.0,0.0,0.125,0.0,0.0,0.0,0.0,0.5610148310661316,0.125,1.0,0.0,1.0,1.0,1.0,1.0,1.0,1.0,1.0,1.0,0.625,1.0,15.0,[],,,,,,,,,,,,,,
med-197191f4a201,rar_medicine,baseline,7.0,,,,,,,,,,,,,,,,lint,,,,,,,,,,,,,,,,,,,,,,,,,,"{'item_count_7_20': {'name': 'item_count_7_20', 'applicable': True, 'passed': True, 'reason': ''}}",1.0,1.0,1.0,0.0,0.2857142857142857,0.0,0.0,0.0,0.0,0.48247766494750977,0.2857142857142857,1.0,0.0,1.0,1.0,1.0,1.0,1.0,1.0,1.0,1.0,1.0,1.0,7.0,[],,,,,,,,,,,,,,
med-197191f4a201,rar_medicine,agentic,6.0,,,,,,,,,,,,,,,,lint,,,,,,,,,,,,,,,,,,,,,,,,,,"{'item_count_7_20': {'name': 'item_count_7_20', 'applicable': True, 'passed': False, 'reason': '6 items'}}",0.3333333333333333,0.0,0.0,1.0,0.16666666666666666,0.0,0.0,0.0,0.0,0.577479362487793,0.16666666666666666,1.0,0.0,0.0,1.0,1.0,1.0,1.0,1.0,0.0,1.0,0.5,1.0,8.0,[],,,,,,,,,,,,,,
med-197191f4a201,rar_medicine,agentic-tools,5.0,,,,,,,,,,,,,,,,lint,,,,,,,,,,,,,,,,,,,,,,,,,,"{'item_count_7_20': {'name': 'item_count_7_20', 'applicable': True, 'passed': False, 'reason': '5 items'}}",0.2,0.0,0.0,1.0,0.4,0.0,0.0,1.0,1.0,0.7396872043609619,0.4,1.0,0.0,0.0,1.0,1.0,1.0,1.0,1.0,0.0,1.0,0.6,1.0,2.0,"[{'pitfall_index': 3, 'positive_index': 0, 'similarity': 0.7396872043609619}]",,,,,,,,,,,,,,
med-22cfe7cfc240,rar_medicine,shipped,10.0,,,,,,,,,,,,,,,,lint,,,,,,,,,,,,,,,,,,,,,,,,,,"{'item_count_7_20': {'name': 'item_count_7_20', 'applicable': True, 'passed': True, 'reason': ''}}",0.9,0.0,1.0,0.0,0.2,0.0,0.0,0.0,0.0,0.4212205410003662,0.2,1.0,0.0,1.0,1.0,1.0,1.0,1.0,1.0,1.0,1.0,0.9,1.0,21.0,[],,,,,,,,,,,,,,
med-22cfe7cfc240,rar_medicine,baseline,9.0,,,,,,,,,,,,,,,,lint,,,,,,,,,,,,,,,,,,,,,,,,,,"{'item_count_7_20': {'name': 'item_count_7_20', 'applicable': True, 'passed': True, 'reason': ''}}",1.0,1.0,1.0,0.0,0.3333333333333333,0.0,0.0,0.0,0.0,0.5417118668556213,0.3333333333333333,1.0,0.0,1.0,1.0,1.0,1.0,1.0,1.0,1.0,1.0,1.0,1.0,12.0,[],,,,,,,,,,,,,,
med-22cfe7cfc240,rar_medicine,agentic,8.0,,,,,,,,,,,,,,,,lint,,,,,,,,,,,,,,,,,,,,,,,,,,"{'item_count_7_20': {'name': 'item_count_7_20', 'applicable': True, 'passed': True, 'reason': ''}}",0.75,0.0,1.0,1.0,0.25,0.0,0.0,0.0,0.0,0.3350498676300049,0.25,1.0,0.0,1.0,1.0,1.0,1.0,1.0,1.0,0.0,1.0,1.0,1.0,9.0,[],,,,,,,,,,,,,,
med-22cfe7cfc240,rar_medicine,agentic-tools,13.0,,,,,,,,,,,,,,,,lint,,,,,,,,,,,,,,,,,,,,,,,,,,"{'item_count_7_20': {'name': 'item_count_7_20', 'applicable': True, 'passed': True, 'reason': ''}}",0.8461538461538461,0.0,1.0,1.0,0.15384615384615385,0.0,0.0,0.0,0.0,0.4451419711112976,0.15384615384615385,1.0,0.0,1.0,1.0,1.0,1.0,1.0,1.0,0.0,1.0,1.0,1.0,38.0,[],,,,,,,,,,,,,,
med-243ec32e8cc8,rar_medicine,shipped,9.0,,,,,,,,,,,,,,,,lint,,,,,,,,,,,,,,,,,,,,,,,,,,"{'item_count_7_20': {'name': 'item_count_7_20', 'applicable': True, 'passed': True, 'reason': ''}}",0.7777777777777778,0.0,1.0,0.0,0.2222222222222222,0.0,0.0,0.0,0.0,0.5697382688522339,0.2222222222222222,1.0,0.0,1.0,0.8888888888888888,1.0,1.0,1.0,1.0,0.5,1.0,1.0,1.0,16.0,[],,,,,,,,,,,,,,
med-243ec32e8cc8,rar_medicine,baseline,7.0,,,,,,,,,,,,,,,,lint,,,,,,,,,,,,,,,,,,,,,,,,,,"{'item_count_7_20': {'name': 'item_count_7_20', 'applicable': True, 'passed': True, 'reason': ''}}",0.8571428571428571,0.0,1.0,0.0,0.2857142857142857,0.0,0.0,1.0,2.0,0.6372730731964111,0.2857142857142857,1.0,0.0,1.0,1.0,1.0,1.0,1.0,1.0,1.0,1.0,0.8571428571428571,1.0,8.0,"[{'pitfall_index': 5, 'positive_index': 0, 'similarity': 0.6372730731964111}, {'pitfall_index': 5, 'positive_index': 1, 'similarity': 0.6010433435440063}]",,,,,,,,,,,,,,
med-243ec32e8cc8,rar_medicine,agentic,9.0,,,,,,,,,,,,,,,,lint,,,,,,,,,,,,,,,,,,,,,,,,,,"{'item_count_7_20': {'name': 'item_count_7_20', 'applicable': True, 'passed': True, 'reason': ''}}",0.5555555555555556,0.0,1.0,1.0,0.2222222222222222,0.0,0.0,0.0,0.0,0.5111221075057983,0.2222222222222222,1.0,0.0,1.0,1.0,1.0,1.0,1.0,1.0,0.0,1.0,0.7777777777777778,1.0,16.0,[],,,,,,,,,,,,,,
med-243ec32e8cc8,rar_medicine,agentic-tools,10.0,,,,,,,,,,,,,,,,lint,,,,,,,,,,,,,,,,,,,,,,,,,,"{'item_count_7_20': {'name': 'item_count_7_20', 'applicable': True, 'passed': True, 'reason': ''}}",0.4,0.0,1.0,1.0,0.2,0.0,0.0,1.0,1.0,0.624991774559021,0.2,1.0,0.0,1.0,0.8,1.0,1.0,1.0,1.0,0.0,1.0,0.7,1.0,12.0,"[{'pitfall_index': 9, 'positive_index': 1, 'similarity': 0.624991774559021}]",,,,,,,,,,,,,,
med-28da216cd16f,rar_medicine,shipped,10.0,,,,,,,,,,,,,,,,lint,,,,,,,,,,,,,,,,,,,,,,,,,,"{'item_count_7_20': {'name': 'item_count_7_20', 'applicable': True, 'passed': True, 'reason': ''}}",0.9,0.0,1.0,0.0,0.1,0.0,0.0,0.0,0.0,0.42324164509773254,0.1,1.0,0.0,1.0,1.0,1.0,1.0,1.0,1.0,1.0,1.0,0.9,1.0,26.0,[],,,,,,,,,,,,,,
med-28da216cd16f,rar_medicine,baseline,11.0,,,,,,,,,,,,,,,,lint,,,,,,,,,,,,,,,,,,,,,,,,,,"{'item_count_7_20': {'name': 'item_count_7_20', 'applicable': True, 'passed': True, 'reason': ''}}",0.7272727272727273,0.0,1.0,0.0,0.18181818181818182,0.0,0.0,0.0,0.0,0.425229012966156,0.18181818181818182,1.0,0.0,1.0,0.9090909090909091,1.0,1.0,1.0,1.0,0.5,1.0,0.9090909090909091,1.0,23.0,[],,,,,,,,,,,,,,
med-28da216cd16f,rar_medicine,agentic,13.0,,,,,,,,,,,,,,,,lint,,,,,,,,,,,,,,,,,,,,,,,,,,"{'item_count_7_20': {'name': 'item_count_7_20', 'applicable': True, 'passed': True, 'reason': ''}}",0.46153846153846156,0.0,1.0,1.0,0.23076923076923078,1.0,0.06060606060606061,0.0,0.0,0.5058894157409668,0.23076923076923078,0.6923076923076923,0.0,1.0,0.9230769230769231,1.0,1.0,1.0,0.6923076923076923,0.0,1.0,1.0,1.0,33.0,[],,,,,,,,,,,,,,
med-28da216cd16f,rar_medicine,agentic-tools,13.0,,,,,,,,,,,,,,,,lint,,,,,,,,,,,,,,,,,,,,,,,,,,"{'item_count_7_20': {'name': 'item_count_7_20', 'applicable': True, 'passed': True, 'reason': ''}}",0.6153846153846154,0.0,1.0,1.0,0.23076923076923078,0.0,0.0,0.0,0.0,0.5678669810295105,0.23076923076923078,1.0,0.0,1.0,0.7692307692307693,1.0,1.0,1.0,1.0,0.0,1.0,1.0,1.0,31.0,[],,,,,,,,,,,,,,
med-2b6e00e2fa33,rar_medicine,shipped,10.0,,,,,,,,,,,,,,,,lint,,,,,,,,,,,,,,,,,,,,,,,,,,"{'item_count_7_20': {'name': 'item_count_7_20', 'applicable': True, 'passed': True, 'reason': ''}}",0.9,0.0,1.0,0.0,0.1,0.0,0.0,0.0,0.0,0.4489605724811554,0.1,1.0,0.0,1.0,0.9,1.0,1.0,1.0,1.0,1.0,1.0,1.0,1.0,26.0,[],,,,,,,,,,,,,,
med-2b6e00e2fa33,rar_medicine,baseline,8.0,,,,,,,,,,,,,,,,lint,,,,,,,,,,,,,,,,,,,,,,,,,,"{'item_count_7_20': {'name': 'item_count_7_20', 'applicable': True, 'passed': True, 'reason': ''}}",1.0,1.0,1.0,0.0,0.25,0.0,0.0,1.0,2.0,0.6111090183258057,0.25,1.0,0.0,1.0,1.0,1.0,1.0,1.0,1.0,1.0,1.0,1.0,1.0,11.0,"[{'pitfall_index': 6, 'positive_index': 1, 'similarity': 0.6111090183258057}, {'pitfall_index': 7, 'positive_index': 1, 'similarity': 0.6079725027084351}]",,,,,,,,,,,,,,
med-2b6e00e2fa33,rar_medicine,agentic,11.0,,,,,,,,,,,,,,,,lint,,,,,,,,,,,,,,,,,,,,,,,,,,"{'item_count_7_20': {'name': 'item_count_7_20', 'applicable': True, 'passed': True, 'reason': ''}}",0.7272727272727273,0.0,1.0,1.0,0.18181818181818182,0.0,0.0,0.0,0.0,0.43387264013290405,0.18181818181818182,1.0,0.0,1.0,0.9090909090909091,1.0,1.0,1.0,1.0,0.0,1.0,1.0,1.0,23.0,[],,,,,,,,,,,,,,
med-2b6e00e2fa33,rar_medicine,agentic-tools,6.0,,,,,,,,,,,,,,,,lint,,,,,,,,,,,,,,,,,,,,,,,,,,"{'item_count_7_20': {'name': 'item_count_7_20', 'applicable': True, 'passed': False, 'reason': '6 items'}}",0.6666666666666666,0.0,0.0,1.0,0.16666666666666666,0.0,0.0,0.0,0.0,0.28830859065055847,0.16666666666666666,1.0,0.0,0.0,1.0,1.0,1.0,1.0,1.0,0.0,1.0,0.8333333333333334,1.0,6.0,[],,,,,,,,,,,,,,
med-310a19614101,rar_medicine,shipped,10.0,,,,,,,,,,,,,,,,lint,,,,,,,,,,,,,,,,,,,,,,,,,,"{'item_count_7_20': {'name': 'item_count_7_20', 'applicable': True, 'passed': True, 'reason': ''}}",0.8,0.0,1.0,0.0,0.2,0.0,0.0,0.0,0.0,0.27938729524612427,0.2,1.0,0.0,1.0,0.9,1.0,1.0,1.0,1.0,0.5,1.0,1.0,1.0,21.0,[],,,,,,,,,,,,,,
med-310a19614101,rar_medicine,baseline,10.0,,,,,,,,,,,,,,,,lint,,,,,,,,,,,,,,,,,,,,,,,,,,"{'item_count_7_20': {'name': 'item_count_7_20', 'applicable': True, 'passed': True, 'reason': ''}}",0.8,0.0,1.0,0.0,0.2,0.0,0.0,0.0,0.0,0.4409558176994324,0.2,1.0,0.0,1.0,0.9,1.0,1.0,1.0,1.0,1.0,1.0,0.9,1.0,21.0,[],,,,,,,,,,,,,,
med-310a19614101,rar_medicine,agentic,13.0,,,,,,,,,,,,,,,,lint,,,,,,,,,,,,,,,,,,,,,,,,,,"{'item_count_7_20': {'name': 'item_count_7_20', 'applicable': True, 'passed': True, 'reason': ''}}",0.23076923076923078,0.0,1.0,1.0,0.23076923076923078,1.0,0.3103448275862069,0.0,0.0,0.4856973886489868,0.23076923076923078,0.6923076923076923,0.0,1.0,0.8461538461538461,1.0,1.0,1.0,0.6923076923076923,0.0,1.0,0.6153846153846154,1.0,29.0,[],,,,,,,,,,,,,,
med-310a19614101,rar_medicine,agentic-tools,12.0,,,,,,,,,,,,,,,,lint,,,,,,,,,,,,,,,,,,,,,,,,,,"{'item_count_7_20': {'name': 'item_count_7_20', 'applicable': True, 'passed': True, 'reason': ''}}",0.25,0.0,1.0,1.0,0.25,1.0,0.07407407407407407,1.0,1.0,0.6622689962387085,0.25,0.9166666666666666,0.0,1.0,0.6666666666666666,1.0,1.0,1.0,0.9166666666666666,0.0,1.0,0.6666666666666666,1.0,27.0,"[{'pitfall_index': 10, 'positive_index': 0, 'similarity': 0.6622689962387085}]",,,,,,,,,,,,,,
med-339d1a40dbd7,rar_medicine,shipped,9.0,,,,,,,,,,,,,,,,lint,,,,,,,,,,,,,,,,,,,,,,,,,,"{'item_count_7_20': {'name': 'item_count_7_20', 'applicable': True, 'passed': True, 'reason': ''}}",1.0,1.0,1.0,0.0,0.1111111111111111,0.0,0.0,0.0,0.0,0.5086881518363953,0.1111111111111111,1.0,0.0,1.0,1.0,1.0,1.0,1.0,1.0,1.0,1.0,1.0,1.0,19.0,[],,,,,,,,,,,,,,
med-339d1a40dbd7,rar_medicine,baseline,8.0,,,,,,,,,,,,,,,,lint,,,,,,,,,,,,,,,,,,,,,,,,,,"{'item_count_7_20': {'name': 'item_count_7_20', 'applicable': True, 'passed': True, 'reason': ''}}",0.875,0.0,1.0,0.0,0.25,0.0,0.0,1.0,2.0,0.7913075685501099,0.25,1.0,0.0,1.0,1.0,1.0,1.0,1.0,1.0,1.0,1.0,0.875,1.0,8.0,"[{'pitfall_index': 6, 'positive_index': 0, 'similarity': 0.7913075685501099}, {'pitfall_index': 7, 'positive_index': 0, 'similarity': 0.6980282068252563}]",,,,,,,,,,,,,,
med-339d1a40dbd7,rar_medicine,agentic,12.0,,,,,,,,,,,,,,,,lint,,,,,,,,,,,,,,,,,,,,,,,,,,"{'item_count_7_20': {'name': 'item_count_7_20', 'applicable': True, 'passed': True, 'reason': ''}}",0.5833333333333334,0.0,1.0,1.0,0.16666666666666666,0.0,0.0,0.0,0.0,0.5818776488304138,0.16666666666666666,1.0,0.0,1.0,1.0,1.0,1.0,1.0,1.0,0.0,1.0,0.75,1.0,27.0,[],,,,,,,,,,,,,,
med-339d1a40dbd7,rar_medicine,agentic-tools,9.0,,,,,,,,,,,,,,,,lint,,,,,,,,,,,,,,,,,,,,,,,,,,"{'item_count_7_20': {'name': 'item_count_7_20', 'applicable': True, 'passed': True, 'reason': ''}}",0.6666666666666666,0.0,1.0,1.0,0.2222222222222222,0.0,0.0,0.0,0.0,0.35854658484458923,0.2222222222222222,1.0,0.0,1.0,1.0,1.0,1.0,1.0,1.0,0.0,1.0,0.8888888888888888,1.0,14.0,[],,,,,,,,,,,,,,
med-346fbc60b4f9,rar_medicine,shipped,10.0,,,,,,,,,,,,,,,,lint,,,,,,,,,,,,,,,,,,,,,,,,,,"{'item_count_7_20': {'name': 'item_count_7_20', 'applicable': True, 'passed': True, 'reason': ''}}",1.0,1.0,1.0,0.0,0.1,0.0,0.0,0.0,0.0,0.17595809698104858,0.1,1.0,0.0,1.0,1.0,1.0,1.0,1.0,1.0,1.0,1.0,1.0,1.0,24.0,[],,,,,,,,,,,,,,
med-346fbc60b4f9,rar_medicine,baseline,8.0,,,,,,,,,,,,,,,,lint,,,,,,,,,,,,,,,,,,,,,,,,,,"{'item_count_7_20': {'name': 'item_count_7_20', 'applicable': True, 'passed': True, 'reason': ''}}",1.0,1.0,1.0,0.0,0.125,0.0,0.0,0.0,0.0,0.4207131564617157,0.125,1.0,0.0,1.0,1.0,1.0,1.0,1.0,1.0,1.0,1.0,1.0,1.0,14.0,[],,,,,,,,,,,,,,
med-346fbc60b4f9,rar_medicine,agentic,11.0,,,,,,,,,,,,,,,,lint,,,,,,,,,,,,,,,,,,,,,,,,,,"{'item_count_7_20': {'name': 'item_count_7_20', 'applicable': True, 'passed': True, 'reason': ''}}",0.5454545454545454,0.0,1.0,1.0,0.18181818181818182,0.0,0.0,0.0,0.0,0.5975656509399414,0.18181818181818182,1.0,0.0,1.0,0.9090909090909091,1.0,1.0,1.0,1.0,0.0,1.0,0.7272727272727273,1.0,26.0,[],,,,,,,,,,,,,,
med-346fbc60b4f9,rar_medicine,agentic-tools,10.0,,,,,,,,,,,,,,,,lint,,,,,,,,,,,,,,,,,,,,,,,,,,"{'item_count_7_20': {'name': 'item_count_7_20', 'applicable': True, 'passed': True, 'reason': ''}}",0.7,0.0,1.0,1.0,0.2,0.0,0.0,0.0,0.0,0.5677812099456787,0.2,1.0,0.0,1.0,1.0,1.0,1.0,1.0,1.0,0.0,1.0,0.9,1.0,17.0,[],,,,,,,,,,,,,,
med-39fe6d9a022e,rar_medicine,shipped,10.0,,,,,,,,,,,,,,,,lint,,,,,,,,,,,,,,,,,,,,,,,,,,"{'item_count_7_20': {'name': 'item_count_7_20', 'applicable': True, 'passed': True, 'reason': ''}}",1.0,1.0,1.0,0.0,0.1,0.0,0.0,0.0,0.0,0.18326401710510254,0.1,1.0,0.0,1.0,1.0,1.0,1.0,1.0,1.0,1.0,1.0,1.0,1.0,26.0,[],,,,,,,,,,,,,,
med-39fe6d9a022e,rar_medicine,baseline,8.0,,,,,,,,,,,,,,,,lint,,,,,,,,,,,,,,,,,,,,,,,,,,"{'item_count_7_20': {'name': 'item_count_7_20', 'applicable': True, 'passed': True, 'reason': ''}}",0.875,0.0,1.0,0.0,0.25,0.0,0.0,0.0,0.0,0.41131556034088135,0.25,1.0,0.0,1.0,1.0,1.0,1.0,1.0,1.0,1.0,1.0,0.875,1.0,9.0,[],,,,,,,,,,,,,,
med-39fe6d9a022e,rar_medicine,agentic,12.0,,,,,,,,,,,,,,,,lint,,,,,,,,,,,,,,,,,,,,,,,,,,"{'item_count_7_20': {'name': 'item_count_7_20', 'applicable': True, 'passed': True, 'reason': ''}}",0.5833333333333334,0.0,1.0,1.0,0.25,0.0,0.0,1.0,1.0,0.6050257086753845,0.25,1.0,0.0,1.0,1.0,1.0,1.0,1.0,1.0,0.0,1.0,0.8333333333333334,1.0,20.0,"[{'pitfall_index': 11, 'positive_index': 4, 'similarity': 0.6050257086753845}]",,,,,,,,,,,,,,
med-39fe6d9a022e,rar_medicine,agentic-tools,7.0,,,,,,,,,,,,,,,,lint,,,,,,,,,,,,,,,,,,,,,,,,,,"{'item_count_7_20': {'name': 'item_count_7_20', 'applicable': True, 'passed': True, 'reason': ''}}",0.42857142857142855,0.0,1.0,1.0,0.2857142857142857,0.0,0.0,0.0,0.0,0.503398060798645,0.2857142857142857,1.0,0.0,1.0,1.0,1.0,1.0,1.0,1.0,0.0,1.0,0.7142857142857143,1.0,8.0,[],,,,,,,,,,,,,,
med-3a854c06e788,rar_medicine,shipped,8.0,,,,,,,,,,,,,,,,lint,,,,,,,,,,,,,,,,,,,,,,,,,,"{'item_count_7_20': {'name': 'item_count_7_20', 'applicable': True, 'passed': True, 'reason': ''}}",0.5,0.0,1.0,1.0,0.25,0.0,0.0,0.0,0.0,0.40562963485717773,0.25,1.0,0.125,1.0,1.0,1.0,1.0,1.0,1.0,0.0,1.0,0.75,1.0,11.0,[],,,,,,,,,,,,,,
med-3a854c06e788,rar_medicine,baseline,8.0,,,,,,,,,,,,,,,,lint,,,,,,,,,,,,,,,,,,,,,,,,,,"{'item_count_7_20': {'name': 'item_count_7_20', 'applicable': True, 'passed': True, 'reason': ''}}",0.875,0.0,1.0,0.0,0.25,0.0,0.0,0.0,0.0,0.4069897532463074,0.25,1.0,0.0,1.0,1.0,1.0,1.0,1.0,1.0,1.0,1.0,0.8571428571428571,1.0,11.0,[],,,,,,,,,,,,,,
med-3a854c06e788,rar_medicine,agentic,6.0,,,,,,,,,,,,,,,,lint,,,,,,,,,,,,,,,,,,,,,,,,,,"{'item_count_7_20': {'name': 'item_count_7_20', 'applicable': True, 'passed': False, 'reason': '6 items'}}",0.3333333333333333,0.0,0.0,1.0,0.16666666666666666,0.0,0.0,0.0,0.0,0.5526376962661743,0.16666666666666666,1.0,0.0,0.0,1.0,1.0,1.0,1.0,1.0,0.0,1.0,0.5,1.0,7.0,[],,,,,,,,,,,,,,
med-3a854c06e788,rar_medicine,agentic-tools,5.0,,,,,,,,,,,,,,,,lint,,,,,,,,,,,,,,,,,,,,,,,,,,"{'item_count_7_20': {'name': 'item_count_7_20', 'applicable': True, 'passed': False, 'reason': '5 items'}}",0.6,0.0,0.0,1.0,0.2,0.0,0.0,1.0,1.0,0.6085109710693359,0.2,1.0,0.0,0.0,1.0,1.0,1.0,1.0,1.0,0.0,1.0,0.8,1.0,5.0,"[{'pitfall_index': 4, 'positive_index': 0, 'similarity': 0.6085109710693359}]",,,,,,,,,,,,,,
med-43e518d3d57e,rar_medicine,shipped,8.0,,,,,,,,,,,,,,,,lint,,,,,,,,,,,,,,,,,,,,,,,,,,"{'item_count_7_20': {'name': 'item_count_7_20', 'applicable': True, 'passed': True, 'reason': ''}}",0.375,0.0,1.0,0.0,0.25,0.0,0.0,1.0,1.0,0.868952751159668,0.25,1.0,0.0,1.0,0.875,1.0,1.0,1.0,1.0,1.0,1.0,0.5,1.0,11.0,"[{'pitfall_index': 6, 'positive_index': 0, 'similarity': 0.868952751159668}]",,,,,,,,,,,,,,
med-43e518d3d57e,rar_medicine,baseline,8.0,,,,,,,,,,,,,,,,lint,,,,,,,,,,,,,,,,,,,,,,,,,,"{'item_count_7_20': {'name': 'item_count_7_20', 'applicable': True, 'passed': True, 'reason': ''}}",0.75,0.0,1.0,0.0,0.25,0.0,0.0,0.0,0.0,0.40856459736824036,0.25,1.0,0.0,1.0,1.0,1.0,1.0,1.0,1.0,1.0,1.0,0.75,1.0,11.0,[],,,,,,,,,,,,,,
med-43e518d3d57e,rar_medicine,agentic,11.0,,,,,,,,,,,,,,,,lint,,,,,,,,,,,,,,,,,,,,,,,,,,"{'item_count_7_20': {'name': 'item_count_7_20', 'applicable': True, 'passed': True, 'reason': ''}}",0.6363636363636364,0.0,1.0,1.0,0.18181818181818182,1.0,0.07692307692307693,1.0,2.0,0.7335812449455261,0.18181818181818182,0.9090909090909091,0.0,1.0,1.0,1.0,1.0,1.0,0.9090909090909091,0.0,1.0,0.9090909090909091,1.0,26.0,"[{'pitfall_index': 8, 'positive_index': 1, 'similarity': 0.7335812449455261}, {'pitfall_index': 8, 'positive_index': 2, 'similarity': 0.6554657220840454}]",,,,,,,,,,,,,,
med-43e518d3d57e,rar_medicine,agentic-tools,6.0,,,,,,,,,,,,,,,,lint,,,,,,,,,,,,,,,,,,,,,,,,,,"{'item_count_7_20': {'name': 'item_count_7_20', 'applicable': True, 'passed': False, 'reason': '6 items'}}",0.5,0.0,0.0,1.0,0.16666666666666666,0.0,0.0,0.0,0.0,0.5507863759994507,0.16666666666666666,1.0,0.0,0.0,1.0,1.0,1.0,1.0,1.0,0.0,1.0,0.6666666666666666,1.0,8.0,[],,,,,,,,,,,,,,
med-48491d33ec3d,rar_medicine,shipped,10.0,,,,,,,,,,,,,,,,lint,,,,,,,,,,,,,,,,,,,,,,,,,,"{'item_count_7_20': {'name': 'item_count_7_20', 'applicable': True, 'passed': True, 'reason': ''}}",0.9,0.0,1.0,0.0,0.1,0.0,0.0,0.0,0.0,0.09118662774562836,0.1,1.0,0.0,1.0,1.0,1.0,1.0,1.0,1.0,1.0,1.0,0.9,1.0,23.0,[],,,,,,,,,,,,,,
med-48491d33ec3d,rar_medicine,baseline,7.0,,,,,,,,,,,,,,,,lint,,,,,,,,,,,,,,,,,,,,,,,,,,"{'item_count_7_20': {'name': 'item_count_7_20', 'applicable': True, 'passed': True, 'reason': ''}}",1.0,1.0,1.0,0.0,0.14285714285714285,0.0,0.0,1.0,1.0,0.6189209222793579,0.14285714285714285,1.0,0.0,1.0,1.0,1.0,1.0,1.0,1.0,1.0,1.0,1.0,1.0,11.0,"[{'pitfall_index': 6, 'positive_index': 0, 'similarity': 0.6189209222793579}]",,,,,,,,,,,,,,
med-48491d33ec3d,rar_medicine,agentic,10.0,,,,,,,,,,,,,,,,lint,,,,,,,,,,,,,,,,,,,,,,,,,,"{'item_count_7_20': {'name': 'item_count_7_20', 'applicable': True, 'passed': True, 'reason': ''}}",0.5,0.0,1.0,1.0,0.2,1.0,0.15789473684210525,0.0,0.0,0.4935492277145386,0.2,0.8,0.0,1.0,1.0,1.0,1.0,1.0,0.8,0.0,1.0,0.9,1.0,19.0,[],,,,,,,,,,,,,,
med-48491d33ec3d,rar_medicine,agentic-tools,7.0,,,,,,,,,,,,,,,,lint,,,,,,,,,,,,,,,,,,,,,,,,,,"{'item_count_7_20': {'name': 'item_count_7_20', 'applicable': True, 'passed': True, 'reason': ''}}",0.7142857142857143,0.0,1.0,1.0,0.2857142857142857,0.0,0.0,0.0,0.0,0.3878079056739807,0.2857142857142857,1.0,0.0,1.0,1.0,1.0,1.0,1.0,1.0,0.0,1.0,1.0,1.0,7.0,[],,,,,,,,,,,,,,
med-51d19faca215,rar_medicine,shipped,10.0,,,,,,,,,,,,,,,,lint,,,,,,,,,,,,,,,,,,,,,,,,,,"{'item_count_7_20': {'name': 'item_count_7_20', 'applicable': True, 'passed': True, 'reason': ''}}",0.9,0.0,1.0,0.0,0.1,0.0,0.0,0.0,0.0,0.3184637725353241,0.1,1.0,0.0,1.0,1.0,1.0,1.0,1.0,1.0,1.0,1.0,0.9,1.0,24.0,[],,,,,,,,,,,,,,
med-51d19faca215,rar_medicine,baseline,8.0,,,,,,,,,,,,,,,,lint,,,,,,,,,,,,,,,,,,,,,,,,,,"{'item_count_7_20': {'name': 'item_count_7_20', 'applicable': True, 'passed': True, 'reason': ''}}",0.75,0.0,1.0,0.0,0.125,1.0,0.06666666666666667,1.0,1.0,0.6801789402961731,0.125,0.75,0.0,1.0,1.0,1.0,1.0,1.0,0.75,1.0,1.0,1.0,1.0,15.0,"[{'pitfall_index': 7, 'positive_index': 0, 'similarity': 0.6801789402961731}]",,,,,,,,,,,,,,
med-51d19faca215,rar_medicine,agentic,9.0,,,,,,,,,,,,,,,,lint,,,,,,,,,,,,,,,,,,,,,,,,,,"{'item_count_7_20': {'name': 'item_count_7_20', 'applicable': True, 'passed': True, 'reason': ''}}",0.3333333333333333,0.0,1.0,1.0,0.2222222222222222,0.0,0.0,1.0,1.0,0.6053704023361206,0.2222222222222222,0.8888888888888888,0.0,1.0,0.7777777777777778,1.0,1.0,1.0,0.8888888888888888,0.0,1.0,0.5555555555555556,1.0,11.0,"[{'pitfall_index': 8, 'positive_index': 0, 'similarity': 0.6053704023361206}]",,,,,,,,,,,,,,
med-51d19faca215,rar_medicine,agentic-tools,6.0,,,,,,,,,,,,,,,,lint,,,,,,,,,,,,,,,,,,,,,,,,,,"{'item_count_7_20': {'name': 'item_count_7_20', 'applicable': True, 'passed': False, 'reason': '6 items'}}",0.5,0.0,0.0,1.0,0.0,0.0,0.0,0.0,0.0,0.0,0.0,1.0,0.0,0.0,1.0,1.0,1.0,1.0,1.0,,1.0,0.5,1.0,9.0,[],,,,,,,,,,,,,,
med-533a7b79571a,rar_medicine,shipped,12.0,,,,,,,,,,,,,,,,lint,,,,,,,,,,,,,,,,,,,,,,,,,,"{'item_count_7_20': {'name': 'item_count_7_20', 'applicable': True, 'passed': True, 'reason': ''}}",0.75,0.0,1.0,0.0,0.25,0.0,0.0,1.0,2.0,0.9696550369262695,0.25,1.0,0.08333333333333333,1.0,0.9166666666666666,1.0,1.0,1.0,1.0,0.3333333333333333,1.0,1.0,1.0,24.0,"[{'pitfall_index': 9, 'positive_index': 2, 'similarity': 0.9696550369262695}, {'pitfall_index': 11, 'positive_index': 5, 'similarity': 0.6458459496498108}]",,,,,,,,,,,,,,
med-533a7b79571a,rar_medicine,baseline,9.0,,,,,,,,,,,,,,,,lint,,,,,,,,,,,,,,,,,,,,,,,,,,"{'item_count_7_20': {'name': 'item_count_7_20', 'applicable': True, 'passed': True, 'reason': ''}}",1.0,1.0,1.0,0.0,0.2222222222222222,0.0,0.0,1.0,3.0,0.6987378597259521,0.2222222222222222,1.0,0.0,1.0,1.0,1.0,1.0,1.0,1.0,1.0,1.0,1.0,1.0,16.0,"[{'pitfall_index': 7, 'positive_index': 0, 'similarity': 0.6774768829345703}, {'pitfall_index': 7, 'positive_index': 2, 'similarity': 0.6987378597259521}, {'pitfall_index': 8, 'positive_index': 3, 'similarity': 0.6473079323768616}]",,,,,,,,,,,,,,
med-533a7b79571a,rar_medicine,agentic,12.0,,,,,,,,,,,,,,,,lint,,,,,,,,,,,,,,,,,,,,,,,,,,"{'item_count_7_20': {'name': 'item_count_7_20', 'applicable': True, 'passed': True, 'reason': ''}}",0.5833333333333334,0.0,1.0,1.0,0.25,0.0,0.0,1.0,1.0,0.619840145111084,0.25,1.0,0.0,1.0,1.0,1.0,1.0,1.0,1.0,0.0,1.0,0.8333333333333334,1.0,24.0,"[{'pitfall_index': 9, 'positive_index': 6, 'similarity': 0.619840145111084}]",,,,,,,,,,,,,,
med-533a7b79571a,rar_medicine,agentic-tools,12.0,,,,,,,,,,,,,,,,lint,,,,,,,,,,,,,,,,,,,,,,,,,,"{'item_count_7_20': {'name': 'item_count_7_20', 'applicable': True, 'passed': True, 'reason': ''}}",0.9166666666666666,0.0,1.0,1.0,0.08333333333333333,0.0,0.0,0.0,0.0,0.4028714895248413,0.08333333333333333,1.0,0.0,1.0,1.0,1.0,1.0,1.0,1.0,0.0,1.0,1.0,1.0,38.0,[],,,,,,,,,,,,,,
med-64de5a90cbca,rar_medicine,shipped,10.0,,,,,,,,,,,,,,,,lint,,,,,,,,,,,,,,,,,,,,,,,,,,"{'item_count_7_20': {'name': 'item_count_7_20', 'applicable': True, 'passed': True, 'reason': ''}}",0.9,0.0,1.0,0.0,0.2,0.0,0.0,0.0,0.0,0.3969550132751465,0.2,1.0,0.1,1.0,1.0,1.0,1.0,1.0,1.0,0.5,1.0,1.0,1.0,20.0,[],,,,,,,,,,,,,,
med-64de5a90cbca,rar_medicine,baseline,10.0,,,,,,,,,,,,,,,,lint,,,,,,,,,,,,,,,,,,,,,,,,,,"{'item_count_7_20': {'name': 'item_count_7_20', 'applicable': True, 'passed': True, 'reason': ''}}",0.6,0.0,1.0,0.0,0.2,0.0,0.0,0.0,0.0,0.43709373474121094,0.2,0.6,0.0,1.0,1.0,1.0,1.0,1.0,0.6,1.0,1.0,1.0,1.0,13.0,[],,,,,,,,,,,,,,
med-64de5a90cbca,rar_medicine,agentic,15.0,,,,,,,,,,,,,,,,lint,,,,,,,,,,,,,,,,,,,,,,,,,,"{'item_count_7_20': {'name': 'item_count_7_20', 'applicable': True, 'passed': True, 'reason': ''}}",0.4,0.0,1.0,1.0,0.2,1.0,0.24390243902439024,0.0,0.0,0.4470621943473816,0.2,0.6,0.0,1.0,1.0,1.0,1.0,1.0,0.6,0.0,1.0,1.0,0.9333333333333333,41.0,[],,,,,,,,,,,,,,
med-64de5a90cbca,rar_medicine,agentic-tools,14.0,,,,,,,,,,,,,,,,lint,,,,,,,,,,,,,,,,,,,,,,,,,,"{'item_count_7_20': {'name': 'item_count_7_20', 'applicable': True, 'passed': True, 'reason': ''}}",0.7142857142857143,0.0,1.0,1.0,0.14285714285714285,1.0,0.08888888888888889,0.0,0.0,0.5728732347488403,0.14285714285714285,0.9285714285714286,0.0,1.0,1.0,1.0,1.0,1.0,0.9285714285714286,0.0,1.0,0.9285714285714286,0.9285714285714286,45.0,[],,,,,,,,,,,,,,
med-70fca288ce5a,rar_medicine,shipped,8.0,,,,,,,,,,,,,,,,lint,,,,,,,,,,,,,,,,,,,,,,,,,,"{'item_count_7_20': {'name': 'item_count_7_20', 'applicable': True, 'passed': True, 'reason': ''}}",0.875,0.0,1.0,0.0,0.125,0.0,0.0,0.0,0.0,0.1878879964351654,0.125,1.0,0.0,1.0,1.0,1.0,1.0,1.0,1.0,1.0,1.0,1.0,0.875,16.0,[],,,,,,,,,,,,,,
med-70fca288ce5a,rar_medicine,baseline,11.0,,,,,,,,,,,,,,,,lint,,,,,,,,,,,,,,,,,,,,,,,,,,"{'item_count_7_20': {'name': 'item_count_7_20', 'applicable': True, 'passed': True, 'reason': ''}}",0.8181818181818182,0.0,1.0,0.0,0.2727272727272727,0.0,0.0,0.0,0.0,0.47847864031791687,0.2727272727272727,1.0,0.0,1.0,0.9090909090909091,1.0,1.0,1.0,1.0,1.0,1.0,1.0,0.9090909090909091,19.0,[],,,,,,,,,,,,,,
med-70fca288ce5a,rar_medicine,agentic,8.0,,,,,,,,,,,,,,,,lint,,,,,,,,,,,,,,,,,,,,,,,,,,"{'item_count_7_20': {'name': 'item_count_7_20', 'applicable': True, 'passed': True, 'reason': ''}}",0.375,0.0,1.0,1.0,0.25,1.0,0.1111111111111111,0.0,0.0,0.4270046055316925,0.25,0.875,0.0,1.0,0.875,0.875,1.0,1.0,0.875,0.0,1.0,0.75,1.0,9.0,[],,,,,,,,,,,,,,
med-70fca288ce5a,rar_medicine,agentic-tools,12.0,,,,,,,,,,,,,,,,lint,,,,,,,,,,,,,,,,,,,,,,,,,,"{'item_count_7_20': {'name': 'item_count_7_20', 'applicable': True, 'passed': True, 'reason': ''}}",0.5833333333333334,0.0,1.0,1.0,0.25,1.0,0.041666666666666664,0.0,0.0,0.378505140542984,0.25,0.9166666666666666,0.0,1.0,1.0,0.9166666666666666,1.0,1.0,0.9166666666666666,0.0,1.0,1.0,1.0,24.0,[],,,,,,,,,,,,,,
med-8087bfa21ada,rar_medicine,shipped,9.0,,,,,,,,,,,,,,,,lint,,,,,,,,,,,,,,,,,,,,,,,,,,"{'item_count_7_20': {'name': 'item_count_7_20', 'applicable': True, 'passed': True, 'reason': ''}}",0.8888888888888888,0.0,1.0,0.0,0.1111111111111111,0.0,0.0,0.0,0.0,0.37257125973701477,0.1111111111111111,1.0,0.0,1.0,0.8888888888888888,1.0,1.0,1.0,1.0,1.0,1.0,1.0,1.0,20.0,[],,,,,,,,,,,,,,
med-8087bfa21ada,rar_medicine,baseline,8.0,,,,,,,,,,,,,,,,lint,,,,,,,,,,,,,,,,,,,,,,,,,,"{'item_count_7_20': {'name': 'item_count_7_20', 'applicable': True, 'passed': True, 'reason': ''}}",0.875,0.0,1.0,0.0,0.25,0.0,0.0,1.0,1.0,0.7199192047119141,0.25,1.0,0.0,1.0,1.0,1.0,1.0,1.0,1.0,0.5,1.0,1.0,1.0,11.0,"[{'pitfall_index': 5, 'positive_index': 1, 'similarity': 0.7199192047119141}]",,,,,,,,,,,,,,
med-8087bfa21ada,rar_medicine,agentic,15.0,,,,,,,,,,,,,,,,lint,,,,,,,,,,,,,,,,,,,,,,,,,,"{'item_count_7_20': {'name': 'item_count_7_20', 'applicable': True, 'passed': True, 'reason': ''}}",0.3333333333333333,0.0,1.0,1.0,0.2,1.0,0.1951219512195122,1.0,1.0,0.6614969968795776,0.2,0.6,0.0,1.0,1.0,1.0,1.0,1.0,0.6,0.0,1.0,0.8,1.0,41.0,"[{'pitfall_index': 13, 'positive_index': 7, 'similarity': 0.6614969968795776}]",,,,,,,,,,,,,,
med-8087bfa21ada,rar_medicine,agentic-tools,6.0,,,,,,,,,,,,,,,,lint,,,,,,,,,,,,,,,,,,,,,,,,,,"{'item_count_7_20': {'name': 'item_count_7_20', 'applicable': True, 'passed': False, 'reason': '6 items'}}",0.5,0.0,0.0,1.0,0.16666666666666666,0.0,0.0,1.0,1.0,0.713134229183197,0.16666666666666666,0.6666666666666666,0.0,0.0,1.0,1.0,1.0,1.0,0.6666666666666666,0.0,1.0,1.0,1.0,6.0,"[{'pitfall_index': 5, 'positive_index': 2, 'similarity': 0.713134229183197}]",,,,,,,,,,,,,,
med-9eeced93c38b,rar_medicine,shipped,10.0,,,,,,,,,,,,,,,,lint,,,,,,,,,,,,,,,,,,,,,,,,,,"{'item_count_7_20': {'name': 'item_count_7_20', 'applicable': True, 'passed': True, 'reason': ''}}",0.7,0.0,1.0,0.0,0.1,0.0,0.0,1.0,1.0,0.6094438433647156,0.1,1.0,0.0,1.0,0.9,1.0,1.0,1.0,1.0,1.0,1.0,0.8,1.0,26.0,"[{'pitfall_index': 8, 'positive_index': 0, 'similarity': 0.6094438433647156}]",,,,,,,,,,,,,,
med-9eeced93c38b,rar_medicine,baseline,7.0,,,,,,,,,,,,,,,,lint,,,,,,,,,,,,,,,,,,,,,,,,,,"{'item_count_7_20': {'name': 'item_count_7_20', 'applicable': True, 'passed': True, 'reason': ''}}",0.7142857142857143,0.0,1.0,0.0,0.2857142857142857,0.0,0.0,1.0,1.0,0.63373202085495,0.2857142857142857,1.0,0.0,1.0,1.0,1.0,1.0,1.0,1.0,0.5,1.0,0.8571428571428571,1.0,8.0,"[{'pitfall_index': 5, 'positive_index': 1, 'similarity': 0.63373202085495}]",,,,,,,,,,,,,,
med-9eeced93c38b,rar_medicine,agentic,8.0,,,,,,,,,,,,,,,,lint,,,,,,,,,,,,,,,,,,,,,,,,,,"{'item_count_7_20': {'name': 'item_count_7_20', 'applicable': True, 'passed': True, 'reason': ''}}",0.5,0.0,1.0,1.0,0.25,0.0,0.0,0.0,0.0,0.3548583686351776,0.25,0.875,0.0,1.0,1.0,1.0,1.0,1.0,0.875,0.0,1.0,0.875,1.0,9.0,[],,,,,,,,,,,,,,
med-9eeced93c38b,rar_medicine,agentic-tools,6.0,,,,,,,,,,,,,,,,lint,,,,,,,,,,,,,,,,,,,,,,,,,,"{'item_count_7_20': {'name': 'item_count_7_20', 'applicable': True, 'passed': False, 'reason': '6 items'}}",0.6666666666666666,0.0,0.0,1.0,0.16666666666666666,1.0,0.25,0.0,0.0,0.4678371846675873,0.16666666666666666,0.8333333333333334,0.0,0.0,1.0,1.0,1.0,1.0,0.8333333333333334,0.0,1.0,1.0,1.0,4.0,[],,,,,,,,,,,,,,
med-a05b680eb6c1,rar_medicine,shipped,10.0,,,,,,,,,,,,,,,,lint,,,,,,,,,,,,,,,,,,,,,,,,,,"{'item_count_7_20': {'name': 'item_count_7_20', 'applicable': True, 'passed': True, 'reason': ''}}",0.7,0.0,1.0,0.0,0.2,0.0,0.0,1.0,1.0,0.8550847768783569,0.2,1.0,0.0,1.0,1.0,1.0,1.0,1.0,1.0,1.0,1.0,0.7,1.0,19.0,"[{'pitfall_index': 9, 'positive_index': 1, 'similarity': 0.8550847768783569}]",,,,,,,,,,,,,,
med-a05b680eb6c1,rar_medicine,baseline,9.0,,,,,,,,,,,,,,,,lint,,,,,,,,,,,,,,,,,,,,,,,,,,"{'item_count_7_20': {'name': 'item_count_7_20', 'applicable': True, 'passed': True, 'reason': ''}}",0.8888888888888888,0.0,1.0,0.0,0.1111111111111111,0.0,0.0,0.0,0.0,0.24876590073108673,0.1111111111111111,1.0,0.0,1.0,1.0,1.0,1.0,1.0,1.0,1.0,1.0,0.8888888888888888,1.0,21.0,[],,,,,,,,,,,,,,
med-a05b680eb6c1,rar_medicine,agentic,15.0,,,,,,,,,,,,,,,,lint,,,,,,,,,,,,,,,,,,,,,,,,,,"{'item_count_7_20': {'name': 'item_count_7_20', 'applicable': True, 'passed': True, 'reason': ''}}",0.26666666666666666,0.0,1.0,1.0,0.2,0.0,0.0,1.0,1.0,0.6633609533309937,0.2,0.6,0.0,1.0,1.0,1.0,1.0,1.0,0.6,0.0,1.0,0.7333333333333333,1.0,21.0,"[{'pitfall_index': 13, 'positive_index': 0, 'similarity': 0.6633609533309937}]",,,,,,,,,,,,,,
med-a05b680eb6c1,rar_medicine,agentic-tools,16.0,,,,,,,,,,,,,,,,lint,,,,,,,,,,,,,,,,,,,,,,,,,,"{'item_count_7_20': {'name': 'item_count_7_20', 'applicable': True, 'passed': True, 'reason': ''}}",0.5,0.0,1.0,1.0,0.125,0.0,0.0,0.0,0.0,0.465302050113678,0.125,0.75,0.0,1.0,1.0,1.0,1.0,1.0,0.75,0.0,1.0,0.6875,0.875,35.0,[],,,,,,,,,,,,,,
med-b21da7abe861,rar_medicine,shipped,10.0,,,,,,,,,,,,,,,,lint,,,,,,,,,,,,,,,,,,,,,,,,,,"{'item_count_7_20': {'name': 'item_count_7_20', 'applicable': True, 'passed': True, 'reason': ''}}",0.9,0.0,1.0,0.0,0.1,0.0,0.0,0.0,0.0,0.18538370728492737,0.1,1.0,0.0,1.0,1.0,1.0,1.0,1.0,1.0,0.0,1.0,1.0,1.0,26.0,[],,,,,,,,,,,,,,
med-b21da7abe861,rar_medicine,baseline,8.0,,,,,,,,,,,,,,,,lint,,,,,,,,,,,,,,,,,,,,,,,,,,"{'item_count_7_20': {'name': 'item_count_7_20', 'applicable': True, 'passed': True, 'reason': ''}}",0.875,0.0,1.0,0.0,0.25,0.0,0.0,1.0,1.0,0.6303660869598389,0.25,1.0,0.0,1.0,1.0,1.0,1.0,1.0,1.0,1.0,1.0,0.875,1.0,11.0,"[{'pitfall_index': 7, 'positive_index': 0, 'similarity': 0.6303660869598389}]",,,,,,,,,,,,,,
med-b21da7abe861,rar_medicine,agentic,11.0,,,,,,,,,,,,,,,,lint,,,,,,,,,,,,,,,,,,,,,,,,,,"{'item_count_7_20': {'name': 'item_count_7_20', 'applicable': True, 'passed': True, 'reason': ''}}",0.45454545454545453,0.0,1.0,1.0,0.18181818181818182,1.0,0.1,1.0,1.0,0.6730726957321167,0.18181818181818182,0.9090909090909091,0.0,1.0,0.7272727272727273,1.0,1.0,1.0,0.9090909090909091,0.0,1.0,0.8181818181818182,1.0,20.0,"[{'pitfall_index': 9, 'positive_index': 0, 'similarity': 0.6730726957321167}]",,,,,,,,,,,,,,
med-b21da7abe861,rar_medicine,agentic-tools,10.0,,,,,,,,,,,,,,,,lint,,,,,,,,,,,,,,,,,,,,,,,,,,"{'item_count_7_20': {'name': 'item_count_7_20', 'applicable': True, 'passed': True, 'reason': ''}}",0.4,0.0,1.0,1.0,0.1,0.0,0.0,0.0,0.0,0.3513139486312866,0.1,1.0,0.0,1.0,0.4,1.0,1.0,1.0,1.0,0.0,1.0,1.0,1.0,24.0,[],,,,,,,,,,,,,,
med-b78dbf37f022,rar_medicine,shipped,7.0,,,,,,,,,,,,,,,,lint,,,,,,,,,,,,,,,,,,,,,,,,,,"{'item_count_7_20': {'name': 'item_count_7_20', 'applicable': True, 'passed': True, 'reason': ''}}",1.0,1.0,1.0,0.0,0.14285714285714285,0.0,0.0,0.0,0.0,0.28412163257598877,0.14285714285714285,1.0,0.0,1.0,1.0,1.0,1.0,1.0,1.0,1.0,1.0,1.0,1.0,11.0,[],,,,,,,,,,,,,,
med-b78dbf37f022,rar_medicine,baseline,6.0,,,,,,,,,,,,,,,,lint,,,,,,,,,,,,,,,,,,,,,,,,,,"{'item_count_7_20': {'name': 'item_count_7_20', 'applicable': True, 'passed': False, 'reason': '6 items'}}",0.5,0.0,0.0,0.0,0.16666666666666666,0.0,0.0,0.0,0.0,0.5293310880661011,0.16666666666666666,1.0,0.0,0.0,1.0,1.0,1.0,1.0,1.0,1.0,1.0,0.6666666666666666,0.8333333333333334,8.0,[],,,,,,,,,,,,,,
med-b78dbf37f022,rar_medicine,agentic,14.0,,,,,,,,,,,,,,,,lint,,,,,,,,,,,,,,,,,,,,,,,,,,"{'item_count_7_20': {'name': 'item_count_7_20', 'applicable': True, 'passed': True, 'reason': ''}}",0.42857142857142855,0.0,1.0,1.0,0.21428571428571427,1.0,0.1,1.0,2.0,0.8660018444061279,0.21428571428571427,0.8571428571428571,0.0,1.0,1.0,1.0,1.0,1.0,0.8571428571428571,0.0,1.0,0.7857142857142857,1.0,40.0,"[{'pitfall_index': 10, 'positive_index': 0, 'similarity': 0.6049624681472778}, {'pitfall_index': 11, 'positive_index': 1, 'similarity': 0.8660018444061279}]",,,,,,,,,,,,,,
med-b78dbf37f022,rar_medicine,agentic-tools,15.0,,,,,,,,,,,,,,,,lint,,,,,,,,,,,,,,,,,,,,,,,,,,"{'item_count_7_20': {'name': 'item_count_7_20', 'applicable': True, 'passed': True, 'reason': ''}}",0.6666666666666666,0.0,1.0,1.0,0.2,0.0,0.0,1.0,1.0,0.7049959301948547,0.2,1.0,0.0,1.0,1.0,1.0,1.0,1.0,1.0,0.0,1.0,0.8666666666666667,1.0,41.0,"[{'pitfall_index': 11, 'positive_index': 1, 'similarity': 0.7049959301948547}]",,,,,,,,,,,,,,
med-b89d3eed861e,rar_medicine,shipped,14.0,,,,,,,,,,,,,,,,lint,,,,,,,,,,,,,,,,,,,,,,,,,,"{'item_count_7_20': {'name': 'item_count_7_20', 'applicable': True, 'passed': True, 'reason': ''}}",0.9285714285714286,0.0,1.0,0.0,0.07142857142857142,0.0,0.0,0.0,0.0,0.3961796164512634,0.07142857142857142,1.0,0.0,1.0,0.9285714285714286,1.0,1.0,1.0,1.0,1.0,1.0,1.0,1.0,40.0,[],,,,,,,,,,,,,,
med-b89d3eed861e,rar_medicine,baseline,13.0,,,,,,,,,,,,,,,,lint,,,,,,,,,,,,,,,,,,,,,,,,,,"{'item_count_7_20': {'name': 'item_count_7_20', 'applicable': True, 'passed': True, 'reason': ''}}",0.8461538461538461,0.0,1.0,0.0,0.15384615384615385,1.0,0.3076923076923077,0.0,0.0,0.5821597576141357,0.15384615384615385,0.9230769230769231,0.0,1.0,0.9230769230769231,1.0,1.0,1.0,0.9230769230769231,1.0,1.0,0.9230769230769231,1.0,26.0,[],,,,,,,,,,,,,,
med-b89d3eed861e,rar_medicine,agentic,8.0,,,,,,,,,,,,,,,,lint,,,,,,,,,,,,,,,,,,,,,,,,,,"{'item_count_7_20': {'name': 'item_count_7_20', 'applicable': True, 'passed': True, 'reason': ''}}",0.375,0.0,1.0,1.0,0.125,1.0,0.2,0.0,0.0,0.5721001029014587,0.125,0.625,0.0,1.0,1.0,1.0,1.0,1.0,0.625,0.0,1.0,0.875,1.0,10.0,[],,,,,,,,,,,,,,
med-b89d3eed861e,rar_medicine,agentic-tools,8.0,,,,,,,,,,,,,,,,lint,,,,,,,,,,,,,,,,,,,,,,,,,,"{'item_count_7_20': {'name': 'item_count_7_20', 'applicable': True, 'passed': True, 'reason': ''}}",0.625,0.0,1.0,1.0,0.125,1.0,0.06666666666666667,1.0,1.0,0.7024749517440796,0.125,0.875,0.0,1.0,1.0,1.0,1.0,1.0,0.875,0.0,1.0,0.875,1.0,15.0,"[{'pitfall_index': 7, 'positive_index': 4, 'similarity': 0.7024749517440796}]",,,,,,,,,,,,,,
med-c18f142a5a38,rar_medicine,shipped,10.0,,,,,,,,,,,,,,,,lint,,,,,,,,,,,,,,,,,,,,,,,,,,"{'item_count_7_20': {'name': 'item_count_7_20', 'applicable': True, 'passed': True, 'reason': ''}}",1.0,1.0,1.0,0.0,0.2,0.0,0.0,0.0,0.0,0.32797497510910034,0.2,1.0,0.0,1.0,1.0,1.0,1.0,1.0,1.0,1.0,1.0,1.0,1.0,21.0,[],,,,,,,,,,,,,,
med-c18f142a5a38,rar_medicine,baseline,8.0,,,,,,,,,,,,,,,,lint,,,,,,,,,,,,,,,,,,,,,,,,,,"{'item_count_7_20': {'name': 'item_count_7_20', 'applicable': True, 'passed': True, 'reason': ''}}",1.0,1.0,1.0,0.0,0.25,0.0,0.0,0.0,0.0,0.335652619600296,0.25,1.0,0.0,1.0,1.0,1.0,1.0,1.0,1.0,1.0,1.0,1.0,1.0,11.0,[],,,,,,,,,,,,,,
med-c18f142a5a38,rar_medicine,agentic,6.0,,,,,,,,,,,,,,,,lint,,,,,,,,,,,,,,,,,,,,,,,,,,"{'item_count_7_20': {'name': 'item_count_7_20', 'applicable': True, 'passed': False, 'reason': '6 items'}}",0.3333333333333333,0.0,0.0,1.0,0.5,0.0,0.0,0.0,0.0,0.21964196860790253,0.5,0.8333333333333334,0.0,0.0,1.0,1.0,1.0,1.0,0.8333333333333334,0.0,1.0,1.0,1.0,2.0,[],,,,,,,,,,,,,,
med-c18f142a5a38,rar_medicine,agentic-tools,6.0,,,,,,,,,,,,,,,,lint,,,,,,,,,,,,,,,,,,,,,,,,,,"{'item_count_7_20': {'name': 'item_count_7_20', 'applicable': True, 'passed': False, 'reason': '6 items'}}",0.6666666666666666,0.0,0.0,1.0,0.3333333333333333,0.0,0.0,0.0,0.0,0.38509249687194824,0.3333333333333333,1.0,0.0,0.0,1.0,1.0,1.0,1.0,1.0,0.0,1.0,1.0,1.0,5.0,[],,,,,,,,,,,,,,
med-c284c536782e,rar_medicine,shipped,8.0,,,,,,,,,,,,,,,,lint,,,,,,,,,,,,,,,,,,,,,,,,,,"{'item_count_7_20': {'name': 'item_count_7_20', 'applicable': True, 'passed': True, 'reason': ''}}",0.75,0.0,1.0,0.0,0.125,0.0,0.0,0.0,0.0,0.5894799828529358,0.125,1.0,0.0,1.0,0.75,1.0,1.0,1.0,1.0,1.0,1.0,1.0,1.0,15.0,[],,,,,,,,,,,,,,
med-c284c536782e,rar_medicine,baseline,7.0,,,,,,,,,,,,,,,,lint,,,,,,,,,,,,,,,,,,,,,,,,,,"{'item_count_7_20': {'name': 'item_count_7_20', 'applicable': True, 'passed': True, 'reason': ''}}",0.7142857142857143,0.0,1.0,0.0,0.2857142857142857,0.0,0.0,0.0,0.0,0.5405571460723877,0.2857142857142857,1.0,0.0,1.0,0.8571428571428571,1.0,1.0,1.0,1.0,0.5,1.0,1.0,1.0,8.0,[],,,,,,,,,,,,,,
med-c284c536782e,rar_medicine,agentic,6.0,,,,,,,,,,,,,,,,lint,,,,,,,,,,,,,,,,,,,,,,,,,,"{'item_count_7_20': {'name': 'item_count_7_20', 'applicable': True, 'passed': False, 'reason': '6 items'}}",0.3333333333333333,0.0,0.0,1.0,0.16666666666666666,0.0,0.0,1.0,1.0,0.7570540904998779,0.16666666666666666,0.8333333333333334,0.0,0.0,0.8333333333333334,1.0,1.0,1.0,0.8333333333333334,0.0,1.0,0.6666666666666666,1.0,6.0,"[{'pitfall_index': 5, 'positive_index': 0, 'similarity': 0.7570540904998779}]",,,,,,,,,,,,,,
med-c284c536782e,rar_medicine,agentic-tools,6.0,,,,,,,,,,,,,,,,lint,,,,,,,,,,,,,,,,,,,,,,,,,,"{'item_count_7_20': {'name': 'item_count_7_20', 'applicable': True, 'passed': False, 'reason': '6 items'}}",0.3333333333333333,0.0,0.0,1.0,0.16666666666666666,1.0,0.5,1.0,1.0,0.707770586013794,0.16666666666666666,0.8333333333333334,0.0,0.0,1.0,1.0,1.0,1.0,0.8333333333333334,0.0,1.0,0.6666666666666666,1.0,6.0,"[{'pitfall_index': 4, 'positive_index': 0, 'similarity': 0.707770586013794}]",,,,,,,,,,,,,,
med-c55945849375,rar_medicine,shipped,10.0,,,,,,,,,,,,,,,,lint,,,,,,,,,,,,,,,,,,,,,,,,,,"{'item_count_7_20': {'name': 'item_count_7_20', 'applicable': True, 'passed': True, 'reason': ''}}",1.0,1.0,1.0,0.0,0.1,0.0,0.0,0.0,0.0,0.43452024459838867,0.1,1.0,0.0,1.0,1.0,1.0,1.0,1.0,1.0,1.0,1.0,1.0,1.0,27.0,[],,,,,,,,,,,,,,
med-c55945849375,rar_medicine,baseline,10.0,,,,,,,,,,,,,,,,lint,,,,,,,,,,,,,,,,,,,,,,,,,,"{'item_count_7_20': {'name': 'item_count_7_20', 'applicable': True, 'passed': True, 'reason': ''}}",0.8,0.0,1.0,0.0,0.2,0.0,0.0,0.0,0.0,0.5483849048614502,0.2,1.0,0.0,1.0,1.0,1.0,1.0,1.0,1.0,1.0,1.0,0.8,1.0,19.0,[],,,,,,,,,,,,,,
med-c55945849375,rar_medicine,agentic,14.0,,,,,,,,,,,,,,,,lint,,,,,,,,,,,,,,,,,,,,,,,,,,"{'item_count_7_20': {'name': 'item_count_7_20', 'applicable': True, 'passed': True, 'reason': ''}}",0.2857142857142857,0.0,1.0,1.0,0.21428571428571427,1.0,0.2857142857142857,0.0,0.0,0.47987034916877747,0.21428571428571427,0.7142857142857143,0.0,1.0,1.0,1.0,1.0,1.0,0.7142857142857143,0.0,1.0,0.6428571428571429,1.0,35.0,[],,,,,,,,,,,,,,
med-c55945849375,rar_medicine,agentic-tools,8.0,,,,,,,,,,,,,,,,lint,,,,,,,,,,,,,,,,,,,,,,,,,,"{'item_count_7_20': {'name': 'item_count_7_20', 'applicable': True, 'passed': True, 'reason': ''}}",0.875,0.0,1.0,1.0,0.0,0.0,0.0,0.0,0.0,0.0,0.0,0.875,0.0,1.0,1.0,1.0,1.0,1.0,0.875,,1.0,1.0,1.0,17.0,[],,,,,,,,,,,,,,
med-c5613cc475ed,rar_medicine,shipped,12.0,,,,,,,,,,,,,,,,lint,,,,,,,,,,,,,,,,,,,,,,,,,,"{'item_count_7_20': {'name': 'item_count_7_20', 'applicable': True, 'passed': True, 'reason': ''}}",0.8333333333333334,0.0,1.0,0.0,0.08333333333333333,0.0,0.0,0.0,0.0,0.24631014466285706,0.08333333333333333,1.0,0.0,1.0,0.9166666666666666,1.0,1.0,1.0,1.0,1.0,1.0,0.9166666666666666,1.0,40.0,[],,,,,,,,,,,,,,
med-c5613cc475ed,rar_medicine,baseline,12.0,,,,,,,,,,,,,,,,lint,,,,,,,,,,,,,,,,,,,,,,,,,,"{'item_count_7_20': {'name': 'item_count_7_20', 'applicable': True, 'passed': True, 'reason': ''}}",0.75,0.0,1.0,0.0,0.16666666666666666,0.0,0.0,0.0,0.0,0.5092687606811523,0.16666666666666666,0.8333333333333334,0.0,1.0,1.0,1.0,1.0,1.0,0.8333333333333334,1.0,1.0,0.8333333333333334,1.0,31.0,[],,,,,,,,,,,,,,
med-c5613cc475ed,rar_medicine,agentic,7.0,,,,,,,,,,,,,,,,lint,,,,,,,,,,,,,,,,,,,,,,,,,,"{'item_count_7_20': {'name': 'item_count_7_20', 'applicable': True, 'passed': True, 'reason': ''}}",0.0,0.0,1.0,1.0,0.14285714285714285,0.0,0.0,0.0,0.0,0.5311019420623779,0.14285714285714285,0.42857142857142855,0.0,1.0,0.5714285714285714,1.0,1.0,1.0,0.42857142857142855,0.0,1.0,0.8571428571428571,1.0,8.0,[],,,,,,,,,,,,,,
med-c5613cc475ed,rar_medicine,agentic-tools,7.0,,,,,,,,,,,,,,,,lint,,,,,,,,,,,,,,,,,,,,,,,,,,"{'item_count_7_20': {'name': 'item_count_7_20', 'applicable': True, 'passed': True, 'reason': ''}}",0.8571428571428571,0.0,1.0,1.0,0.0,1.0,0.06666666666666667,0.0,0.0,0.0,0.0,0.8571428571428571,0.0,1.0,1.0,1.0,1.0,1.0,0.8571428571428571,,1.0,1.0,1.0,15.0,[],,,,,,,,,,,,,,
med-cbdf1f80d3c5,rar_medicine,shipped,7.0,,,,,,,,,,,,,,,,lint,,,,,,,,,,,,,,,,,,,,,,,,,,"{'item_count_7_20': {'name': 'item_count_7_20', 'applicable': True, 'passed': True, 'reason': ''}}",0.8571428571428571,0.0,1.0,0.0,0.14285714285714285,0.0,0.0,0.0,0.0,0.49363505840301514,0.14285714285714285,1.0,0.0,1.0,0.8571428571428571,1.0,1.0,1.0,1.0,1.0,1.0,1.0,1.0,11.0,[],,,,,,,,,,,,,,
med-cbdf1f80d3c5,rar_medicine,baseline,7.0,,,,,,,,,,,,,,,,lint,,,,,,,,,,,,,,,,,,,,,,,,,,"{'item_count_7_20': {'name': 'item_count_7_20', 'applicable': True, 'passed': True, 'reason': ''}}",1.0,1.0,1.0,0.0,0.2857142857142857,0.0,0.0,1.0,1.0,0.6843340396881104,0.2857142857142857,1.0,0.0,1.0,1.0,1.0,1.0,1.0,1.0,1.0,1.0,1.0,1.0,7.0,"[{'pitfall_index': 6, 'positive_index': 1, 'similarity': 0.6843340396881104}]",,,,,,,,,,,,,,
med-cbdf1f80d3c5,rar_medicine,agentic,9.0,,,,,,,,,,,,,,,,lint,,,,,,,,,,,,,,,,,,,,,,,,,,"{'item_count_7_20': {'name': 'item_count_7_20', 'applicable': True, 'passed': True, 'reason': ''}}",0.6666666666666666,0.0,1.0,1.0,0.2222222222222222,0.0,0.0,0.0,0.0,0.5536367893218994,0.2222222222222222,1.0,0.0,1.0,1.0,1.0,1.0,1.0,1.0,0.0,1.0,0.8888888888888888,0.8888888888888888,16.0,[],,,,,,,,,,,,,,
med-cbdf1f80d3c5,rar_medicine,agentic-tools,9.0,,,,,,,,,,,,,,,,lint,,,,,,,,,,,,,,,,,,,,,,,,,,"{'item_count_7_20': {'name': 'item_count_7_20', 'applicable': True, 'passed': True, 'reason': ''}}",0.4444444444444444,0.0,1.0,1.0,0.0,1.0,0.13333333333333333,0.0,0.0,0.0,0.0,0.7777777777777778,0.0,1.0,1.0,1.0,1.0,1.0,0.7777777777777778,,1.0,0.6666666666666666,1.0,15.0,[],,,,,,,,,,,,,,
med-cbe76ed81c5b,rar_medicine,shipped,9.0,,,,,,,,,,,,,,,,lint,,,,,,,,,,,,,,,,,,,,,,,,,,"{'item_count_7_20': {'name': 'item_count_7_20', 'applicable': True, 'passed': True, 'reason': ''}}",0.5555555555555556,0.0,1.0,1.0,0.2222222222222222,0.0,0.0,0.0,0.0,0.3511587977409363,0.2222222222222222,1.0,0.2222222222222222,1.0,1.0,1.0,1.0,1.0,1.0,0.0,1.0,0.7777777777777778,1.0,14.0,[],,,,,,,,,,,,,,
med-cbe76ed81c5b,rar_medicine,baseline,9.0,,,,,,,,,,,,,,,,lint,,,,,,,,,,,,,,,,,,,,,,,,,,"{'item_count_7_20': {'name': 'item_count_7_20', 'applicable': True, 'passed': True, 'reason': ''}}",0.8888888888888888,0.0,1.0,0.0,0.2222222222222222,0.0,0.0,0.0,0.0,0.44211775064468384,0.2222222222222222,1.0,0.0,1.0,1.0,1.0,1.0,1.0,1.0,0.5,1.0,1.0,1.0,16.0,[],,,,,,,,,,,,,,
med-cbe76ed81c5b,rar_medicine,agentic,9.0,,,,,,,,,,,,,,,,lint,,,,,,,,,,,,,,,,,,,,,,,,,,"{'item_count_7_20': {'name': 'item_count_7_20', 'applicable': True, 'passed': True, 'reason': ''}}",0.4444444444444444,0.0,1.0,1.0,0.2222222222222222,1.0,0.0625,0.0,0.0,0.40553176403045654,0.2222222222222222,0.8888888888888888,0.0,1.0,0.8888888888888888,1.0,1.0,1.0,0.8888888888888888,0.0,1.0,0.8888888888888888,1.0,16.0,[],,,,,,,,,,,,,,
med-cbe76ed81c5b,rar_medicine,agentic-tools,6.0,,,,,,,,,,,,,,,,lint,,,,,,,,,,,,,,,,,,,,,,,,,,"{'item_count_7_20': {'name': 'item_count_7_20', 'applicable': True, 'passed': False, 'reason': '6 items'}}",0.16666666666666666,0.0,0.0,1.0,0.6666666666666666,0.0,,0.0,0.0,0.5942972302436829,0.6666666666666666,0.8333333333333334,0.0,0.0,1.0,1.0,1.0,1.0,0.8333333333333334,0.0,1.0,1.0,1.0,0.0,[],,,,,,,,,,,,,,
med-cc0494519c68,rar_medicine,shipped,10.0,,,,,,,,,,,,,,,,lint,,,,,,,,,,,,,,,,,,,,,,,,,,"{'item_count_7_20': {'name': 'item_count_7_20', 'applicable': True, 'passed': True, 'reason': ''}}",0.7,0.0,1.0,0.0,0.1,0.0,0.0,1.0,1.0,0.6273770332336426,0.1,1.0,0.0,1.0,1.0,1.0,1.0,1.0,1.0,1.0,1.0,0.7,1.0,24.0,"[{'pitfall_index': 8, 'positive_index': 0, 'similarity': 0.6273770332336426}]",,,,,,,,,,,,,,
med-cc0494519c68,rar_medicine,baseline,10.0,,,,,,,,,,,,,,,,lint,,,,,,,,,,,,,,,,,,,,,,,,,,"{'item_count_7_20': {'name': 'item_count_7_20', 'applicable': True, 'passed': True, 'reason': ''}}",1.0,1.0,1.0,0.0,0.2,0.0,0.0,0.0,0.0,0.5505003929138184,0.2,1.0,0.0,1.0,1.0,1.0,1.0,1.0,1.0,1.0,1.0,1.0,1.0,20.0,[],,,,,,,,,,,,,,
med-cc0494519c68,rar_medicine,agentic,11.0,,,,,,,,,,,,,,,,lint,,,,,,,,,,,,,,,,,,,,,,,,,,"{'item_count_7_20': {'name': 'item_count_7_20', 'applicable': True, 'passed': True, 'reason': ''}}",0.6363636363636364,0.0,1.0,1.0,0.18181818181818182,0.0,0.0,1.0,2.0,0.6234633922576904,0.18181818181818182,1.0,0.0,1.0,0.7272727272727273,1.0,1.0,1.0,1.0,0.0,1.0,0.8181818181818182,1.0,24.0,"[{'pitfall_index': 9, 'positive_index': 2, 'similarity': 0.6049125790596008}, {'pitfall_index': 9, 'positive_index': 3, 'similarity': 0.6234633922576904}]",,,,,,,,,,,,,,
med-cc0494519c68,rar_medicine,agentic-tools,11.0,,,,,,,,,,,,,,,,lint,,,,,,,,,,,,,,,,,,,,,,,,,,"{'item_count_7_20': {'name': 'item_count_7_20', 'applicable': True, 'passed': True, 'reason': ''}}",0.5454545454545454,0.0,1.0,1.0,0.2727272727272727,1.0,0.10526315789473684,0.0,0.0,0.39605817198753357,0.2727272727272727,0.9090909090909091,0.0,1.0,0.9090909090909091,1.0,1.0,1.0,0.9090909090909091,0.0,1.0,0.9090909090909091,1.0,19.0,[],,,,,,,,,,,,,,
med-d078d9e5c01b,rar_medicine,shipped,7.0,,,,,,,,,,,,,,,,lint,,,,,,,,,,,,,,,,,,,,,,,,,,"{'item_count_7_20': {'name': 'item_count_7_20', 'applicable': True, 'passed': True, 'reason': ''}}",0.7142857142857143,0.0,1.0,0.0,0.14285714285714285,0.0,0.0,0.0,0.0,0.5284783244132996,0.14285714285714285,1.0,0.0,1.0,0.8571428571428571,1.0,1.0,1.0,1.0,1.0,1.0,0.8571428571428571,1.0,12.0,[],,,,,,,,,,,,,,
med-d078d9e5c01b,rar_medicine,baseline,6.0,,,,,,,,,,,,,,,,lint,,,,,,,,,,,,,,,,,,,,,,,,,,"{'item_count_7_20': {'name': 'item_count_7_20', 'applicable': True, 'passed': False, 'reason': '6 items'}}",1.0,0.0,0.0,0.0,0.16666666666666666,0.0,0.0,0.0,0.0,0.2034984529018402,0.16666666666666666,1.0,0.0,0.0,1.0,1.0,1.0,1.0,1.0,1.0,1.0,1.0,1.0,8.0,[],,,,,,,,,,,,,,
med-d078d9e5c01b,rar_medicine,agentic,6.0,,,,,,,,,,,,,,,,lint,,,,,,,,,,,,,,,,,,,,,,,,,,"{'item_count_7_20': {'name': 'item_count_7_20', 'applicable': True, 'passed': False, 'reason': '6 items'}}",0.5,0.0,0.0,1.0,0.16666666666666666,0.0,0.0,0.0,0.0,0.5881695747375488,0.16666666666666666,0.6666666666666666,0.0,0.0,1.0,1.0,1.0,1.0,0.6666666666666666,0.0,1.0,1.0,1.0,6.0,[],,,,,,,,,,,,,,
med-d078d9e5c01b,rar_medicine,agentic-tools,4.0,,,,,,,,,,,,,,,,lint,,,,,,,,,,,,,,,,,,,,,,,,,,"{'item_count_7_20': {'name': 'item_count_7_20', 'applicable': True, 'passed': False, 'reason': '4 items'}}",0.5,0.0,0.0,1.0,0.25,1.0,0.3333333333333333,1.0,1.0,0.7034335732460022,0.25,0.75,0.0,0.0,1.0,1.0,1.0,1.0,0.75,0.0,1.0,1.0,1.0,3.0,"[{'pitfall_index': 3, 'positive_index': 2, 'similarity': 0.7034335732460022}]",,,,,,,,,,,,,,
med-deb27cd3a8f9,rar_medicine,shipped,8.0,,,,,,,,,,,,,,,,lint,,,,,,,,,,,,,,,,,,,,,,,,,,"{'item_count_7_20': {'name': 'item_count_7_20', 'applicable': True, 'passed': True, 'reason': ''}}",0.875,0.0,1.0,0.0,0.125,0.0,0.0,0.0,0.0,0.49646010994911194,0.125,1.0,0.0,1.0,0.875,1.0,1.0,1.0,1.0,1.0,1.0,1.0,1.0,16.0,[],,,,,,,,,,,,,,
med-deb27cd3a8f9,rar_medicine,baseline,5.0,,,,,,,,,,,,,,,,lint,,,,,,,,,,,,,,,,,,,,,,,,,,"{'item_count_7_20': {'name': 'item_count_7_20', 'applicable': True, 'passed': False, 'reason': '5 items'}}",0.8,0.0,0.0,0.0,0.2,0.0,0.0,1.0,1.0,0.7964606285095215,0.2,1.0,0.0,0.0,1.0,1.0,1.0,1.0,1.0,1.0,1.0,0.75,1.0,5.0,"[{'pitfall_index': 4, 'positive_index': 0, 'similarity': 0.7964606285095215}]",,,,,,,,,,,,,,
med-deb27cd3a8f9,rar_medicine,agentic,7.0,,,,,,,,,,,,,,,,lint,,,,,,,,,,,,,,,,,,,,,,,,,,"{'item_count_7_20': {'name': 'item_count_7_20', 'applicable': True, 'passed': True, 'reason': ''}}",0.8571428571428571,0.0,1.0,1.0,0.14285714285714285,0.0,0.0,0.0,0.0,0.49889105558395386,0.14285714285714285,1.0,0.0,1.0,1.0,1.0,1.0,1.0,1.0,0.0,1.0,1.0,1.0,12.0,[],,,,,,,,,,,,,,
med-deb27cd3a8f9,rar_medicine,agentic-tools,6.0,,,,,,,,,,,,,,,,lint,,,,,,,,,,,,,,,,,,,,,,,,,,"{'item_count_7_20': {'name': 'item_count_7_20', 'applicable': True, 'passed': False, 'reason': '6 items'}}",0.5,0.0,0.0,1.0,0.3333333333333333,0.0,0.0,1.0,3.0,0.6727392077445984,0.3333333333333333,1.0,0.0,0.0,1.0,1.0,1.0,1.0,1.0,0.0,1.0,0.8333333333333334,1.0,5.0,"[{'pitfall_index': 4, 'positive_index': 0, 'similarity': 0.6277434825897217}, {'pitfall_index': 4, 'positive_index': 3, 'similarity': 0.6107895374298096}, {'pitfall_index': 5, 'positive_index': 0, 'similarity': 0.6727392077445984}]",,,,,,,,,,,,,,
med-eab5c7860802,rar_medicine,shipped,9.0,,,,,,,,,,,,,,,,lint,,,,,,,,,,,,,,,,,,,,,,,,,,"{'item_count_7_20': {'name': 'item_count_7_20', 'applicable': True, 'passed': True, 'reason': ''}}",1.0,1.0,1.0,0.0,0.1111111111111111,0.0,0.0,0.0,0.0,0.06117289140820503,0.1111111111111111,1.0,0.0,1.0,1.0,1.0,1.0,1.0,1.0,1.0,1.0,1.0,1.0,21.0,[],,,,,,,,,,,,,,
med-eab5c7860802,rar_medicine,baseline,8.0,,,,,,,,,,,,,,,,lint,,,,,,,,,,,,,,,,,,,,,,,,,,"{'item_count_7_20': {'name': 'item_count_7_20', 'applicable': True, 'passed': True, 'reason': ''}}",0.75,0.0,1.0,0.0,0.25,0.0,0.0,1.0,1.0,0.9373964071273804,0.25,1.0,0.0,1.0,0.875,1.0,1.0,1.0,1.0,1.0,1.0,0.875,1.0,8.0,"[{'pitfall_index': 6, 'positive_index': 0, 'similarity': 0.9373964071273804}]",,,,,,,,,,,,,,
med-eab5c7860802,rar_medicine,agentic,12.0,,,,,,,,,,,,,,,,lint,,,,,,,,,,,,,,,,,,,,,,,,,,"{'item_count_7_20': {'name': 'item_count_7_20', 'applicable': True, 'passed': True, 'reason': ''}}",0.5,0.0,1.0,1.0,0.16666666666666666,1.0,0.10344827586206896,1.0,2.0,0.6678774356842041,0.16666666666666666,0.75,0.0,1.0,1.0,1.0,1.0,1.0,0.75,0.0,1.0,0.9166666666666666,1.0,29.0,"[{'pitfall_index': 10, 'positive_index': 0, 'similarity': 0.6487299203872681}, {'pitfall_index': 11, 'positive_index': 3, 'similarity': 0.6678774356842041}]",,,,,,,,,,,,,,
med-eab5c7860802,rar_medicine,agentic-tools,7.0,,,,,,,,,,,,,,,,lint,,,,,,,,,,,,,,,,,,,,,,,,,,"{'item_count_7_20': {'name': 'item_count_7_20', 'applicable': True, 'passed': True, 'reason': ''}}",0.5714285714285714,0.0,1.0,1.0,0.14285714285714285,1.0,0.2727272727272727,1.0,1.0,0.6451195478439331,0.14285714285714285,0.8571428571428571,0.0,1.0,1.0,1.0,1.0,1.0,0.8571428571428571,0.0,1.0,0.8571428571428571,1.0,11.0,"[{'pitfall_index': 5, 'positive_index': 2, 'similarity': 0.6451195478439331}]",,,,,,,,,,,,,,
med-f5bc99c4e922,rar_medicine,shipped,9.0,,,,,,,,,,,,,,,,lint,,,,,,,,,,,,,,,,,,,,,,,,,,"{'item_count_7_20': {'name': 'item_count_7_20', 'applicable': True, 'passed': True, 'reason': ''}}",0.6666666666666666,0.0,1.0,0.0,0.2222222222222222,0.0,0.0,1.0,2.0,0.8077242970466614,0.2222222222222222,1.0,0.0,1.0,1.0,1.0,1.0,1.0,1.0,1.0,1.0,0.6666666666666666,1.0,16.0,"[{'pitfall_index': 7, 'positive_index': 0, 'similarity': 0.6549031138420105}, {'pitfall_index': 8, 'positive_index': 1, 'similarity': 0.8077242970466614}]",,,,,,,,,,,,,,
med-f5bc99c4e922,rar_medicine,baseline,6.0,,,,,,,,,,,,,,,,lint,,,,,,,,,,,,,,,,,,,,,,,,,,"{'item_count_7_20': {'name': 'item_count_7_20', 'applicable': True, 'passed': False, 'reason': '6 items'}}",1.0,0.0,0.0,0.0,0.16666666666666666,0.0,0.0,0.0,0.0,0.5747658014297485,0.16666666666666666,1.0,0.0,0.0,1.0,1.0,1.0,1.0,1.0,1.0,1.0,1.0,1.0,8.0,[],,,,,,,,,,,,,,
med-f5bc99c4e922,rar_medicine,agentic,9.0,,,,,,,,,,,,,,,,lint,,,,,,,,,,,,,,,,,,,,,,,,,,"{'item_count_7_20': {'name': 'item_count_7_20', 'applicable': True, 'passed': True, 'reason': ''}}",0.4444444444444444,0.0,1.0,1.0,0.1111111111111111,1.0,0.058823529411764705,0.0,0.0,0.4689202308654785,0.1111111111111111,0.8888888888888888,0.0,1.0,0.8888888888888888,1.0,1.0,1.0,0.8888888888888888,0.0,1.0,0.7777777777777778,1.0,17.0,[],,,,,,,,,,,,,,
med-f5bc99c4e922,rar_medicine,agentic-tools,9.0,,,,,,,,,,,,,,,,lint,,,,,,,,,,,,,,,,,,,,,,,,,,"{'item_count_7_20': {'name': 'item_count_7_20', 'applicable': True, 'passed': True, 'reason': ''}}",0.4444444444444444,0.0,1.0,1.0,0.2222222222222222,0.0,0.0,0.0,0.0,0.5052602291107178,0.2222222222222222,1.0,0.0,1.0,1.0,1.0,1.0,1.0,1.0,0.0,1.0,0.6666666666666666,1.0,11.0,[],,,,,,,,,,,,,,
med-f6f123aa5ea7,rar_medicine,shipped,8.0,,,,,,,,,,,,,,,,lint,,,,,,,,,,,,,,,,,,,,,,,,,,"{'item_count_7_20': {'name': 'item_count_7_20', 'applicable': True, 'passed': True, 'reason': ''}}",1.0,1.0,1.0,0.0,0.25,0.0,0.0,1.0,1.0,0.6134595274925232,0.25,1.0,0.0,1.0,1.0,1.0,1.0,1.0,1.0,1.0,1.0,1.0,1.0,11.0,"[{'pitfall_index': 7, 'positive_index': 4, 'similarity': 0.6134595274925232}]",,,,,,,,,,,,,,
med-f6f123aa5ea7,rar_medicine,baseline,5.0,,,,,,,,,,,,,,,,lint,,,,,,,,,,,,,,,,,,,,,,,,,,"{'item_count_7_20': {'name': 'item_count_7_20', 'applicable': True, 'passed': False, 'reason': '5 items'}}",1.0,0.0,0.0,0.0,0.2,0.0,0.0,0.0,0.0,0.27143600583076477,0.2,1.0,0.0,0.0,1.0,1.0,1.0,1.0,1.0,1.0,1.0,1.0,1.0,5.0,[],,,,,,,,,,,,,,
med-f6f123aa5ea7,rar_medicine,agentic,6.0,,,,,,,,,,,,,,,,lint,,,,,,,,,,,,,,,,,,,,,,,,,,"{'item_count_7_20': {'name': 'item_count_7_20', 'applicable': True, 'passed': False, 'reason': '6 items'}}",0.8333333333333334,0.0,0.0,1.0,0.16666666666666666,0.0,0.0,0.0,0.0,0.5915322303771973,0.16666666666666666,1.0,0.0,0.0,1.0,1.0,1.0,1.0,1.0,0.0,1.0,1.0,1.0,7.0,[],,,,,,,,,,,,,,
med-f6f123aa5ea7,rar_medicine,agentic-tools,9.0,,,,,,,,,,,,,,,,lint,,,,,,,,,,,,,,,,,,,,,,,,,,"{'item_count_7_20': {'name': 'item_count_7_20', 'applicable': True, 'passed': True, 'reason': ''}}",0.7777777777777778,0.0,1.0,1.0,0.2222222222222222,0.0,0.0,0.0,0.0,0.5937001705169678,0.2222222222222222,1.0,0.0,1.0,1.0,1.0,1.0,1.0,1.0,0.0,1.0,1.0,1.0,14.0,[],,,,,,,,,,,,,,
sci-1074b372b376,rar_science,shipped,7.0,,,,,,,,,,,,,,,,lint,,,,,,,,,,,,,,,,,,,,,,,,,,"{'item_count_7_20': {'name': 'item_count_7_20', 'applicable': True, 'passed': True, 'reason': ''}}",1.0,1.0,1.0,1.0,0.14285714285714285,0.0,0.0,0.0,0.0,0.4442127048969269,0.14285714285714285,0.8571428571428571,0.0,1.0,1.0,1.0,1.0,1.0,,,1.0,1.0,1.0,11.0,[],,,,,,,,,,,,,,
sci-1074b372b376,rar_science,baseline,10.0,,,,,,,,,,,,,,,,lint,,,,,,,,,,,,,,,,,,,,,,,,,,"{'item_count_7_20': {'name': 'item_count_7_20', 'applicable': True, 'passed': True, 'reason': ''}}",0.9,0.0,1.0,1.0,0.2,0.0,0.0,0.0,0.0,0.37792664766311646,0.2,1.0,0.2,1.0,1.0,1.0,1.0,1.0,,,1.0,0.9,1.0,20.0,[],,,,,,,,,,,,,,
sci-1074b372b376,rar_science,agentic,6.0,,,,,,,,,,,,,,,,lint,,,,,,,,,,,,,,,,,,,,,,,,,,"{'item_count_7_20': {'name': 'item_count_7_20', 'applicable': True, 'passed': False, 'reason': '6 items'}}",0.8333333333333334,0.0,0.0,1.0,0.3333333333333333,0.0,,0.0,0.0,0.0,0.3333333333333333,1.0,0.0,0.0,0.8333333333333334,1.0,1.0,1.0,,,1.0,1.0,1.0,0.0,[],,,,,,,,,,,,,,
sci-1074b372b376,rar_science,agentic-tools,15.0,,,,,,,,,,,,,,,,lint,,,,,,,,,,,,,,,,,,,,,,,,,,"{'item_count_7_20': {'name': 'item_count_7_20', 'applicable': True, 'passed': True, 'reason': ''}}",0.9333333333333333,0.0,1.0,1.0,0.13333333333333333,0.0,0.0,0.0,0.0,0.3771474361419678,0.13333333333333333,1.0,0.0,1.0,0.9333333333333333,1.0,1.0,1.0,,,1.0,1.0,1.0,47.0,[],,,,,,,,,,,,,,
sci-1cbb3e0b742d,rar_science,shipped,9.0,,,,,,,,,,,,,,,,lint,,,,,,,,,,,,,,,,,,,,,,,,,,"{'item_count_7_20': {'name': 'item_count_7_20', 'applicable': True, 'passed': True, 'reason': ''}}",1.0,1.0,1.0,1.0,0.1111111111111111,1.0,0.2631578947368421,0.0,0.0,0.35578736662864685,0.1111111111111111,0.7777777777777778,0.1111111111111111,1.0,1.0,1.0,1.0,1.0,,,1.0,1.0,1.0,19.0,[],,,,,,,,,,,,,,
sci-1cbb3e0b742d,rar_science,baseline,15.0,,,,,,,,,,,,,,,,lint,,,,,,,,,,,,,,,,,,,,,,,,,,"{'item_count_7_20': {'name': 'item_count_7_20', 'applicable': True, 'passed': True, 'reason': ''}}",1.0,1.0,1.0,0.0,0.2,0.0,0.0,0.0,0.0,0.4585478901863098,0.2,1.0,0.13333333333333333,1.0,1.0,1.0,1.0,1.0,,,1.0,1.0,1.0,41.0,[],,,,,,,,,,,,,,
sci-1cbb3e0b742d,rar_science,agentic,15.0,,,,,,,,,,,,,,,,lint,,,,,,,,,,,,,,,,,,,,,,,,,,"{'item_count_7_20': {'name': 'item_count_7_20', 'applicable': True, 'passed': True, 'reason': ''}}",1.0,1.0,1.0,1.0,0.06666666666666667,0.0,0.0,0.0,0.0,0.40559476613998413,0.06666666666666667,1.0,0.0,1.0,1.0,1.0,1.0,1.0,,,1.0,1.0,1.0,45.0,[],,,,,,,,,,,,,,
sci-1cbb3e0b742d,rar_science,agentic-tools,15.0,,,,,,,,,,,,,,,,lint,,,,,,,,,,,,,,,,,,,,,,,,,,"{'item_count_7_20': {'name': 'item_count_7_20', 'applicable': True, 'passed': True, 'reason': ''}}",0.9333333333333333,0.0,1.0,1.0,0.13333333333333333,0.0,0.0,0.0,0.0,0.30015742778778076,0.13333333333333333,1.0,0.0,1.0,0.9333333333333333,1.0,1.0,1.0,,,1.0,1.0,1.0,44.0,[],,,,,,,,,,,,,,
sci-200bfdc23b84,rar_science,shipped,7.0,,,,,,,,,,,,,,,,lint,,,,,,,,,,,,,,,,,,,,,,,,,,"{'item_count_7_20': {'name': 'item_count_7_20', 'applicable': True, 'passed': True, 'reason': ''}}",1.0,1.0,1.0,1.0,0.0,1.0,0.06666666666666667,0.0,0.0,0.0,0.0,0.8571428571428571,0.0,1.0,1.0,1.0,1.0,1.0,,,1.0,1.0,1.0,15.0,[],,,,,,,,,,,,,,
sci-200bfdc23b84,rar_science,baseline,12.0,,,,,,,,,,,,,,,,lint,,,,,,,,,,,,,,,,,,,,,,,,,,"{'item_count_7_20': {'name': 'item_count_7_20', 'applicable': True, 'passed': True, 'reason': ''}}",0.9166666666666666,0.0,1.0,1.0,0.08333333333333333,0.0,0.0,1.0,1.0,0.7001816034317017,0.08333333333333333,1.0,0.08333333333333333,1.0,1.0,1.0,1.0,1.0,,,1.0,0.9166666666666666,1.0,26.0,"[{'pitfall_index': 11, 'positive_index': 8, 'similarity': 0.7001816034317017}]",,,,,,,,,,,,,,
sci-200bfdc23b84,rar_science,agentic,14.0,,,,,,,,,,,,,,,,lint,,,,,,,,,,,,,,,,,,,,,,,,,,"{'item_count_7_20': {'name': 'item_count_7_20', 'applicable': True, 'passed': True, 'reason': ''}}",1.0,1.0,1.0,1.0,0.0,1.0,0.07142857142857142,0.0,0.0,0.0,0.0,0.8571428571428571,0.0,1.0,1.0,1.0,1.0,1.0,,,1.0,1.0,1.0,56.0,[],,,,,,,,,,,,,,
sci-200bfdc23b84,rar_science,agentic-tools,11.0,,,,,,,,,,,,,,,,lint,,,,,,,,,,,,,,,,,,,,,,,,,,"{'item_count_7_20': {'name': 'item_count_7_20', 'applicable': True, 'passed': True, 'reason': ''}}",1.0,1.0,1.0,1.0,0.0,0.0,0.0,0.0,0.0,0.0,0.0,1.0,0.0,1.0,1.0,1.0,1.0,1.0,,,1.0,1.0,1.0,38.0,[],,,,,,,,,,,,,,
sci-2907ae60d945,rar_science,shipped,7.0,,,,,,,,,,,,,,,,lint,,,,,,,,,,,,,,,,,,,,,,,,,,"{'item_count_7_20': {'name': 'item_count_7_20', 'applicable': True, 'passed': True, 'reason': ''}}",0.8571428571428571,0.0,1.0,0.0,0.14285714285714285,0.0,0.0,0.0,0.0,0.2180338054895401,0.14285714285714285,0.8571428571428571,0.0,1.0,1.0,1.0,1.0,1.0,,,1.0,1.0,0.8571428571428571,11.0,[],,,,,,,,,,,,,,
sci-2907ae60d945,rar_science,baseline,8.0,,,,,,,,,,,,,,,,lint,,,,,,,,,,,,,,,,,,,,,,,,,,"{'item_count_7_20': {'name': 'item_count_7_20', 'applicable': True, 'passed': True, 'reason': ''}}",1.0,1.0,1.0,0.0,0.25,1.0,0.18181818181818182,1.0,1.0,0.6931489706039429,0.25,0.875,0.125,1.0,1.0,1.0,1.0,1.0,,,1.0,1.0,1.0,11.0,"[{'pitfall_index': 7, 'positive_index': 3, 'similarity': 0.6931489706039429}]",,,,,,,,,,,,,,
sci-2907ae60d945,rar_science,agentic,6.0,,,,,,,,,,,,,,,,lint,,,,,,,,,,,,,,,,,,,,,,,,,,"{'item_count_7_20': {'name': 'item_count_7_20', 'applicable': True, 'passed': False, 'reason': '6 items'}}",0.8333333333333334,0.0,0.0,1.0,0.0,0.0,0.0,0.0,0.0,0.0,0.0,1.0,0.0,0.0,1.0,1.0,1.0,1.0,,,1.0,1.0,0.8333333333333334,9.0,[],,,,,,,,,,,,,,
sci-2907ae60d945,rar_science,agentic-tools,5.0,,,,,,,,,,,,,,,,lint,,,,,,,,,,,,,,,,,,,,,,,,,,"{'item_count_7_20': {'name': 'item_count_7_20', 'applicable': True, 'passed': False, 'reason': '5 items'}}",1.0,0.0,0.0,1.0,0.0,1.0,0.125,0.0,0.0,0.0,0.0,0.8,0.0,0.0,1.0,1.0,1.0,1.0,,,1.0,1.0,1.0,8.0,[],,,,,,,,,,,,,,
sci-2f3b45de3872,rar_science,shipped,7.0,,,,,,,,,,,,,,,,lint,,,,,,,,,,,,,,,,,,,,,,,,,,"{'item_count_7_20': {'name': 'item_count_7_20', 'applicable': True, 'passed': True, 'reason': ''}}",0.8571428571428571,0.0,1.0,1.0,0.14285714285714285,0.0,0.0,0.0,0.0,0.4078775644302368,0.14285714285714285,0.8571428571428571,0.0,1.0,0.8571428571428571,1.0,1.0,1.0,,,1.0,1.0,1.0,11.0,[],,,,,,,,,,,,,,
sci-2f3b45de3872,rar_science,baseline,10.0,,,,,,,,,,,,,,,,lint,,,,,,,,,,,,,,,,,,,,,,,,,,"{'item_count_7_20': {'name': 'item_count_7_20', 'applicable': True, 'passed': True, 'reason': ''}}",1.0,1.0,1.0,0.0,0.3,1.0,0.18181818181818182,0.0,0.0,0.5101805329322815,0.3,0.8,0.1,1.0,1.0,1.0,1.0,1.0,,,1.0,1.0,1.0,11.0,[],,,,,,,,,,,,,,
sci-2f3b45de3872,rar_science,agentic,6.0,,,,,,,,,,,,,,,,lint,,,,,,,,,,,,,,,,,,,,,,,,,,"{'item_count_7_20': {'name': 'item_count_7_20', 'applicable': True, 'passed': False, 'reason': '6 items'}}",0.8333333333333334,0.0,0.0,1.0,0.6666666666666666,0.0,,1.0,1.0,0.6072873473167419,0.6666666666666666,1.0,0.0,0.0,1.0,1.0,1.0,1.0,,,1.0,0.8333333333333334,1.0,0.0,"[{'pitfall_index': 4, 'positive_index': 1, 'similarity': 0.6072873473167419}]",,,,,,,,,,,,,,
sci-2f3b45de3872,rar_science,agentic-tools,16.0,,,,,,,,,,,,,,,,lint,,,,,,,,,,,,,,,,,,,,,,,,,,"{'item_count_7_20': {'name': 'item_count_7_20', 'applicable': True, 'passed': True, 'reason': ''}}",1.0,1.0,1.0,1.0,0.0625,0.0,0.0,0.0,0.0,0.5419566035270691,0.0625,0.8125,0.0,1.0,1.0,1.0,1.0,1.0,,,1.0,1.0,1.0,62.0,[],,,,,,,,,,,,,,
sci-423a28946a42,rar_science,shipped,8.0,,,,,,,,,,,,,,,,lint,,,,,,,,,,,,,,,,,,,,,,,,,,"{'item_count_7_20': {'name': 'item_count_7_20', 'applicable': True, 'passed': True, 'reason': ''}}",1.0,1.0,1.0,0.0,0.125,0.0,0.0,0.0,0.0,0.08364475518465042,0.125,0.875,0.0,1.0,1.0,1.0,1.0,1.0,,,1.0,1.0,1.0,15.0,[],,,,,,,,,,,,,,
sci-423a28946a42,rar_science,baseline,14.0,,,,,,,,,,,,,,,,lint,,,,,,,,,,,,,,,,,,,,,,,,,,"{'item_count_7_20': {'name': 'item_count_7_20', 'applicable': True, 'passed': True, 'reason': ''}}",1.0,1.0,1.0,0.0,0.21428571428571427,1.0,0.08823529411764706,0.0,0.0,0.46834710240364075,0.21428571428571427,0.9285714285714286,0.07142857142857142,1.0,1.0,1.0,1.0,1.0,,,1.0,1.0,1.0,34.0,[],,,,,,,,,,,,,,
sci-423a28946a42,rar_science,agentic,6.0,,,,,,,,,,,,,,,,lint,,,,,,,,,,,,,,,,,,,,,,,,,,"{'item_count_7_20': {'name': 'item_count_7_20', 'applicable': True, 'passed': False, 'reason': '6 items'}}",1.0,0.0,0.0,1.0,0.16666666666666666,0.0,0.0,0.0,0.0,0.288786381483078,0.16666666666666666,0.6666666666666666,0.0,0.0,1.0,1.0,1.0,1.0,,,1.0,1.0,1.0,7.0,[],,,,,,,,,,,,,,
sci-423a28946a42,rar_science,agentic-tools,5.0,,,,,,,,,,,,,,,,lint,,,,,,,,,,,,,,,,,,,,,,,,,,"{'item_count_7_20': {'name': 'item_count_7_20', 'applicable': True, 'passed': False, 'reason': '5 items'}}",0.8,0.0,0.0,1.0,0.6,0.0,,0.0,0.0,0.4108048677444458,0.6,1.0,0.0,0.0,0.8,1.0,1.0,1.0,,,1.0,1.0,1.0,0.0,[],,,,,,,,,,,,,,
sci-4260e6a475a5,rar_science,shipped,8.0,,,,,,,,,,,,,,,,lint,,,,,,,,,,,,,,,,,,,,,,,,,,"{'item_count_7_20': {'name': 'item_count_7_20', 'applicable': True, 'passed': True, 'reason': ''}}",1.0,1.0,1.0,1.0,0.125,1.0,0.125,0.0,0.0,0.44969069957733154,0.125,0.625,0.0,1.0,1.0,1.0,1.0,1.0,,,1.0,1.0,1.0,16.0,[],,,,,,,,,,,,,,
sci-4260e6a475a5,rar_science,baseline,8.0,,,,,,,,,,,,,,,,lint,,,,,,,,,,,,,,,,,,,,,,,,,,"{'item_count_7_20': {'name': 'item_count_7_20', 'applicable': True, 'passed': True, 'reason': ''}}",1.0,1.0,1.0,1.0,0.125,0.0,0.0,0.0,0.0,0.21298165619373322,0.125,1.0,0.125,1.0,1.0,1.0,1.0,1.0,,,1.0,1.0,1.0,11.0,[],,,,,,,,,,,,,,
sci-4260e6a475a5,rar_science,agentic,14.0,,,,,,,,,,,,,,,,lint,,,,,,,,,,,,,,,,,,,,,,,,,,"{'item_count_7_20': {'name': 'item_count_7_20', 'applicable': True, 'passed': True, 'reason': ''}}",0.8571428571428571,0.0,1.0,1.0,0.21428571428571427,1.0,0.10714285714285714,0.0,0.0,0.46774935722351074,0.21428571428571427,0.6428571428571429,0.0,1.0,0.8571428571428571,1.0,1.0,1.0,,,1.0,1.0,1.0,28.0,[],,,,,,,,,,,,,,
sci-4260e6a475a5,rar_science,agentic-tools,13.0,,,,,,,,,,,,,,,,lint,,,,,,,,,,,,,,,,,,,,,,,,,,"{'item_count_7_20': {'name': 'item_count_7_20', 'applicable': True, 'passed': True, 'reason': ''}}",1.0,1.0,1.0,1.0,0.23076923076923078,1.0,0.14285714285714285,1.0,1.0,0.6487730145454407,0.23076923076923078,0.9230769230769231,0.0,1.0,1.0,1.0,1.0,1.0,,,1.0,1.0,1.0,21.0,"[{'pitfall_index': 10, 'positive_index': 3, 'similarity': 0.6487730145454407}]",,,,,,,,,,,,,,
sci-4430faf0f105,rar_science,shipped,7.0,,,,,,,,,,,,,,,,lint,,,,,,,,,,,,,,,,,,,,,,,,,,"{'item_count_7_20': {'name': 'item_count_7_20', 'applicable': True, 'passed': True, 'reason': ''}}",1.0,1.0,1.0,1.0,0.14285714285714285,0.0,0.0,0.0,0.0,0.22473156452178955,0.14285714285714285,0.8571428571428571,0.0,1.0,1.0,1.0,1.0,1.0,,,1.0,1.0,1.0,11.0,[],,,,,,,,,,,,,,
sci-4430faf0f105,rar_science,baseline,12.0,,,,,,,,,,,,,,,,lint,,,,,,,,,,,,,,,,,,,,,,,,,,"{'item_count_7_20': {'name': 'item_count_7_20', 'applicable': True, 'passed': True, 'reason': ''}}",1.0,1.0,1.0,0.0,0.25,1.0,0.05,0.0,0.0,0.5552191734313965,0.25,0.9166666666666666,0.08333333333333333,1.0,1.0,1.0,1.0,1.0,,,1.0,1.0,1.0,20.0,[],,,,,,,,,,,,,,
sci-4430faf0f105,rar_science,agentic,15.0,,,,,,,,,,,,,,,,lint,,,,,,,,,,,,,,,,,,,,,,,,,,"{'item_count_7_20': {'name': 'item_count_7_20', 'applicable': True, 'passed': True, 'reason': ''}}",1.0,1.0,1.0,1.0,0.13333333333333333,0.0,0.0,0.0,0.0,0.4400184452533722,0.13333333333333333,0.9333333333333333,0.0,1.0,1.0,1.0,1.0,1.0,,,1.0,1.0,1.0,22.0,[],,,,,,,,,,,,,,
sci-4430faf0f105,rar_science,agentic-tools,6.0,,,,,,,,,,,,,,,,lint,,,,,,,,,,,,,,,,,,,,,,,,,,"{'item_count_7_20': {'name': 'item_count_7_20', 'applicable': True, 'passed': False, 'reason': '6 items'}}",0.8333333333333334,0.0,0.0,1.0,0.16666666666666666,0.0,0.0,0.0,0.0,0.2716854214668274,0.16666666666666666,0.6666666666666666,0.0,0.0,1.0,1.0,1.0,1.0,,,1.0,1.0,0.8333333333333334,4.0,[],,,,,,,,,,,,,,
sci-46a70d998b40,rar_science,shipped,7.0,,,,,,,,,,,,,,,,lint,,,,,,,,,,,,,,,,,,,,,,,,,,"{'item_count_7_20': {'name': 'item_count_7_20', 'applicable': True, 'passed': True, 'reason': ''}}",0.8571428571428571,0.0,1.0,1.0,0.14285714285714285,1.0,0.36363636363636365,0.0,0.0,0.3228485584259033,0.14285714285714285,0.5714285714285714,0.0,1.0,1.0,1.0,1.0,1.0,,,1.0,1.0,0.8571428571428571,11.0,[],,,,,,,,,,,,,,
sci-46a70d998b40,rar_science,baseline,9.0,,,,,,,,,,,,,,,,lint,,,,,,,,,,,,,,,,,,,,,,,,,,"{'item_count_7_20': {'name': 'item_count_7_20', 'applicable': True, 'passed': True, 'reason': ''}}",1.0,1.0,1.0,1.0,0.3333333333333333,0.0,0.0,0.0,0.0,0.4078930914402008,0.3333333333333333,1.0,0.3333333333333333,1.0,1.0,1.0,1.0,1.0,,,1.0,1.0,1.0,11.0,[],,,,,,,,,,,,,,
sci-46a70d998b40,rar_science,agentic,8.0,,,,,,,,,,,,,,,,lint,,,,,,,,,,,,,,,,,,,,,,,,,,"{'item_count_7_20': {'name': 'item_count_7_20', 'applicable': True, 'passed': True, 'reason': ''}}",1.0,1.0,1.0,1.0,0.25,0.0,0.0,0.0,0.0,0.44496840238571167,0.25,1.0,0.0,1.0,1.0,1.0,1.0,1.0,,,1.0,1.0,1.0,11.0,[],,,,,,,,,,,,,,
sci-46a70d998b40,rar_science,agentic-tools,8.0,,,,,,,,,,,,,,,,lint,,,,,,,,,,,,,,,,,,,,,,,,,,"{'item_count_7_20': {'name': 'item_count_7_20', 'applicable': True, 'passed': True, 'reason': ''}}",1.0,1.0,1.0,1.0,0.25,0.0,0.0,0.0,0.0,0.5060164332389832,0.25,1.0,0.0,1.0,1.0,1.0,1.0,1.0,,,1.0,1.0,1.0,11.0,[],,,,,,,,,,,,,,
sci-4705912940bd,rar_science,shipped,8.0,,,,,,,,,,,,,,,,lint,,,,,,,,,,,,,,,,,,,,,,,,,,"{'item_count_7_20': {'name': 'item_count_7_20', 'applicable': True, 'passed': True, 'reason': ''}}",0.75,0.0,1.0,1.0,0.25,0.0,0.0,0.0,0.0,0.33902207016944885,0.25,0.875,0.0,1.0,0.875,1.0,1.0,1.0,,,1.0,0.875,1.0,11.0,[],,,,,,,,,,,,,,
sci-4705912940bd,rar_science,baseline,11.0,,,,,,,,,,,,,,,,lint,,,,,,,,,,,,,,,,,,,,,,,,,,"{'item_count_7_20': {'name': 'item_count_7_20', 'applicable': True, 'passed': True, 'reason': ''}}",1.0,1.0,1.0,0.0,0.18181818181818182,0.0,0.0,0.0,0.0,0.37092655897140503,0.18181818181818182,1.0,0.09090909090909091,1.0,1.0,1.0,1.0,1.0,,,1.0,1.0,1.0,8.0,[],,,,,,,,,,,,,,
sci-4705912940bd,rar_science,agentic,7.0,,,,,,,,,,,,,,,,lint,,,,,,,,,,,,,,,,,,,,,,,,,,"{'item_count_7_20': {'name': 'item_count_7_20', 'applicable': True, 'passed': True, 'reason': ''}}",0.8571428571428571,0.0,1.0,1.0,0.14285714285714285,0.0,0.0,0.0,0.0,0.4188098907470703,0.14285714285714285,1.0,0.0,1.0,0.8571428571428571,1.0,1.0,1.0,,,1.0,1.0,1.0,8.0,[],,,,,,,,,,,,,,
sci-4705912940bd,rar_science,agentic-tools,10.0,,,,,,,,,,,,,,,,lint,,,,,,,,,,,,,,,,,,,,,,,,,,"{'item_count_7_20': {'name': 'item_count_7_20', 'applicable': True, 'passed': True, 'reason': ''}}",0.8,0.0,1.0,1.0,0.0,0.0,0.0,0.0,0.0,0.0,0.0,1.0,0.0,1.0,0.9,1.0,1.0,1.0,,,1.0,0.9,1.0,21.0,[],,,,,,,,,,,,,,
sci-530fc857ec78,rar_science,shipped,8.0,,,,,,,,,,,,,,,,lint,,,,,,,,,,,,,,,,,,,,,,,,,,"{'item_count_7_20': {'name': 'item_count_7_20', 'applicable': True, 'passed': True, 'reason': ''}}",1.0,1.0,1.0,1.0,0.125,0.0,0.0,0.0,0.0,0.3166722357273102,0.125,0.75,0.0,1.0,1.0,1.0,1.0,1.0,,,1.0,1.0,1.0,16.0,[],,,,,,,,,,,,,,
sci-530fc857ec78,rar_science,baseline,11.0,,,,,,,,,,,,,,,,lint,,,,,,,,,,,,,,,,,,,,,,,,,,"{'item_count_7_20': {'name': 'item_count_7_20', 'applicable': True, 'passed': True, 'reason': ''}}",1.0,1.0,1.0,0.0,0.18181818181818182,1.0,0.125,0.0,0.0,0.25219303369522095,0.18181818181818182,0.9090909090909091,0.09090909090909091,1.0,1.0,1.0,1.0,1.0,,,1.0,1.0,1.0,24.0,[],,,,,,,,,,,,,,
sci-530fc857ec78,rar_science,agentic,6.0,,,,,,,,,,,,,,,,lint,,,,,,,,,,,,,,,,,,,,,,,,,,"{'item_count_7_20': {'name': 'item_count_7_20', 'applicable': True, 'passed': False, 'reason': '6 items'}}",0.8333333333333334,0.0,0.0,1.0,0.16666666666666666,1.0,0.5,0.0,0.0,0.16885684430599213,0.16666666666666666,0.6666666666666666,0.0,0.0,0.8333333333333334,1.0,1.0,1.0,,,1.0,1.0,1.0,6.0,[],,,,,,,,,,,,,,
sci-530fc857ec78,rar_science,agentic-tools,5.0,,,,,,,,,,,,,,,,lint,,,,,,,,,,,,,,,,,,,,,,,,,,"{'item_count_7_20': {'name': 'item_count_7_20', 'applicable': True, 'passed': False, 'reason': '5 items'}}",1.0,0.0,0.0,1.0,0.0,0.0,0.0,0.0,0.0,0.0,0.0,0.8,0.0,0.0,1.0,1.0,1.0,1.0,,,1.0,1.0,1.0,6.0,[],,,,,,,,,,,,,,
sci-5c5822f383a5,rar_science,shipped,8.0,,,,,,,,,,,,,,,,lint,,,,,,,,,,,,,,,,,,,,,,,,,,"{'item_count_7_20': {'name': 'item_count_7_20', 'applicable': True, 'passed': True, 'reason': ''}}",1.0,1.0,1.0,0.0,0.125,1.0,0.1875,0.0,0.0,0.1415150761604309,0.125,0.625,0.0,1.0,1.0,1.0,1.0,1.0,,,1.0,1.0,1.0,16.0,[],,,,,,,,,,,,,,
sci-5c5822f383a5,rar_science,baseline,13.0,,,,,,,,,,,,,,,,lint,,,,,,,,,,,,,,,,,,,,,,,,,,"{'item_count_7_20': {'name': 'item_count_7_20', 'applicable': True, 'passed': True, 'reason': ''}}",1.0,1.0,1.0,0.0,0.23076923076923078,1.0,0.07142857142857142,0.0,0.0,0.492135226726532,0.23076923076923078,0.9230769230769231,0.15384615384615385,1.0,1.0,1.0,1.0,1.0,,,1.0,1.0,1.0,28.0,[],,,,,,,,,,,,,,
sci-5c5822f383a5,rar_science,agentic,15.0,,,,,,,,,,,,,,,,lint,,,,,,,,,,,,,,,,,,,,,,,,,,"{'item_count_7_20': {'name': 'item_count_7_20', 'applicable': True, 'passed': True, 'reason': ''}}",0.8666666666666667,0.0,1.0,1.0,0.06666666666666667,0.0,0.0,0.0,0.0,0.2997659742832184,0.06666666666666667,0.6666666666666666,0.0,1.0,0.8666666666666667,1.0,1.0,1.0,,,1.0,1.0,1.0,43.0,[],,,,,,,,,,,,,,
sci-5c5822f383a5,rar_science,agentic-tools,13.0,,,,,,,,,,,,,,,,lint,,,,,,,,,,,,,,,,,,,,,,,,,,"{'item_count_7_20': {'name': 'item_count_7_20', 'applicable': True, 'passed': True, 'reason': ''}}",1.0,1.0,1.0,1.0,0.15384615384615385,1.0,0.05263157894736842,0.0,0.0,0.4964606761932373,0.15384615384615385,0.8461538461538461,0.0,1.0,1.0,1.0,1.0,1.0,,,1.0,1.0,1.0,38.0,[],,,,,,,,,,,,,,
sci-615e52d990f9,rar_science,shipped,7.0,,,,,,,,,,,,,,,,lint,,,,,,,,,,,,,,,,,,,,,,,,,,"{'item_count_7_20': {'name': 'item_count_7_20', 'applicable': True, 'passed': True, 'reason': ''}}",1.0,1.0,1.0,1.0,0.14285714285714285,0.0,0.0,0.0,0.0,0.3415343165397644,0.14285714285714285,1.0,0.14285714285714285,1.0,1.0,1.0,1.0,1.0,,,1.0,1.0,1.0,11.0,[],,,,,,,,,,,,,,
sci-615e52d990f9,rar_science,baseline,13.0,,,,,,,,,,,,,,,,lint,,,,,,,,,,,,,,,,,,,,,,,,,,"{'item_count_7_20': {'name': 'item_count_7_20', 'applicable': True, 'passed': True, 'reason': ''}}",0.9230769230769231,0.0,1.0,0.0,0.23076923076923078,0.0,0.0,0.0,0.0,0.3549196720123291,0.23076923076923078,1.0,0.15384615384615385,1.0,0.9230769230769231,1.0,1.0,1.0,,,1.0,1.0,1.0,28.0,[],,,,,,,,,,,,,,
sci-615e52d990f9,rar_science,agentic,8.0,,,,,,,,,,,,,,,,lint,,,,,,,,,,,,,,,,,,,,,,,,,,"{'item_count_7_20': {'name': 'item_count_7_20', 'applicable': True, 'passed': True, 'reason': ''}}",0.875,0.0,1.0,1.0,0.0,0.0,0.0,0.0,0.0,0.0,0.0,0.625,0.0,1.0,1.0,1.0,1.0,1.0,,,1.0,0.875,1.0,13.0,[],,,,,,,,,,,,,,
sci-615e52d990f9,rar_science,agentic-tools,14.0,,,,,,,,,,,,,,,,lint,,,,,,,,,,,,,,,,,,,,,,,,,,"{'item_count_7_20': {'name': 'item_count_7_20', 'applicable': True, 'passed': True, 'reason': ''}}",0.9285714285714286,0.0,1.0,1.0,0.14285714285714285,0.0,0.0,0.0,0.0,0.527438759803772,0.14285714285714285,1.0,0.0,1.0,1.0,1.0,1.0,1.0,,,1.0,0.9285714285714286,1.0,45.0,[],,,,,,,,,,,,,,
sci-6601b6700272,rar_science,shipped,8.0,,,,,,,,,,,,,,,,lint,,,,,,,,,,,,,,,,,,,,,,,,,,"{'item_count_7_20': {'name': 'item_count_7_20', 'applicable': True, 'passed': True, 'reason': ''}}",1.0,1.0,1.0,1.0,0.125,0.0,0.0,0.0,0.0,0.2571883797645569,0.125,1.0,0.125,1.0,1.0,1.0,1.0,1.0,,,1.0,1.0,1.0,16.0,[],,,,,,,,,,,,,,
sci-6601b6700272,rar_science,baseline,10.0,,,,,,,,,,,,,,,,lint,,,,,,,,,,,,,,,,,,,,,,,,,,"{'item_count_7_20': {'name': 'item_count_7_20', 'applicable': True, 'passed': True, 'reason': ''}}",1.0,1.0,1.0,0.0,0.1,0.0,0.0,0.0,0.0,0.24687403440475464,0.1,1.0,0.0,1.0,1.0,1.0,1.0,1.0,,,1.0,1.0,1.0,26.0,[],,,,,,,,,,,,,,
sci-6601b6700272,rar_science,agentic,15.0,,,,,,,,,,,,,,,,lint,,,,,,,,,,,,,,,,,,,,,,,,,,"{'item_count_7_20': {'name': 'item_count_7_20', 'applicable': True, 'passed': True, 'reason': ''}}",1.0,1.0,1.0,1.0,0.06666666666666667,1.0,0.03125,0.0,0.0,0.36065852642059326,0.06666666666666667,0.9333333333333333,0.0,1.0,1.0,1.0,1.0,1.0,,,1.0,1.0,1.0,64.0,[],,,,,,,,,,,,,,
sci-6601b6700272,rar_science,agentic-tools,5.0,,,,,,,,,,,,,,,,lint,,,,,,,,,,,,,,,,,,,,,,,,,,"{'item_count_7_20': {'name': 'item_count_7_20', 'applicable': True, 'passed': False, 'reason': '5 items'}}",1.0,0.0,0.0,1.0,0.0,0.0,0.0,0.0,0.0,0.0,0.0,1.0,0.0,0.0,1.0,1.0,1.0,1.0,,,1.0,1.0,1.0,4.0,[],,,,,,,,,,,,,,
sci-674358162aab,rar_science,shipped,7.0,,,,,,,,,,,,,,,,lint,,,,,,,,,,,,,,,,,,,,,,,,,,"{'item_count_7_20': {'name': 'item_count_7_20', 'applicable': True, 'passed': True, 'reason': ''}}",1.0,1.0,1.0,1.0,0.14285714285714285,1.0,0.3333333333333333,0.0,0.0,0.34070420265197754,0.14285714285714285,0.42857142857142855,0.14285714285714285,1.0,1.0,1.0,1.0,1.0,,,1.0,1.0,1.0,12.0,[],,,,,,,,,,,,,,
sci-674358162aab,rar_science,baseline,17.0,,,,,,,,,,,,,,,,lint,,,,,,,,,,,,,,,,,,,,,,,,,,"{'item_count_7_20': {'name': 'item_count_7_20', 'applicable': True, 'passed': True, 'reason': ''}}",1.0,1.0,1.0,0.0,0.23529411764705882,1.0,0.1111111111111111,0.0,0.0,0.5592774152755737,0.23529411764705882,0.8823529411764706,0.11764705882352941,1.0,1.0,1.0,1.0,1.0,,,1.0,1.0,1.0,54.0,[],,,,,,,,,,,,,,
sci-674358162aab,rar_science,agentic,15.0,,,,,,,,,,,,,,,,lint,,,,,,,,,,,,,,,,,,,,,,,,,,"{'item_count_7_20': {'name': 'item_count_7_20', 'applicable': True, 'passed': True, 'reason': ''}}",1.0,1.0,1.0,1.0,0.13333333333333333,1.0,0.019230769230769232,1.0,2.0,0.7319249510765076,0.13333333333333333,0.9333333333333333,0.0,1.0,1.0,1.0,1.0,1.0,,,1.0,1.0,1.0,52.0,"[{'pitfall_index': 12, 'positive_index': 3, 'similarity': 0.6116815209388733}, {'pitfall_index': 13, 'positive_index': 2, 'similarity': 0.7319249510765076}]",,,,,,,,,,,,,,
sci-674358162aab,rar_science,agentic-tools,16.0,,,,,,,,,,,,,,,,lint,,,,,,,,,,,,,,,,,,,,,,,,,,"{'item_count_7_20': {'name': 'item_count_7_20', 'applicable': True, 'passed': True, 'reason': ''}}",0.9375,0.0,1.0,1.0,0.1875,1.0,0.08,0.0,0.0,0.5755150318145752,0.1875,0.9375,0.0,1.0,0.9375,1.0,1.0,1.0,,,1.0,1.0,1.0,50.0,[],,,,,,,,,,,,,,
sci-70db910e68ee,rar_science,shipped,7.0,,,,,,,,,,,,,,,,lint,,,,,,,,,,,,,,,,,,,,,,,,,,"{'item_count_7_20': {'name': 'item_count_7_20', 'applicable': True, 'passed': True, 'reason': ''}}",1.0,1.0,1.0,1.0,0.14285714285714285,0.0,0.0,0.0,0.0,0.4889628291130066,0.14285714285714285,1.0,0.0,1.0,1.0,1.0,1.0,1.0,,,1.0,1.0,1.0,11.0,[],,,,,,,,,,,,,,
sci-70db910e68ee,rar_science,baseline,12.0,,,,,,,,,,,,,,,,lint,,,,,,,,,,,,,,,,,,,,,,,,,,"{'item_count_7_20': {'name': 'item_count_7_20', 'applicable': True, 'passed': True, 'reason': ''}}",1.0,1.0,1.0,0.0,0.25,0.0,0.0,0.0,0.0,0.4360578954219818,0.25,0.9166666666666666,0.08333333333333333,1.0,1.0,1.0,1.0,1.0,,,1.0,1.0,1.0,26.0,[],,,,,,,,,,,,,,
sci-70db910e68ee,rar_science,agentic,15.0,,,,,,,,,,,,,,,,lint,,,,,,,,,,,,,,,,,,,,,,,,,,"{'item_count_7_20': {'name': 'item_count_7_20', 'applicable': True, 'passed': True, 'reason': ''}}",1.0,1.0,1.0,1.0,0.2,1.0,0.024390243902439025,0.0,0.0,0.5998234748840332,0.2,0.4666666666666667,0.0,1.0,1.0,1.0,1.0,1.0,,,1.0,1.0,1.0,41.0,[],,,,,,,,,,,,,,
sci-70db910e68ee,rar_science,agentic-tools,6.0,,,,,,,,,,,,,,,,lint,,,,,,,,,,,,,,,,,,,,,,,,,,"{'item_count_7_20': {'name': 'item_count_7_20', 'applicable': True, 'passed': False, 'reason': '6 items'}}",1.0,0.0,0.0,1.0,0.0,0.0,0.0,0.0,0.0,0.0,0.0,0.8333333333333334,0.0,0.0,1.0,1.0,1.0,1.0,,,1.0,1.0,1.0,12.0,[],,,,,,,,,,,,,,
sci-71c07f577946,rar_science,shipped,7.0,,,,,,,,,,,,,,,,lint,,,,,,,,,,,,,,,,,,,,,,,,,,"{'item_count_7_20': {'name': 'item_count_7_20', 'applicable': True, 'passed': True, 'reason': ''}}",1.0,1.0,1.0,1.0,0.14285714285714285,0.0,0.0,0.0,0.0,0.27199041843414307,0.14285714285714285,0.8571428571428571,0.0,1.0,1.0,1.0,1.0,1.0,,,1.0,1.0,1.0,11.0,[],,,,,,,,,,,,,,
sci-71c07f577946,rar_science,baseline,12.0,,,,,,,,,,,,,,,,lint,,,,,,,,,,,,,,,,,,,,,,,,,,"{'item_count_7_20': {'name': 'item_count_7_20', 'applicable': True, 'passed': True, 'reason': ''}}",1.0,1.0,1.0,0.0,0.25,0.0,0.0,0.0,0.0,0.5544030070304871,0.25,1.0,0.16666666666666666,1.0,1.0,1.0,1.0,1.0,,,1.0,1.0,1.0,26.0,[],,,,,,,,,,,,,,
sci-71c07f577946,rar_science,agentic,6.0,,,,,,,,,,,,,,,,lint,,,,,,,,,,,,,,,,,,,,,,,,,,"{'item_count_7_20': {'name': 'item_count_7_20', 'applicable': True, 'passed': False, 'reason': '6 items'}}",0.5,0.0,0.0,1.0,0.6666666666666666,0.0,,0.0,0.0,0.47834837436676025,0.6666666666666666,1.0,0.0,0.0,0.8333333333333334,1.0,1.0,1.0,,,1.0,0.6666666666666666,1.0,0.0,[],,,,,,,,,,,,,,
sci-71c07f577946,rar_science,agentic-tools,5.0,,,,,,,,,,,,,,,,lint,,,,,,,,,,,,,,,,,,,,,,,,,,"{'item_count_7_20': {'name': 'item_count_7_20', 'applicable': True, 'passed': False, 'reason': '5 items'}}",0.6,0.0,0.0,1.0,0.6,0.0,,0.0,0.0,0.21587428450584412,0.6,1.0,0.0,0.0,1.0,1.0,1.0,1.0,,,1.0,0.6,1.0,0.0,[],,,,,,,,,,,,,,
sci-78456e89e0b3,rar_science,shipped,7.0,,,,,,,,,,,,,,,,lint,,,,,,,,,,,,,,,,,,,,,,,,,,"{'item_count_7_20': {'name': 'item_count_7_20', 'applicable': True, 'passed': True, 'reason': ''}}",0.8571428571428571,0.0,1.0,1.0,0.14285714285714285,0.0,0.0,0.0,0.0,0.18331585824489594,0.14285714285714285,1.0,0.0,1.0,1.0,1.0,1.0,1.0,,,1.0,1.0,0.8571428571428571,11.0,[],,,,,,,,,,,,,,
sci-78456e89e0b3,rar_science,baseline,11.0,,,,,,,,,,,,,,,,lint,,,,,,,,,,,,,,,,,,,,,,,,,,"{'item_count_7_20': {'name': 'item_count_7_20', 'applicable': True, 'passed': True, 'reason': ''}}",0.9090909090909091,0.0,1.0,0.0,0.18181818181818182,0.0,0.0,0.0,0.0,0.49626612663269043,0.18181818181818182,1.0,0.09090909090909091,1.0,1.0,1.0,1.0,1.0,,,1.0,1.0,0.9090909090909091,23.0,[],,,,,,,,,,,,,,
sci-78456e89e0b3,rar_science,agentic,7.0,,,,,,,,,,,,,,,,lint,,,,,,,,,,,,,,,,,,,,,,,,,,"{'item_count_7_20': {'name': 'item_count_7_20', 'applicable': True, 'passed': True, 'reason': ''}}",1.0,1.0,1.0,1.0,0.0,0.0,0.0,0.0,0.0,0.0,0.0,0.8571428571428571,0.0,1.0,1.0,1.0,1.0,1.0,,,1.0,1.0,1.0,10.0,[],,,,,,,,,,,,,,
sci-78456e89e0b3,rar_science,agentic-tools,15.0,,,,,,,,,,,,,,,,lint,,,,,,,,,,,,,,,,,,,,,,,,,,"{'item_count_7_20': {'name': 'item_count_7_20', 'applicable': True, 'passed': True, 'reason': ''}}",1.0,1.0,1.0,1.0,0.13333333333333333,0.0,0.0,0.0,0.0,0.5951730012893677,0.13333333333333333,1.0,0.0,1.0,1.0,1.0,1.0,1.0,,,1.0,1.0,1.0,47.0,[],,,,,,,,,,,,,,
sci-801539f7bca0,rar_science,shipped,8.0,,,,,,,,,,,,,,,,lint,,,,,,,,,,,,,,,,,,,,,,,,,,"{'item_count_7_20': {'name': 'item_count_7_20', 'applicable': True, 'passed': True, 'reason': ''}}",1.0,1.0,1.0,1.0,0.125,0.0,0.0,0.0,0.0,0.5007047653198242,0.125,0.75,0.0,1.0,1.0,1.0,1.0,1.0,,,1.0,1.0,1.0,16.0,[],,,,,,,,,,,,,,
sci-801539f7bca0,rar_science,baseline,10.0,,,,,,,,,,,,,,,,lint,,,,,,,,,,,,,,,,,,,,,,,,,,"{'item_count_7_20': {'name': 'item_count_7_20', 'applicable': True, 'passed': True, 'reason': ''}}",0.9,0.0,1.0,0.0,0.2,0.0,0.0,0.0,0.0,0.37358641624450684,0.2,1.0,0.1,1.0,0.9,1.0,1.0,1.0,,,1.0,1.0,1.0,20.0,[],,,,,,,,,,,,,,
sci-801539f7bca0,rar_science,agentic,6.0,,,,,,,,,,,,,,,,lint,,,,,,,,,,,,,,,,,,,,,,,,,,"{'item_count_7_20': {'name': 'item_count_7_20', 'applicable': True, 'passed': False, 'reason': '6 items'}}",0.8333333333333334,0.0,0.0,1.0,0.0,0.0,0.0,0.0,0.0,0.0,0.0,0.8333333333333334,0.0,0.0,1.0,1.0,1.0,1.0,,,1.0,0.8333333333333334,1.0,8.0,[],,,,,,,,,,,,,,
sci-801539f7bca0,rar_science,agentic-tools,5.0,,,,,,,,,,,,,,,,lint,,,,,,,,,,,,,,,,,,,,,,,,,,"{'item_count_7_20': {'name': 'item_count_7_20', 'applicable': True, 'passed': False, 'reason': '5 items'}}",0.8,0.0,0.0,1.0,0.4,1.0,0.5,0.0,0.0,0.4495982825756073,0.4,0.8,0.0,0.0,0.8,1.0,1.0,1.0,,,1.0,1.0,1.0,2.0,[],,,,,,,,,,,,,,
sci-870a3c2acf5f,rar_science,shipped,9.0,,,,,,,,,,,,,,,,lint,,,,,,,,,,,,,,,,,,,,,,,,,,"{'item_count_7_20': {'name': 'item_count_7_20', 'applicable': True, 'passed': True, 'reason': ''}}",1.0,1.0,1.0,1.0,0.2222222222222222,1.0,0.125,0.0,0.0,0.34701263904571533,0.2222222222222222,0.6666666666666666,0.1111111111111111,1.0,1.0,1.0,1.0,1.0,,,1.0,1.0,1.0,16.0,[],,,,,,,,,,,,,,
sci-870a3c2acf5f,rar_science,baseline,9.0,,,,,,,,,,,,,,,,lint,,,,,,,,,,,,,,,,,,,,,,,,,,"{'item_count_7_20': {'name': 'item_count_7_20', 'applicable': True, 'passed': True, 'reason': ''}}",1.0,1.0,1.0,0.0,0.2222222222222222,1.0,0.07142857142857142,0.0,0.0,0.45646458864212036,0.2222222222222222,0.8888888888888888,0.1111111111111111,1.0,1.0,1.0,1.0,1.0,,,1.0,1.0,1.0,14.0,[],,,,,,,,,,,,,,
sci-870a3c2acf5f,rar_science,agentic,6.0,,,,,,,,,,,,,,,,lint,,,,,,,,,,,,,,,,,,,,,,,,,,"{'item_count_7_20': {'name': 'item_count_7_20', 'applicable': True, 'passed': False, 'reason': '6 items'}}",1.0,0.0,0.0,1.0,0.16666666666666666,0.0,0.0,0.0,0.0,0.3120613396167755,0.16666666666666666,0.6666666666666666,0.0,0.0,1.0,1.0,1.0,1.0,,,1.0,1.0,1.0,6.0,[],,,,,,,,,,,,,,
sci-870a3c2acf5f,rar_science,agentic-tools,16.0,,,,,,,,,,,,,,,,lint,,,,,,,,,,,,,,,,,,,,,,,,,,"{'item_count_7_20': {'name': 'item_count_7_20', 'applicable': True, 'passed': True, 'reason': ''}}",0.875,0.0,1.0,1.0,0.0,0.0,0.0,0.0,0.0,0.0,0.0,1.0,0.0,1.0,0.875,1.0,1.0,1.0,,,1.0,1.0,1.0,76.0,[],,,,,,,,,,,,,,
sci-88a263c8039c,rar_science,shipped,8.0,,,,,,,,,,,,,,,,lint,,,,,,,,,,,,,,,,,,,,,,,,,,"{'item_count_7_20': {'name': 'item_count_7_20', 'applicable': True, 'passed': True, 'reason': ''}}",0.875,0.0,1.0,1.0,0.125,1.0,0.125,0.0,0.0,0.44901520013809204,0.125,0.75,0.0,1.0,1.0,1.0,1.0,1.0,,,1.0,0.875,1.0,16.0,[],,,,,,,,,,,,,,
sci-88a263c8039c,rar_science,baseline,12.0,,,,,,,,,,,,,,,,lint,,,,,,,,,,,,,,,,,,,,,,,,,,"{'item_count_7_20': {'name': 'item_count_7_20', 'applicable': True, 'passed': True, 'reason': ''}}",1.0,1.0,1.0,0.0,0.16666666666666666,0.0,0.0,0.0,0.0,0.5661562085151672,0.16666666666666666,1.0,0.08333333333333333,1.0,1.0,1.0,1.0,1.0,,,1.0,1.0,1.0,32.0,[],,,,,,,,,,,,,,
sci-88a263c8039c,rar_science,agentic,15.0,,,,,,,,,,,,,,,,lint,,,,,,,,,,,,,,,,,,,,,,,,,,"{'item_count_7_20': {'name': 'item_count_7_20', 'applicable': True, 'passed': True, 'reason': ''}}",0.8666666666666667,0.0,1.0,1.0,0.06666666666666667,1.0,0.0392156862745098,0.0,0.0,0.34299877285957336,0.06666666666666667,0.9333333333333333,0.0,1.0,0.9333333333333333,1.0,1.0,1.0,,,1.0,0.9333333333333333,1.0,51.0,[],,,,,,,,,,,,,,
sci-88a263c8039c,rar_science,agentic-tools,6.0,,,,,,,,,,,,,,,,lint,,,,,,,,,,,,,,,,,,,,,,,,,,"{'item_count_7_20': {'name': 'item_count_7_20', 'applicable': True, 'passed': False, 'reason': '6 items'}}",1.0,0.0,0.0,1.0,0.3333333333333333,0.0,0.0,0.0,0.0,0.15397703647613525,0.3333333333333333,0.8333333333333334,0.0,0.0,1.0,1.0,1.0,1.0,,,1.0,1.0,1.0,5.0,[],,,,,,,,,,,,,,
sci-8c97efc18a60,rar_science,shipped,7.0,,,,,,,,,,,,,,,,lint,,,,,,,,,,,,,,,,,,,,,,,,,,"{'item_count_7_20': {'name': 'item_count_7_20', 'applicable': True, 'passed': True, 'reason': ''}}",0.8571428571428571,0.0,1.0,1.0,0.14285714285714285,1.0,0.09090909090909091,0.0,0.0,0.5903105139732361,0.14285714285714285,0.7142857142857143,0.0,1.0,0.8571428571428571,1.0,1.0,1.0,,,1.0,1.0,1.0,11.0,[],,,,,,,,,,,,,,
sci-8c97efc18a60,rar_science,baseline,8.0,,,,,,,,,,,,,,,,lint,,,,,,,,,,,,,,,,,,,,,,,,,,"{'item_count_7_20': {'name': 'item_count_7_20', 'applicable': True, 'passed': True, 'reason': ''}}",1.0,1.0,1.0,0.0,0.25,1.0,0.2222222222222222,0.0,0.0,0.34331297874450684,0.25,0.75,0.125,1.0,1.0,1.0,1.0,1.0,,,1.0,1.0,1.0,9.0,[],,,,,,,,,,,,,,
sci-8c97efc18a60,rar_science,agentic,7.0,,,,,,,,,,,,,,,,lint,,,,,,,,,,,,,,,,,,,,,,,,,,"{'item_count_7_20': {'name': 'item_count_7_20', 'applicable': True, 'passed': True, 'reason': ''}}",0.8571428571428571,0.0,1.0,1.0,0.14285714285714285,0.0,0.0,0.0,0.0,0.4304717183113098,0.14285714285714285,1.0,0.0,1.0,1.0,1.0,1.0,1.0,,,1.0,1.0,0.8571428571428571,11.0,[],,,,,,,,,,,,,,
sci-8c97efc18a60,rar_science,agentic-tools,11.0,,,,,,,,,,,,,,,,lint,,,,,,,,,,,,,,,,,,,,,,,,,,"{'item_count_7_20': {'name': 'item_count_7_20', 'applicable': True, 'passed': True, 'reason': ''}}",1.0,1.0,1.0,1.0,0.18181818181818182,0.0,0.0,1.0,2.0,0.6412010788917542,0.18181818181818182,1.0,0.0,1.0,1.0,1.0,1.0,1.0,,,1.0,1.0,1.0,27.0,"[{'pitfall_index': 9, 'positive_index': 0, 'similarity': 0.6242620348930359}, {'pitfall_index': 10, 'positive_index': 2, 'similarity': 0.6412010788917542}]",,,,,,,,,,,,,,
sci-96d4e5af66b6,rar_science,shipped,8.0,,,,,,,,,,,,,,,,lint,,,,,,,,,,,,,,,,,,,,,,,,,,"{'item_count_7_20': {'name': 'item_count_7_20', 'applicable': True, 'passed': True, 'reason': ''}}",1.0,1.0,1.0,1.0,0.125,0.0,0.0,0.0,0.0,0.16709677875041962,0.125,0.75,0.0,1.0,1.0,1.0,1.0,1.0,,,1.0,1.0,1.0,16.0,[],,,,,,,,,,,,,,
sci-96d4e5af66b6,rar_science,baseline,13.0,,,,,,,,,,,,,,,,lint,,,,,,,,,,,,,,,,,,,,,,,,,,"{'item_count_7_20': {'name': 'item_count_7_20', 'applicable': True, 'passed': True, 'reason': ''}}",1.0,1.0,1.0,0.0,0.23076923076923078,0.0,0.0,0.0,0.0,0.35268765687942505,0.23076923076923078,1.0,0.07692307692307693,1.0,1.0,1.0,1.0,1.0,,,1.0,1.0,1.0,33.0,[],,,,,,,,,,,,,,
sci-96d4e5af66b6,rar_science,agentic,8.0,,,,,,,,,,,,,,,,lint,,,,,,,,,,,,,,,,,,,,,,,,,,"{'item_count_7_20': {'name': 'item_count_7_20', 'applicable': True, 'passed': True, 'reason': ''}}",1.0,1.0,1.0,1.0,0.125,0.0,0.0,0.0,0.0,0.31407615542411804,0.125,0.875,0.0,1.0,1.0,1.0,1.0,1.0,,,1.0,1.0,1.0,11.0,[],,,,,,,,,,,,,,
sci-96d4e5af66b6,rar_science,agentic-tools,4.0,,,,,,,,,,,,,,,,lint,,,,,,,,,,,,,,,,,,,,,,,,,,"{'item_count_7_20': {'name': 'item_count_7_20', 'applicable': True, 'passed': False, 'reason': '4 items'}}",1.0,0.0,0.0,1.0,0.25,0.0,0.0,0.0,0.0,0.15836673974990845,0.25,1.0,0.0,0.0,1.0,1.0,1.0,1.0,,,1.0,1.0,1.0,3.0,[],,,,,,,,,,,,,,
sci-9dd57081a4e1,rar_science,shipped,8.0,,,,,,,,,,,,,,,,lint,,,,,,,,,,,,,,,,,,,,,,,,,,"{'item_count_7_20': {'name': 'item_count_7_20', 'applicable': True, 'passed': True, 'reason': ''}}",1.0,1.0,1.0,1.0,0.125,1.0,0.25,0.0,0.0,0.04912029951810837,0.125,0.625,0.0,1.0,1.0,1.0,1.0,1.0,,,1.0,1.0,1.0,16.0,[],,,,,,,,,,,,,,
sci-9dd57081a4e1,rar_science,baseline,10.0,,,,,,,,,,,,,,,,lint,,,,,,,,,,,,,,,,,,,,,,,,,,"{'item_count_7_20': {'name': 'item_count_7_20', 'applicable': True, 'passed': True, 'reason': ''}}",1.0,1.0,1.0,1.0,0.1,1.0,0.08333333333333333,1.0,1.0,0.6032322645187378,0.1,0.8,0.1,1.0,1.0,1.0,1.0,1.0,,,1.0,1.0,1.0,24.0,"[{'pitfall_index': 9, 'positive_index': 1, 'similarity': 0.6032322645187378}]",,,,,,,,,,,,,,
sci-9dd57081a4e1,rar_science,agentic,14.0,,,,,,,,,,,,,,,,lint,,,,,,,,,,,,,,,,,,,,,,,,,,"{'item_count_7_20': {'name': 'item_count_7_20', 'applicable': True, 'passed': True, 'reason': ''}}",1.0,1.0,1.0,1.0,0.07142857142857142,1.0,0.06818181818181818,0.0,0.0,0.3650500774383545,0.07142857142857142,0.7857142857142857,0.0,1.0,1.0,1.0,1.0,1.0,,,1.0,1.0,1.0,44.0,[],,,,,,,,,,,,,,
sci-9dd57081a4e1,rar_science,agentic-tools,14.0,,,,,,,,,,,,,,,,lint,,,,,,,,,,,,,,,,,,,,,,,,,,"{'item_count_7_20': {'name': 'item_count_7_20', 'applicable': True, 'passed': True, 'reason': ''}}",0.9285714285714286,0.0,1.0,1.0,0.07142857142857142,0.0,0.0,0.0,0.0,0.2464105188846588,0.07142857142857142,0.9285714285714286,0.0,1.0,0.9285714285714286,1.0,1.0,1.0,,,1.0,1.0,1.0,44.0,[],,,,,,,,,,,,,,
sci-b89c9561e59a,rar_science,shipped,8.0,,,,,,,,,,,,,,,,lint,,,,,,,,,,,,,,,,,,,,,,,,,,"{'item_count_7_20': {'name': 'item_count_7_20', 'applicable': True, 'passed': True, 'reason': ''}}",1.0,1.0,1.0,1.0,0.25,0.0,0.0,0.0,0.0,0.2904355525970459,0.25,0.875,0.0,1.0,1.0,1.0,1.0,1.0,,,1.0,1.0,1.0,12.0,[],,,,,,,,,,,,,,
sci-b89c9561e59a,rar_science,baseline,11.0,,,,,,,,,,,,,,,,lint,,,,,,,,,,,,,,,,,,,,,,,,,,"{'item_count_7_20': {'name': 'item_count_7_20', 'applicable': True, 'passed': True, 'reason': ''}}",1.0,1.0,1.0,0.0,0.18181818181818182,0.0,0.0,0.0,0.0,0.3255346119403839,0.18181818181818182,1.0,0.0,1.0,1.0,1.0,1.0,1.0,,,1.0,1.0,1.0,26.0,[],,,,,,,,,,,,,,
sci-b89c9561e59a,rar_science,agentic,6.0,,,,,,,,,,,,,,,,lint,,,,,,,,,,,,,,,,,,,,,,,,,,"{'item_count_7_20': {'name': 'item_count_7_20', 'applicable': True, 'passed': False, 'reason': '6 items'}}",0.5,0.0,0.0,1.0,0.3333333333333333,0.0,0.0,0.0,0.0,0.2630256712436676,0.3333333333333333,1.0,0.0,0.0,1.0,1.0,1.0,1.0,,,1.0,0.5,1.0,3.0,[],,,,,,,,,,,,,,
sci-b89c9561e59a,rar_science,agentic-tools,5.0,,,,,,,,,,,,,,,,lint,,,,,,,,,,,,,,,,,,,,,,,,,,"{'item_count_7_20': {'name': 'item_count_7_20', 'applicable': True, 'passed': False, 'reason': '5 items'}}",1.0,0.0,0.0,1.0,0.6,0.0,,1.0,1.0,0.8152718544006348,0.6,1.0,0.0,0.0,1.0,1.0,1.0,1.0,,,1.0,1.0,1.0,0.0,"[{'pitfall_index': 3, 'positive_index': 0, 'similarity': 0.8152718544006348}]",,,,,,,,,,,,,,
sci-c482b1d1dd52,rar_science,shipped,7.0,,,,,,,,,,,,,,,,lint,,,,,,,,,,,,,,,,,,,,,,,,,,"{'item_count_7_20': {'name': 'item_count_7_20', 'applicable': True, 'passed': True, 'reason': ''}}",1.0,1.0,1.0,1.0,0.14285714285714285,0.0,0.0,0.0,0.0,0.4485480785369873,0.14285714285714285,0.8571428571428571,0.14285714285714285,1.0,1.0,1.0,1.0,1.0,,,1.0,1.0,1.0,11.0,[],,,,,,,,,,,,,,
sci-c482b1d1dd52,rar_science,baseline,8.0,,,,,,,,,,,,,,,,lint,,,,,,,,,,,,,,,,,,,,,,,,,,"{'item_count_7_20': {'name': 'item_count_7_20', 'applicable': True, 'passed': True, 'reason': ''}}",0.875,0.0,1.0,1.0,0.25,0.0,0.0,0.0,0.0,0.5645861625671387,0.25,1.0,0.25,1.0,1.0,1.0,1.0,1.0,,,1.0,0.875,1.0,11.0,[],,,,,,,,,,,,,,
sci-c482b1d1dd52,rar_science,agentic,8.0,,,,,,,,,,,,,,,,lint,,,,,,,,,,,,,,,,,,,,,,,,,,"{'item_count_7_20': {'name': 'item_count_7_20', 'applicable': True, 'passed': True, 'reason': ''}}",0.75,0.0,1.0,1.0,0.25,0.0,0.0,0.0,0.0,0.44854339957237244,0.25,1.0,0.0,1.0,1.0,1.0,1.0,1.0,,,1.0,0.75,1.0,9.0,[],,,,,,,,,,,,,,
sci-c482b1d1dd52,rar_science,agentic-tools,6.0,,,,,,,,,,,,,,,,lint,,,,,,,,,,,,,,,,,,,,,,,,,,"{'item_count_7_20': {'name': 'item_count_7_20', 'applicable': True, 'passed': False, 'reason': '6 items'}}",0.8333333333333334,0.0,0.0,1.0,0.3333333333333333,0.0,0.0,1.0,1.0,0.6892194747924805,0.3333333333333333,1.0,0.0,0.0,1.0,1.0,1.0,1.0,,,1.0,0.8333333333333334,1.0,3.0,"[{'pitfall_index': 5, 'positive_index': 0, 'similarity': 0.6892194747924805}]",,,,,,,,,,,,,,
sci-cd724737b87b,rar_science,shipped,7.0,,,,,,,,,,,,,,,,lint,,,,,,,,,,,,,,,,,,,,,,,,,,"{'item_count_7_20': {'name': 'item_count_7_20', 'applicable': True, 'passed': True, 'reason': ''}}",1.0,1.0,1.0,1.0,0.14285714285714285,1.0,0.2727272727272727,0.0,0.0,0.36189746856689453,0.14285714285714285,0.7142857142857143,0.0,1.0,1.0,1.0,1.0,1.0,,,1.0,1.0,1.0,11.0,[],,,,,,,,,,,,,,
sci-cd724737b87b,rar_science,baseline,11.0,,,,,,,,,,,,,,,,lint,,,,,,,,,,,,,,,,,,,,,,,,,,"{'item_count_7_20': {'name': 'item_count_7_20', 'applicable': True, 'passed': True, 'reason': ''}}",1.0,1.0,1.0,0.0,0.2727272727272727,0.0,0.0,1.0,1.0,0.6343340277671814,0.2727272727272727,1.0,0.09090909090909091,1.0,1.0,1.0,1.0,1.0,,,1.0,1.0,1.0,17.0,"[{'pitfall_index': 8, 'positive_index': 0, 'similarity': 0.6343340277671814}]",,,,,,,,,,,,,,
sci-cd724737b87b,rar_science,agentic,11.0,,,,,,,,,,,,,,,,lint,,,,,,,,,,,,,,,,,,,,,,,,,,"{'item_count_7_20': {'name': 'item_count_7_20', 'applicable': True, 'passed': True, 'reason': ''}}",0.9090909090909091,0.0,1.0,1.0,0.18181818181818182,1.0,0.5,0.0,0.0,0.3517151474952698,0.18181818181818182,0.6363636363636364,0.0,1.0,0.9090909090909091,1.0,1.0,1.0,,,1.0,1.0,1.0,24.0,[],,,,,,,,,,,,,,
sci-cd724737b87b,rar_science,agentic-tools,15.0,,,,,,,,,,,,,,,,lint,,,,,,,,,,,,,,,,,,,,,,,,,,"{'item_count_7_20': {'name': 'item_count_7_20', 'applicable': True, 'passed': True, 'reason': ''}}",1.0,1.0,1.0,1.0,0.06666666666666667,0.0,0.0,0.0,0.0,0.45782431960105896,0.06666666666666667,0.8,0.0,1.0,1.0,1.0,1.0,1.0,,,1.0,1.0,1.0,57.0,[],,,,,,,,,,,,,,
sci-ce709b73231a,rar_science,shipped,7.0,,,,,,,,,,,,,,,,lint,,,,,,,,,,,,,,,,,,,,,,,,,,"{'item_count_7_20': {'name': 'item_count_7_20', 'applicable': True, 'passed': True, 'reason': ''}}",1.0,1.0,1.0,1.0,0.14285714285714285,0.0,0.0,0.0,0.0,0.23065093159675598,0.14285714285714285,0.7142857142857143,0.0,1.0,1.0,1.0,1.0,1.0,,,1.0,1.0,1.0,12.0,[],,,,,,,,,,,,,,
sci-ce709b73231a,rar_science,baseline,13.0,,,,,,,,,,,,,,,,lint,,,,,,,,,,,,,,,,,,,,,,,,,,"{'item_count_7_20': {'name': 'item_count_7_20', 'applicable': True, 'passed': True, 'reason': ''}}",1.0,1.0,1.0,0.0,0.23076923076923078,1.0,0.07142857142857142,0.0,0.0,0.4159986972808838,0.23076923076923078,0.9230769230769231,0.15384615384615385,1.0,1.0,1.0,1.0,1.0,,,1.0,1.0,1.0,28.0,[],,,,,,,,,,,,,,
sci-ce709b73231a,rar_science,agentic,14.0,,,,,,,,,,,,,,,,lint,,,,,,,,,,,,,,,,,,,,,,,,,,"{'item_count_7_20': {'name': 'item_count_7_20', 'applicable': True, 'passed': True, 'reason': ''}}",1.0,1.0,1.0,1.0,0.21428571428571427,0.0,0.0,0.0,0.0,0.5678454041481018,0.21428571428571427,1.0,0.0,1.0,1.0,1.0,1.0,1.0,,,1.0,1.0,1.0,38.0,[],,,,,,,,,,,,,,
sci-ce709b73231a,rar_science,agentic-tools,14.0,,,,,,,,,,,,,,,,lint,,,,,,,,,,,,,,,,,,,,,,,,,,"{'item_count_7_20': {'name': 'item_count_7_20', 'applicable': True, 'passed': True, 'reason': ''}}",0.8571428571428571,0.0,1.0,1.0,0.21428571428571427,1.0,0.02564102564102564,0.0,0.0,0.513405442237854,0.21428571428571427,0.9285714285714286,0.0,1.0,1.0,0.8571428571428571,1.0,1.0,,,1.0,1.0,1.0,39.0,[],,,,,,,,,,,,,,
sci-d0020349f91f,rar_science,shipped,9.0,,,,,,,,,,,,,,,,lint,,,,,,,,,,,,,,,,,,,,,,,,,,"{'item_count_7_20': {'name': 'item_count_7_20', 'applicable': True, 'passed': True, 'reason': ''}}",0.8888888888888888,0.0,1.0,1.0,0.1111111111111111,1.0,0.14285714285714285,0.0,0.0,0.2775766849517822,0.1111111111111111,0.7777777777777778,0.1111111111111111,1.0,1.0,1.0,1.0,1.0,,,1.0,0.8888888888888888,1.0,21.0,[],,,,,,,,,,,,,,
sci-d0020349f91f,rar_science,baseline,10.0,,,,,,,,,,,,,,,,lint,,,,,,,,,,,,,,,,,,,,,,,,,,"{'item_count_7_20': {'name': 'item_count_7_20', 'applicable': True, 'passed': True, 'reason': ''}}",0.9,0.0,1.0,1.0,0.2,1.0,0.10526315789473684,0.0,0.0,0.5686985850334167,0.2,0.9,0.1,1.0,0.9,1.0,1.0,1.0,,,1.0,1.0,1.0,19.0,[],,,,,,,,,,,,,,
sci-d0020349f91f,rar_science,agentic,6.0,,,,,,,,,,,,,,,,lint,,,,,,,,,,,,,,,,,,,,,,,,,,"{'item_count_7_20': {'name': 'item_count_7_20', 'applicable': True, 'passed': False, 'reason': '6 items'}}",0.8333333333333334,0.0,0.0,1.0,0.3333333333333333,0.0,,0.0,0.0,0.2597610354423523,0.3333333333333333,0.6666666666666666,0.0,0.0,1.0,1.0,1.0,1.0,,,1.0,0.8333333333333334,1.0,0.0,[],,,,,,,,,,,,,,
sci-d0020349f91f,rar_science,agentic-tools,5.0,,,,,,,,,,,,,,,,lint,,,,,,,,,,,,,,,,,,,,,,,,,,"{'item_count_7_20': {'name': 'item_count_7_20', 'applicable': True, 'passed': False, 'reason': '5 items'}}",1.0,0.0,0.0,1.0,0.6,0.0,0.0,0.0,0.0,0.4727513790130615,0.6,1.0,0.0,0.0,1.0,1.0,1.0,1.0,,,1.0,1.0,1.0,1.0,[],,,,,,,,,,,,,,
sci-debd831207ba,rar_science,shipped,7.0,,,,,,,,,,,,,,,,lint,,,,,,,,,,,,,,,,,,,,,,,,,,"{'item_count_7_20': {'name': 'item_count_7_20', 'applicable': True, 'passed': True, 'reason': ''}}",1.0,1.0,1.0,1.0,0.14285714285714285,0.0,0.0,0.0,0.0,0.24386507272720337,0.14285714285714285,0.7142857142857143,0.14285714285714285,1.0,1.0,1.0,1.0,1.0,,,1.0,1.0,1.0,12.0,[],,,,,,,,,,,,,,
sci-debd831207ba,rar_science,baseline,14.0,,,,,,,,,,,,,,,,lint,,,,,,,,,,,,,,,,,,,,,,,,,,"{'item_count_7_20': {'name': 'item_count_7_20', 'applicable': True, 'passed': True, 'reason': ''}}",1.0,1.0,1.0,0.0,0.21428571428571427,1.0,0.08333333333333333,0.0,0.0,0.39669764041900635,0.21428571428571427,0.9285714285714286,0.14285714285714285,1.0,1.0,1.0,1.0,1.0,,,1.0,1.0,1.0,36.0,[],,,,,,,,,,,,,,
sci-debd831207ba,rar_science,agentic,6.0,,,,,,,,,,,,,,,,lint,,,,,,,,,,,,,,,,,,,,,,,,,,"{'item_count_7_20': {'name': 'item_count_7_20', 'applicable': True, 'passed': False, 'reason': '6 items'}}",0.8333333333333334,0.0,0.0,1.0,0.0,1.0,0.1111111111111111,0.0,0.0,0.0,0.0,0.6666666666666666,0.0,0.0,0.8333333333333334,1.0,1.0,1.0,,,1.0,1.0,1.0,9.0,[],,,,,,,,,,,,,,
sci-debd831207ba,rar_science,agentic-tools,6.0,,,,,,,,,,,,,,,,lint,,,,,,,,,,,,,,,,,,,,,,,,,,"{'item_count_7_20': {'name': 'item_count_7_20', 'applicable': True, 'passed': False, 'reason': '6 items'}}",1.0,0.0,0.0,1.0,0.3333333333333333,0.0,0.0,1.0,1.0,0.6736499071121216,0.3333333333333333,1.0,0.0,0.0,1.0,1.0,1.0,1.0,,,1.0,1.0,1.0,3.0,"[{'pitfall_index': 5, 'positive_index': 2, 'similarity': 0.6736499071121216}]",,,,,,,,,,,,,,
sci-e86ea8cb138a,rar_science,shipped,7.0,,,,,,,,,,,,,,,,lint,,,,,,,,,,,,,,,,,,,,,,,,,,"{'item_count_7_20': {'name': 'item_count_7_20', 'applicable': True, 'passed': True, 'reason': ''}}",1.0,1.0,1.0,1.0,0.14285714285714285,0.0,0.0,0.0,0.0,0.21979209780693054,0.14285714285714285,0.8571428571428571,0.0,1.0,1.0,1.0,1.0,1.0,,,1.0,1.0,1.0,12.0,[],,,,,,,,,,,,,,
sci-e86ea8cb138a,rar_science,baseline,12.0,,,,,,,,,,,,,,,,lint,,,,,,,,,,,,,,,,,,,,,,,,,,"{'item_count_7_20': {'name': 'item_count_7_20', 'applicable': True, 'passed': True, 'reason': ''}}",0.9166666666666666,0.0,1.0,0.0,0.25,0.0,0.0,0.0,0.0,0.24405963718891144,0.25,1.0,0.16666666666666666,1.0,1.0,1.0,1.0,1.0,,,1.0,0.9166666666666666,1.0,24.0,[],,,,,,,,,,,,,,
sci-e86ea8cb138a,rar_science,agentic,6.0,,,,,,,,,,,,,,,,lint,,,,,,,,,,,,,,,,,,,,,,,,,,"{'item_count_7_20': {'name': 'item_count_7_20', 'applicable': True, 'passed': False, 'reason': '6 items'}}",0.8333333333333334,0.0,0.0,1.0,0.16666666666666666,0.0,0.0,0.0,0.0,0.26465922594070435,0.16666666666666666,0.8333333333333334,0.0,0.0,1.0,1.0,1.0,1.0,,,1.0,0.8333333333333334,1.0,8.0,[],,,,,,,,,,,,,,
sci-e86ea8cb138a,rar_science,agentic-tools,14.0,,,,,,,,,,,,,,,,lint,,,,,,,,,,,,,,,,,,,,,,,,,,"{'item_count_7_20': {'name': 'item_count_7_20', 'applicable': True, 'passed': True, 'reason': ''}}",1.0,1.0,1.0,1.0,0.2857142857142857,0.0,0.0,1.0,1.0,0.6109575033187866,0.2857142857142857,1.0,0.0,1.0,1.0,1.0,1.0,1.0,,,1.0,1.0,1.0,27.0,"[{'pitfall_index': 9, 'positive_index': 7, 'similarity': 0.6109575033187866}]",,,,,,,,,,,,,,
sci-045492df8b2b,rar_science,shipped,7.0,,,,,,,,,,,,,,,,lint,,,,,,,,,,,,,,,,,,,,,,,,,,"{'item_count_7_20': {'name': 'item_count_7_20', 'applicable': True, 'passed': True, 'reason': ''}}",0.8571428571428571,0.0,1.0,1.0,0.14285714285714285,1.0,0.09090909090909091,0.0,0.0,0.18376030027866364,0.14285714285714285,0.5714285714285714,0.14285714285714285,1.0,0.8571428571428571,1.0,1.0,1.0,,,1.0,1.0,1.0,11.0,[],,,,,,,,,,,,,,
sci-045492df8b2b,rar_science,baseline,9.0,,,,,,,,,,,,,,,,lint,,,,,,,,,,,,,,,,,,,,,,,,,,"{'item_count_7_20': {'name': 'item_count_7_20', 'applicable': True, 'passed': True, 'reason': ''}}",0.8888888888888888,0.0,1.0,0.0,0.2222222222222222,0.0,0.0,0.0,0.0,0.33933424949645996,0.2222222222222222,1.0,0.1111111111111111,1.0,0.8888888888888888,1.0,1.0,1.0,,,1.0,1.0,1.0,16.0,[],,,,,,,,,,,,,,
sci-045492df8b2b,rar_science,agentic,9.0,,,,,,,,,,,,,,,,lint,,,,,,,,,,,,,,,,,,,,,,,,,,"{'item_count_7_20': {'name': 'item_count_7_20', 'applicable': True, 'passed': True, 'reason': ''}}",0.8888888888888888,0.0,1.0,1.0,0.1111111111111111,0.0,0.0,0.0,0.0,0.32211732864379883,0.1111111111111111,1.0,0.0,1.0,1.0,1.0,1.0,1.0,,,1.0,0.8888888888888888,1.0,19.0,[],,,,,,,,,,,,,,
sci-045492df8b2b,rar_science,agentic-tools,13.0,,,,,,,,,,,,,,,,lint,,,,,,,,,,,,,,,,,,,,,,,,,,"{'item_count_7_20': {'name': 'item_count_7_20', 'applicable': True, 'passed': True, 'reason': ''}}",0.9230769230769231,0.0,1.0,1.0,0.0,0.0,0.0,0.0,0.0,0.0,0.0,1.0,0.0,1.0,1.0,1.0,1.0,1.0,,,1.0,0.9230769230769231,1.0,44.0,[],,,,,,,,,,,,,,
sci-180557220f0a,rar_science,shipped,7.0,,,,,,,,,,,,,,,,lint,,,,,,,,,,,,,,,,,,,,,,,,,,"{'item_count_7_20': {'name': 'item_count_7_20', 'applicable': True, 'passed': True, 'reason': ''}}",0.8571428571428571,0.0,1.0,0.0,0.14285714285714285,0.0,0.0,0.0,0.0,0.26164960861206055,0.14285714285714285,0.7142857142857143,0.0,1.0,1.0,1.0,1.0,1.0,,,1.0,0.8571428571428571,1.0,12.0,[],,,,,,,,,,,,,,
sci-180557220f0a,rar_science,baseline,10.0,,,,,,,,,,,,,,,,lint,,,,,,,,,,,,,,,,,,,,,,,,,,"{'item_count_7_20': {'name': 'item_count_7_20', 'applicable': True, 'passed': True, 'reason': ''}}",0.8,0.0,1.0,0.0,0.2,1.0,0.1,0.0,0.0,0.41624799370765686,0.2,0.8,0.1,1.0,0.9,1.0,1.0,1.0,,,1.0,0.9,1.0,20.0,[],,,,,,,,,,,,,,
sci-180557220f0a,rar_science,agentic,7.0,,,,,,,,,,,,,,,,lint,,,,,,,,,,,,,,,,,,,,,,,,,,"{'item_count_7_20': {'name': 'item_count_7_20', 'applicable': True, 'passed': True, 'reason': ''}}",0.5714285714285714,0.0,1.0,1.0,0.2857142857142857,0.0,0.0,0.0,0.0,0.3237556517124176,0.2857142857142857,0.8571428571428571,0.0,1.0,1.0,1.0,1.0,1.0,,,1.0,0.5714285714285714,1.0,6.0,[],,,,,,,,,,,,,,
sci-180557220f0a,rar_science,agentic-tools,16.0,,,,,,,,,,,,,,,,lint,,,,,,,,,,,,,,,,,,,,,,,,,,"{'item_count_7_20': {'name': 'item_count_7_20', 'applicable': True, 'passed': True, 'reason': ''}}",0.75,0.0,1.0,1.0,0.125,0.0,0.0,0.0,0.0,0.5672459602355957,0.125,0.75,0.0,1.0,0.9375,1.0,1.0,1.0,,,1.0,0.8125,1.0,59.0,[],,,,,,,,,,,,,,
sci-256b4b58e6fc,rar_science,shipped,7.0,,,,,,,,,,,,,,,,lint,,,,,,,,,,,,,,,,,,,,,,,,,,"{'item_count_7_20': {'name': 'item_count_7_20', 'applicable': True, 'passed': True, 'reason': ''}}",0.8571428571428571,0.0,1.0,1.0,0.14285714285714285,0.0,0.0,0.0,0.0,0.2927744388580322,0.14285714285714285,0.8571428571428571,0.0,1.0,1.0,1.0,1.0,1.0,,,1.0,1.0,0.8571428571428571,12.0,[],,,,,,,,,,,,,,
sci-256b4b58e6fc,rar_science,baseline,12.0,,,,,,,,,,,,,,,,lint,,,,,,,,,,,,,,,,,,,,,,,,,,"{'item_count_7_20': {'name': 'item_count_7_20', 'applicable': True, 'passed': True, 'reason': ''}}",0.9166666666666666,0.0,1.0,1.0,0.25,0.0,0.0,0.0,0.0,0.4263591468334198,0.25,1.0,0.25,1.0,0.9166666666666666,1.0,1.0,1.0,,,1.0,1.0,1.0,26.0,[],,,,,,,,,,,,,,
sci-256b4b58e6fc,rar_science,agentic,12.0,,,,,,,,,,,,,,,,lint,,,,,,,,,,,,,,,,,,,,,,,,,,"{'item_count_7_20': {'name': 'item_count_7_20', 'applicable': True, 'passed': True, 'reason': ''}}",0.8333333333333334,0.0,1.0,1.0,0.16666666666666666,1.0,0.15151515151515152,0.0,0.0,0.49095070362091064,0.16666666666666666,0.75,0.0,1.0,1.0,1.0,1.0,1.0,,,1.0,1.0,0.8333333333333334,33.0,[],,,,,,,,,,,,,,
sci-256b4b58e6fc,rar_science,agentic-tools,7.0,,,,,,,,,,,,,,,,lint,,,,,,,,,,,,,,,,,,,,,,,,,,"{'item_count_7_20': {'name': 'item_count_7_20', 'applicable': True, 'passed': True, 'reason': ''}}",1.0,1.0,1.0,1.0,0.14285714285714285,0.0,0.0,0.0,0.0,0.3659084737300873,0.14285714285714285,1.0,0.0,1.0,1.0,1.0,1.0,1.0,,,1.0,1.0,1.0,11.0,[],,,,,,,,,,,,,,
sci-2892b69a6237,rar_science,shipped,8.0,,,,,,,,,,,,,,,,lint,,,,,,,,,,,,,,,,,,,,,,,,,,"{'item_count_7_20': {'name': 'item_count_7_20', 'applicable': True, 'passed': True, 'reason': ''}}",1.0,1.0,1.0,1.0,0.125,0.0,0.0,0.0,0.0,0.40488073229789734,0.125,0.875,0.0,1.0,1.0,1.0,1.0,1.0,,,1.0,1.0,1.0,16.0,[],,,,,,,,,,,,,,
sci-2892b69a6237,rar_science,baseline,11.0,,,,,,,,,,,,,,,,lint,,,,,,,,,,,,,,,,,,,,,,,,,,"{'item_count_7_20': {'name': 'item_count_7_20', 'applicable': True, 'passed': True, 'reason': ''}}",1.0,1.0,1.0,1.0,0.18181818181818182,0.0,0.0,1.0,1.0,0.7263326644897461,0.18181818181818182,1.0,0.18181818181818182,1.0,1.0,1.0,1.0,1.0,,,1.0,1.0,1.0,24.0,"[{'pitfall_index': 9, 'positive_index': 5, 'similarity': 0.7263326644897461}]",,,,,,,,,,,,,,
sci-2892b69a6237,rar_science,agentic,8.0,,,,,,,,,,,,,,,,lint,,,,,,,,,,,,,,,,,,,,,,,,,,"{'item_count_7_20': {'name': 'item_count_7_20', 'applicable': True, 'passed': True, 'reason': ''}}",0.875,0.0,1.0,1.0,0.25,0.0,0.0,0.0,0.0,0.34147363901138306,0.25,0.75,0.0,1.0,0.875,1.0,1.0,1.0,,,1.0,1.0,1.0,5.0,[],,,,,,,,,,,,,,
sci-2892b69a6237,rar_science,agentic-tools,5.0,,,,,,,,,,,,,,,,lint,,,,,,,,,,,,,,,,,,,,,,,,,,"{'item_count_7_20': {'name': 'item_count_7_20', 'applicable': True, 'passed': False, 'reason': '5 items'}}",1.0,0.0,0.0,1.0,0.4,0.0,0.0,0.0,0.0,0.5793696045875549,0.4,0.6,0.0,0.0,1.0,1.0,1.0,1.0,,,1.0,1.0,1.0,2.0,[],,,,,,,,,,,,,,
sci-2894a3c6c89c,rar_science,shipped,8.0,,,,,,,,,,,,,,,,lint,,,,,,,,,,,,,,,,,,,,,,,,,,"{'item_count_7_20': {'name': 'item_count_7_20', 'applicable': True, 'passed': True, 'reason': ''}}",1.0,1.0,1.0,1.0,0.125,1.0,0.25,0.0,0.0,0.42203301191329956,0.125,0.5,0.0,1.0,1.0,1.0,1.0,1.0,,,1.0,1.0,1.0,16.0,[],,,,,,,,,,,,,,
sci-2894a3c6c89c,rar_science,baseline,13.0,,,,,,,,,,,,,,,,lint,,,,,,,,,,,,,,,,,,,,,,,,,,"{'item_count_7_20': {'name': 'item_count_7_20', 'applicable': True, 'passed': True, 'reason': ''}}",1.0,1.0,1.0,0.0,0.15384615384615385,0.0,0.0,0.0,0.0,0.40553781390190125,0.15384615384615385,1.0,0.07692307692307693,1.0,1.0,1.0,1.0,1.0,,,1.0,1.0,1.0,34.0,[],,,,,,,,,,,,,,
sci-2894a3c6c89c,rar_science,agentic,6.0,,,,,,,,,,,,,,,,lint,,,,,,,,,,,,,,,,,,,,,,,,,,"{'item_count_7_20': {'name': 'item_count_7_20', 'applicable': True, 'passed': False, 'reason': '6 items'}}",1.0,0.0,0.0,1.0,0.16666666666666666,1.0,0.125,0.0,0.0,0.2780029773712158,0.16666666666666666,0.5,0.0,0.0,1.0,1.0,1.0,1.0,,,1.0,1.0,1.0,8.0,[],,,,,,,,,,,,,,
sci-2894a3c6c89c,rar_science,agentic-tools,5.0,,,,,,,,,,,,,,,,lint,,,,,,,,,,,,,,,,,,,,,,,,,,"{'item_count_7_20': {'name': 'item_count_7_20', 'applicable': True, 'passed': False, 'reason': '5 items'}}",1.0,0.0,0.0,1.0,0.4,0.0,0.0,0.0,0.0,0.44053810834884644,0.4,0.6,0.0,0.0,1.0,1.0,1.0,1.0,,,1.0,1.0,1.0,2.0,[],,,,,,,,,,,,,,
sci-31945f4df73d,rar_science,shipped,7.0,,,,,,,,,,,,,,,,lint,,,,,,,,,,,,,,,,,,,,,,,,,,"{'item_count_7_20': {'name': 'item_count_7_20', 'applicable': True, 'passed': True, 'reason': ''}}",1.0,1.0,1.0,1.0,0.14285714285714285,0.0,0.0,0.0,0.0,0.32004454731941223,0.14285714285714285,0.8571428571428571,0.0,1.0,1.0,1.0,1.0,1.0,,,1.0,1.0,1.0,11.0,[],,,,,,,,,,,,,,
sci-31945f4df73d,rar_science,baseline,9.0,,,,,,,,,,,,,,,,lint,,,,,,,,,,,,,,,,,,,,,,,,,,"{'item_count_7_20': {'name': 'item_count_7_20', 'applicable': True, 'passed': True, 'reason': ''}}",1.0,1.0,1.0,1.0,0.2222222222222222,0.0,0.0,0.0,0.0,0.3578755259513855,0.2222222222222222,1.0,0.1111111111111111,1.0,1.0,1.0,1.0,1.0,,,1.0,1.0,1.0,14.0,[],,,,,,,,,,,,,,
sci-31945f4df73d,rar_science,agentic,9.0,,,,,,,,,,,,,,,,lint,,,,,,,,,,,,,,,,,,,,,,,,,,"{'item_count_7_20': {'name': 'item_count_7_20', 'applicable': True, 'passed': True, 'reason': ''}}",0.5555555555555556,0.0,1.0,1.0,0.2222222222222222,1.0,0.14285714285714285,1.0,1.0,0.6395942568778992,0.2222222222222222,0.8888888888888888,0.0,1.0,1.0,1.0,1.0,1.0,,,1.0,0.5555555555555556,1.0,14.0,"[{'pitfall_index': 6, 'positive_index': 4, 'similarity': 0.6395942568778992}]",,,,,,,,,,,,,,
sci-31945f4df73d,rar_science,agentic-tools,5.0,,,,,,,,,,,,,,,,lint,,,,,,,,,,,,,,,,,,,,,,,,,,"{'item_count_7_20': {'name': 'item_count_7_20', 'applicable': True, 'passed': False, 'reason': '5 items'}}",0.8,0.0,0.0,1.0,0.2,0.0,0.0,1.0,1.0,0.7765035033226013,0.2,1.0,0.0,0.0,1.0,1.0,1.0,1.0,,,1.0,0.8,1.0,4.0,"[{'pitfall_index': 3, 'positive_index': 0, 'similarity': 0.7765035033226013}]",,,,,,,,,,,,,,
sci-3c61ccbecbf0,rar_science,shipped,7.0,,,,,,,,,,,,,,,,lint,,,,,,,,,,,,,,,,,,,,,,,,,,"{'item_count_7_20': {'name': 'item_count_7_20', 'applicable': True, 'passed': True, 'reason': ''}}",1.0,1.0,1.0,1.0,0.14285714285714285,0.0,0.0,0.0,0.0,0.3823762834072113,0.14285714285714285,0.7142857142857143,0.0,1.0,1.0,1.0,1.0,1.0,,,1.0,1.0,1.0,12.0,[],,,,,,,,,,,,,,
sci-3c61ccbecbf0,rar_science,baseline,14.0,,,,,,,,,,,,,,,,lint,,,,,,,,,,,,,,,,,,,,,,,,,,"{'item_count_7_20': {'name': 'item_count_7_20', 'applicable': True, 'passed': True, 'reason': ''}}",0.9285714285714286,0.0,1.0,0.0,0.2857142857142857,0.0,0.0,0.0,0.0,0.518176257610321,0.2857142857142857,1.0,0.14285714285714285,1.0,0.9285714285714286,1.0,1.0,1.0,,,1.0,1.0,1.0,31.0,[],,,,,,,,,,,,,,
sci-3c61ccbecbf0,rar_science,agentic,6.0,,,,,,,,,,,,,,,,lint,,,,,,,,,,,,,,,,,,,,,,,,,,"{'item_count_7_20': {'name': 'item_count_7_20', 'applicable': True, 'passed': False, 'reason': '6 items'}}",0.8333333333333334,0.0,0.0,1.0,0.6666666666666666,0.0,,0.0,0.0,0.4186669588088989,0.6666666666666666,1.0,0.0,0.0,1.0,1.0,1.0,1.0,,,1.0,0.8333333333333334,1.0,0.0,[],,,,,,,,,,,,,,
sci-3c61ccbecbf0,rar_science,agentic-tools,4.0,,,,,,,,,,,,,,,,lint,,,,,,,,,,,,,,,,,,,,,,,,,,"{'item_count_7_20': {'name': 'item_count_7_20', 'applicable': True, 'passed': False, 'reason': '4 items'}}",1.0,0.0,0.0,1.0,0.25,0.0,0.0,0.0,0.0,0.3431338965892792,0.25,0.75,0.0,0.0,1.0,1.0,1.0,1.0,,,1.0,1.0,1.0,3.0,[],,,,,,,,,,,,,,
sci-4043bf8ee284,rar_science,shipped,9.0,,,,,,,,,,,,,,,,lint,,,,,,,,,,,,,,,,,,,,,,,,,,"{'item_count_7_20': {'name': 'item_count_7_20', 'applicable': True, 'passed': True, 'reason': ''}}",0.8888888888888888,0.0,1.0,1.0,0.1111111111111111,0.0,0.0,0.0,0.0,0.11427795886993408,0.1111111111111111,1.0,0.0,1.0,1.0,1.0,1.0,1.0,,,1.0,0.8888888888888888,1.0,21.0,[],,,,,,,,,,,,,,
sci-4043bf8ee284,rar_science,baseline,10.0,,,,,,,,,,,,,,,,lint,,,,,,,,,,,,,,,,,,,,,,,,,,"{'item_count_7_20': {'name': 'item_count_7_20', 'applicable': True, 'passed': True, 'reason': ''}}",1.0,1.0,1.0,0.0,0.2,0.0,0.0,0.0,0.0,0.4269225597381592,0.2,1.0,0.1,1.0,1.0,1.0,1.0,1.0,,,1.0,1.0,1.0,19.0,[],,,,,,,,,,,,,,
sci-4043bf8ee284,rar_science,agentic,16.0,,,,,,,,,,,,,,,,lint,,,,,,,,,,,,,,,,,,,,,,,,,,"{'item_count_7_20': {'name': 'item_count_7_20', 'applicable': True, 'passed': True, 'reason': ''}}",0.75,0.0,1.0,1.0,0.25,0.0,0.0,1.0,1.0,0.7293300628662109,0.25,1.0,0.0,1.0,1.0,1.0,1.0,1.0,,,1.0,0.75,1.0,41.0,"[{'pitfall_index': 13, 'positive_index': 4, 'similarity': 0.7293300628662109}]",,,,,,,,,,,,,,
sci-4043bf8ee284,rar_science,agentic-tools,6.0,,,,,,,,,,,,,,,,lint,,,,,,,,,,,,,,,,,,,,,,,,,,"{'item_count_7_20': {'name': 'item_count_7_20', 'applicable': True, 'passed': False, 'reason': '6 items'}}",0.6666666666666666,0.0,0.0,1.0,0.5,0.0,0.0,0.0,0.0,0.47067350149154663,0.5,0.8333333333333334,0.0,0.0,0.6666666666666666,1.0,1.0,1.0,,,1.0,0.8333333333333334,1.0,2.0,[],,,,,,,,,,,,,,
sci-42ea0adaccfd,rar_science,shipped,7.0,,,,,,,,,,,,,,,,lint,,,,,,,,,,,,,,,,,,,,,,,,,,"{'item_count_7_20': {'name': 'item_count_7_20', 'applicable': True, 'passed': True, 'reason': ''}}",1.0,1.0,1.0,1.0,0.14285714285714285,1.0,0.09090909090909091,0.0,0.0,0.3011571764945984,0.14285714285714285,0.5714285714285714,0.0,1.0,1.0,1.0,1.0,1.0,,,1.0,1.0,1.0,11.0,[],,,,,,,,,,,,,,
sci-42ea0adaccfd,rar_science,baseline,9.0,,,,,,,,,,,,,,,,lint,,,,,,,,,,,,,,,,,,,,,,,,,,"{'item_count_7_20': {'name': 'item_count_7_20', 'applicable': True, 'passed': True, 'reason': ''}}",1.0,1.0,1.0,0.0,0.2222222222222222,0.0,0.0,0.0,0.0,0.49409791827201843,0.2222222222222222,1.0,0.1111111111111111,1.0,1.0,1.0,1.0,1.0,,,1.0,1.0,1.0,16.0,[],,,,,,,,,,,,,,
sci-42ea0adaccfd,rar_science,agentic,6.0,,,,,,,,,,,,,,,,lint,,,,,,,,,,,,,,,,,,,,,,,,,,"{'item_count_7_20': {'name': 'item_count_7_20', 'applicable': True, 'passed': False, 'reason': '6 items'}}",0.8333333333333334,0.0,0.0,1.0,0.0,0.0,0.0,0.0,0.0,0.0,0.0,0.5,0.0,0.0,1.0,1.0,1.0,1.0,,,1.0,0.8333333333333334,1.0,8.0,[],,,,,,,,,,,,,,
sci-42ea0adaccfd,rar_science,agentic-tools,6.0,,,,,,,,,,,,,,,,lint,,,,,,,,,,,,,,,,,,,,,,,,,,"{'item_count_7_20': {'name': 'item_count_7_20', 'applicable': True, 'passed': False, 'reason': '6 items'}}",0.8333333333333334,0.0,0.0,1.0,0.5,0.0,0.0,0.0,0.0,0.3396969735622406,0.5,0.8333333333333334,0.0,0.0,0.8333333333333334,1.0,1.0,1.0,,,1.0,1.0,1.0,2.0,[],,,,,,,,,,,,,,
sci-4374acc76fa7,rar_science,shipped,7.0,,,,,,,,,,,,,,,,lint,,,,,,,,,,,,,,,,,,,,,,,,,,"{'item_count_7_20': {'name': 'item_count_7_20', 'applicable': True, 'passed': True, 'reason': ''}}",1.0,1.0,1.0,1.0,0.14285714285714285,1.0,0.16666666666666666,0.0,0.0,0.10670717060565948,0.14285714285714285,0.5714285714285714,0.0,1.0,1.0,1.0,1.0,1.0,,,1.0,1.0,1.0,12.0,[],,,,,,,,,,,,,,
sci-4374acc76fa7,rar_science,baseline,11.0,,,,,,,,,,,,,,,,lint,,,,,,,,,,,,,,,,,,,,,,,,,,"{'item_count_7_20': {'name': 'item_count_7_20', 'applicable': True, 'passed': True, 'reason': ''}}",1.0,1.0,1.0,0.0,0.18181818181818182,1.0,0.16666666666666666,0.0,0.0,0.466655969619751,0.18181818181818182,0.8181818181818182,0.0,1.0,1.0,1.0,1.0,1.0,,,1.0,1.0,1.0,24.0,[],,,,,,,,,,,,,,
sci-4374acc76fa7,rar_science,agentic,15.0,,,,,,,,,,,,,,,,lint,,,,,,,,,,,,,,,,,,,,,,,,,,"{'item_count_7_20': {'name': 'item_count_7_20', 'applicable': True, 'passed': True, 'reason': ''}}",0.8666666666666667,0.0,1.0,1.0,0.2,0.0,0.0,1.0,1.0,0.6238179206848145,0.2,1.0,0.0,1.0,0.9333333333333333,1.0,1.0,1.0,,,1.0,0.9333333333333333,1.0,47.0,"[{'pitfall_index': 11, 'positive_index': 6, 'similarity': 0.6238179206848145}]",,,,,,,,,,,,,,
sci-4374acc76fa7,rar_science,agentic-tools,15.0,,,,,,,,,,,,,,,,lint,,,,,,,,,,,,,,,,,,,,,,,,,,"{'item_count_7_20': {'name': 'item_count_7_20', 'applicable': True, 'passed': True, 'reason': ''}}",0.9333333333333333,0.0,1.0,1.0,0.3333333333333333,0.0,0.0,1.0,1.0,0.6350414752960205,0.3333333333333333,1.0,0.0,1.0,0.9333333333333333,1.0,1.0,1.0,,,1.0,1.0,1.0,31.0,"[{'pitfall_index': 13, 'positive_index': 6, 'similarity': 0.6350414752960205}]",,,,,,,,,,,,,,
sci-4ff615cd292d,rar_science,shipped,7.0,,,,,,,,,,,,,,,,lint,,,,,,,,,,,,,,,,,,,,,,,,,,"{'item_count_7_20': {'name': 'item_count_7_20', 'applicable': True, 'passed': True, 'reason': ''}}",0.8571428571428571,0.0,1.0,1.0,0.14285714285714285,0.0,0.0,0.0,0.0,0.3214726746082306,0.14285714285714285,0.8571428571428571,0.0,1.0,0.8571428571428571,1.0,1.0,1.0,,,1.0,1.0,1.0,12.0,[],,,,,,,,,,,,,,
sci-4ff615cd292d,rar_science,baseline,8.0,,,,,,,,,,,,,,,,lint,,,,,,,,,,,,,,,,,,,,,,,,,,"{'item_count_7_20': {'name': 'item_count_7_20', 'applicable': True, 'passed': True, 'reason': ''}}",0.875,0.0,1.0,0.0,0.25,0.0,0.0,1.0,1.0,0.7246493101119995,0.25,1.0,0.125,1.0,1.0,1.0,1.0,1.0,,,1.0,0.875,1.0,8.0,"[{'pitfall_index': 7, 'positive_index': 4, 'similarity': 0.7246493101119995}]",,,,,,,,,,,,,,
sci-4ff615cd292d,rar_science,agentic,6.0,,,,,,,,,,,,,,,,lint,,,,,,,,,,,,,,,,,,,,,,,,,,"{'item_count_7_20': {'name': 'item_count_7_20', 'applicable': True, 'passed': False, 'reason': '6 items'}}",0.6666666666666666,0.0,0.0,1.0,0.16666666666666666,1.0,0.25,0.0,0.0,0.46816286444664,0.16666666666666666,0.6666666666666666,0.0,0.0,0.8333333333333334,1.0,1.0,1.0,,,1.0,0.8333333333333334,1.0,4.0,[],,,,,,,,,,,,,,
sci-4ff615cd292d,rar_science,agentic-tools,5.0,,,,,,,,,,,,,,,,lint,,,,,,,,,,,,,,,,,,,,,,,,,,"{'item_count_7_20': {'name': 'item_count_7_20', 'applicable': True, 'passed': False, 'reason': '5 items'}}",1.0,0.0,0.0,1.0,0.0,0.0,0.0,0.0,0.0,0.0,0.0,1.0,0.0,0.0,1.0,1.0,1.0,1.0,,,1.0,1.0,1.0,7.0,[],,,,,,,,,,,,,,
sci-51a643fb0239,rar_science,shipped,7.0,,,,,,,,,,,,,,,,lint,,,,,,,,,,,,,,,,,,,,,,,,,,"{'item_count_7_20': {'name': 'item_count_7_20', 'applicable': True, 'passed': True, 'reason': ''}}",1.0,1.0,1.0,1.0,0.0,0.0,0.0,0.0,0.0,0.0,0.0,0.8571428571428571,0.0,1.0,1.0,1.0,1.0,1.0,,,1.0,1.0,1.0,15.0,[],,,,,,,,,,,,,,
sci-51a643fb0239,rar_science,baseline,9.0,,,,,,,,,,,,,,,,lint,,,,,,,,,,,,,,,,,,,,,,,,,,"{'item_count_7_20': {'name': 'item_count_7_20', 'applicable': True, 'passed': True, 'reason': ''}}",0.8888888888888888,0.0,1.0,0.0,0.2222222222222222,1.0,0.2,0.0,0.0,0.41886523365974426,0.2222222222222222,0.6666666666666666,0.0,1.0,1.0,1.0,1.0,1.0,,,1.0,0.8888888888888888,1.0,15.0,[],,,,,,,,,,,,,,
sci-51a643fb0239,rar_science,agentic,6.0,,,,,,,,,,,,,,,,lint,,,,,,,,,,,,,,,,,,,,,,,,,,"{'item_count_7_20': {'name': 'item_count_7_20', 'applicable': True, 'passed': False, 'reason': '6 items'}}",0.6666666666666666,0.0,0.0,1.0,0.0,0.0,0.0,0.0,0.0,0.0,0.0,1.0,0.0,0.0,1.0,1.0,1.0,1.0,,,1.0,0.6666666666666666,1.0,11.0,[],,,,,,,,,,,,,,
sci-51a643fb0239,rar_science,agentic-tools,6.0,,,,,,,,,,,,,,,,lint,,,,,,,,,,,,,,,,,,,,,,,,,,"{'item_count_7_20': {'name': 'item_count_7_20', 'applicable': True, 'passed': False, 'reason': '6 items'}}",0.8333333333333334,0.0,0.0,1.0,0.0,0.0,0.0,0.0,0.0,0.0,0.0,1.0,0.0,0.0,1.0,1.0,1.0,1.0,,,1.0,0.8333333333333334,1.0,5.0,[],,,,,,,,,,,,,,
sci-59e13b52684e,rar_science,shipped,8.0,,,,,,,,,,,,,,,,lint,,,,,,,,,,,,,,,,,,,,,,,,,,"{'item_count_7_20': {'name': 'item_count_7_20', 'applicable': True, 'passed': True, 'reason': ''}}",1.0,1.0,1.0,0.0,0.125,1.0,0.125,0.0,0.0,0.1998334676027298,0.125,0.625,0.0,1.0,1.0,1.0,1.0,1.0,,,1.0,1.0,1.0,16.0,[],,,,,,,,,,,,,,
sci-59e13b52684e,rar_science,baseline,10.0,,,,,,,,,,,,,,,,lint,,,,,,,,,,,,,,,,,,,,,,,,,,"{'item_count_7_20': {'name': 'item_count_7_20', 'applicable': True, 'passed': True, 'reason': ''}}",1.0,1.0,1.0,0.0,0.1,1.0,0.11538461538461539,0.0,0.0,0.21842271089553833,0.1,0.9,0.0,1.0,1.0,1.0,1.0,1.0,,,1.0,1.0,1.0,26.0,[],,,,,,,,,,,,,,
sci-59e13b52684e,rar_science,agentic,6.0,,,,,,,,,,,,,,,,lint,,,,,,,,,,,,,,,,,,,,,,,,,,"{'item_count_7_20': {'name': 'item_count_7_20', 'applicable': True, 'passed': False, 'reason': '6 items'}}",0.8333333333333334,0.0,0.0,1.0,0.0,1.0,0.3333333333333333,0.0,0.0,0.0,0.0,0.6666666666666666,0.0,0.0,1.0,1.0,1.0,1.0,,,1.0,0.8333333333333334,1.0,9.0,[],,,,,,,,,,,,,,
sci-59e13b52684e,rar_science,agentic-tools,5.0,,,,,,,,,,,,,,,,lint,,,,,,,,,,,,,,,,,,,,,,,,,,"{'item_count_7_20': {'name': 'item_count_7_20', 'applicable': True, 'passed': False, 'reason': '5 items'}}",0.8,0.0,0.0,1.0,0.6,0.0,0.0,0.0,0.0,0.336570680141449,0.6,1.0,0.0,0.0,1.0,1.0,1.0,1.0,,,1.0,0.8,1.0,1.0,[],,,,,,,,,,,,,,
sci-7232a342c126,rar_science,shipped,7.0,,,,,,,,,,,,,,,,lint,,,,,,,,,,,,,,,,,,,,,,,,,,"{'item_count_7_20': {'name': 'item_count_7_20', 'applicable': True, 'passed': True, 'reason': ''}}",1.0,1.0,1.0,1.0,0.14285714285714285,1.0,0.18181818181818182,0.0,0.0,0.3959457278251648,0.14285714285714285,0.8571428571428571,0.0,1.0,1.0,1.0,1.0,1.0,,,1.0,1.0,1.0,11.0,[],,,,,,,,,,,,,,
sci-7232a342c126,rar_science,baseline,13.0,,,,,,,,,,,,,,,,lint,,,,,,,,,,,,,,,,,,,,,,,,,,"{'item_count_7_20': {'name': 'item_count_7_20', 'applicable': True, 'passed': True, 'reason': ''}}",1.0,1.0,1.0,0.0,0.23076923076923078,0.0,0.0,0.0,0.0,0.5992726683616638,0.23076923076923078,1.0,0.07692307692307693,1.0,1.0,1.0,1.0,1.0,,,1.0,1.0,1.0,28.0,[],,,,,,,,,,,,,,
sci-7232a342c126,rar_science,agentic,16.0,,,,,,,,,,,,,,,,lint,,,,,,,,,,,,,,,,,,,,,,,,,,"{'item_count_7_20': {'name': 'item_count_7_20', 'applicable': True, 'passed': True, 'reason': ''}}",0.6875,0.0,1.0,1.0,0.1875,0.0,0.0,0.0,0.0,0.5305972099304199,0.1875,1.0,0.0,1.0,0.6875,1.0,1.0,1.0,,,1.0,1.0,1.0,40.0,[],,,,,,,,,,,,,,
sci-7232a342c126,rar_science,agentic-tools,5.0,,,,,,,,,,,,,,,,lint,,,,,,,,,,,,,,,,,,,,,,,,,,"{'item_count_7_20': {'name': 'item_count_7_20', 'applicable': True, 'passed': False, 'reason': '5 items'}}",1.0,0.0,0.0,1.0,0.2,0.0,0.0,0.0,0.0,0.415465772151947,0.2,1.0,0.0,0.0,1.0,1.0,1.0,1.0,,,1.0,1.0,1.0,3.0,[],,,,,,,,,,,,,,
sci-774dda56a4b0,rar_science,shipped,7.0,,,,,,,,,,,,,,,,lint,,,,,,,,,,,,,,,,,,,,,,,,,,"{'item_count_7_20': {'name': 'item_count_7_20', 'applicable': True, 'passed': True, 'reason': ''}}",1.0,1.0,1.0,1.0,0.0,0.0,0.0,0.0,0.0,0.0,0.0,0.8571428571428571,0.0,1.0,1.0,1.0,1.0,1.0,,,1.0,1.0,1.0,16.0,[],,,,,,,,,,,,,,
sci-774dda56a4b0,rar_science,baseline,10.0,,,,,,,,,,,,,,,,lint,,,,,,,,,,,,,,,,,,,,,,,,,,"{'item_count_7_20': {'name': 'item_count_7_20', 'applicable': True, 'passed': True, 'reason': ''}}",0.9,0.0,1.0,0.0,0.3,0.0,0.0,0.0,0.0,0.45877331495285034,0.3,1.0,0.2,1.0,1.0,1.0,1.0,1.0,,,1.0,0.9,1.0,16.0,[],,,,,,,,,,,,,,
sci-774dda56a4b0,rar_science,agentic,6.0,,,,,,,,,,,,,,,,lint,,,,,,,,,,,,,,,,,,,,,,,,,,"{'item_count_7_20': {'name': 'item_count_7_20', 'applicable': True, 'passed': False, 'reason': '6 items'}}",0.6666666666666666,0.0,0.0,1.0,0.3333333333333333,0.0,0.0,0.0,0.0,0.47583818435668945,0.3333333333333333,1.0,0.0,0.0,0.8333333333333334,1.0,1.0,1.0,,,1.0,0.8,1.0,3.0,[],,,,,,,,,,,,,,
sci-774dda56a4b0,rar_science,agentic-tools,16.0,,,,,,,,,,,,,,,,lint,,,,,,,,,,,,,,,,,,,,,,,,,,"{'item_count_7_20': {'name': 'item_count_7_20', 'applicable': True, 'passed': True, 'reason': ''}}",0.875,0.0,1.0,1.0,0.25,0.0,0.0,1.0,1.0,0.6919121742248535,0.25,1.0,0.0,1.0,0.9375,1.0,1.0,1.0,,,1.0,0.9375,1.0,41.0,"[{'pitfall_index': 13, 'positive_index': 2, 'similarity': 0.6919121742248535}]",,,,,,,,,,,,,,
sci-87fc64569182,rar_science,shipped,7.0,,,,,,,,,,,,,,,,lint,,,,,,,,,,,,,,,,,,,,,,,,,,"{'item_count_7_20': {'name': 'item_count_7_20', 'applicable': True, 'passed': True, 'reason': ''}}",1.0,1.0,1.0,1.0,0.0,0.0,0.0,0.0,0.0,0.0,0.0,0.7142857142857143,0.0,1.0,1.0,1.0,1.0,1.0,,,1.0,1.0,1.0,16.0,[],,,,,,,,,,,,,,
sci-87fc64569182,rar_science,baseline,7.0,,,,,,,,,,,,,,,,lint,,,,,,,,,,,,,,,,,,,,,,,,,,"{'item_count_7_20': {'name': 'item_count_7_20', 'applicable': True, 'passed': True, 'reason': ''}}",0.8571428571428571,0.0,1.0,0.0,0.2857142857142857,0.0,0.0,0.0,0.0,0.4785447418689728,0.2857142857142857,1.0,0.0,1.0,1.0,1.0,1.0,1.0,,,1.0,0.8571428571428571,1.0,7.0,[],,,,,,,,,,,,,,
sci-87fc64569182,rar_science,agentic,6.0,,,,,,,,,,,,,,,,lint,,,,,,,,,,,,,,,,,,,,,,,,,,"{'item_count_7_20': {'name': 'item_count_7_20', 'applicable': True, 'passed': False, 'reason': '6 items'}}",0.6666666666666666,0.0,0.0,1.0,0.16666666666666666,1.0,0.3333333333333333,1.0,1.0,0.6176413893699646,0.16666666666666666,0.8333333333333334,0.0,0.0,1.0,1.0,1.0,1.0,,,1.0,0.6666666666666666,1.0,6.0,"[{'pitfall_index': 2, 'positive_index': 3, 'similarity': 0.6176413893699646}]",,,,,,,,,,,,,,
sci-87fc64569182,rar_science,agentic-tools,6.0,,,,,,,,,,,,,,,,lint,,,,,,,,,,,,,,,,,,,,,,,,,,"{'item_count_7_20': {'name': 'item_count_7_20', 'applicable': True, 'passed': False, 'reason': '6 items'}}",0.8333333333333334,0.0,0.0,1.0,0.6666666666666666,0.0,0.0,0.0,0.0,0.25489261746406555,0.6666666666666666,1.0,0.0,0.0,1.0,1.0,1.0,1.0,,,1.0,0.8333333333333334,1.0,1.0,[],,,,,,,,,,,,,,
sci-8af1844cfb27,rar_science,shipped,8.0,,,,,,,,,,,,,,,,lint,,,,,,,,,,,,,,,,,,,,,,,,,,"{'item_count_7_20': {'name': 'item_count_7_20', 'applicable': True, 'passed': True, 'reason': ''}}",1.0,1.0,1.0,1.0,0.125,1.0,0.25,0.0,0.0,0.058482129126787186,0.125,0.5,0.0,1.0,1.0,1.0,1.0,1.0,,,1.0,1.0,1.0,16.0,[],,,,,,,,,,,,,,
sci-8af1844cfb27,rar_science,baseline,11.0,,,,,,,,,,,,,,,,lint,,,,,,,,,,,,,,,,,,,,,,,,,,"{'item_count_7_20': {'name': 'item_count_7_20', 'applicable': True, 'passed': True, 'reason': ''}}",0.9090909090909091,0.0,1.0,1.0,0.09090909090909091,1.0,0.09523809523809523,0.0,0.0,0.4890742599964142,0.09090909090909091,0.9090909090909091,0.09090909090909091,1.0,1.0,1.0,1.0,1.0,,,1.0,0.9090909090909091,1.0,21.0,[],,,,,,,,,,,,,,
sci-8af1844cfb27,rar_science,agentic,10.0,,,,,,,,,,,,,,,,lint,,,,,,,,,,,,,,,,,,,,,,,,,,"{'item_count_7_20': {'name': 'item_count_7_20', 'applicable': True, 'passed': True, 'reason': ''}}",0.7,0.0,1.0,1.0,0.0,1.0,0.08695652173913043,0.0,0.0,0.0,0.0,0.4,0.0,1.0,1.0,0.9,1.0,1.0,,,1.0,0.8,1.0,23.0,[],,,,,,,,,,,,,,
sci-8af1844cfb27,rar_science,agentic-tools,13.0,,,,,,,,,,,,,,,,lint,,,,,,,,,,,,,,,,,,,,,,,,,,"{'item_count_7_20': {'name': 'item_count_7_20', 'applicable': True, 'passed': True, 'reason': ''}}",1.0,1.0,1.0,1.0,0.0,1.0,0.02127659574468085,0.0,0.0,0.0,0.0,0.7692307692307693,0.0,1.0,1.0,1.0,1.0,1.0,,,1.0,1.0,1.0,47.0,[],,,,,,,,,,,,,,
sci-a8cd6180f491,rar_science,shipped,7.0,,,,,,,,,,,,,,,,lint,,,,,,,,,,,,,,,,,,,,,,,,,,"{'item_count_7_20': {'name': 'item_count_7_20', 'applicable': True, 'passed': True, 'reason': ''}}",1.0,1.0,1.0,1.0,0.14285714285714285,0.0,0.0,0.0,0.0,0.21283115446567535,0.14285714285714285,1.0,0.0,1.0,1.0,1.0,1.0,1.0,,,1.0,1.0,1.0,9.0,[],,,,,,,,,,,,,,
sci-a8cd6180f491,rar_science,baseline,8.0,,,,,,,,,,,,,,,,lint,,,,,,,,,,,,,,,,,,,,,,,,,,"{'item_count_7_20': {'name': 'item_count_7_20', 'applicable': True, 'passed': True, 'reason': ''}}",1.0,1.0,1.0,0.0,0.25,0.0,0.0,0.0,0.0,0.31806135177612305,0.25,1.0,0.0,1.0,1.0,1.0,1.0,1.0,,,1.0,1.0,1.0,11.0,[],,,,,,,,,,,,,,
sci-a8cd6180f491,rar_science,agentic,9.0,,,,,,,,,,,,,,,,lint,,,,,,,,,,,,,,,,,,,,,,,,,,"{'item_count_7_20': {'name': 'item_count_7_20', 'applicable': True, 'passed': True, 'reason': ''}}",0.8888888888888888,0.0,1.0,1.0,0.2222222222222222,1.0,0.14285714285714285,0.0,0.0,0.4641995429992676,0.2222222222222222,0.8888888888888888,0.0,1.0,1.0,1.0,1.0,1.0,,,1.0,0.8888888888888888,1.0,14.0,[],,,,,,,,,,,,,,
sci-a8cd6180f491,rar_science,agentic-tools,7.0,,,,,,,,,,,,,,,,lint,,,,,,,,,,,,,,,,,,,,,,,,,,"{'item_count_7_20': {'name': 'item_count_7_20', 'applicable': True, 'passed': True, 'reason': ''}}",0.8571428571428571,0.0,1.0,1.0,0.2857142857142857,1.0,0.16666666666666666,0.0,0.0,0.548803448677063,0.2857142857142857,0.8571428571428571,0.0,1.0,0.8571428571428571,1.0,1.0,1.0,,,1.0,1.0,1.0,6.0,[],,,,,,,,,,,,,,
sci-acc5a4fc4c49,rar_science,shipped,8.0,,,,,,,,,,,,,,,,lint,,,,,,,,,,,,,,,,,,,,,,,,,,"{'item_count_7_20': {'name': 'item_count_7_20', 'applicable': True, 'passed': True, 'reason': ''}}",1.0,1.0,1.0,1.0,0.125,1.0,0.5714285714285714,0.0,0.0,0.4198203384876251,0.125,0.625,0.125,1.0,1.0,1.0,1.0,1.0,,,1.0,1.0,1.0,14.0,[],,,,,,,,,,,,,,
sci-acc5a4fc4c49,rar_science,baseline,14.0,,,,,,,,,,,,,,,,lint,,,,,,,,,,,,,,,,,,,,,,,,,,"{'item_count_7_20': {'name': 'item_count_7_20', 'applicable': True, 'passed': True, 'reason': ''}}",0.7857142857142857,0.0,1.0,1.0,0.21428571428571427,0.0,0.0,0.0,0.0,0.3357735872268677,0.21428571428571427,1.0,0.21428571428571427,1.0,0.7857142857142857,1.0,1.0,1.0,,,1.0,1.0,1.0,34.0,[],,,,,,,,,,,,,,
sci-acc5a4fc4c49,rar_science,agentic,14.0,,,,,,,,,,,,,,,,lint,,,,,,,,,,,,,,,,,,,,,,,,,,"{'item_count_7_20': {'name': 'item_count_7_20', 'applicable': True, 'passed': True, 'reason': ''}}",0.9285714285714286,0.0,1.0,1.0,0.07142857142857142,1.0,0.3333333333333333,0.0,0.0,0.44495242834091187,0.07142857142857142,0.8571428571428571,0.0,1.0,0.9285714285714286,1.0,1.0,1.0,,,1.0,1.0,1.0,42.0,[],,,,,,,,,,,,,,
sci-acc5a4fc4c49,rar_science,agentic-tools,14.0,,,,,,,,,,,,,,,,lint,,,,,,,,,,,,,,,,,,,,,,,,,,"{'item_count_7_20': {'name': 'item_count_7_20', 'applicable': True, 'passed': True, 'reason': ''}}",1.0,1.0,1.0,1.0,0.07142857142857142,0.0,0.0,0.0,0.0,0.5369380712509155,0.07142857142857142,1.0,0.0,1.0,1.0,1.0,1.0,1.0,,,1.0,1.0,1.0,54.0,[],,,,,,,,,,,,,,
sci-b9f57b678ecc,rar_science,shipped,7.0,,,,,,,,,,,,,,,,lint,,,,,,,,,,,,,,,,,,,,,,,,,,"{'item_count_7_20': {'name': 'item_count_7_20', 'applicable': True, 'passed': True, 'reason': ''}}",1.0,1.0,1.0,1.0,0.14285714285714285,1.0,0.16666666666666666,0.0,0.0,0.17435966432094574,0.14285714285714285,0.5714285714285714,0.0,1.0,1.0,1.0,1.0,1.0,,,1.0,1.0,1.0,12.0,[],,,,,,,,,,,,,,
sci-b9f57b678ecc,rar_science,baseline,12.0,,,,,,,,,,,,,,,,lint,,,,,,,,,,,,,,,,,,,,,,,,,,"{'item_count_7_20': {'name': 'item_count_7_20', 'applicable': True, 'passed': True, 'reason': ''}}",0.9166666666666666,0.0,1.0,0.0,0.3333333333333333,0.0,0.0,0.0,0.0,0.5670625567436218,0.3333333333333333,1.0,0.08333333333333333,1.0,0.9166666666666666,1.0,1.0,1.0,,,1.0,1.0,1.0,20.0,[],,,,,,,,,,,,,,
sci-b9f57b678ecc,rar_science,agentic,15.0,,,,,,,,,,,,,,,,lint,,,,,,,,,,,,,,,,,,,,,,,,,,"{'item_count_7_20': {'name': 'item_count_7_20', 'applicable': True, 'passed': True, 'reason': ''}}",1.0,1.0,1.0,1.0,0.0,1.0,0.04054054054054054,0.0,0.0,0.0,0.0,0.8,0.0,1.0,1.0,1.0,1.0,1.0,,,1.0,1.0,1.0,74.0,[],,,,,,,,,,,,,,
sci-b9f57b678ecc,rar_science,agentic-tools,15.0,,,,,,,,,,,,,,,,lint,,,,,,,,,,,,,,,,,,,,,,,,,,"{'item_count_7_20': {'name': 'item_count_7_20', 'applicable': True, 'passed': True, 'reason': ''}}",1.0,1.0,1.0,1.0,0.06666666666666667,0.0,0.0,0.0,0.0,0.42965206503868103,0.06666666666666667,1.0,0.0,1.0,1.0,1.0,1.0,1.0,,,1.0,1.0,1.0,63.0,[],,,,,,,,,,,,,,
sci-be1b014411ab,rar_science,shipped,8.0,,,,,,,,,,,,,,,,lint,,,,,,,,,,,,,,,,,,,,,,,,,,"{'item_count_7_20': {'name': 'item_count_7_20', 'applicable': True, 'passed': True, 'reason': ''}}",1.0,1.0,1.0,1.0,0.125,1.0,0.125,0.0,0.0,0.3683556914329529,0.125,0.625,0.0,1.0,1.0,1.0,1.0,1.0,,,1.0,1.0,1.0,16.0,[],,,,,,,,,,,,,,
sci-be1b014411ab,rar_science,baseline,16.0,,,,,,,,,,,,,,,,lint,,,,,,,,,,,,,,,,,,,,,,,,,,"{'item_count_7_20': {'name': 'item_count_7_20', 'applicable': True, 'passed': True, 'reason': ''}}",1.0,1.0,1.0,0.0,0.1875,1.0,0.05555555555555555,1.0,1.0,0.666756272315979,0.1875,0.9375,0.125,1.0,1.0,1.0,1.0,1.0,,,1.0,1.0,1.0,54.0,"[{'pitfall_index': 13, 'positive_index': 2, 'similarity': 0.666756272315979}]",,,,,,,,,,,,,,
sci-be1b014411ab,rar_science,agentic,15.0,,,,,,,,,,,,,,,,lint,,,,,,,,,,,,,,,,,,,,,,,,,,"{'item_count_7_20': {'name': 'item_count_7_20', 'applicable': True, 'passed': True, 'reason': ''}}",0.8,0.0,1.0,1.0,0.0,0.0,0.0,0.0,0.0,0.0,0.0,0.7333333333333333,0.0,1.0,1.0,1.0,1.0,1.0,,,1.0,0.8,1.0,59.0,[],,,,,,,,,,,,,,
sci-be1b014411ab,rar_science,agentic-tools,11.0,,,,,,,,,,,,,,,,lint,,,,,,,,,,,,,,,,,,,,,,,,,,"{'item_count_7_20': {'name': 'item_count_7_20', 'applicable': True, 'passed': True, 'reason': ''}}",0.6363636363636364,0.0,1.0,1.0,0.0,1.0,0.17857142857142858,0.0,0.0,0.0,0.0,0.2727272727272727,0.0,1.0,0.8181818181818182,1.0,1.0,1.0,,,1.0,0.8181818181818182,1.0,28.0,[],,,,,,,,,,,,,,
sci-c23a2106d46f,rar_science,shipped,7.0,,,,,,,,,,,,,,,,lint,,,,,,,,,,,,,,,,,,,,,,,,,,"{'item_count_7_20': {'name': 'item_count_7_20', 'applicable': True, 'passed': True, 'reason': ''}}",1.0,1.0,1.0,1.0,0.14285714285714285,0.0,0.0,0.0,0.0,0.4272304177284241,0.14285714285714285,0.8571428571428571,0.14285714285714285,1.0,1.0,1.0,1.0,1.0,,,1.0,1.0,1.0,12.0,[],,,,,,,,,,,,,,
sci-c23a2106d46f,rar_science,baseline,9.0,,,,,,,,,,,,,,,,lint,,,,,,,,,,,,,,,,,,,,,,,,,,"{'item_count_7_20': {'name': 'item_count_7_20', 'applicable': True, 'passed': True, 'reason': ''}}",0.8888888888888888,0.0,1.0,0.0,0.3333333333333333,0.0,0.0,0.0,0.0,0.4172811210155487,0.3333333333333333,1.0,0.2222222222222222,1.0,0.8888888888888888,1.0,1.0,1.0,,,1.0,1.0,1.0,12.0,[],,,,,,,,,,,,,,
sci-c23a2106d46f,rar_science,agentic,12.0,,,,,,,,,,,,,,,,lint,,,,,,,,,,,,,,,,,,,,,,,,,,"{'item_count_7_20': {'name': 'item_count_7_20', 'applicable': True, 'passed': True, 'reason': ''}}",0.75,0.0,1.0,1.0,0.25,1.0,0.08695652173913043,0.0,0.0,0.5499663949012756,0.25,0.8333333333333334,0.0,1.0,0.9166666666666666,1.0,1.0,1.0,,,1.0,0.8333333333333334,1.0,23.0,[],,,,,,,,,,,,,,
sci-c23a2106d46f,rar_science,agentic-tools,9.0,,,,,,,,,,,,,,,,lint,,,,,,,,,,,,,,,,,,,,,,,,,,"{'item_count_7_20': {'name': 'item_count_7_20', 'applicable': True, 'passed': True, 'reason': ''}}",0.7777777777777778,0.0,1.0,1.0,0.2222222222222222,0.0,0.0,0.0,0.0,0.3782060146331787,0.2222222222222222,1.0,0.0,1.0,0.8888888888888888,1.0,1.0,1.0,,,1.0,0.8888888888888888,1.0,14.0,[],,,,,,,,,,,,,,
sci-d1dec685a824,rar_science,shipped,7.0,,,,,,,,,,,,,,,,lint,,,,,,,,,,,,,,,,,,,,,,,,,,"{'item_count_7_20': {'name': 'item_count_7_20', 'applicable': True, 'passed': True, 'reason': ''}}",1.0,1.0,1.0,1.0,0.14285714285714285,0.0,0.0,0.0,0.0,0.2813979387283325,0.14285714285714285,0.8571428571428571,0.0,1.0,1.0,1.0,1.0,1.0,,,1.0,1.0,1.0,11.0,[],,,,,,,,,,,,,,
sci-d1dec685a824,rar_science,baseline,10.0,,,,,,,,,,,,,,,,lint,,,,,,,,,,,,,,,,,,,,,,,,,,"{'item_count_7_20': {'name': 'item_count_7_20', 'applicable': True, 'passed': True, 'reason': ''}}",1.0,1.0,1.0,0.0,0.2,1.0,0.05263157894736842,0.0,0.0,0.5112012028694153,0.2,0.9,0.0,1.0,1.0,1.0,1.0,1.0,,,1.0,1.0,1.0,19.0,[],,,,,,,,,,,,,,
sci-d1dec685a824,rar_science,agentic,7.0,,,,,,,,,,,,,,,,lint,,,,,,,,,,,,,,,,,,,,,,,,,,"{'item_count_7_20': {'name': 'item_count_7_20', 'applicable': True, 'passed': True, 'reason': ''}}",0.42857142857142855,0.0,1.0,1.0,0.14285714285714285,1.0,0.125,0.0,0.0,0.28550484776496887,0.14285714285714285,0.8571428571428571,0.0,1.0,0.42857142857142855,1.0,1.0,1.0,,,1.0,1.0,1.0,8.0,[],,,,,,,,,,,,,,
sci-d1dec685a824,rar_science,agentic-tools,7.0,,,,,,,,,,,,,,,,lint,,,,,,,,,,,,,,,,,,,,,,,,,,"{'item_count_7_20': {'name': 'item_count_7_20', 'applicable': True, 'passed': True, 'reason': ''}}",0.7142857142857143,0.0,1.0,1.0,0.2857142857142857,0.0,0.0,0.0,0.0,0.4199175238609314,0.2857142857142857,0.42857142857142855,0.0,1.0,0.7142857142857143,1.0,1.0,1.0,,,1.0,1.0,1.0,4.0,[],,,,,,,,,,,,,,
sci-da510f1356cb,rar_science,shipped,7.0,,,,,,,,,,,,,,,,lint,,,,,,,,,,,,,,,,,,,,,,,,,,"{'item_count_7_20': {'name': 'item_count_7_20', 'applicable': True, 'passed': True, 'reason': ''}}",0.8571428571428571,0.0,1.0,1.0,0.14285714285714285,0.0,0.0,0.0,0.0,0.44245752692222595,0.14285714285714285,1.0,0.0,1.0,1.0,1.0,1.0,1.0,,,1.0,1.0,0.8571428571428571,12.0,[],,,,,,,,,,,,,,
sci-da510f1356cb,rar_science,baseline,12.0,,,,,,,,,,,,,,,,lint,,,,,,,,,,,,,,,,,,,,,,,,,,"{'item_count_7_20': {'name': 'item_count_7_20', 'applicable': True, 'passed': True, 'reason': ''}}",1.0,1.0,1.0,0.0,0.25,0.0,0.0,0.0,0.0,0.34095144271850586,0.25,1.0,0.08333333333333333,1.0,1.0,1.0,1.0,1.0,,,1.0,1.0,1.0,26.0,[],,,,,,,,,,,,,,
sci-da510f1356cb,rar_science,agentic,12.0,,,,,,,,,,,,,,,,lint,,,,,,,,,,,,,,,,,,,,,,,,,,"{'item_count_7_20': {'name': 'item_count_7_20', 'applicable': True, 'passed': True, 'reason': ''}}",1.0,1.0,1.0,1.0,0.08333333333333333,0.0,0.0,0.0,0.0,0.36904221773147583,0.08333333333333333,0.4166666666666667,0.0,1.0,1.0,1.0,1.0,1.0,,,1.0,1.0,1.0,28.0,[],,,,,,,,,,,,,,
sci-da510f1356cb,rar_science,agentic-tools,6.0,,,,,,,,,,,,,,,,lint,,,,,,,,,,,,,,,,,,,,,,,,,,"{'item_count_7_20': {'name': 'item_count_7_20', 'applicable': True, 'passed': False, 'reason': '6 items'}}",0.8333333333333334,0.0,0.0,1.0,0.16666666666666666,0.0,,0.0,0.0,0.17912808060646057,0.16666666666666666,0.6666666666666666,0.0,0.0,1.0,1.0,1.0,1.0,,,1.0,0.8333333333333334,1.0,0.0,[],,,,,,,,,,,,,,
sci-da7d555f397b,rar_science,shipped,7.0,,,,,,,,,,,,,,,,lint,,,,,,,,,,,,,,,,,,,,,,,,,,"{'item_count_7_20': {'name': 'item_count_7_20', 'applicable': True, 'passed': True, 'reason': ''}}",1.0,1.0,1.0,1.0,0.14285714285714285,0.0,0.0,0.0,0.0,0.21866850554943085,0.14285714285714285,0.7142857142857143,0.14285714285714285,1.0,1.0,1.0,1.0,1.0,,,1.0,1.0,1.0,12.0,[],,,,,,,,,,,,,,
sci-da7d555f397b,rar_science,baseline,9.0,,,,,,,,,,,,,,,,lint,,,,,,,,,,,,,,,,,,,,,,,,,,"{'item_count_7_20': {'name': 'item_count_7_20', 'applicable': True, 'passed': True, 'reason': ''}}",0.7777777777777778,0.0,1.0,1.0,0.1111111111111111,0.0,0.0,0.0,0.0,0.16538098454475403,0.1111111111111111,1.0,0.1111111111111111,1.0,1.0,1.0,1.0,1.0,,,1.0,0.7777777777777778,1.0,19.0,[],,,,,,,,,,,,,,
sci-da7d555f397b,rar_science,agentic,8.0,,,,,,,,,,,,,,,,lint,,,,,,,,,,,,,,,,,,,,,,,,,,"{'item_count_7_20': {'name': 'item_count_7_20', 'applicable': True, 'passed': True, 'reason': ''}}",0.875,0.0,1.0,1.0,0.25,0.0,0.0,0.0,0.0,0.1940528154373169,0.25,1.0,0.0,1.0,1.0,1.0,1.0,1.0,,,1.0,0.875,1.0,8.0,[],,,,,,,,,,,,,,
sci-da7d555f397b,rar_science,agentic-tools,15.0,,,,,,,,,,,,,,,,lint,,,,,,,,,,,,,,,,,,,,,,,,,,"{'item_count_7_20': {'name': 'item_count_7_20', 'applicable': True, 'passed': True, 'reason': ''}}",0.8,0.0,1.0,1.0,0.06666666666666667,0.0,0.0,0.0,0.0,0.3393285870552063,0.06666666666666667,1.0,0.0,1.0,1.0,1.0,1.0,1.0,,,1.0,0.8,1.0,40.0,[],,,,,,,,,,,,,,
sci-e12680ade60e,rar_science,shipped,9.0,,,,,,,,,,,,,,,,lint,,,,,,,,,,,,,,,,,,,,,,,,,,"{'item_count_7_20': {'name': 'item_count_7_20', 'applicable': True, 'passed': True, 'reason': ''}}",1.0,1.0,1.0,1.0,0.1111111111111111,0.0,0.0,0.0,0.0,0.5000298619270325,0.1111111111111111,0.7777777777777778,0.0,1.0,1.0,1.0,1.0,1.0,,,1.0,1.0,1.0,21.0,[],,,,,,,,,,,,,,
sci-e12680ade60e,rar_science,baseline,11.0,,,,,,,,,,,,,,,,lint,,,,,,,,,,,,,,,,,,,,,,,,,,"{'item_count_7_20': {'name': 'item_count_7_20', 'applicable': True, 'passed': True, 'reason': ''}}",1.0,1.0,1.0,1.0,0.18181818181818182,0.0,0.0,0.0,0.0,0.5166053771972656,0.18181818181818182,1.0,0.18181818181818182,1.0,1.0,1.0,1.0,1.0,,,1.0,1.0,1.0,24.0,[],,,,,,,,,,,,,,
sci-e12680ade60e,rar_science,agentic,12.0,,,,,,,,,,,,,,,,lint,,,,,,,,,,,,,,,,,,,,,,,,,,"{'item_count_7_20': {'name': 'item_count_7_20', 'applicable': True, 'passed': True, 'reason': ''}}",0.5,0.0,1.0,1.0,0.08333333333333333,1.0,0.25,0.0,0.0,0.3059765100479126,0.08333333333333333,0.4166666666666667,0.0,1.0,0.5,1.0,1.0,1.0,,,1.0,1.0,1.0,24.0,[],,,,,,,,,,,,,,
sci-e12680ade60e,rar_science,agentic-tools,12.0,,,,,,,,,,,,,,,,lint,,,,,,,,,,,,,,,,,,,,,,,,,,"{'item_count_7_20': {'name': 'item_count_7_20', 'applicable': True, 'passed': True, 'reason': ''}}",0.8333333333333334,0.0,1.0,1.0,0.0,1.0,0.06666666666666667,0.0,0.0,0.0,0.0,0.9166666666666666,0.0,1.0,1.0,1.0,1.0,1.0,,,1.0,0.8333333333333334,1.0,45.0,[],,,,,,,,,,,,,,
sci-e74b83fd436a,rar_science,shipped,7.0,,,,,,,,,,,,,,,,lint,,,,,,,,,,,,,,,,,,,,,,,,,,"{'item_count_7_20': {'name': 'item_count_7_20', 'applicable': True, 'passed': True, 'reason': ''}}",1.0,1.0,1.0,1.0,0.0,1.0,0.2,0.0,0.0,0.0,0.0,0.7142857142857143,0.0,1.0,1.0,1.0,1.0,1.0,,,1.0,1.0,1.0,15.0,[],,,,,,,,,,,,,,
sci-e74b83fd436a,rar_science,baseline,9.0,,,,,,,,,,,,,,,,lint,,,,,,,,,,,,,,,,,,,,,,,,,,"{'item_count_7_20': {'name': 'item_count_7_20', 'applicable': True, 'passed': True, 'reason': ''}}",0.8888888888888888,0.0,1.0,1.0,0.1111111111111111,1.0,0.15789473684210525,0.0,0.0,0.5765403509140015,0.1111111111111111,0.8888888888888888,0.1111111111111111,1.0,1.0,1.0,1.0,1.0,,,1.0,0.8888888888888888,1.0,19.0,[],,,,,,,,,,,,,,
sci-e74b83fd436a,rar_science,agentic,15.0,,,,,,,,,,,,,,,,lint,,,,,,,,,,,,,,,,,,,,,,,,,,"{'item_count_7_20': {'name': 'item_count_7_20', 'applicable': True, 'passed': True, 'reason': ''}}",0.4,0.0,1.0,1.0,0.2,1.0,0.5428571428571428,0.0,0.0,0.44043228030204773,0.2,0.5333333333333333,0.0,1.0,0.5333333333333333,1.0,1.0,1.0,,,1.0,0.6,1.0,35.0,[],,,,,,,,,,,,,,
sci-e74b83fd436a,rar_science,agentic-tools,16.0,,,,,,,,,,,,,,,,lint,,,,,,,,,,,,,,,,,,,,,,,,,,"{'item_count_7_20': {'name': 'item_count_7_20', 'applicable': True, 'passed': True, 'reason': ''}}",0.4375,0.0,1.0,1.0,0.25,0.0,0.0,0.0,0.0,0.5737550258636475,0.25,0.875,0.0,1.0,0.75,1.0,1.0,1.0,,,1.0,0.5625,1.0,41.0,[],,,,,,,,,,,,,,
sci-ea25bcc0bf72,rar_science,shipped,7.0,,,,,,,,,,,,,,,,lint,,,,,,,,,,,,,,,,,,,,,,,,,,"{'item_count_7_20': {'name': 'item_count_7_20', 'applicable': True, 'passed': True, 'reason': ''}}",1.0,1.0,1.0,1.0,0.14285714285714285,0.0,0.0,0.0,0.0,0.30977359414100647,0.14285714285714285,0.8571428571428571,0.0,1.0,1.0,1.0,1.0,1.0,,,1.0,1.0,1.0,11.0,[],,,,,,,,,,,,,,
sci-ea25bcc0bf72,rar_science,baseline,7.0,,,,,,,,,,,,,,,,lint,,,,,,,,,,,,,,,,,,,,,,,,,,"{'item_count_7_20': {'name': 'item_count_7_20', 'applicable': True, 'passed': True, 'reason': ''}}",0.8571428571428571,0.0,1.0,1.0,0.14285714285714285,1.0,0.09090909090909091,0.0,0.0,0.44431158900260925,0.14285714285714285,0.8571428571428571,0.14285714285714285,1.0,0.8571428571428571,1.0,1.0,1.0,,,1.0,1.0,1.0,11.0,[],,,,,,,,,,,,,,
sci-ea25bcc0bf72,rar_science,agentic,8.0,,,,,,,,,,,,,,,,lint,,,,,,,,,,,,,,,,,,,,,,,,,,"{'item_count_7_20': {'name': 'item_count_7_20', 'applicable': True, 'passed': True, 'reason': ''}}",1.0,1.0,1.0,1.0,0.25,0.0,0.0,0.0,0.0,0.448503315448761,0.25,0.875,0.0,1.0,1.0,1.0,1.0,1.0,,,1.0,1.0,1.0,5.0,[],,,,,,,,,,,,,,
sci-ea25bcc0bf72,rar_science,agentic-tools,7.0,,,,,,,,,,,,,,,,lint,,,,,,,,,,,,,,,,,,,,,,,,,,"{'item_count_7_20': {'name': 'item_count_7_20', 'applicable': True, 'passed': True, 'reason': ''}}",1.0,1.0,1.0,1.0,0.2857142857142857,0.0,0.0,0.0,0.0,0.2938041090965271,0.2857142857142857,1.0,0.0,1.0,1.0,1.0,1.0,1.0,,,1.0,1.0,1.0,6.0,[],,,,,,,,,,,,,,
sci-eca9a0437743,rar_science,shipped,7.0,,,,,,,,,,,,,,,,lint,,,,,,,,,,,,,,,,,,,,,,,,,,"{'item_count_7_20': {'name': 'item_count_7_20', 'applicable': True, 'passed': True, 'reason': ''}}",1.0,1.0,1.0,1.0,0.14285714285714285,0.0,0.0,0.0,0.0,0.36455029249191284,0.14285714285714285,1.0,0.0,1.0,1.0,1.0,1.0,1.0,,,1.0,1.0,1.0,9.0,[],,,,,,,,,,,,,,
sci-eca9a0437743,rar_science,baseline,10.0,,,,,,,,,,,,,,,,lint,,,,,,,,,,,,,,,,,,,,,,,,,,"{'item_count_7_20': {'name': 'item_count_7_20', 'applicable': True, 'passed': True, 'reason': ''}}",0.9,0.0,1.0,0.0,0.2,1.0,0.125,0.0,0.0,0.3377513587474823,0.2,0.9,0.1,1.0,1.0,1.0,1.0,1.0,,,1.0,1.0,0.9,16.0,[],,,,,,,,,,,,,,
sci-eca9a0437743,rar_science,agentic,16.0,,,,,,,,,,,,,,,,lint,,,,,,,,,,,,,,,,,,,,,,,,,,"{'item_count_7_20': {'name': 'item_count_7_20', 'applicable': True, 'passed': True, 'reason': ''}}",0.9375,0.0,1.0,1.0,0.125,1.0,0.06818181818181818,0.0,0.0,0.5091816782951355,0.125,0.9375,0.0,1.0,1.0,1.0,1.0,1.0,,,1.0,1.0,0.9375,44.0,[],,,,,,,,,,,,,,
sci-eca9a0437743,rar_science,agentic-tools,16.0,,,,,,,,,,,,,,,,lint,,,,,,,,,,,,,,,,,,,,,,,,,,"{'item_count_7_20': {'name': 'item_count_7_20', 'applicable': True, 'passed': True, 'reason': ''}}",0.9375,0.0,1.0,1.0,0.1875,0.0,0.0,0.0,0.0,0.39939406514167786,0.1875,1.0,0.0,1.0,1.0,1.0,1.0,1.0,,,1.0,1.0,0.9375,44.0,[],,,,,,,,,,,,,,
sci-f6b7d71c6b3c,rar_science,shipped,7.0,,,,,,,,,,,,,,,,lint,,,,,,,,,,,,,,,,,,,,,,,,,,"{'item_count_7_20': {'name': 'item_count_7_20', 'applicable': True, 'passed': True, 'reason': ''}}",1.0,1.0,1.0,1.0,0.14285714285714285,0.0,0.0,0.0,0.0,0.4598102867603302,0.14285714285714285,0.8571428571428571,0.0,1.0,1.0,1.0,1.0,1.0,,,1.0,1.0,1.0,9.0,[],,,,,,,,,,,,,,
sci-f6b7d71c6b3c,rar_science,baseline,15.0,,,,,,,,,,,,,,,,lint,,,,,,,,,,,,,,,,,,,,,,,,,,"{'item_count_7_20': {'name': 'item_count_7_20', 'applicable': True, 'passed': True, 'reason': ''}}",1.0,1.0,1.0,0.0,0.13333333333333333,0.0,0.0,0.0,0.0,0.5135643482208252,0.13333333333333333,0.7333333333333333,0.06666666666666667,1.0,1.0,1.0,1.0,1.0,,,1.0,1.0,1.0,44.0,[],,,,,,,,,,,,,,
sci-f6b7d71c6b3c,rar_science,agentic,16.0,,,,,,,,,,,,,,,,lint,,,,,,,,,,,,,,,,,,,,,,,,,,"{'item_count_7_20': {'name': 'item_count_7_20', 'applicable': True, 'passed': True, 'reason': ''}}",0.9375,0.0,1.0,1.0,0.0625,0.0,0.0,0.0,0.0,0.24950045347213745,0.0625,1.0,0.0,1.0,1.0,1.0,1.0,1.0,,,1.0,0.9375,1.0,62.0,[],,,,,,,,,,,,,,
sci-f6b7d71c6b3c,rar_science,agentic-tools,15.0,,,,,,,,,,,,,,,,lint,,,,,,,,,,,,,,,,,,,,,,,,,,"{'item_count_7_20': {'name': 'item_count_7_20', 'applicable': True, 'passed': True, 'reason': ''}}",0.9333333333333333,0.0,1.0,1.0,0.13333333333333333,0.0,0.0,0.0,0.0,0.4331305921077728,0.13333333333333333,0.8666666666666667,0.0,1.0,0.9333333333333333,1.0,1.0,1.0,,,1.0,1.0,1.0,47.0,[],,,,,,,,,,,,,,
sci-f6b96b82605e,rar_science,shipped,7.0,,,,,,,,,,,,,,,,lint,,,,,,,,,,,,,,,,,,,,,,,,,,"{'item_count_7_20': {'name': 'item_count_7_20', 'applicable': True, 'passed': True, 'reason': ''}}",1.0,1.0,1.0,1.0,0.14285714285714285,0.0,0.0,0.0,0.0,0.420631468296051,0.14285714285714285,1.0,0.0,1.0,1.0,1.0,1.0,1.0,,,1.0,1.0,1.0,12.0,[],,,,,,,,,,,,,,
sci-f6b96b82605e,rar_science,baseline,7.0,,,,,,,,,,,,,,,,lint,,,,,,,,,,,,,,,,,,,,,,,,,,"{'item_count_7_20': {'name': 'item_count_7_20', 'applicable': True, 'passed': True, 'reason': ''}}",1.0,1.0,1.0,1.0,0.2857142857142857,0.0,0.0,0.0,0.0,0.5193344950675964,0.2857142857142857,1.0,0.2857142857142857,1.0,1.0,1.0,1.0,1.0,,,1.0,1.0,1.0,6.0,[],,,,,,,,,,,,,,
sci-f6b96b82605e,rar_science,agentic,8.0,,,,,,,,,,,,,,,,lint,,,,,,,,,,,,,,,,,,,,,,,,,,"{'item_count_7_20': {'name': 'item_count_7_20', 'applicable': True, 'passed': True, 'reason': ''}}",0.875,0.0,1.0,1.0,0.25,0.0,0.0,1.0,1.0,0.6773658990859985,0.25,0.5,0.0,1.0,0.875,1.0,1.0,1.0,,,1.0,1.0,1.0,9.0,"[{'pitfall_index': 3, 'positive_index': 0, 'similarity': 0.6773658990859985}]",,,,,,,,,,,,,,
sci-f6b96b82605e,rar_science,agentic-tools,7.0,,,,,,,,,,,,,,,,lint,,,,,,,,,,,,,,,,,,,,,,,,,,"{'item_count_7_20': {'name': 'item_count_7_20', 'applicable': True, 'passed': True, 'reason': ''}}",0.8571428571428571,0.0,1.0,1.0,0.14285714285714285,0.0,0.0,1.0,1.0,0.6181272268295288,0.14285714285714285,0.7142857142857143,0.0,1.0,0.8571428571428571,1.0,1.0,1.0,,,1.0,1.0,1.0,11.0,"[{'pitfall_index': 3, 'positive_index': 2, 'similarity': 0.6181272268295288}]",,,,,,,,,,,,,,
sci-f83b10fdfa1f,rar_science,shipped,8.0,,,,,,,,,,,,,,,,lint,,,,,,,,,,,,,,,,,,,,,,,,,,"{'item_count_7_20': {'name': 'item_count_7_20', 'applicable': True, 'passed': True, 'reason': ''}}",0.875,0.0,1.0,1.0,0.125,1.0,0.1875,0.0,0.0,0.46666210889816284,0.125,0.75,0.125,1.0,1.0,1.0,1.0,1.0,,,1.0,0.875,1.0,16.0,[],,,,,,,,,,,,,,
sci-f83b10fdfa1f,rar_science,baseline,10.0,,,,,,,,,,,,,,,,lint,,,,,,,,,,,,,,,,,,,,,,,,,,"{'item_count_7_20': {'name': 'item_count_7_20', 'applicable': True, 'passed': True, 'reason': ''}}",0.9,0.0,1.0,0.0,0.2,1.0,0.16666666666666666,0.0,0.0,0.5876753330230713,0.2,0.9,0.1,1.0,1.0,1.0,1.0,1.0,,,1.0,0.9,1.0,12.0,[],,,,,,,,,,,,,,
sci-f83b10fdfa1f,rar_science,agentic,10.0,,,,,,,,,,,,,,,,lint,,,,,,,,,,,,,,,,,,,,,,,,,,"{'item_count_7_20': {'name': 'item_count_7_20', 'applicable': True, 'passed': True, 'reason': ''}}",0.3,0.0,1.0,1.0,0.0,0.0,0.0,0.0,0.0,0.0,0.0,0.5,0.0,1.0,0.7,1.0,1.0,1.0,,,1.0,0.4,1.0,25.0,[],,,,,,,,,,,,,,
sci-f83b10fdfa1f,rar_science,agentic-tools,15.0,,,,,,,,,,,,,,,,lint,,,,,,,,,,,,,,,,,,,,,,,,,,"{'item_count_7_20': {'name': 'item_count_7_20', 'applicable': True, 'passed': True, 'reason': ''}}",0.6666666666666666,0.0,1.0,1.0,0.13333333333333333,0.0,0.0,1.0,1.0,0.7265664339065552,0.13333333333333333,0.7333333333333333,0.0,1.0,1.0,1.0,1.0,1.0,,,1.0,0.6666666666666666,1.0,44.0,"[{'pitfall_index': 13, 'positive_index': 12, 'similarity': 0.7265664339065552}]",,,,,,,,,,,,,,
med-02a8056b1d15,rar_medicine,shipped,,,,,,,,,,,,,,,,,rollout,,,,,,,,,,,,,,,,,,,,,,,,,,,,,,,,,,,,,,,,,,,,,,,,,,,,8.0,5.0,3.0,0.7333333333333333,1.0,0.375,0.625,0.396774140885595,0.12207792207792217,0.7892772515926564,0.5766233766233766,0.4545454545454544,0.1546705189229579,0.3439539543593979
med-02a8056b1d15,rar_medicine,baseline,,,,,,,,,,,,,,,,,rollout,,,,,,,,,,,,,,,,,,,,,,,,,,,,,,,,,,,,,,,,,,,,,,,,,,,,8.0,5.0,3.0,0.9333333333333333,1.0,0.375,0.625,0.7552907619063648,0.2855345911949685,1.4912609167491118,0.5622641509433961,0.2767295597484276,0.1914719201636574,-0.07087977302915424
med-02a8056b1d15,rar_medicine,agentic,,,,,,,,,,,,,,,,,rollout,,,,,,,,,,,,,,,,,,,,,,,,,,,,,,,,,,,,,,,,,,,,,,,,,,,,8.0,5.0,3.0,1.0,1.0,0.375,0.625,0.8553989227683014,0.48070175438596485,1.7796201376347012,0.6342105263157893,0.1535087719298245,0.27011480945864497,-0.07087977302915419
med-197191f4a201,rar_medicine,shipped,,,,,,,,,,,,,,,,,rollout,,,,,,,,,,,,,,,,,,,,,,,,,,,,,,,,,,,,,,,,,,,,,,,,,,,,8.0,3.0,5.0,1.0,1.0,0.625,0.375,0.9065968278232491,0.4435374149659864,1.7973449572640434,0.5170068027210885,0.07346938775510205,0.2467736720062622,0.5725827822400045
med-197191f4a201,rar_medicine,baseline,,,,,,,,,,,,,,,,,rollout,,,,,,,,,,,,,,,,,,,,,,,,,,,,,,,,,,,,,,,,,,,,,,,,,,,,8.0,3.0,5.0,0.8666666666666667,0.6666666666666666,0.29166666666666663,0.375,0.6515837655350015,0.22820512820512834,1.3320966361885371,0.33974358974358987,0.11153846153846154,0.17131274263861254,0.4800073423007606
med-197191f4a201,rar_medicine,agentic,,,,,,,,,,,,,,,,,rollout,,,,,,,,,,,,,,,,,,,,,,,,,,,,,,,,,,,,,,,,,,,,,,,,,,,,8.0,3.0,5.0,1.0,1.0,0.625,0.375,0.9682458365518541,0.5507246376811595,1.8972915167983806,0.5507246376811595,0.0,0.29026885579001055,
med-22cfe7cfc240,rar_medicine,shipped,,,,,,,,,,,,,,,,,rollout,,,,,,,,,,,,,,,,,,,,,,,,,,,,,,,,,,,,,,,,,,,,,,,,,,,,8.0,7.0,1.0,1.0,1.0,0.125,0.875,0.5879447357921312,0.48190476190476184,2.1329809517090004,0.6019047619047618,0.12,0.22593017603774057,
med-22cfe7cfc240,rar_medicine,baseline,,,,,,,,,,,,,,,,,rollout,,,,,,,,,,,,,,,,,,,,,,,,,,,,,,,,,,,,,,,,,,,,,,,,,,,,8.0,7.0,1.0,1.0,1.0,0.125,0.875,0.6151246852292455,0.5948827292110874,2.501651130548768,0.8635394456289979,0.2686567164179104,0.23779603876284403,
med-22cfe7cfc240,rar_medicine,agentic,,,,,,,,,,,,,,,,,rollout,,,,,,,,,,,,,,,,,,,,,,,,,,,,,,,,,,,,,,,,,,,,,,,,,,,,8.0,7.0,1.0,1.0,1.0,0.125,0.875,0.6151246852292455,0.6749482401656315,2.499828001021794,0.805383022774327,0.13043478260869562,0.2699978718094802,
med-243ec32e8cc8,rar_medicine,shipped,,,,,,,,,,,,,,,,,rollout,,,,,,,,,,,,,,,,,,,,,,,,,,,,,,,,,,,,,,,,,,,,,,,,,,,,8.0,3.0,5.0,0.8333333333333334,1.0,0.625,0.375,0.5702659485122009,0.12410256410256404,0.9845821589517298,0.5487179487179487,0.4246153846153846,0.12604592006287643,0.836174791468411
med-243ec32e8cc8,rar_medicine,baseline,,,,,,,,,,,,,,,,,rollout,,,,,,,,,,,,,,,,,,,,,,,,,,,,,,,,,,,,,,,,,,,,,,,,,,,,8.0,3.0,5.0,0.7,0.0,-0.375,0.375,0.3601801351125985,0.12484848484848476,0.8345706105471118,0.3212121212121211,0.19636363636363635,0.14959607164532068,0.7336719732818097
med-243ec32e8cc8,rar_medicine,agentic,,,,,,,,,,,,,,,,,rollout,,,,,,,,,,,,,,,,,,,,,,,,,,,,,,,,,,,,,,,,,,,,,,,,,,,,8.0,3.0,5.0,0.8666666666666667,1.0,0.625,0.375,0.6235022213916492,0.3466666666666666,1.2688903808211052,0.6512820512820512,0.30461538461538457,0.27320458244969664,0.8791007025703184
med-27bf6ad66800,rar_medicine,shipped,,,,,,,,,,,,,,,,,rollout,,,,,,,,,,,,,,,,,,,,,,,,,,,,,,,,,,,,,,,,,,,,,,,,,,,,12.0,11.0,1.0,1.0,1.0,0.08333333333333337,0.9166666666666666,0.48989794855663565,0.39973262032085566,1.5643929742689096,0.5320855614973262,0.1323529411764706,0.25551931445336706,
med-27bf6ad66800,rar_medicine,baseline,,,,,,,,,,,,,,,,,rollout,,,,,,,,,,,,,,,,,,,,,,,,,,,,,,,,,,,,,,,,,,,,,,,,,,,,12.0,11.0,1.0,1.0,1.0,0.08333333333333337,0.9166666666666666,0.48812615993658903,0.3818181818181818,1.7825385449694295,0.6532467532467532,0.2714285714285714,0.214199116701137,
med-27bf6ad66800,rar_medicine,agentic,,,,,,,,,,,,,,,,,rollout,,,,,,,,,,,,,,,,,,,,,,,,,,,,,,,,,,,,,,,,,,,,,,,,,,,,12.0,11.0,1.0,0.8181818181818182,1.0,0.08333333333333337,0.9166666666666666,0.3078596479934797,0.35377875136911274,1.2656444102724047,0.5465498357064621,0.19277108433734935,0.2795246030383597,
med-28da216cd16f,rar_medicine,shipped,,,,,,,,,,,,,,,,,rollout,,,,,,,,,,,,,,,,,,,,,,,,,,,,,,,,,,,,,,,,,,,,,,,,,,,,8.0,1.0,7.0,1.0,1.0,0.875,0.125,0.6193235372853324,0.19960861056751467,0.8545069481485512,0.547945205479452,0.34833659491193736,0.23359507023319584,0.9235735330944286
med-28da216cd16f,rar_medicine,baseline,,,,,,,,,,,,,,,,,rollout,,,,,,,,,,,,,,,,,,,,,,,,,,,,,,,,,,,,,,,,,,,,,,,,,,,,8.0,1.0,7.0,1.0,1.0,0.875,0.125,0.599144689515278,0.3555900621118012,1.7719955180305436,0.7282608695652173,0.3726708074534161,0.20067210017947235,0.9476343793679792
med-28da216cd16f,rar_medicine,agentic,,,,,,,,,,,,,,,,,rollout,,,,,,,,,,,,,,,,,,,,,,,,,,,,,,,,,,,,,,,,,,,,,,,,,,,,8.0,1.0,7.0,1.0,1.0,0.875,0.125,0.5953405577875872,0.5434462444771724,2.3605336573260094,1.0,0.45655375552282756,0.23022177328019258,0.9290089492373612
med-2b6e00e2fa33,rar_medicine,shipped,,,,,,,,,,,,,,,,,rollout,,,,,,,,,,,,,,,,,,,,,,,,,,,,,,,,,,,,,,,,,,,,,,,,,,,,8.0,2.0,6.0,0.875,0.5,0.25,0.25,0.5703518254720301,0.22979797979797972,1.1772249512555302,0.5909090909090908,0.3611111111111111,0.19520311691737108,0.855755347683364
med-2b6e00e2fa33,rar_medicine,baseline,,,,,,,,,,,,,,,,,rollout,,,,,,,,,,,,,,,,,,,,,,,,,,,,,,,,,,,,,,,,,,,,,,,,,,,,8.0,2.0,6.0,0.9166666666666666,0.6666666666666666,0.41666666666666663,0.25,0.649569802461631,0.41282051282051274,1.43934116991754,0.8923076923076922,0.4794871794871795,0.2868121342239959,0.6590803298999013
med-2b6e00e2fa33,rar_medicine,agentic,,,,,,,,,,,,,,,,,rollout,,,,,,,,,,,,,,,,,,,,,,,,,,,,,,,,,,,,,,,,,,,,,,,,,,,,8.0,2.0,6.0,0.8333333333333334,0.0,-0.25,0.25,0.5405899027195888,0.1340579710144927,0.8289602369213849,0.3369565217391304,0.20289855072463767,0.1617182164398631,0.47918212074774663
med-310a19614101,rar_medicine,shipped,,,,,,,,,,,,,,,,,rollout,,,,,,,,,,,,,,,,,,,,,,,,,,,,,,,,,,,,,,,,,,,,,,,,,,,,8.0,6.0,2.0,0.7083333333333334,0.8333333333333334,0.08333333333333337,0.75,0.4123930494211613,0.10784313725490191,1.189623754958925,0.5563725490196078,0.44852941176470584,0.09065314710248493,
med-310a19614101,rar_medicine,baseline,,,,,,,,,,,,,,,,,rollout,,,,,,,,,,,,,,,,,,,,,,,,,,,,,,,,,,,,,,,,,,,,,,,,,,,,8.0,6.0,2.0,0.5,1.0,0.25,0.75,0.0,-0.015555555555555545,-0.3043272807852765,0.6244444444444444,0.6399999999999999,0.051114561650261785,
med-310a19614101,rar_medicine,agentic,,,,,,,,,,,,,,,,,rollout,,,,,,,,,,,,,,,,,,,,,,,,,,,,,,,,,,,,,,,,,,,,,,,,,,,,8.0,6.0,2.0,0.08333333333333333,0.3333333333333333,-0.4166666666666667,0.75,-0.649569802461631,-0.1206349206349207,-1.263063055760988,0.4222222222222221,0.5428571428571428,0.09550981646141085,
med-339d1a40dbd7,rar_medicine,shipped,,,,,,,,,,,,,,,,,rollout,,,,,,,,,,,,,,,,,,,,,,,,,,,,,,,,,,,,,,,,,,,,,,,,,,,,8.0,4.0,4.0,1.0,1.0,0.5,0.5,0.8834522085987723,0.36160714285714285,1.5473447849916688,0.6651785714285714,0.30357142857142855,0.2336952606584639,0.6792839356835981
med-339d1a40dbd7,rar_medicine,baseline,,,,,,,,,,,,,,,,,rollout,,,,,,,,,,,,,,,,,,,,,,,,,,,,,,,,,,,,,,,,,,,,,,,,,,,,8.0,4.0,4.0,1.0,1.0,0.5,0.5,0.917662935482247,0.7348484848484848,1.8563834412519342,0.7613636363636362,0.02651515151515151,0.3958495149864659,0.33870417043741924
med-339d1a40dbd7,rar_medicine,agentic,,,,,,,,,,,,,,,,,rollout,,,,,,,,,,,,,,,,,,,,,,,,,,,,,,,,,,,,,,,,,,,,,,,,,,,,8.0,4.0,4.0,1.0,1.0,0.5,0.5,0.8834522085987723,0.5253164556962024,1.8454211161805851,0.800632911392405,0.2753164556962025,0.28465939350658065,0.9999837412914281
med-346fbc60b4f9,rar_medicine,shipped,,,,,,,,,,,,,,,,,rollout,,,,,,,,,,,,,,,,,,,,,,,,,,,,,,,,,,,,,,,,,,,,,,,,,,,,8.0,7.0,1.0,1.0,1.0,0.125,0.875,0.5953405577875872,0.3510204081632652,2.076664740190069,0.47959183673469374,0.1285714285714286,0.16903085094570328,
med-346fbc60b4f9,rar_medicine,baseline,,,,,,,,,,,,,,,,,rollout,,,,,,,,,,,,,,,,,,,,,,,,,,,,,,,,,,,,,,,,,,,,,,,,,,,,8.0,7.0,1.0,1.0,1.0,0.125,0.875,0.5953405577875872,0.4928571428571429,2.1658923639427754,0.6428571428571429,0.15,0.22755384850240162,
med-346fbc60b4f9,rar_medicine,agentic,,,,,,,,,,,,,,,,,rollout,,,,,,,,,,,,,,,,,,,,,,,,,,,,,,,,,,,,,,,,,,,,,,,,,,,,8.0,7.0,1.0,1.0,1.0,0.125,0.875,0.5773502691896257,0.3961904761904762,1.8561073717781946,0.6361904761904762,0.24,0.21345234775449246,
med-39fe6d9a022e,rar_medicine,shipped,,,,,,,,,,,,,,,,,rollout,,,,,,,,,,,,,,,,,,,,,,,,,,,,,,,,,,,,,,,,,,,,,,,,,,,,8.0,5.0,3.0,1.0,1.0,0.375,0.625,0.8714893406611901,0.5258064516129032,1.7961753817653652,0.7193548387096774,0.19354838709677422,0.2927366987382468,
med-39fe6d9a022e,rar_medicine,baseline,,,,,,,,,,,,,,,,,rollout,,,,,,,,,,,,,,,,,,,,,,,,,,,,,,,,,,,,,,,,,,,,,,,,,,,,8.0,5.0,3.0,1.0,1.0,0.375,0.625,0.8606629658238704,0.6045197740112993,1.8828361636161448,0.8474576271186439,0.24293785310734464,0.3210687077787312,0.9998537129474501
med-39fe6d9a022e,rar_medicine,agentic,,,,,,,,,,,,,,,,,rollout,,,,,,,,,,,,,,,,,,,,,,,,,,,,,,,,,,,,,,,,,,,,,,,,,,,,8.0,5.0,3.0,1.0,1.0,0.375,0.625,0.8553989227683014,0.5231372549019608,1.7214105977771093,0.8211764705882354,0.2980392156862745,0.30390033358543167,0.9802605055503054
med-3a854c06e788,rar_medicine,shipped,,,,,,,,,,,,,,,,,rollout,,,,,,,,,,,,,,,,,,,,,,,,,,,,,,,,,,,,,,,,,,,,,,,,,,,,8.0,2.0,6.0,0.875,0.5,0.25,0.25,0.5846128222154678,0.2712418300653594,1.3482764559111802,0.7745098039215687,0.5032679738562092,0.2011767163004053,0.8657250347591672
med-3a854c06e788,rar_medicine,baseline,,,,,,,,,,,,,,,,,rollout,,,,,,,,,,,,,,,,,,,,,,,,,,,,,,,,,,,,,,,,,,,,,,,,,,,,8.0,2.0,6.0,0.5833333333333334,0.0,-0.25,0.25,0.12674485010489558,0.021212121212121182,0.16362402419378758,0.42727272727272725,0.40606060606060607,0.12963940543962343,0.5531570116892978
med-3a854c06e788,rar_medicine,agentic,,,,,,,,,,,,,,,,,rollout,,,,,,,,,,,,,,,,,,,,,,,,,,,,,,,,,,,,,,,,,,,,,,,,,,,,8.0,2.0,6.0,1.0,1.0,0.75,0.25,0.7604691006293736,0.562015503875969,1.7175276666738633,0.8023255813953488,0.24031007751937983,0.327223552074919,0.7783798045177386
med-3e58d5c52834,rar_medicine,shipped,,,,,,,,,,,,,,,,,rollout,,,,,,,,,,,,,,,,,,,,,,,,,,,,,,,,,,,,,,,,,,,,,,,,,,,,12.0,1.0,11.0,0.36363636363636365,0.0,-0.08333333333333333,0.08333333333333333,-0.13241022442571243,-0.06951871657754022,-0.5824221169291225,0.4264705882352941,0.4959893048128343,0.11936139538121326,0.745774591940037
med-3e58d5c52834,rar_medicine,baseline,,,,,,,,,,,,,,,,,rollout,,,,,,,,,,,,,,,,,,,,,,,,,,,,,,,,,,,,,,,,,,,,,,,,,,,,12.0,1.0,11.0,0.2727272727272727,0.0,-0.08333333333333333,0.08333333333333333,-0.23544080467400555,-0.025078369905956077,-0.3372097178918287,0.4827586206896551,0.5078369905956112,0.07437024669022381,0.7472256104654471
med-3e58d5c52834,rar_medicine,agentic,,,,,,,,,,,,,,,,,rollout,,,,,,,,,,,,,,,,,,,,,,,,,,,,,,,,,,,,,,,,,,,,,,,,,,,,12.0,1.0,11.0,0.7272727272727273,0.0,-0.08333333333333333,0.08333333333333333,0.2285751604412472,0.11218568665377182,0.7177287095664773,0.574468085106383,0.4622823984526112,0.15630653359475372,0.7796900170226928
med-43e518d3d57e,rar_medicine,shipped,,,,,,,,,,,,,,,,,rollout,,,,,,,,,,,,,,,,,,,,,,,,,,,,,,,,,,,,,,,,,,,,,,,,,,,,8.0,1.0,7.0,0.7142857142857143,0.0,-0.125,0.125,0.25043516133890464,0.13246753246753246,0.6120581482862619,0.5636363636363636,0.43116883116883115,0.21642965270282927,0.11901519464670916
med-43e518d3d57e,rar_medicine,baseline,,,,,,,,,,,,,,,,,rollout,,,,,,,,,,,,,,,,,,,,,,,,,,,,,,,,,,,,,,,,,,,,,,,,,,,,8.0,1.0,7.0,0.42857142857142855,0.0,-0.125,0.125,-0.08297398136450224,-0.05529953917050706,-0.35363014157444445,0.49999999999999983,0.5552995391705069,0.15637676959407512,0.8807111624250743
med-43e518d3d57e,rar_medicine,agentic,,,,,,,,,,,,,,,,,rollout,,,,,,,,,,,,,,,,,,,,,,,,,,,,,,,,,,,,,,,,,,,,,,,,,,,,8.0,1.0,7.0,1.0,1.0,0.875,0.125,0.6193235372853324,0.19238095238095237,2.189902946096464,0.24,0.047619047619047616,0.08784907693004132,-0.352570438565513
med-44131a7ca41d,rar_medicine,shipped,,,,,,,,,,,,,,,,,rollout,,,,,,,,,,,,,,,,,,,,,,,,,,,,,,,,,,,,,,,,,,,,,,,,,,,,8.0,6.0,2.0,0.7083333333333334,1.0,0.25,0.75,0.31686212526223895,0.1555555555555556,0.8510408043156601,0.5888888888888889,0.4333333333333333,0.1827827229513879,
med-44131a7ca41d,rar_medicine,baseline,,,,,,,,,,,,,,,,,rollout,,,,,,,,,,,,,,,,,,,,,,,,,,,,,,,,,,,,,,,,,,,,,,,,,,,,8.0,6.0,2.0,0.7083333333333334,1.0,0.25,0.75,0.31686212526223895,0.13657407407407418,0.9075005484617555,0.6782407407407408,0.5416666666666666,0.15049475651069513,
med-44131a7ca41d,rar_medicine,agentic,,,,,,,,,,,,,,,,,rollout,,,,,,,,,,,,,,,,,,,,,,,,,,,,,,,,,,,,,,,,,,,,,,,,,,,,8.0,6.0,2.0,0.75,1.0,0.25,0.75,0.3897418814769786,0.06737588652482268,1.2506884517012293,0.24290780141843968,0.175531914893617,0.05387103913302765,
med-44c1b0452475,rar_medicine,shipped,,,,,,,,,,,,,,,,,rollout,,,,,,,,,,,,,,,,,,,,,,,,,,,,,,,,,,,,,,,,,,,,,,,,,,,,8.0,1.0,7.0,0.21428571428571427,0.0,-0.125,0.125,-0.3339135484518729,-0.07482993197278909,-0.7338544644388413,0.1111111111111111,0.1859410430839002,0.10196835421585874,0.6662698428183771
med-44c1b0452475,rar_medicine,baseline,,,,,,,,,,,,,,,,,rollout,,,,,,,,,,,,,,,,,,,,,,,,,,,,,,,,,,,,,,,,,,,,,,,,,,,,8.0,1.0,7.0,0.6428571428571429,0.16666666666666666,0.04166666666666666,0.125,0.2182178902359924,0.05555555555555558,0.6172133998483676,0.5277777777777779,0.4722222222222223,0.09001028747788699,0.912723092390652
med-44c1b0452475,rar_medicine,agentic,,,,,,,,,,,,,,,,,rollout,,,,,,,,,,,,,,,,,,,,,,,,,,,,,,,,,,,,,,,,,,,,,,,,,,,,8.0,1.0,7.0,0.42857142857142855,0.0,-0.125,0.125,-0.08728715609439694,-0.0404312668463612,-0.48459638823581197,0.05660377358490566,0.09703504043126686,0.08343286872927895,0.9407766967535552
med-45b65c37ae12,rar_medicine,shipped,,,,,,,,,,,,,,,,,rollout,,,,,,,,,,,,,,,,,,,,,,,,,,,,,,,,,,,,,,,,,,,,,,,,,,,,12.0,1.0,11.0,1.0,1.0,0.9166666666666666,0.08333333333333333,0.4935001878665846,0.23744911804613295,2.4314742547862513,0.3880597014925373,0.15061058344640438,0.09765643933046986,0.7296765070841502
med-45b65c37ae12,rar_medicine,baseline,,,,,,,,,,,,,,,,,rollout,,,,,,,,,,,,,,,,,,,,,,,,,,,,,,,,,,,,,,,,,,,,,,,,,,,,12.0,1.0,11.0,1.0,1.0,0.9166666666666666,0.08333333333333333,0.7385489458759963,0.5138339920948616,2.722882159262377,0.5942028985507245,0.08036890645586298,0.18870959595036538,0.09589606837211337
med-45b65c37ae12,rar_medicine,agentic,,,,,,,,,,,,,,,,,rollout,,,,,,,,,,,,,,,,,,,,,,,,,,,,,,,,,,,,,,,,,,,,,,,,,,,,12.0,1.0,11.0,0.9090909090909091,0.0,-0.08333333333333333,0.08333333333333333,0.4090909090909091,0.16450216450216448,1.3837764229611604,0.30158730158730157,0.1370851370851371,0.11887914967516519,0.45301720624238545
med-48491d33ec3d,rar_medicine,shipped,,,,,,,,,,,,,,,,,rollout,,,,,,,,,,,,,,,,,,,,,,,,,,,,,,,,,,,,,,,,,,,,,,,,,,,,8.0,7.0,1.0,0.7142857142857143,1.0,0.125,0.875,0.25043516133890464,0.2086167800453515,0.8855164237147272,0.5736961451247166,0.36507936507936506,0.2355877027895287,
med-48491d33ec3d,rar_medicine,baseline,,,,,,,,,,,,,,,,,rollout,,,,,,,,,,,,,,,,,,,,,,,,,,,,,,,,,,,,,,,,,,,,,,,,,,,,8.0,7.0,1.0,0.7857142857142857,1.0,0.125,0.875,0.35389916416304706,0.34161490683229817,1.2595924472440019,0.8198757763975156,0.47826086956521746,0.27121066625935575,
med-48491d33ec3d,rar_medicine,agentic,,,,,,,,,,,,,,,,,rollout,,,,,,,,,,,,,,,,,,,,,,,,,,,,,,,,,,,,,,,,,,,,,,,,,,,,8.0,7.0,1.0,1.0,1.0,0.125,0.875,0.5843487097907775,0.3802197802197803,1.4732544068849815,0.7340659340659341,0.3538461538461538,0.25808154955647417,
med-51d19faca215,rar_medicine,shipped,,,,,,,,,,,,,,,,,rollout,,,,,,,,,,,,,,,,,,,,,,,,,,,,,,,,,,,,,,,,,,,,,,,,,,,,8.0,4.0,4.0,0.40625,1.0,0.5,0.5,-0.16666666666666666,0.004237288135593209,0.025348679160006816,0.326271186440678,0.3220338983050848,0.16716011547767248,0.1296737324486179
med-51d19faca215,rar_medicine,baseline,,,,,,,,,,,,,,,,,rollout,,,,,,,,,,,,,,,,,,,,,,,,,,,,,,,,,,,,,,,,,,,,,,,,,,,,8.0,4.0,4.0,0.21875,0.5,0.0,0.5,-0.49393916995360654,-0.30952380952380953,-1.1937000042783499,0.503968253968254,0.8134920634920635,0.25929782057002826,0.6597159811425687
med-51d19faca215,rar_medicine,agentic,,,,,,,,,,,,,,,,,rollout,,,,,,,,,,,,,,,,,,,,,,,,,,,,,,,,,,,,,,,,,,,,,,,,,,,,8.0,4.0,4.0,0.53125,0.0,-0.5,0.5,0.05521576303742327,-0.011363636363636298,-0.08261700065603754,0.47727272727272724,0.48863636363636354,0.13754598052944275,-0.4220666656298902
med-533a7b79571a,rar_medicine,shipped,,,,,,,,,,,,,,,,,rollout,,,,,,,,,,,,,,,,,,,,,,,,,,,,,,,,,,,,,,,,,,,,,,,,,,,,8.0,6.0,2.0,0.7916666666666666,1.0,0.25,0.75,0.44905020936970896,0.14583333333333337,0.9868146084062839,0.6003787878787878,0.4545454545454545,0.14778189549590856,
med-533a7b79571a,rar_medicine,baseline,,,,,,,,,,,,,,,,,rollout,,,,,,,,,,,,,,,,,,,,,,,,,,,,,,,,,,,,,,,,,,,,,,,,,,,,8.0,6.0,2.0,1.0,1.0,0.25,0.75,0.7794837629539572,0.2009803921568628,1.8759973171360347,0.8553921568627451,0.6544117647058822,0.10713255841095058,
med-533a7b79571a,rar_medicine,agentic,,,,,,,,,,,,,,,,,rollout,,,,,,,,,,,,,,,,,,,,,,,,,,,,,,,,,,,,,,,,,,,,,,,,,,,,8.0,6.0,2.0,0.6666666666666666,1.0,0.25,0.75,0.25348970020979117,0.11931818181818177,0.8146513885557711,0.7670454545454545,0.6477272727272727,0.1464653267573891,
med-53e3b6247ade,rar_medicine,shipped,,,,,,,,,,,,,,,,,rollout,,,,,,,,,,,,,,,,,,,,,,,,,,,,,,,,,,,,,,,,,,,,,,,,,,,,12.0,11.0,1.0,0.6818181818181818,1.0,0.08333333333333337,0.9166666666666666,0.17686307531415274,0.09235209235209241,0.5439115309192043,0.5209235209235209,0.4285714285714285,0.16979248848800543,
med-53e3b6247ade,rar_medicine,baseline,,,,,,,,,,,,,,,,,rollout,,,,,,,,,,,,,,,,,,,,,,,,,,,,,,,,,,,,,,,,,,,,,,,,,,,,12.0,11.0,1.0,0.5454545454545454,1.0,0.08333333333333337,0.9166666666666666,0.044455422447438706,0.019061583577712482,0.10137678585327671,0.6964809384164222,0.6774193548387097,0.18802710519250865,
med-53e3b6247ade,rar_medicine,agentic,,,,,,,,,,,,,,,,,rollout,,,,,,,,,,,,,,,,,,,,,,,,,,,,,,,,,,,,,,,,,,,,,,,,,,,,12.0,11.0,1.0,0.7272727272727273,1.0,0.08333333333333337,0.9166666666666666,0.21989974856677122,0.13735177865612658,0.7635278763859125,0.7351778656126483,0.5978260869565217,0.1798909809374195,
med-5a729ac36da6,rar_medicine,shipped,,,,,,,,,,,,,,,,,rollout,,,,,,,,,,,,,,,,,,,,,,,,,,,,,,,,,,,,,,,,,,,,,,,,,,,,8.0,1.0,7.0,1.0,1.0,0.875,0.125,0.6666666666666665,0.8441558441558441,2.7454646927773947,0.9454545454545454,0.1012987012987013,0.3074728465372726,0.14494321691255008
med-5a729ac36da6,rar_medicine,baseline,,,,,,,,,,,,,,,,,rollout,,,,,,,,,,,,,,,,,,,,,,,,,,,,,,,,,,,,,,,,,,,,,,,,,,,,8.0,1.0,7.0,1.0,1.0,0.875,0.125,0.6193235372853324,0.4504201680672268,1.7235528599611678,0.7882352941176469,0.33781512605042013,0.26133237832773804,0.8544734500014812
med-5a729ac36da6,rar_medicine,agentic,,,,,,,,,,,,,,,,,rollout,,,,,,,,,,,,,,,,,,,,,,,,,,,,,,,,,,,,,,,,,,,,,,,,,,,,8.0,1.0,7.0,1.0,1.0,0.875,0.125,0.9999999999999999,1.0,2.82842712474619,1.0,0.0,0.3535533905932738,
med-5c4c1ea586d0,rar_medicine,shipped,,,,,,,,,,,,,,,,,rollout,,,,,,,,,,,,,,,,,,,,,,,,,,,,,,,,,,,,,,,,,,,,,,,,,,,,12.0,2.0,10.0,1.0,1.0,0.8333333333333334,0.16666666666666666,0.659380473395787,0.33846153846153837,1.6152248521791095,0.5538461538461538,0.21538461538461537,0.20954453369443757,0.7395679052770193
med-5c4c1ea586d0,rar_medicine,baseline,,,,,,,,,,,,,,,,,rollout,,,,,,,,,,,,,,,,,,,,,,,,,,,,,,,,,,,,,,,,,,,,,,,,,,,,12.0,2.0,10.0,0.95,1.0,0.8333333333333334,0.16666666666666666,0.5977900477395642,0.35138888888888886,1.8739961775271203,0.5763888888888888,0.225,0.18750779382729216,0.4925188092046821
med-5c4c1ea586d0,rar_medicine,agentic,,,,,,,,,,,,,,,,,rollout,,,,,,,,,,,,,,,,,,,,,,,,,,,,,,,,,,,,,,,,,,,,,,,,,,,,12.0,2.0,10.0,0.7,0.0,-0.16666666666666666,0.16666666666666666,0.2604698120093725,0.12328767123287676,0.6740623267901543,0.4794520547945205,0.35616438356164376,0.18290247998277176,0.45180729974167094
med-64de5a90cbca,rar_medicine,shipped,,,,,,,,,,,,,,,,,rollout,,,,,,,,,,,,,,,,,,,,,,,,,,,,,,,,,,,,,,,,,,,,,,,,,,,,8.0,7.0,1.0,0.42857142857142855,1.0,0.125,0.875,-0.08247860988423225,0.019841269841269882,0.11326764456206341,0.5615079365079365,0.5416666666666666,0.17517155863869083,
med-64de5a90cbca,rar_medicine,baseline,,,,,,,,,,,,,,,,,rollout,,,,,,,,,,,,,,,,,,,,,,,,,,,,,,,,,,,,,,,,,,,,,,,,,,,,8.0,7.0,1.0,1.0,1.0,0.125,0.875,0.6193235372853324,0.11038961038961026,1.7487712995703744,0.7694805194805194,0.6590909090909092,0.06312409771176482,
med-64de5a90cbca,rar_medicine,agentic,,,,,,,,,,,,,,,,,rollout,,,,,,,,,,,,,,,,,,,,,,,,,,,,,,,,,,,,,,,,,,,,,,,,,,,,8.0,7.0,1.0,0.8571428571428571,1.0,0.125,0.875,0.42257712736425823,0.027428571428571358,0.3129843185743798,0.6754285714285714,0.648,0.08763560920082658,
med-6c38d46aa8e9,rar_medicine,shipped,,,,,,,,,,,,,,,,,rollout,,,,,,,,,,,,,,,,,,,,,,,,,,,,,,,,,,,,,,,,,,,,,,,,,,,,8.0,5.0,3.0,0.5333333333333333,1.0,0.375,0.625,0.060030022518766414,0.008333333333333304,0.19268386497889278,0.3,0.2916666666666667,0.04324873457487561,-0.8997696884358682
med-6c38d46aa8e9,rar_medicine,baseline,,,,,,,,,,,,,,,,,rollout,,,,,,,,,,,,,,,,,,,,,,,,,,,,,,,,,,,,,,,,,,,,,,,,,,,,8.0,5.0,3.0,0.8666666666666667,1.0,0.375,0.625,0.6648376737370494,0.09674796747967479,1.2370941319289148,0.40975609756097553,0.31300813008130074,0.0782058252340284,0.8997696884358681
med-6c38d46aa8e9,rar_medicine,agentic,,,,,,,,,,,,,,,,,rollout,,,,,,,,,,,,,,,,,,,,,,,,,,,,,,,,,,,,,,,,,,,,,,,,,,,,8.0,5.0,3.0,0.6333333333333333,1.0,0.375,0.625,0.2323971575096507,0.042696629213483106,0.4860424043372196,0.5370786516853933,0.49438202247191015,0.0878454818601792,0.6420564590108865
med-70fca288ce5a,rar_medicine,shipped,,,,,,,,,,,,,,,,,rollout,,,,,,,,,,,,,,,,,,,,,,,,,,,,,,,,,,,,,,,,,,,,,,,,,,,,8.0,7.0,1.0,0.7142857142857143,1.0,0.125,0.875,0.25514595333753737,0.07021791767554497,0.23761613189711406,0.6125907990314771,0.5423728813559321,0.295509892846622,
med-70fca288ce5a,rar_medicine,baseline,,,,,,,,,,,,,,,,,rollout,,,,,,,,,,,,,,,,,,,,,,,,,,,,,,,,,,,,,,,,,,,,,,,,,,,,8.0,7.0,1.0,0.7142857142857143,1.0,0.125,0.875,0.2654243731222853,0.20129870129870153,1.1709582459848196,0.8149350649350652,0.6136363636363636,0.17190937592262465,
med-70fca288ce5a,rar_medicine,agentic,,,,,,,,,,,,,,,,,rollout,,,,,,,,,,,,,,,,,,,,,,,,,,,,,,,,,,,,,,,,,,,,,,,,,,,,8.0,7.0,1.0,0.8571428571428571,1.0,0.125,0.875,0.4252432555625623,0.34866828087167073,1.2922206126560714,0.7554479418886197,0.406779661016949,0.2698210177556345,
med-75b39d0ce8c6,rar_medicine,shipped,,,,,,,,,,,,,,,,,rollout,,,,,,,,,,,,,,,,,,,,,,,,,,,,,,,,,,,,,,,,,,,,,,,,,,,,7.0,5.0,2.0,0.8,1.0,0.2857142857142857,0.7142857142857143,0.5233670255931882,0.253125,1.0576290735198495,0.4875,0.234375,0.23933249031967857,
med-75b39d0ce8c6,rar_medicine,baseline,,,,,,,,,,,,,,,,,rollout,,,,,,,,,,,,,,,,,,,,,,,,,,,,,,,,,,,,,,,,,,,,,,,,,,,,7.0,5.0,2.0,0.95,1.0,0.2857142857142857,0.7142857142857143,0.717951631695719,0.4604166666666667,1.4388778261082094,0.6166666666666667,0.15625,0.3199831551452663,
med-75b39d0ce8c6,rar_medicine,agentic,,,,,,,,,,,,,,,,,rollout,,,,,,,,,,,,,,,,,,,,,,,,,,,,,,,,,,,,,,,,,,,,,,,,,,,,7.0,5.0,2.0,0.9,1.0,0.2857142857142857,0.7142857142857143,0.6563301233138935,0.32236842105263147,1.208986239488575,0.4999999999999999,0.17763157894736842,0.2666435816415906,
med-769d6769c7d8,rar_medicine,shipped,,,,,,,,,,,,,,,,,rollout,,,,,,,,,,,,,,,,,,,,,,,,,,,,,,,,,,,,,,,,,,,,,,,,,,,,8.0,5.0,3.0,1.0,1.0,0.375,0.625,0.8714893406611901,0.6447058823529412,1.8793876104925746,0.8211764705882354,0.17647058823529413,0.343040402497901,
med-769d6769c7d8,rar_medicine,baseline,,,,,,,,,,,,,,,,,rollout,,,,,,,,,,,,,,,,,,,,,,,,,,,,,,,,,,,,,,,,,,,,,,,,,,,,8.0,5.0,3.0,1.0,1.0,0.375,0.625,0.8770580193070291,0.8666666666666667,1.9146611112330945,0.9575757575757576,0.0909090909090909,0.45264755291786835,-0.09905360646879094
med-769d6769c7d8,rar_medicine,agentic,,,,,,,,,,,,,,,,,rollout,,,,,,,,,,,,,,,,,,,,,,,,,,,,,,,,,,,,,,,,,,,,,,,,,,,,8.0,5.0,3.0,1.0,1.0,0.375,0.625,0.8660254037844386,0.6681818181818181,1.8191575423496453,0.8045454545454545,0.13636363636363635,0.3673028875326469,
med-8087bfa21ada,rar_medicine,shipped,,,,,,,,,,,,,,,,,rollout,,,,,,,,,,,,,,,,,,,,,,,,,,,,,,,,,,,,,,,,,,,,,,,,,,,,8.0,4.0,4.0,1.0,1.0,0.5,0.5,0.8781140799175228,0.5579710144927537,1.4817872915500445,0.855072463768116,0.2971014492753623,0.3765527060966221,0.9972653182659187
med-8087bfa21ada,rar_medicine,baseline,,,,,,,,,,,,,,,,,rollout,,,,,,,,,,,,,,,,,,,,,,,,,,,,,,,,,,,,,,,,,,,,,,,,,,,,8.0,4.0,4.0,1.0,1.0,0.5,0.5,0.9000703207408192,0.45161290322580633,1.610647624927681,0.6814516129032256,0.22983870967741932,0.2803921206825633,0.9306619246555237
med-8087bfa21ada,rar_medicine,agentic,,,,,,,,,,,,,,,,,rollout,,,,,,,,,,,,,,,,,,,,,,,,,,,,,,,,,,,,,,,,,,,,,,,,,,,,8.0,4.0,4.0,1.0,1.0,0.5,0.5,0.9363291775690445,0.5760000000000001,1.8448547439972265,0.92,0.344,0.3122197028650544,0.7894040998824078
med-8227a3f56ff4,rar_medicine,shipped,,,,,,,,,,,,,,,,,rollout,,,,,,,,,,,,,,,,,,,,,,,,,,,,,,,,,,,,,,,,,,,,,,,,,,,,12.0,11.0,1.0,0.9090909090909091,1.0,0.08333333333333337,0.9166666666666666,0.39723067327713735,0.2145454545454546,1.2353556715156297,0.5878787878787879,0.3733333333333333,0.1736709997714534,
med-8227a3f56ff4,rar_medicine,baseline,,,,,,,,,,,,,,,,,rollout,,,,,,,,,,,,,,,,,,,,,,,,,,,,,,,,,,,,,,,,,,,,,,,,,,,,12.0,11.0,1.0,0.6363636363636364,1.0,0.08333333333333337,0.9166666666666666,0.13688311876428394,0.20087976539589453,0.8490489724175998,0.6524926686217009,0.45161290322580633,0.23659385020384074,
med-8227a3f56ff4,rar_medicine,agentic,,,,,,,,,,,,,,,,,rollout,,,,,,,,,,,,,,,,,,,,,,,,,,,,,,,,,,,,,,,,,,,,,,,,,,,,12.0,11.0,1.0,1.0,1.0,0.08333333333333337,0.9166666666666666,0.49079110873034276,0.39669421487603307,1.733933267430603,0.5330578512396694,0.13636363636363635,0.2287828616748712,
med-82b936c85c28,rar_medicine,shipped,,,,,,,,,,,,,,,,,rollout,,,,,,,,,,,,,,,,,,,,,,,,,,,,,,,,,,,,,,,,,,,,,,,,,,,,8.0,2.0,6.0,0.625,1.0,0.75,0.25,0.20272121351984582,0.04487179487179488,0.43707337873812413,0.37499999999999994,0.33012820512820507,0.10266421396183949,0.8220765606379408
med-82b936c85c28,rar_medicine,baseline,,,,,,,,,,,,,,,,,rollout,,,,,,,,,,,,,,,,,,,,,,,,,,,,,,,,,,,,,,,,,,,,,,,,,,,,8.0,2.0,6.0,0.5833333333333334,1.0,0.75,0.25,0.13801311186847084,0.036231884057971064,0.4087351699337993,0.644927536231884,0.608695652173913,0.08864391107777525,0.6400145133760823
med-82b936c85c28,rar_medicine,agentic,,,,,,,,,,,,,,,,,rollout,,,,,,,,,,,,,,,,,,,,,,,,,,,,,,,,,,,,,,,,,,,,,,,,,,,,8.0,2.0,6.0,0.9166666666666666,1.0,0.75,0.25,0.6622661785325219,0.14583333333333337,1.5435542669322768,0.6590909090909092,0.5132575757575758,0.09447891561543122,-0.1186133241206911
med-91ae4098e221,rar_medicine,shipped,,,,,,,,,,,,,,,,,rollout,,,,,,,,,,,,,,,,,,,,,,,,,,,,,,,,,,,,,,,,,,,,,,,,,,,,8.0,4.0,4.0,0.6875,1.0,0.5,0.5,0.375,0.08474576271186443,0.9509956702624264,0.3008474576271187,0.21610169491525424,0.08911266934420313,0.8543960590403256
med-91ae4098e221,rar_medicine,baseline,,,,,,,,,,,,,,,,,rollout,,,,,,,,,,,,,,,,,,,,,,,,,,,,,,,,,,,,,,,,,,,,,,,,,,,,8.0,4.0,4.0,0.8125,1.0,0.5,0.5,0.625,0.1384615384615384,1.098939366675611,0.40384615384615374,0.26538461538461533,0.1259956123697678,0.8402251965370751
med-91ae4098e221,rar_medicine,agentic,,,,,,,,,,,,,,,,,rollout,,,,,,,,,,,,,,,,,,,,,,,,,,,,,,,,,,,,,,,,,,,,,,,,,,,,8.0,4.0,4.0,0.90625,1.0,0.5,0.5,0.7556096518348253,0.125,1.3099125470688464,0.38888888888888884,0.26388888888888884,0.09542621778813318,0.7455745300059298
med-931e7fb4de55,rar_medicine,shipped,,,,,,,,,,,,,,,,,rollout,,,,,,,,,,,,,,,,,,,,,,,,,,,,,,,,,,,,,,,,,,,,,,,,,,,,8.0,6.0,2.0,0.5416666666666666,1.0,0.25,0.75,0.06711560552140243,0.07111111111111104,0.4422561276312825,0.2977777777777777,0.22666666666666666,0.16079169211737354,
med-931e7fb4de55,rar_medicine,baseline,,,,,,,,,,,,,,,,,rollout,,,,,,,,,,,,,,,,,,,,,,,,,,,,,,,,,,,,,,,,,,,,,,,,,,,,8.0,6.0,2.0,0.6666666666666666,1.0,0.25,0.75,0.329914439536929,0.06451612903225806,0.6488856845230502,0.3709677419354838,0.30645161290322576,0.09942603230595123,
med-931e7fb4de55,rar_medicine,agentic,,,,,,,,,,,,,,,,,rollout,,,,,,,,,,,,,,,,,,,,,,,,,,,,,,,,,,,,,,,,,,,,,,,,,,,,8.0,6.0,2.0,0.5,1.0,0.25,0.75,0.0,0.07870370370370372,0.4402925227957221,0.25925925925925924,0.18055555555555552,0.17875321434931352,
med-960f0934dd5d,rar_medicine,shipped,,,,,,,,,,,,,,,,,rollout,,,,,,,,,,,,,,,,,,,,,,,,,,,,,,,,,,,,,,,,,,,,,,,,,,,,8.0,7.0,1.0,0.7142857142857143,1.0,0.125,0.875,0.25043516133890464,0.13010204081632648,0.5126437280921401,0.6479591836734694,0.5178571428571429,0.25378646745667893,
med-960f0934dd5d,rar_medicine,baseline,,,,,,,,,,,,,,,,,rollout,,,,,,,,,,,,,,,,,,,,,,,,,,,,,,,,,,,,,,,,,,,,,,,,,,,,8.0,7.0,1.0,1.0,1.0,0.125,0.875,0.5879447357921312,0.311111111111111,1.3732846219633281,0.7777777777777777,0.4666666666666667,0.22654525226265793,
med-960f0934dd5d,rar_medicine,agentic,,,,,,,,,,,,,,,,,rollout,,,,,,,,,,,,,,,,,,,,,,,,,,,,,,,,,,,,,,,,,,,,,,,,,,,,8.0,7.0,1.0,1.0,1.0,0.125,0.875,0.599144689515278,0.5976676384839649,2.5547030887755526,0.8629737609329444,0.26530612244897955,0.23394798444872192,
med-9eeced93c38b,rar_medicine,shipped,,,,,,,,,,,,,,,,,rollout,,,,,,,,,,,,,,,,,,,,,,,,,,,,,,,,,,,,,,,,,,,,,,,,,,,,7.0,2.0,5.0,0.7,1.0,0.7142857142857143,0.2857142857142857,0.3190896140869862,0.34109589041095895,1.1173995270748147,0.7876712328767124,0.4465753424657534,0.30525866724133766,0.7646350906951361
med-9eeced93c38b,rar_medicine,baseline,,,,,,,,,,,,,,,,,rollout,,,,,,,,,,,,,,,,,,,,,,,,,,,,,,,,,,,,,,,,,,,,,,,,,,,,8.0,3.0,5.0,0.9666666666666667,1.0,0.625,0.375,0.7983723279170813,0.42787878787878775,1.3957883477988227,0.7878787878787877,0.36,0.3065499067631267,0.9156197594426287
med-9eeced93c38b,rar_medicine,agentic,,,,,,,,,,,,,,,,,rollout,,,,,,,,,,,,,,,,,,,,,,,,,,,,,,,,,,,,,,,,,,,,,,,,,,,,8.0,3.0,5.0,1.0,1.0,0.625,0.375,0.8502303018977035,0.6328502415458936,1.7211134209461194,0.966183574879227,0.3333333333333333,0.3676981620409463,0.9014313657373049
med-a05b680eb6c1,rar_medicine,shipped,,,,,,,,,,,,,,,,,rollout,,,,,,,,,,,,,,,,,,,,,,,,,,,,,,,,,,,,,,,,,,,,,,,,,,,,8.0,5.0,3.0,0.5666666666666667,0.0,-0.625,0.625,0.12006004503753283,0.008205128205128198,0.05500913313380228,0.40307692307692305,0.39487179487179486,0.14915938022819472,0.9525902735768682
med-a05b680eb6c1,rar_medicine,baseline,,,,,,,,,,,,,,,,,rollout,,,,,,,,,,,,,,,,,,,,,,,,,,,,,,,,,,,,,,,,,,,,,,,,,,,,8.0,5.0,3.0,0.6,0.0,-0.625,0.625,0.1700460603795407,0.03276836158192087,0.1676525160206238,0.6033898305084746,0.5706214689265537,0.19545404005681527,0.9545738196909553
med-a05b680eb6c1,rar_medicine,agentic,,,,,,,,,,,,,,,,,rollout,,,,,,,,,,,,,,,,,,,,,,,,,,,,,,,,,,,,,,,,,,,,,,,,,,,,8.0,5.0,3.0,1.0,1.0,0.375,0.625,0.8502303018977035,0.24181818181818185,1.593775957492037,0.45090909090909087,0.20909090909090902,0.15172658407942513,0.9999234781720366
med-a5b48b2e083f,rar_medicine,shipped,,,,,,,,,,,,,,,,,rollout,,,,,,,,,,,,,,,,,,,,,,,,,,,,,,,,,,,,,,,,,,,,,,,,,,,,8.0,7.0,1.0,1.0,1.0,0.125,0.875,0.5808178695515156,0.32445520581113796,1.882940126659491,0.5278450363196125,0.2033898305084746,0.17231307635190257,
med-a5b48b2e083f,rar_medicine,baseline,,,,,,,,,,,,,,,,,rollout,,,,,,,,,,,,,,,,,,,,,,,,,,,,,,,,,,,,,,,,,,,,,,,,,,,,8.0,7.0,1.0,1.0,1.0,0.125,0.875,0.599144689515278,0.5796703296703296,2.6555853313598217,0.7527472527472526,0.17307692307692307,0.21828345066716537,
med-a5b48b2e083f,rar_medicine,agentic,,,,,,,,,,,,,,,,,rollout,,,,,,,,,,,,,,,,,,,,,,,,,,,,,,,,,,,,,,,,,,,,,,,,,,,,8.0,7.0,1.0,1.0,1.0,0.125,0.875,0.5773502691896257,0.7165178571428571,2.3947139951231966,0.7165178571428571,0.0,0.2992081136210989,
med-ac6f5e1f72e2,rar_medicine,shipped,,,,,,,,,,,,,,,,,rollout,,,,,,,,,,,,,,,,,,,,,,,,,,,,,,,,,,,,,,,,,,,,,,,,,,,,8.0,6.0,2.0,0.9166666666666666,1.0,0.25,0.75,0.6337242505244779,0.3761904761904762,1.3723204008835999,0.6333333333333333,0.2571428571428571,0.27412729268489877,
med-ac6f5e1f72e2,rar_medicine,baseline,,,,,,,,,,,,,,,,,rollout,,,,,,,,,,,,,,,,,,,,,,,,,,,,,,,,,,,,,,,,,,,,,,,,,,,,8.0,6.0,2.0,0.875,1.0,0.25,0.75,0.5846128222154678,0.536231884057971,1.4384339007395974,0.8115942028985507,0.2753623188405797,0.37278868621092526,
med-ac6f5e1f72e2,rar_medicine,agentic,,,,,,,,,,,,,,,,,rollout,,,,,,,,,,,,,,,,,,,,,,,,,,,,,,,,,,,,,,,,,,,,,,,,,,,,8.0,6.0,2.0,1.0,1.0,0.25,0.75,0.7604691006293736,0.7031963470319634,1.6674804565343468,0.7511415525114155,0.047945205479452045,0.4217118972977174,
med-b21da7abe861,rar_medicine,shipped,,,,,,,,,,,,,,,,,rollout,,,,,,,,,,,,,,,,,,,,,,,,,,,,,,,,,,,,,,,,,,,,,,,,,,,,8.0,7.0,1.0,0.8571428571428571,1.0,0.125,0.875,0.42257712736425823,0.2489177489177489,1.4686819420223582,0.47619047619047616,0.22727272727272727,0.16948376758482644,
med-b21da7abe861,rar_medicine,baseline,,,,,,,,,,,,,,,,,rollout,,,,,,,,,,,,,,,,,,,,,,,,,,,,,,,,,,,,,,,,,,,,,,,,,,,,8.0,7.0,1.0,1.0,1.0,0.125,0.875,0.5843487097907775,0.6612903225806452,2.3260322195845013,0.8064516129032259,0.14516129032258063,0.2842997259508174,
med-b21da7abe861,rar_medicine,agentic,,,,,,,,,,,,,,,,,rollout,,,,,,,,,,,,,,,,,,,,,,,,,,,,,,,,,,,,,,,,,,,,,,,,,,,,8.0,7.0,1.0,1.0,1.0,0.125,0.875,0.5916079783099615,0.6165413533834587,2.237461833943257,0.7349624060150377,0.11842105263157894,0.27555390846461003,
med-b2be91e4d044,rar_medicine,shipped,,,,,,,,,,,,,,,,,rollout,,,,,,,,,,,,,,,,,,,,,,,,,,,,,,,,,,,,,,,,,,,,,,,,,,,,8.0,7.0,1.0,0.35714285714285715,1.0,0.125,0.875,-0.16695677422593644,-0.07692307692307693,-0.6036763724793317,0.3974358974358974,0.47435897435897434,0.1274243625059395,
med-b2be91e4d044,rar_medicine,baseline,,,,,,,,,,,,,,,,,rollout,,,,,,,,,,,,,,,,,,,,,,,,,,,,,,,,,,,,,,,,,,,,,,,,,,,,8.0,7.0,1.0,0.8571428571428571,1.0,0.125,0.875,0.44237395520380884,0.10641399416909636,1.4137825159447668,0.7390670553935862,0.6326530612244898,0.0752689985686976,
med-b2be91e4d044,rar_medicine,agentic,,,,,,,,,,,,,,,,,rollout,,,,,,,,,,,,,,,,,,,,,,,,,,,,,,,,,,,,,,,,,,,,,,,,,,,,8.0,7.0,1.0,0.6428571428571429,1.0,0.125,0.875,0.17574991006549873,0.029670329670329676,0.4592045925224256,0.24505494505494504,0.21538461538461537,0.06461244106325156,
med-b78dbf37f022,rar_medicine,shipped,,,,,,,,,,,,,,,,,rollout,,,,,,,,,,,,,,,,,,,,,,,,,,,,,,,,,,,,,,,,,,,,,,,,,,,,8.0,7.0,1.0,0.8571428571428571,1.0,0.125,0.875,0.42796049251091284,0.13354037267080748,1.045018417092968,0.1987577639751553,0.06521739130434782,0.12778757817712924,
med-b78dbf37f022,rar_medicine,baseline,,,,,,,,,,,,,,,,,rollout,,,,,,,,,,,,,,,,,,,,,,,,,,,,,,,,,,,,,,,,,,,,,,,,,,,,8.0,7.0,1.0,0.8571428571428571,1.0,0.125,0.875,0.4364357804719847,0.1739130434782608,1.234426799696735,0.43478260869565205,0.26086956521739124,0.14088566735669258,
med-b78dbf37f022,rar_medicine,agentic,,,,,,,,,,,,,,,,,rollout,,,,,,,,,,,,,,,,,,,,,,,,,,,,,,,,,,,,,,,,,,,,,,,,,,,,8.0,7.0,1.0,1.0,1.0,0.125,0.875,0.5808178695515156,0.37225274725274715,1.8388153933614342,0.5453296703296702,0.17307692307692304,0.2024416091994167,
med-b89d3eed861e,rar_medicine,shipped,,,,,,,,,,,,,,,,,rollout,,,,,,,,,,,,,,,,,,,,,,,,,,,,,,,,,,,,,,,,,,,,,,,,,,,,8.0,7.0,1.0,1.0,1.0,0.125,0.875,0.6193235372853324,0.20288115246098437,2.6367252601224918,0.9759903961584634,0.773109243697479,0.07694436562251439,
med-b89d3eed861e,rar_medicine,baseline,,,,,,,,,,,,,,,,,rollout,,,,,,,,,,,,,,,,,,,,,,,,,,,,,,,,,,,,,,,,,,,,,,,,,,,,8.0,7.0,1.0,1.0,1.0,0.125,0.875,0.6666666666666665,0.19130434782608685,2.62016187037182,0.9043478260869565,0.7130434782608697,0.07301241575542025,
med-b89d3eed861e,rar_medicine,agentic,,,,,,,,,,,,,,,,,rollout,,,,,,,,,,,,,,,,,,,,,,,,,,,,,,,,,,,,,,,,,,,,,,,,,,,,8.0,7.0,1.0,1.0,1.0,0.125,0.875,0.7559289460184544,0.3561643835616439,2.733059322383711,0.9863013698630138,0.6301369863013698,0.1303171067838387,
med-ba0b7452f8cd,rar_medicine,shipped,,,,,,,,,,,,,,,,,rollout,,,,,,,,,,,,,,,,,,,,,,,,,,,,,,,,,,,,,,,,,,,,,,,,,,,,8.0,2.0,6.0,0.3333333333333333,0.0,-0.25,0.25,-0.2581988897471611,-0.061224489795918435,-0.4497190133975174,0.4897959183673469,0.5510204081632654,0.1361394292257789,0.8501441377649587
med-ba0b7452f8cd,rar_medicine,baseline,,,,,,,,,,,,,,,,,rollout,,,,,,,,,,,,,,,,,,,,,,,,,,,,,,,,,,,,,,,,,,,,,,,,,,,,8.0,2.0,6.0,0.25,0.0,-0.25,0.25,-0.4364357804719847,-0.10416666666666674,-0.9096280381830257,0.6249999999999999,0.7291666666666666,0.1145156726641131,0.2797894795452181
med-ba0b7452f8cd,rar_medicine,agentic,,,,,,,,,,,,,,,,,rollout,,,,,,,,,,,,,,,,,,,,,,,,,,,,,,,,,,,,,,,,,,,,,,,,,,,,8.0,2.0,6.0,0.5,1.0,0.75,0.25,0.0,0.020202020202020277,0.22481440399913827,0.4444444444444444,0.42424242424242414,0.08986088009777929,-0.3159621363519357
med-bbb832a8fec2,rar_medicine,shipped,,,,,,,,,,,,,,,,,rollout,,,,,,,,,,,,,,,,,,,,,,,,,,,,,,,,,,,,,,,,,,,,,,,,,,,,8.0,7.0,1.0,1.0,1.0,0.125,0.875,0.6069769786668838,0.2612781954887218,2.7098425618580655,0.5639097744360901,0.30263157894736836,0.09641821970261269,
med-bbb832a8fec2,rar_medicine,baseline,,,,,,,,,,,,,,,,,rollout,,,,,,,,,,,,,,,,,,,,,,,,,,,,,,,,,,,,,,,,,,,,,,,,,,,,8.0,7.0,1.0,1.0,1.0,0.125,0.875,0.7559289460184544,0.3874458874458876,2.637742029881765,0.932900432900433,0.5454545454545454,0.14688543574644206,
med-bbb832a8fec2,rar_medicine,agentic,,,,,,,,,,,,,,,,,rollout,,,,,,,,,,,,,,,,,,,,,,,,,,,,,,,,,,,,,,,,,,,,,,,,,,,,8.0,7.0,1.0,1.0,1.0,0.125,0.875,0.5916079783099615,0.34672619047619035,2.545555106836144,0.8988095238095237,0.5520833333333334,0.13620847945701492,
med-bf99d4ee36f1,rar_medicine,shipped,,,,,,,,,,,,,,,,,rollout,,,,,,,,,,,,,,,,,,,,,,,,,,,,,,,,,,,,,,,,,,,,,,,,,,,,8.0,3.0,5.0,0.5,0.0,-0.375,0.375,0.0,1.1102230246251565e-16,1.4746963342746045e-15,0.5915492957746479,0.5915492957746478,0.07528485687673928,0.8326302768639112
med-bf99d4ee36f1,rar_medicine,baseline,,,,,,,,,,,,,,,,,rollout,,,,,,,,,,,,,,,,,,,,,,,,,,,,,,,,,,,,,,,,,,,,,,,,,,,,8.0,3.0,5.0,0.3,0.0,-0.375,0.375,-0.35082320772281167,-0.1064516129032258,-0.8223654913639029,0.5,0.6064516129032258,0.12944562244054592,0.8229700484821856
med-bf99d4ee36f1,rar_medicine,agentic,,,,,,,,,,,,,,,,,rollout,,,,,,,,,,,,,,,,,,,,,,,,,,,,,,,,,,,,,,,,,,,,,,,,,,,,8.0,3.0,5.0,0.4,0.0,-0.375,0.375,-0.1700460603795407,-0.046153846153846156,-0.34538375877913297,0.4230769230769231,0.46923076923076923,0.13363062095621223,0.46727198325149566
med-c18f142a5a38,rar_medicine,shipped,,,,,,,,,,,,,,,,,rollout,,,,,,,,,,,,,,,,,,,,,,,,,,,,,,,,,,,,,,,,,,,,,,,,,,,,7.0,4.0,3.0,0.9166666666666666,1.0,0.4285714285714286,0.5714285714285714,0.7216878364870323,0.18504901960784315,1.247100628727589,0.6801470588235294,0.4950980392156863,0.1483833905180914,0.6454237570832876
med-c18f142a5a38,rar_medicine,baseline,,,,,,,,,,,,,,,,,rollout,,,,,,,,,,,,,,,,,,,,,,,,,,,,,,,,,,,,,,,,,,,,,,,,,,,,7.0,4.0,3.0,0.75,1.0,0.4285714285714286,0.5714285714285714,0.5400617248673217,0.05897435897435899,1.0193140450000953,0.5769230769230769,0.5179487179487179,0.05785690804873927,-0.24742628443793185
med-c18f142a5a38,rar_medicine,agentic,,,,,,,,,,,,,,,,,rollout,,,,,,,,,,,,,,,,,,,,,,,,,,,,,,,,,,,,,,,,,,,,,,,,,,,,7.0,4.0,3.0,0.125,0.25,-0.3214285714285714,0.5714285714285714,-0.724568837309472,-0.15740740740740744,-1.3093535732035937,0.3055555555555555,0.46296296296296297,0.12021764833335197,
med-c284c536782e,rar_medicine,shipped,,,,,,,,,,,,,,,,,rollout,,,,,,,,,,,,,,,,,,,,,,,,,,,,,,,,,,,,,,,,,,,,,,,,,,,,8.0,1.0,7.0,1.0,1.0,0.875,0.125,0.6324555320336758,0.3731778425655977,2.756675150425268,0.46938775510204084,0.09620991253644315,0.13537244042266938,-0.018281424959786973
med-c284c536782e,rar_medicine,baseline,,,,,,,,,,,,,,,,,rollout,,,,,,,,,,,,,,,,,,,,,,,,,,,,,,,,,,,,,,,,,,,,,,,,,,,,8.0,1.0,7.0,1.0,1.0,0.875,0.125,0.6666666666666665,0.4583333333333332,2.62016187037182,0.6249999999999999,0.16666666666666669,0.17492557941402773,0.6498276845738854
med-c284c536782e,rar_medicine,agentic,,,,,,,,,,,,,,,,,rollout,,,,,,,,,,,,,,,,,,,,,,,,,,,,,,,,,,,,,,,,,,,,,,,,,,,,8.0,1.0,7.0,1.0,1.0,0.875,0.125,0.7559289460184544,0.9514285714285714,2.6665504419170016,1.0,0.04857142857142856,0.35680126521236283,-0.258206931700501
med-c55945849375,rar_medicine,shipped,,,,,,,,,,,,,,,,,rollout,,,,,,,,,,,,,,,,,,,,,,,,,,,,,,,,,,,,,,,,,,,,,,,,,,,,8.0,5.0,3.0,0.9,1.0,0.375,0.625,0.6801842415181628,0.19613526570048312,1.3354483891072273,0.4811594202898551,0.28502415458937197,0.14686847301647,0.34820319105304154
med-c55945849375,rar_medicine,baseline,,,,,,,,,,,,,,,,,rollout,,,,,,,,,,,,,,,,,,,,,,,,,,,,,,,,,,,,,,,,,,,,,,,,,,,,8.0,5.0,3.0,0.6666666666666666,1.0,0.375,0.625,0.2904964468870634,0.03881856540084372,0.49061060008741886,0.511392405063291,0.47257383966244726,0.07912296512534968,0.9711730762794755
med-c55945849375,rar_medicine,agentic,,,,,,,,,,,,,,,,,rollout,,,,,,,,,,,,,,,,,,,,,,,,,,,,,,,,,,,,,,,,,,,,,,,,,,,,8.0,5.0,3.0,0.8,1.0,0.375,0.625,0.5132393536609808,0.038840579710144874,0.6768176208787928,0.5721739130434782,0.5333333333333333,0.05738706929602915,0.36516993369188666
med-c5613cc475ed,rar_medicine,shipped,,,,,,,,,,,,,,,,,rollout,,,,,,,,,,,,,,,,,,,,,,,,,,,,,,,,,,,,,,,,,,,,,,,,,,,,8.0,5.0,3.0,1.0,1.0,0.375,0.625,0.9065968278232491,0.14263565891472862,1.8086213288334048,0.7511627906976743,0.6085271317829457,0.07886430212936356,0.9593064147765745
med-c5613cc475ed,rar_medicine,baseline,,,,,,,,,,,,,,,,,rollout,,,,,,,,,,,,,,,,,,,,,,,,,,,,,,,,,,,,,,,,,,,,,,,,,,,,8.0,5.0,3.0,0.8,1.0,0.375,0.625,0.5554920598635308,0.052631578947368474,1.1744404390294072,0.9473684210526316,0.8947368421052632,0.04481417464717478,
med-c5613cc475ed,rar_medicine,agentic,,,,,,,,,,,,,,,,,rollout,,,,,,,,,,,,,,,,,,,,,,,,,,,,,,,,,,,,,,,,,,,,,,,,,,,,8.0,5.0,3.0,0.4,1.0,0.375,0.625,-0.17541160386140583,0.0035087719298245723,0.038708238905914245,0.8807017543859649,0.8771929824561403,0.09064664342785345,
med-c8812f74fcb4,rar_medicine,shipped,,,,,,,,,,,,,,,,,rollout,,,,,,,,,,,,,,,,,,,,,,,,,,,,,,,,,,,,,,,,,,,,,,,,,,,,7.0,3.0,4.0,0.875,1.0,0.5714285714285714,0.42857142857142855,0.6553971731289773,0.26838235294117646,1.3823944242734396,0.5,0.23161764705882354,0.19414311012013316,0.1196506411691451
med-c8812f74fcb4,rar_medicine,baseline,,,,,,,,,,,,,,,,,rollout,,,,,,,,,,,,,,,,,,,,,,,,,,,,,,,,,,,,,,,,,,,,,,,,,,,,7.0,3.0,4.0,1.0,1.0,0.5714285714285714,0.42857142857142855,0.8819171036881969,0.5833333333333333,1.818891268430091,0.7126436781609194,0.1293103448275862,0.3207081937541082,-0.4883259549040918
med-c8812f74fcb4,rar_medicine,agentic,,,,,,,,,,,,,,,,,rollout,,,,,,,,,,,,,,,,,,,,,,,,,,,,,,,,,,,,,,,,,,,,,,,,,,,,7.0,3.0,4.0,1.0,1.0,0.5714285714285714,0.42857142857142855,0.8987170342729172,0.47453703703703715,1.8293019097891645,0.7962962962962964,0.32175925925925924,0.2594088129999983,-0.011912751613358799
med-c98a2c1d81b2,rar_medicine,shipped,,,,,,,,,,,,,,,,,rollout,,,,,,,,,,,,,,,,,,,,,,,,,,,,,,,,,,,,,,,,,,,,,,,,,,,,8.0,4.0,4.0,0.84375,1.0,0.5,0.5,0.6187983455093131,0.15579710144927528,1.1261330218896863,0.4891304347826086,0.3333333333333333,0.13834697892780276,0.7885026357262245
med-c98a2c1d81b2,rar_medicine,baseline,,,,,,,,,,,,,,,,,rollout,,,,,,,,,,,,,,,,,,,,,,,,,,,,,,,,,,,,,,,,,,,,,,,,,,,,8.0,4.0,4.0,0.78125,1.0,0.5,0.5,0.509524665365068,0.11290322580645173,0.584639792603247,0.6975806451612903,0.5846774193548385,0.19311587619399528,0.5199404080208968
med-c98a2c1d81b2,rar_medicine,agentic,,,,,,,,,,,,,,,,,rollout,,,,,,,,,,,,,,,,,,,,,,,,,,,,,,,,,,,,,,,,,,,,,,,,,,,,8.0,4.0,4.0,0.6875,0.5,0.0,0.5,0.3535533905932738,0.05747126436781613,0.6505508780886108,0.5660919540229886,0.5086206896551725,0.08834245914273908,0.7676790042250283
med-cbdf1f80d3c5,rar_medicine,shipped,,,,,,,,,,,,,,,,,rollout,,,,,,,,,,,,,,,,,,,,,,,,,,,,,,,,,,,,,,,,,,,,,,,,,,,,8.0,7.0,1.0,1.0,1.0,0.125,0.875,0.6193235372853324,0.3478260869565218,2.218800784900917,0.4130434782608696,0.06521739130434782,0.1567630989332169,
med-cbdf1f80d3c5,rar_medicine,baseline,,,,,,,,,,,,,,,,,rollout,,,,,,,,,,,,,,,,,,,,,,,,,,,,,,,,,,,,,,,,,,,,,,,,,,,,8.0,7.0,1.0,1.0,1.0,0.125,0.875,0.5879447357921312,0.45129870129870137,1.7813011795847782,0.5194805194805195,0.06818181818181819,0.2533533949626077,
med-cbdf1f80d3c5,rar_medicine,agentic,,,,,,,,,,,,,,,,,rollout,,,,,,,,,,,,,,,,,,,,,,,,,,,,,,,,,,,,,,,,,,,,,,,,,,,,8.0,7.0,1.0,0.9285714285714286,1.0,0.125,0.875,0.5308487462445706,0.14945054945054947,1.2009561588879114,0.4879120879120879,0.3384615384615384,0.12444296850014999,
med-cbe76ed81c5b,rar_medicine,shipped,,,,,,,,,,,,,,,,,rollout,,,,,,,,,,,,,,,,,,,,,,,,,,,,,,,,,,,,,,,,,,,,,,,,,,,,8.0,7.0,1.0,1.0,1.0,0.125,0.875,0.5808178695515156,0.40092165898617516,2.061735834377104,0.5460829493087558,0.14516129032258066,0.1944583065886821,
med-cbe76ed81c5b,rar_medicine,baseline,,,,,,,,,,,,,,,,,rollout,,,,,,,,,,,,,,,,,,,,,,,,,,,,,,,,,,,,,,,,,,,,,,,,,,,,8.0,7.0,1.0,1.0,1.0,0.125,0.875,0.6069769786668838,0.5164835164835164,2.149269133170236,0.5164835164835164,0.0,0.24030658074062963,
med-cbe76ed81c5b,rar_medicine,agentic,,,,,,,,,,,,,,,,,rollout,,,,,,,,,,,,,,,,,,,,,,,,,,,,,,,,,,,,,,,,,,,,,,,,,,,,8.0,7.0,1.0,0.9285714285714286,1.0,0.125,0.875,0.5308487462445706,0.5582417582417583,1.8375668490527506,0.8351648351648352,0.2769230769230769,0.30379398634097415,
med-cc0494519c68,rar_medicine,shipped,,,,,,,,,,,,,,,,,rollout,,,,,,,,,,,,,,,,,,,,,,,,,,,,,,,,,,,,,,,,,,,,,,,,,,,,8.0,7.0,1.0,0.7142857142857143,1.0,0.125,0.875,0.25514595333753737,0.07990314769975776,0.6407917994002649,0.3510895883777239,0.27118644067796616,0.12469439804713695,
med-cc0494519c68,rar_medicine,baseline,,,,,,,,,,,,,,,,,rollout,,,,,,,,,,,,,,,,,,,,,,,,,,,,,,,,,,,,,,,,,,,,,,,,,,,,8.0,7.0,1.0,0.8571428571428571,1.0,0.125,0.875,0.42796049251091284,0.12103174603174599,1.2119969431397561,0.4404761904761904,0.3194444444444444,0.0998614284605417,
med-cc0494519c68,rar_medicine,agentic,,,,,,,,,,,,,,,,,rollout,,,,,,,,,,,,,,,,,,,,,,,,,,,,,,,,,,,,,,,,,,,,,,,,,,,,8.0,7.0,1.0,1.0,1.0,0.125,0.875,0.5843487097907775,0.2730560578661845,2.4405285476381415,0.5515370705244123,0.2784810126582278,0.11188398436496004,
med-d078d9e5c01b,rar_medicine,shipped,,,,,,,,,,,,,,,,,rollout,,,,,,,,,,,,,,,,,,,,,,,,,,,,,,,,,,,,,,,,,,,,,,,,,,,,8.0,3.0,5.0,0.5,1.0,0.625,0.375,0.0,-0.020408163265306145,-0.39942979301018583,0.6326530612244897,0.6530612244897959,0.051093242473241644,
med-d078d9e5c01b,rar_medicine,baseline,,,,,,,,,,,,,,,,,rollout,,,,,,,,,,,,,,,,,,,,,,,,,,,,,,,,,,,,,,,,,,,,,,,,,,,,8.0,3.0,5.0,0.6,0.42857142857142855,0.05357142857142855,0.375,0.2927700218845599,0.03043478260869581,0.565685424949241,0.8478260869565218,0.817391304347826,0.05380160291636774,0.294601223866711
med-d078d9e5c01b,rar_medicine,agentic,,,,,,,,,,,,,,,,,rollout,,,,,,,,,,,,,,,,,,,,,,,,,,,,,,,,,,,,,,,,,,,,,,,,,,,,8.0,3.0,5.0,0.6,1.0,0.625,0.375,0.1777046633277277,0.029333333333333322,0.248674331429731,0.35333333333333333,0.324,0.1179588305905315,-0.034672370218971515
med-d9d6d0e87ecb,rar_medicine,shipped,,,,,,,,,,,,,,,,,rollout,,,,,,,,,,,,,,,,,,,,,,,,,,,,,,,,,,,,,,,,,,,,,,,,,,,,12.0,10.0,2.0,0.325,1.0,0.16666666666666663,0.8333333333333334,-0.24297354707521812,-0.00508474576271184,-0.030217106961906992,0.3084745762711864,0.31355932203389825,0.16827374536953166,
med-d9d6d0e87ecb,rar_medicine,baseline,,,,,,,,,,,,,,,,,rollout,,,,,,,,,,,,,,,,,,,,,,,,,,,,,,,,,,,,,,,,,,,,,,,,,,,,12.0,10.0,2.0,0.325,1.0,0.16666666666666663,0.8333333333333334,-0.24395526237506296,-0.013043478260869601,-0.0784159953260902,0.367391304347826,0.3804347826086956,0.16633695978261512,
med-d9d6d0e87ecb,rar_medicine,agentic,,,,,,,,,,,,,,,,,rollout,,,,,,,,,,,,,,,,,,,,,,,,,,,,,,,,,,,,,,,,,,,,,,,,,,,,12.0,10.0,2.0,0.7,1.0,0.16666666666666663,0.8333333333333334,0.2656844656620286,0.12608695652173912,0.6650846771945828,0.4811594202898551,0.35507246376811596,0.18958030585457325,
med-dc7957448669,rar_medicine,shipped,,,,,,,,,,,,,,,,,rollout,,,,,,,,,,,,,,,,,,,,,,,,,,,,,,,,,,,,,,,,,,,,,,,,,,,,8.0,2.0,6.0,1.0,1.0,0.75,0.25,0.8660254037844387,0.6005291005291005,2.011681719946009,0.6666666666666666,0.06613756613756612,0.2985209313057823,0.4329759524372774
med-dc7957448669,rar_medicine,baseline,,,,,,,,,,,,,,,,,rollout,,,,,,,,,,,,,,,,,,,,,,,,,,,,,,,,,,,,,,,,,,,,,,,,,,,,8.0,2.0,6.0,1.0,1.0,0.75,0.25,0.989743318610787,0.6363636363636364,1.997090907551095,0.7727272727272727,0.13636363636363633,0.3186453025035142,
med-dc7957448669,rar_medicine,agentic,,,,,,,,,,,,,,,,,rollout,,,,,,,,,,,,,,,,,,,,,,,,,,,,,,,,,,,,,,,,,,,,,,,,,,,,8.0,2.0,6.0,1.0,1.0,0.75,0.25,0.989743318610787,0.7019230769230769,1.9396106974356417,0.7019230769230769,0.0,0.36188863974151564,
med-deb27cd3a8f9,rar_medicine,shipped,,,,,,,,,,,,,,,,,rollout,,,,,,,,,,,,,,,,,,,,,,,,,,,,,,,,,,,,,,,,,,,,,,,,,,,,8.0,6.0,2.0,0.7916666666666666,1.0,0.25,0.75,0.44630369914433676,0.31845238095238093,1.0622622854057027,0.5595238095238094,0.24107142857142852,0.299786959706243,
med-deb27cd3a8f9,rar_medicine,baseline,,,,,,,,,,,,,,,,,rollout,,,,,,,,,,,,,,,,,,,,,,,,,,,,,,,,,,,,,,,,,,,,,,,,,,,,8.0,6.0,2.0,1.0,1.0,0.25,0.75,0.8053872662568292,0.5138888888888888,1.8594876685043822,0.9027777777777778,0.38888888888888895,0.27636047153903337,
med-deb27cd3a8f9,rar_medicine,agentic,,,,,,,,,,,,,,,,,rollout,,,,,,,,,,,,,,,,,,,,,,,,,,,,,,,,,,,,,,,,,,,,,,,,,,,,8.0,6.0,2.0,1.0,1.0,0.25,0.75,0.7604691006293736,0.6598639455782312,1.885031454361845,0.8639455782312925,0.20408163265306126,0.35005460733896365,
med-e6c4ba1af357,rar_medicine,shipped,,,,,,,,,,,,,,,,,rollout,,,,,,,,,,,,,,,,,,,,,,,,,,,,,,,,,,,,,,,,,,,,,,,,,,,,8.0,5.0,3.0,0.7333333333333333,1.0,0.375,0.625,0.396774140885595,0.2777777777777778,1.1319660971528356,0.7833333333333333,0.5055555555555555,0.24539407891848974,0.7951787482735473
med-e6c4ba1af357,rar_medicine,baseline,,,,,,,,,,,,,,,,,rollout,,,,,,,,,,,,,,,,,,,,,,,,,,,,,,,,,,,,,,,,,,,,,,,,,,,,8.0,5.0,3.0,1.0,1.0,0.375,0.625,0.9004503377814962,0.5095238095238095,1.6830132758740433,0.9142857142857143,0.4047619047619047,0.3027449734519755,0.631064146983361
med-e6c4ba1af357,rar_medicine,agentic,,,,,,,,,,,,,,,,,rollout,,,,,,,,,,,,,,,,,,,,,,,,,,,,,,,,,,,,,,,,,,,,,,,,,,,,8.0,5.0,3.0,0.9,1.0,0.375,0.625,0.6801842415181628,0.12367149758454121,1.2822918550133957,0.9014492753623189,0.7777777777777777,0.09644567038386846,-0.6560649390451826
med-e9a2fe585dc6,rar_medicine,shipped,,,,,,,,,,,,,,,,,rollout,,,,,,,,,,,,,,,,,,,,,,,,,,,,,,,,,,,,,,,,,,,,,,,,,,,,12.0,10.0,2.0,0.55,1.0,0.16666666666666663,0.8333333333333334,0.06767682521924122,0.04705882352941193,0.37184020642771254,0.5176470588235295,0.47058823529411753,0.1265565764969539,
med-e9a2fe585dc6,rar_medicine,baseline,,,,,,,,,,,,,,,,,rollout,,,,,,,,,,,,,,,,,,,,,,,,,,,,,,,,,,,,,,,,,,,,,,,,,,,,12.0,10.0,2.0,0.7,1.0,0.16666666666666663,0.8333333333333334,0.3113995776646092,0.061403508771929904,0.7478783550139063,0.5701754385964912,0.5087719298245613,0.08210360463071317,
med-e9a2fe585dc6,rar_medicine,agentic,,,,,,,,,,,,,,,,,rollout,,,,,,,,,,,,,,,,,,,,,,,,,,,,,,,,,,,,,,,,,,,,,,,,,,,,12.0,10.0,2.0,0.875,1.0,0.16666666666666663,0.8333333333333334,0.4883808975175735,0.15617977528089888,1.3281056889175114,0.5044943820224719,0.348314606741573,0.1175958935980427,
med-eab5c7860802,rar_medicine,shipped,,,,,,,,,,,,,,,,,rollout,,,,,,,,,,,,,,,,,,,,,,,,,,,,,,,,,,,,,,,,,,,,,,,,,,,,8.0,4.0,4.0,0.34375,0.3333333333333333,-0.16666666666666669,0.5,-0.281271975231506,-0.0805084745762712,-0.6757453152754618,0.576271186440678,0.6567796610169492,0.11914026299013646,0.2892440803661352
med-eab5c7860802,rar_medicine,baseline,,,,,,,,,,,,,,,,,rollout,,,,,,,,,,,,,,,,,,,,,,,,,,,,,,,,,,,,,,,,,,,,,,,,,,,,8.0,4.0,4.0,0.6875,1.0,0.5,0.5,0.3511234415883917,0.0757575757575758,0.6685796309047952,0.5795454545454545,0.5037878787878787,0.11331122315983864,0.500423285214044
med-eab5c7860802,rar_medicine,agentic,,,,,,,,,,,,,,,,,rollout,,,,,,,,,,,,,,,,,,,,,,,,,,,,,,,,,,,,,,,,,,,,,,,,,,,,8.0,4.0,4.0,0.9375,1.0,0.5,0.5,0.7826237921249264,0.125,1.353782579562639,0.30729166666666663,0.18229166666666663,0.09233388129457482,-0.5004232852140442
med-f1727cd9627c,rar_medicine,shipped,,,,,,,,,,,,,,,,,rollout,,,,,,,,,,,,,,,,,,,,,,,,,,,,,,,,,,,,,,,,,,,,,,,,,,,,8.0,3.0,5.0,0.9333333333333333,1.0,0.625,0.375,0.7505553499465134,0.12,1.2492856410437139,0.4461538461538461,0.3261538461538461,0.09605489413913873,0.11853685257934683
med-f1727cd9627c,rar_medicine,baseline,,,,,,,,,,,,,,,,,rollout,,,,,,,,,,,,,,,,,,,,,,,,,,,,,,,,,,,,,,,,,,,,,,,,,,,,8.0,3.0,5.0,1.0,1.0,0.625,0.375,0.9004503377814962,0.4169491525423728,1.8249959779162033,0.6440677966101694,0.22711864406779664,0.22846579257585492,0.2501336234053622
med-f1727cd9627c,rar_medicine,agentic,,,,,,,,,,,,,,,,,rollout,,,,,,,,,,,,,,,,,,,,,,,,,,,,,,,,,,,,,,,,,,,,,,,,,,,,8.0,3.0,5.0,1.0,1.0,0.625,0.375,0.9004503377814962,0.5742857142857143,1.801179036689102,0.6,0.02571428571428571,0.3188387731523663,0.2501336234053622
med-f5bc99c4e922,rar_medicine,shipped,,,,,,,,,,,,,,,,,rollout,,,,,,,,,,,,,,,,,,,,,,,,,,,,,,,,,,,,,,,,,,,,,,,,,,,,8.0,2.0,6.0,0.9166666666666666,0.5,0.25,0.25,0.6337242505244779,0.4333333333333333,1.3060223608800716,0.7923076923076922,0.35897435897435886,0.33179625886445685,0.9413242996999206
med-f5bc99c4e922,rar_medicine,baseline,,,,,,,,,,,,,,,,,rollout,,,,,,,,,,,,,,,,,,,,,,,,,,,,,,,,,,,,,,,,,,,,,,,,,,,,8.0,2.0,6.0,1.0,1.0,0.75,0.25,0.7650920556760059,0.5256410256410258,1.707592351588072,0.7051282051282053,0.1794871794871795,0.30782582573187106,0.831050507385676
med-f5bc99c4e922,rar_medicine,agentic,,,,,,,,,,,,,,,,,rollout,,,,,,,,,,,,,,,,,,,,,,,,,,,,,,,,,,,,,,,,,,,,,,,,,,,,8.0,2.0,6.0,0.8333333333333334,0.0,-0.25,0.25,0.5100613704506706,0.23134328358208944,0.8615148033466992,0.5671641791044775,0.33582089552238803,0.2685308281220445,0.9608520546223807
med-f6f123aa5ea7,rar_medicine,shipped,,,,,,,,,,,,,,,,,rollout,,,,,,,,,,,,,,,,,,,,,,,,,,,,,,,,,,,,,,,,,,,,,,,,,,,,8.0,2.0,6.0,0.8333333333333334,1.0,0.75,0.25,0.5819143739626463,0.12745098039215685,1.2287764289911167,0.6764705882352942,0.5490196078431373,0.10372186297290883,-0.6531977115107147
med-f6f123aa5ea7,rar_medicine,baseline,,,,,,,,,,,,,,,,,rollout,,,,,,,,,,,,,,,,,,,,,,,,,,,,,,,,,,,,,,,,,,,,,,,,,,,,8.0,2.0,6.0,0.5833333333333334,0.3333333333333333,0.08333333333333331,0.25,0.14907119849998599,0.029914529914529912,0.3220305943597653,0.08974358974358974,0.05982905982905983,0.09289344068070153,-0.17762393909501895
med-f6f123aa5ea7,rar_medicine,agentic,,,,,,,,,,,,,,,,,rollout,,,,,,,,,,,,,,,,,,,,,,,,,,,,,,,,,,,,,,,,,,,,,,,,,,,,8.0,2.0,6.0,0.041666666666666664,0.0,-0.25,0.25,-0.7190924955066748,-0.17441860465116282,-1.4515589589717803,0.08139534883720928,0.2558139534883721,0.12015950407878243,-0.1685560666612998
med-fff27f593ee9,rar_medicine,shipped,,,,,,,,,,,,,,,,,rollout,,,,,,,,,,,,,,,,,,,,,,,,,,,,,,,,,,,,,,,,,,,,,,,,,,,,12.0,11.0,1.0,0.6818181818181818,1.0,0.08333333333333337,0.9166666666666666,0.1756087114325455,0.13391984359726306,0.5745455421126447,0.4780058651026394,0.34408602150537637,0.23308829984970433,
med-fff27f593ee9,rar_medicine,baseline,,,,,,,,,,,,,,,,,rollout,,,,,,,,,,,,,,,,,,,,,,,,,,,,,,,,,,,,,,,,,,,,,,,,,,,,12.0,11.0,1.0,0.8181818181818182,1.0,0.08333333333333337,0.9166666666666666,0.315798400216619,0.11857707509881421,0.8771829830491044,0.6258234519104083,0.5072463768115941,0.13517940656650462,
med-fff27f593ee9,rar_medicine,agentic,,,,,,,,,,,,,,,,,rollout,,,,,,,,,,,,,,,,,,,,,,,,,,,,,,,,,,,,,,,,,,,,,,,,,,,,12.0,11.0,1.0,0.9545454545454546,1.0,0.08333333333333337,0.9166666666666666,0.43979949713354244,0.24242424242424243,1.6493852031595664,0.33575757575757575,0.09333333333333334,0.14697854810377464,
sci-045492df8b2b,rar_science,shipped,,,,,,,,,,,,,,,,,rollout,,,,,,,,,,,,,,,,,,,,,,,,,,,,,,,,,,,,,,,,,,,,,,,,,,,,6.0,5.0,1.0,1.0,1.0,0.16666666666666663,0.8333333333333334,0.7071067811865475,0.5739130434782609,1.9809907431192921,0.5739130434782609,0.0,0.2897101086775249,
sci-045492df8b2b,rar_science,baseline,,,,,,,,,,,,,,,,,rollout,,,,,,,,,,,,,,,,,,,,,,,,,,,,,,,,,,,,,,,,,,,,,,,,,,,,6.0,5.0,1.0,1.0,1.0,0.16666666666666663,0.8333333333333334,0.6546536707079772,0.5907692307692306,2.3047376340832493,0.5907692307692306,0.0,0.25632819199579726,
sci-045492df8b2b,rar_science,agentic,,,,,,,,,,,,,,,,,rollout,,,,,,,,,,,,,,,,,,,,,,,,,,,,,,,,,,,,,,,,,,,,,,,,,,,,6.0,5.0,1.0,0.8,1.0,0.16666666666666663,0.8333333333333334,0.39852669849304284,0.08571428571428577,0.681554201096478,0.2464285714285715,0.16071428571428573,0.12576297758327867,
sci-1074b372b376,rar_science,shipped,,,,,,,,,,,,,,,,,rollout,,,,,,,,,,,,,,,,,,,,,,,,,,,,,,,,,,,,,,,,,,,,,,,,,,,,8.0,1.0,7.0,0.8571428571428571,0.0,-0.125,0.125,0.42257712736425823,0.19946091644204852,0.8982739245998422,0.3773584905660377,0.17789757412398918,0.22204909992339275,0.17288102464022
sci-1074b372b376,rar_science,baseline,,,,,,,,,,,,,,,,,rollout,,,,,,,,,,,,,,,,,,,,,,,,,,,,,,,,,,,,,,,,,,,,,,,,,,,,8.0,1.0,7.0,1.0,1.0,0.875,0.125,0.5843487097907775,0.35912698412698413,1.9555144212548166,0.6388888888888888,0.2797619047619047,0.18364834348628284,0.3365594362796485
sci-1074b372b376,rar_science,agentic,,,,,,,,,,,,,,,,,rollout,,,,,,,,,,,,,,,,,,,,,,,,,,,,,,,,,,,,,,,,,,,,,,,,,,,,8.0,1.0,7.0,1.0,1.0,0.875,0.125,0.6666666666666665,0.9556650246305418,2.7694510980612526,1.0,0.04433497536945813,0.3450738037221718,-0.08397557915171025
sci-180557220f0a,rar_science,shipped,,,,,,,,,,,,,,,,,rollout,,,,,,,,,,,,,,,,,,,,,,,,,,,,,,,,,,,,,,,,,,,,,,,,,,,,8.0,4.0,4.0,0.375,0.0,-0.5,0.5,-0.22360679774997896,-0.0357142857142857,-0.16199785578601178,0.5306122448979591,0.5663265306122448,0.22046147179541595,0.7228869600771899
sci-180557220f0a,rar_science,baseline,,,,,,,,,,,,,,,,,rollout,,,,,,,,,,,,,,,,,,,,,,,,,,,,,,,,,,,,,,,,,,,,,,,,,,,,8.0,4.0,4.0,0.875,1.0,0.5,0.5,0.658585559938142,0.23397435897435886,1.0960064394350308,0.6025641025641024,0.36858974358974356,0.21347900026478667,0.5135962760472609
sci-180557220f0a,rar_science,agentic,,,,,,,,,,,,,,,,,rollout,,,,,,,,,,,,,,,,,,,,,,,,,,,,,,,,,,,,,,,,,,,,,,,,,,,,8.0,4.0,4.0,0.625,0.6,0.09999999999999998,0.5,0.2581988897471611,0.029661016949152533,0.48304589153964783,0.08898305084745761,0.05932203389830508,0.061404138755039986,0.7834277312327658
sci-1cbb3e0b742d,rar_science,shipped,,,,,,,,,,,,,,,,,rollout,,,,,,,,,,,,,,,,,,,,,,,,,,,,,,,,,,,,,,,,,,,,,,,,,,,,7.0,6.0,1.0,0.6666666666666666,1.0,0.1428571428571429,0.8571428571428571,0.20597146021777488,0.05251141552511418,0.19058072780431035,0.4634703196347032,0.410958904109589,0.2755337128265838,
sci-1cbb3e0b742d,rar_science,baseline,,,,,,,,,,,,,,,,,rollout,,,,,,,,,,,,,,,,,,,,,,,,,,,,,,,,,,,,,,,,,,,,,,,,,,,,7.0,6.0,1.0,0.8333333333333334,1.0,0.1428571428571429,0.8571428571428571,0.41194292043554975,0.0533333333333334,0.3672264579196794,0.44533333333333336,0.39199999999999996,0.14523281801497698,
sci-1cbb3e0b742d,rar_science,agentic,,,,,,,,,,,,,,,,,rollout,,,,,,,,,,,,,,,,,,,,,,,,,,,,,,,,,,,,,,,,,,,,,,,,,,,,7.0,6.0,1.0,0.8333333333333334,1.0,0.1428571428571429,0.8571428571428571,0.4082482904638631,0.10792349726775968,0.6080419166564307,0.49316939890710404,0.38524590163934436,0.17749351535042446,
sci-200bfdc23b84,rar_science,shipped,,,,,,,,,,,,,,,,,rollout,,,,,,,,,,,,,,,,,,,,,,,,,,,,,,,,,,,,,,,,,,,,,,,,,,,,7.0,6.0,1.0,0.8333333333333334,1.0,0.1428571428571429,0.8571428571428571,0.4409585518440985,0.10185185185185186,1.0876400571212652,0.10185185185185186,0.0,0.09364481492289871,
sci-200bfdc23b84,rar_science,baseline,,,,,,,,,,,,,,,,,rollout,,,,,,,,,,,,,,,,,,,,,,,,,,,,,,,,,,,,,,,,,,,,,,,,,,,,7.0,6.0,1.0,1.0,1.0,0.1428571428571429,0.8571428571428571,1.0000000000000002,0.009433962264150927,2.6457513110645867,0.09433962264150943,0.0849056603773585,0.0035657025755587465,
sci-200bfdc23b84,rar_science,agentic,,,,,,,,,,,,,,,,,rollout,,,,,,,,,,,,,,,,,,,,,,,,,,,,,,,,,,,,,,,,,,,,,,,,,,,,7.0,6.0,1.0,0.8333333333333334,1.0,0.1428571428571429,0.8571428571428571,0.42779263194649864,0.08333333333333331,1.1043796180824836,0.3774509803921568,0.2941176470588235,0.07545714532293128,
sci-256b4b58e6fc,rar_science,shipped,,,,,,,,,,,,,,,,,rollout,,,,,,,,,,,,,,,,,,,,,,,,,,,,,,,,,,,,,,,,,,,,,,,,,,,,8.0,6.0,2.0,0.5,1.0,0.25,0.75,0.0,0.057823129251700744,0.16838700067572368,0.4557823129251701,0.39795918367346933,0.3433942585808947,
sci-256b4b58e6fc,rar_science,baseline,,,,,,,,,,,,,,,,,rollout,,,,,,,,,,,,,,,,,,,,,,,,,,,,,,,,,,,,,,,,,,,,,,,,,,,,8.0,6.0,2.0,0.5833333333333334,1.0,0.25,0.75,0.12751534261266764,0.10185185185185189,0.5678883035604659,0.32962962962962966,0.22777777777777777,0.17935190989720254,
sci-256b4b58e6fc,rar_science,agentic,,,,,,,,,,,,,,,,,rollout,,,,,,,,,,,,,,,,,,,,,,,,,,,,,,,,,,,,,,,,,,,,,,,,,,,,8.0,6.0,2.0,0.6666666666666666,1.0,0.25,0.75,0.25197631533948484,0.12878787878787878,0.5238835186571609,0.5265151515151514,0.3977272727272726,0.24583304150890836,
sci-2892b69a6237,rar_science,shipped,,,,,,,,,,,,,,,,,rollout,,,,,,,,,,,,,,,,,,,,,,,,,,,,,,,,,,,,,,,,,,,,,,,,,,,,8.0,7.0,1.0,0.42857142857142855,1.0,0.125,0.875,-0.08504865111251246,0.007653061224489832,0.049074111180260935,0.7755102040816327,0.7678571428571429,0.15594905420453384,
sci-2892b69a6237,rar_science,baseline,,,,,,,,,,,,,,,,,rollout,,,,,,,,,,,,,,,,,,,,,,,,,,,,,,,,,,,,,,,,,,,,,,,,,,,,8.0,7.0,1.0,1.0,1.0,0.125,0.875,0.6614378277661476,0.11934900542495475,1.8315676261594123,0.6763110307414104,0.5569620253164557,0.06516221608219619,
sci-2892b69a6237,rar_science,agentic,,,,,,,,,,,,,,,,,rollout,,,,,,,,,,,,,,,,,,,,,,,,,,,,,,,,,,,,,,,,,,,,,,,,,,,,8.0,7.0,1.0,0.6428571428571429,1.0,0.125,0.875,0.2182178902359924,0.03809523809523818,0.6172133998483686,0.6380952380952382,0.6,0.0617213399848368,
sci-2894a3c6c89c,rar_science,shipped,,,,,,,,,,,,,,,,,rollout,,,,,,,,,,,,,,,,,,,,,,,,,,,,,,,,,,,,,,,,,,,,,,,,,,,,8.0,7.0,1.0,1.0,1.0,0.125,0.875,0.6614378277661476,0.9668367346938774,2.782771174401991,0.9668367346938774,0.0,0.34743666442557847,
sci-2894a3c6c89c,rar_science,baseline,,,,,,,,,,,,,,,,,rollout,,,,,,,,,,,,,,,,,,,,,,,,,,,,,,,,,,,,,,,,,,,,,,,,,,,,8.0,7.0,1.0,1.0,1.0,0.125,0.875,0.6614378277661476,0.8440366972477064,2.5413090289364133,0.8440366972477064,0.0,0.3321267455618933,
sci-2894a3c6c89c,rar_science,agentic,,,,,,,,,,,,,,,,,rollout,,,,,,,,,,,,,,,,,,,,,,,,,,,,,,,,,,,,,,,,,,,,,,,,,,,,8.0,7.0,1.0,1.0,1.0,0.125,0.875,0.5953405577875872,0.8695652173913044,2.534170149895988,0.8695652173913044,0.0,0.3431360824082766,
sci-2907ae60d945,rar_science,shipped,,,,,,,,,,,,,,,,,rollout,,,,,,,,,,,,,,,,,,,,,,,,,,,,,,,,,,,,,,,,,,,,,,,,,,,,12.0,11.0,1.0,1.0,1.0,0.08333333333333337,0.9166666666666666,0.5716053474796459,0.8214285714285713,3.219448838513948,0.8214285714285713,0.0,0.25514571363952193,
sci-2907ae60d945,rar_science,baseline,,,,,,,,,,,,,,,,,rollout,,,,,,,,,,,,,,,,,,,,,,,,,,,,,,,,,,,,,,,,,,,,,,,,,,,,12.0,11.0,1.0,1.0,1.0,0.08333333333333337,0.9166666666666666,0.4962546289118298,0.6246334310850439,3.1124754354626307,0.7697947214076245,0.14516129032258063,0.20068702357234824,
sci-2907ae60d945,rar_science,agentic,,,,,,,,,,,,,,,,,rollout,,,,,,,,,,,,,,,,,,,,,,,,,,,,,,,,,,,,,,,,,,,,,,,,,,,,12.0,11.0,1.0,0.8181818181818182,1.0,0.08333333333333337,0.9166666666666666,0.3181818181818182,0.33542319749216304,0.9092617951401865,0.33542319749216304,0.0,0.3688961741106133,
sci-2f3b45de3872,rar_science,shipped,,,,,,,,,,,,,,,,,rollout,,,,,,,,,,,,,,,,,,,,,,,,,,,,,,,,,,,,,,,,,,,,,,,,,,,,12.0,1.0,11.0,0.8636363636363636,0.25,0.16666666666666669,0.08333333333333333,0.3595732599803958,0.2401372212692966,1.0726368619399829,0.830188679245283,0.5900514579759863,0.22387560020544303,0.636931127471817
sci-2f3b45de3872,rar_science,baseline,,,,,,,,,,,,,,,,,rollout,,,,,,,,,,,,,,,,,,,,,,,,,,,,,,,,,,,,,,,,,,,,,,,,,,,,12.0,1.0,11.0,0.45454545454545453,0.0,-0.08333333333333333,0.08333333333333333,-0.04469901562676742,0.05538140020898641,0.24132307741434017,0.7011494252873562,0.6457680250783698,0.22949069273594253,0.7562571212628233
sci-2f3b45de3872,rar_science,agentic,,,,,,,,,,,,,,,,,rollout,,,,,,,,,,,,,,,,,,,,,,,,,,,,,,,,,,,,,,,,,,,,,,,,,,,,12.0,1.0,11.0,0.13636363636363635,0.0,-0.08333333333333333,0.08333333333333333,-0.37219368415938836,-0.16545454545454552,-1.3126403311313006,0.72,0.8854545454545455,0.1260471292329928,0.14336391804861331
sci-31945f4df73d,rar_science,shipped,,,,,,,,,,,,,,,,,rollout,,,,,,,,,,,,,,,,,,,,,,,,,,,,,,,,,,,,,,,,,,,,,,,,,,,,8.0,6.0,2.0,0.8333333333333334,1.0,0.25,0.75,0.5773502691896258,0.08333333333333337,1.2472191289246477,0.9583333333333334,0.875,0.0668153104781061,
sci-31945f4df73d,rar_science,baseline,,,,,,,,,,,,,,,,,rollout,,,,,,,,,,,,,,,,,,,,,,,,,,,,,,,,,,,,,,,,,,,,,,,,,,,,8.0,6.0,2.0,1.0,1.0,0.25,0.75,0.8660254037844387,0.10666666666666658,2.0367003088692606,0.9933333333333333,0.8866666666666667,0.05237229365663817,
sci-31945f4df73d,rar_science,agentic,,,,,,,,,,,,,,,,,rollout,,,,,,,,,,,,,,,,,,,,,,,,,,,,,,,,,,,,,,,,,,,,,,,,,,,,8.0,6.0,2.0,0.5833333333333334,0.6666666666666666,-0.08333333333333337,0.75,0.1299139604923262,0.09178743961352659,0.7749801139802014,0.4323671497584541,0.3405797101449275,0.1184384450100503,
sci-3c61ccbecbf0,rar_science,shipped,,,,,,,,,,,,,,,,,rollout,,,,,,,,,,,,,,,,,,,,,,,,,,,,,,,,,,,,,,,,,,,,,,,,,,,,7.0,6.0,1.0,0.5833333333333334,1.0,0.1428571428571429,0.8571428571428571,0.10298573010888744,0.017006802721088454,0.10766835574006402,0.7517006802721088,0.7346938775510203,0.15795544200699746,
sci-3c61ccbecbf0,rar_science,baseline,,,,,,,,,,,,,,,,,rollout,,,,,,,,,,,,,,,,,,,,,,,,,,,,,,,,,,,,,,,,,,,,,,,,,,,,7.0,6.0,1.0,1.0,1.0,0.1428571428571429,0.8571428571428571,0.6179143806533247,0.22118380062305298,2.073805758255531,0.7352024922118381,0.5140186915887851,0.10665598730380181,
sci-3c61ccbecbf0,rar_science,agentic,,,,,,,,,,,,,,,,,rollout,,,,,,,,,,,,,,,,,,,,,,,,,,,,,,,,,,,,,,,,,,,,,,,,,,,,7.0,6.0,1.0,0.6666666666666666,1.0,0.1428571428571429,0.8571428571428571,0.25819888974716115,0.11904761904761896,0.6831300510639727,0.7619047619047619,0.6428571428571429,0.17426787016938092,
sci-4043bf8ee284,rar_science,shipped,,,,,,,,,,,,,,,,,rollout,,,,,,,,,,,,,,,,,,,,,,,,,,,,,,,,,,,,,,,,,,,,,,,,,,,,8.0,7.0,1.0,0.35714285714285715,1.0,0.125,0.875,-0.17694958208152353,-0.029055690072639195,-0.47809144373375695,0.9200968523002422,0.9491525423728814,0.06077433606785053,
sci-4043bf8ee284,rar_science,baseline,,,,,,,,,,,,,,,,,rollout,,,,,,,,,,,,,,,,,,,,,,,,,,,,,,,,,,,,,,,,,,,,,,,,,,,,8.0,7.0,1.0,1.0,1.0,0.125,0.875,0.7559289460184544,0.1392405063291139,2.393284490169853,0.810126582278481,0.6708860759493671,0.05817967186977921,
sci-4043bf8ee284,rar_science,agentic,,,,,,,,,,,,,,,,,rollout,,,,,,,,,,,,,,,,,,,,,,,,,,,,,,,,,,,,,,,,,,,,,,,,,,,,7.0,6.0,1.0,0.6666666666666666,1.0,0.1428571428571429,0.8571428571428571,0.20786985482077452,-0.024875621890547372,-0.3598412935820162,0.572139303482587,0.5970149253731344,0.06912942548345313,
sci-423a28946a42,rar_science,shipped,,,,,,,,,,,,,,,,,rollout,,,,,,,,,,,,,,,,,,,,,,,,,,,,,,,,,,,,,,,,,,,,,,,,,,,,12.0,11.0,1.0,0.36363636363636365,1.0,0.08333333333333337,0.9166666666666666,-0.133608531424537,-0.05772005772005773,-0.3970463730922457,0.6406926406926406,0.6984126984126984,0.1453735926877429,
sci-423a28946a42,rar_science,baseline,,,,,,,,,,,,,,,,,rollout,,,,,,,,,,,,,,,,,,,,,,,,,,,,,,,,,,,,,,,,,,,,,,,,,,,,12.0,11.0,1.0,0.45454545454545453,1.0,0.08333333333333337,0.9166666666666666,-0.04453617714151233,0.03327922077922085,0.22314901093733064,0.7118506493506493,0.6785714285714285,0.1491345206480302,
sci-423a28946a42,rar_science,agentic,,,,,,,,,,,,,,,,,rollout,,,,,,,,,,,,,,,,,,,,,,,,,,,,,,,,,,,,,,,,,,,,,,,,,,,,12.0,11.0,1.0,0.8181818181818182,1.0,0.08333333333333337,0.9166666666666666,0.3181818181818182,0.37420718816067655,0.929255495691331,0.37420718816067655,0.0,0.40269569552804263,
sci-4260e6a475a5,rar_science,shipped,,,,,,,,,,,,,,,,,rollout,,,,,,,,,,,,,,,,,,,,,,,,,,,,,,,,,,,,,,,,,,,,,,,,,,,,12.0,10.0,2.0,1.0,1.0,0.16666666666666663,0.8333333333333334,0.6546536707079772,0.5269230769230768,1.649105136043659,0.748076923076923,0.22115384615384615,0.3195206087267482,
sci-4260e6a475a5,rar_science,baseline,,,,,,,,,,,,,,,,,rollout,,,,,,,,,,,,,,,,,,,,,,,,,,,,,,,,,,,,,,,,,,,,,,,,,,,,12.0,10.0,2.0,0.75,1.0,0.16666666666666663,0.8333333333333334,0.3383841260962061,0.2228070175438596,0.7304822728761048,0.44210526315789467,0.21929824561403508,0.30501358597876516,
sci-4260e6a475a5,rar_science,agentic,,,,,,,,,,,,,,,,,rollout,,,,,,,,,,,,,,,,,,,,,,,,,,,,,,,,,,,,,,,,,,,,,,,,,,,,12.0,10.0,2.0,1.0,1.0,0.16666666666666663,0.8333333333333334,0.6617825960083584,0.48189655172413803,1.6792895929195837,0.710344827586207,0.22844827586206895,0.2869645317615058,
sci-42ea0adaccfd,rar_science,shipped,,,,,,,,,,,,,,,,,rollout,,,,,,,,,,,,,,,,,,,,,,,,,,,,,,,,,,,,,,,,,,,,,,,,,,,,8.0,4.0,4.0,0.8125,1.0,0.5,0.5,0.625,0.125,1.0330280606369804,0.608695652173913,0.48369565217391297,0.12100348941433706,0.2754782663131994
sci-42ea0adaccfd,rar_science,baseline,,,,,,,,,,,,,,,,,rollout,,,,,,,,,,,,,,,,,,,,,,,,,,,,,,,,,,,,,,,,,,,,,,,,,,,,8.0,4.0,4.0,0.8125,1.0,0.5,0.5,0.5521576303742327,0.14230769230769236,1.0572045035176447,0.6499999999999999,0.5076923076923076,0.13460753509296533,0.06792736079366728
sci-42ea0adaccfd,rar_science,agentic,,,,,,,,,,,,,,,,,rollout,,,,,,,,,,,,,,,,,,,,,,,,,,,,,,,,,,,,,,,,,,,,,,,,,,,,8.0,4.0,4.0,0.875,1.0,0.5,0.5,0.6708203932499369,0.19270833333333337,1.165555656611437,0.5364583333333333,0.3437499999999999,0.1653360199834514,0.9168394312281405
sci-4374acc76fa7,rar_science,shipped,,,,,,,,,,,,,,,,,rollout,,,,,,,,,,,,,,,,,,,,,,,,,,,,,,,,,,,,,,,,,,,,,,,,,,,,8.0,3.0,5.0,0.5666666666666667,0.0,-0.375,0.375,0.11475506210984937,0.02585034013605436,0.2594273279620892,0.5442176870748298,0.5183673469387754,0.09964385918445699,0.4618245727847966
sci-4374acc76fa7,rar_science,baseline,,,,,,,,,,,,,,,,,rollout,,,,,,,,,,,,,,,,,,,,,,,,,,,,,,,,,,,,,,,,,,,,,,,,,,,,8.0,3.0,5.0,0.7333333333333333,1.0,0.625,0.375,0.4173993557999607,0.11561181434599144,1.1008068678001564,0.7890295358649788,0.6734177215189874,0.10502461215292848,0.5928331511050869
sci-4374acc76fa7,rar_science,agentic,,,,,,,,,,,,,,,,,rollout,,,,,,,,,,,,,,,,,,,,,,,,,,,,,,,,,,,,,,,,,,,,,,,,,,,,8.0,3.0,5.0,0.4,1.0,0.625,0.375,-0.1777046633277277,0.04684684684684681,0.5277857169922977,0.4864864864864864,0.4396396396396396,0.08876111144843746,0.6633643337663059
sci-4430faf0f105,rar_science,shipped,,,,,,,,,,,,,,,,,rollout,,,,,,,,,,,,,,,,,,,,,,,,,,,,,,,,,,,,,,,,,,,,,,,,,,,,12.0,11.0,1.0,0.9545454545454546,1.0,0.08333333333333337,0.9166666666666666,0.43902177858136376,0.3018867924528301,1.4646676744736482,0.4716981132075471,0.16981132075471697,0.2061128252600495,
sci-4430faf0f105,rar_science,baseline,,,,,,,,,,,,,,,,,rollout,,,,,,,,,,,,,,,,,,,,,,,,,,,,,,,,,,,,,,,,,,,,,,,,,,,,12.0,11.0,1.0,1.0,1.0,0.08333333333333337,0.9166666666666666,0.4981167541368988,0.6346153846153847,3.07029583362913,0.7211538461538463,0.08653846153846154,0.20669519127909605,
sci-4430faf0f105,rar_science,agentic,,,,,,,,,,,,,,,,,rollout,,,,,,,,,,,,,,,,,,,,,,,,,,,,,,,,,,,,,,,,,,,,,,,,,,,,12.0,11.0,1.0,1.0,1.0,0.08333333333333337,0.9166666666666666,0.4837794468468967,0.483794466403162,2.5505757157444333,0.7620553359683794,0.2782608695652174,0.1896804958256091,
sci-46a70d998b40,rar_science,shipped,,,,,,,,,,,,,,,,,rollout,,,,,,,,,,,,,,,,,,,,,,,,,,,,,,,,,,,,,,,,,,,,,,,,,,,,12.0,11.0,1.0,0.6363636363636364,1.0,0.08333333333333337,0.9166666666666666,0.13847792735174932,0.0034305317324185847,0.013642954154931365,0.5128644939965695,0.5094339622641509,0.25145079969198525,
sci-46a70d998b40,rar_science,baseline,,,,,,,,,,,,,,,,,rollout,,,,,,,,,,,,,,,,,,,,,,,,,,,,,,,,,,,,,,,,,,,,,,,,,,,,12.0,11.0,1.0,0.6363636363636364,1.0,0.08333333333333337,0.9166666666666666,0.13610610329834602,0.17797695262483992,0.8161505076212547,0.41741357234314974,0.23943661971830982,0.2180687887379621,
sci-46a70d998b40,rar_science,agentic,,,,,,,,,,,,,,,,,rollout,,,,,,,,,,,,,,,,,,,,,,,,,,,,,,,,,,,,,,,,,,,,,,,,,,,,12.0,11.0,1.0,0.6363636363636364,1.0,0.08333333333333337,0.9166666666666666,0.14738263530914267,0.05278592375366553,0.17849362299539426,0.7785923753665688,0.7258064516129032,0.29573002591262093,
sci-4705912940bd,rar_science,shipped,,,,,,,,,,,,,,,,,rollout,,,,,,,,,,,,,,,,,,,,,,,,,,,,,,,,,,,,,,,,,,,,,,,,,,,,2.0,1.0,1.0,0.5,0.5,0.0,0.5,,0.0,,0.7741935483870966,0.7741935483870966,0.0,
sci-4705912940bd,rar_science,baseline,,,,,,,,,,,,,,,,,rollout,,,,,,,,,,,,,,,,,,,,,,,,,,,,,,,,,,,,,,,,,,,,,,,,,,,,2.0,1.0,1.0,0.5,0.5,0.0,0.5,,0.0,,0.819047619047619,0.819047619047619,0.0,
sci-4705912940bd,rar_science,agentic,,,,,,,,,,,,,,,,,rollout,,,,,,,,,,,,,,,,,,,,,,,,,,,,,,,,,,,,,,,,,,,,,,,,,,,,2.0,1.0,1.0,0.5,0.5,0.0,0.5,,0.0,,0.6491228070175438,0.6491228070175438,0.0,
sci-4ff615cd292d,rar_science,shipped,,,,,,,,,,,,,,,,,rollout,,,,,,,,,,,,,,,,,,,,,,,,,,,,,,,,,,,,,,,,,,,,,,,,,,,,8.0,6.0,2.0,0.9166666666666666,1.0,0.25,0.75,0.649569802461631,0.20408163265306123,1.3261952985323266,0.8571428571428572,0.653061224489796,0.1538850521329055,
sci-4ff615cd292d,rar_science,baseline,,,,,,,,,,,,,,,,,rollout,,,,,,,,,,,,,,,,,,,,,,,,,,,,,,,,,,,,,,,,,,,,,,,,,,,,7.0,5.0,2.0,1.0,1.0,0.2857142857142857,0.7142857142857143,0.8819171036881968,0.11944444444444446,1.7502662519350363,0.8555555555555555,0.736111111111111,0.06824358540444384,
sci-4ff615cd292d,rar_science,agentic,,,,,,,,,,,,,,,,,rollout,,,,,,,,,,,,,,,,,,,,,,,,,,,,,,,,,,,,,,,,,,,,,,,,,,,,8.0,6.0,2.0,0.9166666666666666,1.0,0.25,0.75,0.7216878364870323,0.47619047619047633,1.6592756472478156,0.9136904761904763,0.43749999999999994,0.28698696143724967,
sci-51a643fb0239,rar_science,shipped,,,,,,,,,,,,,,,,,rollout,,,,,,,,,,,,,,,,,,,,,,,,,,,,,,,,,,,,,,,,,,,,,,,,,,,,8.0,1.0,7.0,0.8571428571428571,0.3333333333333333,0.20833333333333331,0.125,0.4252432555625623,0.14814814814814814,1.0530483802224422,0.49999999999999994,0.3518518518518518,0.14068503492389767,0.7630978400178834
sci-51a643fb0239,rar_science,baseline,,,,,,,,,,,,,,,,,rollout,,,,,,,,,,,,,,,,,,,,,,,,,,,,,,,,,,,,,,,,,,,,,,,,,,,,8.0,1.0,7.0,0.7857142857142857,0.25,0.125,0.125,0.35389916416304706,0.14484126984127,0.9989578146411853,0.763888888888889,0.619047619047619,0.1449923787755696,0.6227280680111783
sci-51a643fb0239,rar_science,agentic,,,,,,,,,,,,,,,,,rollout,,,,,,,,,,,,,,,,,,,,,,,,,,,,,,,,,,,,,,,,,,,,,,,,,,,,8.0,1.0,7.0,0.5714285714285714,0.14285714285714285,0.01785714285714285,0.125,0.14285714285714285,0.030395136778115506,0.4040610178208844,0.2127659574468085,0.182370820668693,0.07522412565814335,0.4994341248371084
sci-530fc857ec78,rar_science,shipped,,,,,,,,,,,,,,,,,rollout,,,,,,,,,,,,,,,,,,,,,,,,,,,,,,,,,,,,,,,,,,,,,,,,,,,,12.0,11.0,1.0,0.5909090909090909,1.0,0.08333333333333337,0.9166666666666666,0.08843153765707637,0.03733766233766228,0.24262894797421367,0.5016233766233766,0.46428571428571436,0.15388791259001167,
sci-530fc857ec78,rar_science,baseline,,,,,,,,,,,,,,,,,rollout,,,,,,,,,,,,,,,,,,,,,,,,,,,,,,,,,,,,,,,,,,,,,,,,,,,,12.0,11.0,1.0,0.36363636363636365,1.0,0.08333333333333337,0.9166666666666666,-0.13124359177794215,-0.019562715765247374,-0.12539354581969736,0.48676639815880307,0.5063291139240504,0.15601054773087353,
sci-530fc857ec78,rar_science,agentic,,,,,,,,,,,,,,,,,rollout,,,,,,,,,,,,,,,,,,,,,,,,,,,,,,,,,,,,,,,,,,,,,,,,,,,,12.0,11.0,1.0,0.6818181818181818,1.0,0.08333333333333337,0.9166666666666666,0.19029647896294866,0.040000000000000036,0.2419433515636538,0.62,0.58,0.16532795690182991,
sci-59e13b52684e,rar_science,shipped,,,,,,,,,,,,,,,,,rollout,,,,,,,,,,,,,,,,,,,,,,,,,,,,,,,,,,,,,,,,,,,,,,,,,,,,8.0,5.0,3.0,0.36666666666666664,0.5,-0.125,0.625,-0.2602400194529422,-0.02857142857142847,-0.576065839858474,0.6321428571428572,0.6607142857142857,0.049597505344958145,0.9663767032026782
sci-59e13b52684e,rar_science,baseline,,,,,,,,,,,,,,,,,rollout,,,,,,,,,,,,,,,,,,,,,,,,,,,,,,,,,,,,,,,,,,,,,,,,,,,,8.0,5.0,3.0,0.7333333333333333,1.0,0.375,0.625,0.4230785196508496,0.09223744292237446,1.0236404078117356,0.9095890410958904,0.817351598173516,0.09010727030554898,0.7058698520236732
sci-59e13b52684e,rar_science,agentic,,,,,,,,,,,,,,,,,rollout,,,,,,,,,,,,,,,,,,,,,,,,,,,,,,,,,,,,,,,,,,,,,,,,,,,,8.0,5.0,3.0,0.7333333333333333,0.8,0.17500000000000004,0.625,0.4666666666666666,0.06405228758169934,0.9016856642073428,0.10980392156862744,0.0457516339869281,0.07103616052053646,0.9663767032026781
sci-5c5822f383a5,rar_science,shipped,,,,,,,,,,,,,,,,,rollout,,,,,,,,,,,,,,,,,,,,,,,,,,,,,,,,,,,,,,,,,,,,,,,,,,,,12.0,11.0,1.0,0.6363636363636364,1.0,0.08333333333333337,0.9166666666666666,0.13847792735174932,-0.04006163328197243,-0.12628155823044007,0.5870570107858242,0.6271186440677966,0.3172405681664736,
sci-5c5822f383a5,rar_science,baseline,,,,,,,,,,,,,,,,,rollout,,,,,,,,,,,,,,,,,,,,,,,,,,,,,,,,,,,,,,,,,,,,,,,,,,,,12.0,11.0,1.0,0.5,1.0,0.08333333333333337,0.9166666666666666,0.0,-0.1146983857264231,-0.5566891979321608,0.3712829226847918,0.4859813084112149,0.20603666489752953,
sci-5c5822f383a5,rar_science,agentic,,,,,,,,,,,,,,,,,rollout,,,,,,,,,,,,,,,,,,,,,,,,,,,,,,,,,,,,,,,,,,,,,,,,,,,,12.0,11.0,1.0,1.0,1.0,0.08333333333333337,0.9166666666666666,0.4916891718944416,0.38068181818181823,1.6008403255505994,0.5324675324675325,0.1517857142857143,0.23780124232620453,
sci-615e52d990f9,rar_science,shipped,,,,,,,,,,,,,,,,,rollout,,,,,,,,,,,,,,,,,,,,,,,,,,,,,,,,,,,,,,,,,,,,,,,,,,,,12.0,11.0,1.0,0.9090909090909091,1.0,0.08333333333333337,0.9166666666666666,0.5159026373413613,0.2905844155844156,2.0993426864786717,0.9512987012987012,0.6607142857142856,0.13841685659801772,
sci-615e52d990f9,rar_science,baseline,,,,,,,,,,,,,,,,,rollout,,,,,,,,,,,,,,,,,,,,,,,,,,,,,,,,,,,,,,,,,,,,,,,,,,,,12.0,11.0,1.0,1.0,1.0,0.08333333333333337,0.9166666666666666,0.4944132324730442,0.15215311004784693,1.5143028833499768,0.7100478468899522,0.5578947368421052,0.10047732968139783,
sci-615e52d990f9,rar_science,agentic,,,,,,,,,,,,,,,,,rollout,,,,,,,,,,,,,,,,,,,,,,,,,,,,,,,,,,,,,,,,,,,,,,,,,,,,12.0,11.0,1.0,0.5909090909090909,1.0,0.08333333333333337,0.9166666666666666,0.08956221510397981,0.14214876033057844,0.5541318399722917,0.4512396694214875,0.3090909090909091,0.2565251625636353,
sci-6601b6700272,rar_science,shipped,,,,,,,,,,,,,,,,,rollout,,,,,,,,,,,,,,,,,,,,,,,,,,,,,,,,,,,,,,,,,,,,,,,,,,,,8.0,3.0,5.0,0.16666666666666666,0.16666666666666666,-0.20833333333333334,0.375,-0.74535599249993,-0.11904761904761896,-1.4401645996461898,0.7202380952380952,0.8392857142857142,0.08266250890826354,
sci-6601b6700272,rar_science,baseline,,,,,,,,,,,,,,,,,rollout,,,,,,,,,,,,,,,,,,,,,,,,,,,,,,,,,,,,,,,,,,,,,,,,,,,,8.0,3.0,5.0,0.36666666666666664,0.0,-0.375,0.375,-0.2323971575096507,-0.0420091324200913,-0.42324020972997684,0.6621004566210046,0.7041095890410959,0.0992560051108866,0.6592578149286044
sci-6601b6700272,rar_science,agentic,,,,,,,,,,,,,,,,,rollout,,,,,,,,,,,,,,,,,,,,,,,,,,,,,,,,,,,,,,,,,,,,,,,,,,,,8.0,3.0,5.0,0.8,1.0,0.625,0.375,0.5163977794943222,0.08673139158576049,0.7845836298947008,0.546925566343042,0.4601941747572815,0.11054448280727032,0.2779399236520383
sci-674358162aab,rar_science,shipped,,,,,,,,,,,,,,,,,rollout,,,,,,,,,,,,,,,,,,,,,,,,,,,,,,,,,,,,,,,,,,,,,,,,,,,,7.0,2.0,5.0,0.45,0.25,-0.0357142857142857,0.2857142857142857,-0.09128709291752768,-0.014285714285714235,-0.18708286933869647,0.7244897959183673,0.7387755102040815,0.07636035483212122,-0.23815557986657623
sci-674358162aab,rar_science,baseline,,,,,,,,,,,,,,,,,rollout,,,,,,,,,,,,,,,,,,,,,,,,,,,,,,,,,,,,,,,,,,,,,,,,,,,,7.0,2.0,5.0,0.45,0.0,-0.2857142857142857,0.2857142857142857,-0.08050764858994132,-0.006299212598425141,-0.09240538277032329,0.68503937007874,0.6913385826771652,0.06816932530956608,0.335755075357274
sci-674358162aab,rar_science,agentic,,,,,,,,,,,,,,,,,rollout,,,,,,,,,,,,,,,,,,,,,,,,,,,,,,,,,,,,,,,,,,,,,,,,,,,,7.0,2.0,5.0,0.35,0.0,-0.2857142857142857,0.2857142857142857,-0.23931721056523966,-0.06947368421052635,-0.8575182916875762,0.463157894736842,0.5326315789473683,0.08101714550462095,0.11490079588734893
sci-70db910e68ee,rar_science,shipped,,,,,,,,,,,,,,,,,rollout,,,,,,,,,,,,,,,,,,,,,,,,,,,,,,,,,,,,,,,,,,,,,,,,,,,,8.0,7.0,1.0,0.9285714285714286,1.0,0.125,0.875,0.5135525910130954,0.22102425876010778,1.4989832254260236,0.7304582210242587,0.5094339622641509,0.1474494544108663,
sci-70db910e68ee,rar_science,baseline,,,,,,,,,,,,,,,,,rollout,,,,,,,,,,,,,,,,,,,,,,,,,,,,,,,,,,,,,,,,,,,,,,,,,,,,8.0,7.0,1.0,0.0,0.0,-0.875,0.875,-0.6193235372853324,-0.1428571428571429,-2.027171056522172,0.7582417582417582,0.9010989010989011,0.07047118317791572,
sci-70db910e68ee,rar_science,agentic,,,,,,,,,,,,,,,,,rollout,,,,,,,,,,,,,,,,,,,,,,,,,,,,,,,,,,,,,,,,,,,,,,,,,,,,8.0,7.0,1.0,0.7142857142857143,1.0,0.125,0.875,0.2927700218845599,0.024590163934426257,0.8280786712108267,0.9672131147540984,0.9426229508196722,0.029695444152027514,
sci-71c07f577946,rar_science,shipped,,,,,,,,,,,,,,,,,rollout,,,,,,,,,,,,,,,,,,,,,,,,,,,,,,,,,,,,,,,,,,,,,,,,,,,,8.0,6.0,2.0,0.6666666666666666,1.0,0.25,0.75,0.2566001196398337,0.029761904761904878,0.10818015436595824,0.5654761904761906,0.5357142857142857,0.2751142752230187,
sci-71c07f577946,rar_science,baseline,,,,,,,,,,,,,,,,,rollout,,,,,,,,,,,,,,,,,,,,,,,,,,,,,,,,,,,,,,,,,,,,,,,,,,,,8.0,6.0,2.0,0.6666666666666666,1.0,0.25,0.75,0.2550306852253353,0.054945054945054916,0.6066577690846348,0.46703296703296693,0.412087912087912,0.09057010021969987,
sci-71c07f577946,rar_science,agentic,,,,,,,,,,,,,,,,,rollout,,,,,,,,,,,,,,,,,,,,,,,,,,,,,,,,,,,,,,,,,,,,,,,,,,,,8.0,6.0,2.0,0.25,0.6,-0.15000000000000002,0.75,-0.4364357804719847,-0.08630952380952372,-0.9642590249040445,0.7351190476190476,0.8214285714285713,0.08950865024894382,
sci-7232a342c126,rar_science,shipped,,,,,,,,,,,,,,,,,rollout,,,,,,,,,,,,,,,,,,,,,,,,,,,,,,,,,,,,,,,,,,,,,,,,,,,,8.0,2.0,6.0,0.75,0.4,0.15000000000000002,0.25,0.447213595499958,0.06603773584905659,0.9660917830792952,0.4905660377358491,0.4245283018867925,0.06835555068957286,0.3408516420180678
sci-7232a342c126,rar_science,baseline,,,,,,,,,,,,,,,,,rollout,,,,,,,,,,,,,,,,,,,,,,,,,,,,,,,,,,,,,,,,,,,,,,,,,,,,8.0,2.0,6.0,0.5416666666666666,1.0,0.75,0.25,0.0649569802461631,0.04210526315789476,0.49130368444051736,0.5684210526315788,0.5263157894736841,0.08570109382721815,0.8222058044789952
sci-7232a342c126,rar_science,agentic,,,,,,,,,,,,,,,,,rollout,,,,,,,,,,,,,,,,,,,,,,,,,,,,,,,,,,,,,,,,,,,,,,,,,,,,8.0,2.0,6.0,0.5833333333333334,0.0,-0.25,0.25,0.12751534261266764,0.05603448275862072,0.49077823918447033,0.5474137931034483,0.49137931034482757,0.11417474998837278,0.48091316740498397
sci-774dda56a4b0,rar_science,shipped,,,,,,,,,,,,,,,,,rollout,,,,,,,,,,,,,,,,,,,,,,,,,,,,,,,,,,,,,,,,,,,,,,,,,,,,8.0,6.0,2.0,1.0,1.0,0.25,0.75,0.7604691006293736,0.34883720930232565,1.9061002054140768,0.8488372093023256,0.5,0.18301094995503925,
sci-774dda56a4b0,rar_science,baseline,,,,,,,,,,,,,,,,,rollout,,,,,,,,,,,,,,,,,,,,,,,,,,,,,,,,,,,,,,,,,,,,,,,,,,,,8.0,6.0,2.0,0.75,1.0,0.25,0.75,0.3802345503146868,0.23593073593073588,1.072912008442829,0.35930735930735924,0.12337662337662335,0.21989756296339155,
sci-774dda56a4b0,rar_science,agentic,,,,,,,,,,,,,,,,,rollout,,,,,,,,,,,,,,,,,,,,,,,,,,,,,,,,,,,,,,,,,,,,,,,,,,,,8.0,6.0,2.0,0.8333333333333334,1.0,0.25,0.75,0.5369248441712194,0.36363636363636354,1.1675588928431229,0.5272727272727271,0.1636363636363636,0.31145012544152917,
sci-78456e89e0b3,rar_science,shipped,,,,,,,,,,,,,,,,,rollout,,,,,,,,,,,,,,,,,,,,,,,,,,,,,,,,,,,,,,,,,,,,,,,,,,,,8.0,4.0,4.0,0.28125,0.5,0.0,0.5,-0.3962969619506085,-0.160377358490566,-0.8988366638287576,0.7405660377358491,0.9009433962264151,0.17842769987531393,-0.024037598907508617
sci-78456e89e0b3,rar_science,baseline,,,,,,,,,,,,,,,,,rollout,,,,,,,,,,,,,,,,,,,,,,,,,,,,,,,,,,,,,,,,,,,,,,,,,,,,8.0,4.0,4.0,0.3125,0.4,-0.09999999999999998,0.5,-0.375,-0.07336956521739135,-0.8238755668914273,0.5896739130434783,0.6630434782608696,0.08905418265311928,-0.8919214331470846
sci-78456e89e0b3,rar_science,agentic,,,,,,,,,,,,,,,,,rollout,,,,,,,,,,,,,,,,,,,,,,,,,,,,,,,,,,,,,,,,,,,,,,,,,,,,8.0,4.0,4.0,0.46875,0.5,0.0,0.5,-0.07142857142857142,-0.0390625,-0.21048467276349228,0.4609375,0.5,0.185583584244597,-0.8919214331470846
sci-801539f7bca0,rar_science,shipped,,,,,,,,,,,,,,,,,rollout,,,,,,,,,,,,,,,,,,,,,,,,,,,,,,,,,,,,,,,,,,,,,,,,,,,,7.0,2.0,5.0,0.6,0.0,-0.2857142857142857,0.2857142857142857,0.17638342073763935,0.017857142857142905,0.1849377040989596,0.5357142857142856,0.5178571428571427,0.09655761081357213,-0.2588974908378575
sci-801539f7bca0,rar_science,baseline,,,,,,,,,,,,,,,,,rollout,,,,,,,,,,,,,,,,,,,,,,,,,,,,,,,,,,,,,,,,,,,,,,,,,,,,7.0,2.0,5.0,1.0,1.0,0.7142857142857143,0.2857142857142857,0.8050764858994132,0.15256410256410252,1.6045956726625157,0.5833333333333333,0.43076923076923074,0.09507946778327774,-0.13326789504962339
sci-801539f7bca0,rar_science,agentic,,,,,,,,,,,,,,,,,rollout,,,,,,,,,,,,,,,,,,,,,,,,,,,,,,,,,,,,,,,,,,,,,,,,,,,,7.0,2.0,5.0,0.5,0.2857142857142857,0.0,0.2857142857142857,,0.0,,0.2173913043478261,0.2173913043478261,2.997944808332385e-17,
sci-870a3c2acf5f,rar_science,shipped,,,,,,,,,,,,,,,,,rollout,,,,,,,,,,,,,,,,,,,,,,,,,,,,,,,,,,,,,,,,,,,,,,,,,,,,8.0,7.0,1.0,1.0,1.0,0.125,0.875,0.7559289460184544,0.3846153846153848,2.7256963340035876,0.9846153846153847,0.5999999999999999,0.14110720252187806,
sci-870a3c2acf5f,rar_science,baseline,,,,,,,,,,,,,,,,,rollout,,,,,,,,,,,,,,,,,,,,,,,,,,,,,,,,,,,,,,,,,,,,,,,,,,,,8.0,7.0,1.0,1.0,1.0,0.125,0.875,0.6324555320336758,0.2628571428571428,1.8044998042318219,0.7428571428571428,0.48,0.14566759289233697,
sci-870a3c2acf5f,rar_science,agentic,,,,,,,,,,,,,,,,,rollout,,,,,,,,,,,,,,,,,,,,,,,,,,,,,,,,,,,,,,,,,,,,,,,,,,,,8.0,7.0,1.0,1.0,1.0,0.125,0.875,0.599144689515278,0.52,2.388439103308052,0.84,0.32,0.2177154105707724,
sci-87fc64569182,rar_science,shipped,,,,,,,,,,,,,,,,,rollout,,,,,,,,,,,,,,,,,,,,,,,,,,,,,,,,,,,,,,,,,,,,,,,,,,,,8.0,6.0,2.0,0.9166666666666666,1.0,0.25,0.75,0.6900655593423543,0.2801418439716311,1.60706592060303,0.9503546099290779,0.6702127659574468,0.17431882561887171,
sci-87fc64569182,rar_science,baseline,,,,,,,,,,,,,,,,,rollout,,,,,,,,,,,,,,,,,,,,,,,,,,,,,,,,,,,,,,,,,,,,,,,,,,,,8.0,6.0,2.0,0.875,1.0,0.25,0.75,0.6081636405595374,0.3237179487179488,1.4473475100385589,0.967948717948718,0.6442307692307692,0.22366290505403544,
sci-87fc64569182,rar_science,agentic,,,,,,,,,,,,,,,,,rollout,,,,,,,,,,,,,,,,,,,,,,,,,,,,,,,,,,,,,,,,,,,,,,,,,,,,8.0,6.0,2.0,0.75,0.8571428571428571,0.1071428571428571,0.75,0.6546536707079772,0.41000000000000003,1.4142135623730954,1.0,0.59,0.28991378028648446,
sci-88a263c8039c,rar_science,shipped,,,,,,,,,,,,,,,,,rollout,,,,,,,,,,,,,,,,,,,,,,,,,,,,,,,,,,,,,,,,,,,,,,,,,,,,8.0,6.0,2.0,1.0,1.0,0.25,0.75,0.8660254037844387,0.2767857142857142,1.7163671974464927,0.9285714285714285,0.6517857142857143,0.1612625286113014,
sci-88a263c8039c,rar_science,baseline,,,,,,,,,,,,,,,,,rollout,,,,,,,,,,,,,,,,,,,,,,,,,,,,,,,,,,,,,,,,,,,,,,,,,,,,8.0,6.0,2.0,0.9166666666666666,1.0,0.25,0.75,0.6900655593423543,0.10507246376811596,1.4979816164406734,0.8333333333333334,0.7282608695652174,0.07014269241686472,
sci-88a263c8039c,rar_science,agentic,,,,,,,,,,,,,,,,,rollout,,,,,,,,,,,,,,,,,,,,,,,,,,,,,,,,,,,,,,,,,,,,,,,,,,,,8.0,6.0,2.0,1.0,1.0,0.25,0.75,0.8053872662568292,0.4009900990099009,1.8825213741216444,0.9455445544554455,0.5445544554455446,0.21300693023843978,
sci-8af1844cfb27,rar_science,shipped,,,,,,,,,,,,,,,,,rollout,,,,,,,,,,,,,,,,,,,,,,,,,,,,,,,,,,,,,,,,,,,,,,,,,,,,8.0,7.0,1.0,0.21428571428571427,0.75,-0.125,0.875,-0.35389916416304706,-0.26530612244897966,-0.7567690228985658,0.7346938775510203,1.0,0.350577407929315,
sci-8af1844cfb27,rar_science,baseline,,,,,,,,,,,,,,,,,rollout,,,,,,,,,,,,,,,,,,,,,,,,,,,,,,,,,,,,,,,,,,,,,,,,,,,,8.0,7.0,1.0,0.21428571428571427,0.75,-0.125,0.875,-0.35389916416304706,-0.27,-0.7510822404370237,0.64,0.91,0.35948127310652184,
sci-8af1844cfb27,rar_science,agentic,,,,,,,,,,,,,,,,,rollout,,,,,,,,,,,,,,,,,,,,,,,,,,,,,,,,,,,,,,,,,,,,,,,,,,,,8.0,7.0,1.0,0.5714285714285714,1.0,0.125,0.875,0.08347838711296822,-0.05747126436781613,-0.22986987301618197,0.7471264367816092,0.8045977011494253,0.25001651418570353,
sci-8c97efc18a60,rar_science,shipped,,,,,,,,,,,,,,,,,rollout,,,,,,,,,,,,,,,,,,,,,,,,,,,,,,,,,,,,,,,,,,,,,,,,,,,,12.0,11.0,1.0,0.8181818181818182,1.0,0.08333333333333337,0.9166666666666666,0.32186034291019205,0.23320158102766791,1.16436659603356,0.6462450592885375,0.41304347826086957,0.20028192308339499,
sci-8c97efc18a60,rar_science,baseline,,,,,,,,,,,,,,,,,rollout,,,,,,,,,,,,,,,,,,,,,,,,,,,,,,,,,,,,,,,,,,,,,,,,,,,,12.0,11.0,1.0,0.3181818181818182,1.0,0.08333333333333337,0.9166666666666666,-0.17945461376966715,-0.01078582434514641,-0.047230411190324194,0.44684129429892133,0.45762711864406774,0.2283660902650798,
sci-8c97efc18a60,rar_science,agentic,,,,,,,,,,,,,,,,,rollout,,,,,,,,,,,,,,,,,,,,,,,,,,,,,,,,,,,,,,,,,,,,,,,,,,,,12.0,11.0,1.0,0.5,1.0,0.08333333333333337,0.9166666666666666,0.0,0.04347826086956519,0.3368969724966165,0.32608695652173914,0.28260869565217395,0.12905506555124013,
sci-96d4e5af66b6,rar_science,shipped,,,,,,,,,,,,,,,,,rollout,,,,,,,,,,,,,,,,,,,,,,,,,,,,,,,,,,,,,,,,,,,,,,,,,,,,8.0,4.0,4.0,0.875,1.0,0.5,0.5,0.658585559938142,0.1610169491525424,1.2834824693084688,0.7033898305084745,0.5423728813559321,0.12545317369180523,0.627663111270995
sci-96d4e5af66b6,rar_science,baseline,,,,,,,,,,,,,,,,,rollout,,,,,,,,,,,,,,,,,,,,,,,,,,,,,,,,,,,,,,,,,,,,,,,,,,,,8.0,4.0,4.0,0.5625,1.0,0.5,0.5,0.11043152607484653,0.0292553191489362,0.2006501458616936,0.7393617021276597,0.7101063829787235,0.14580263085929493,0.9525633646162447
sci-96d4e5af66b6,rar_science,agentic,,,,,,,,,,,,,,,,,rollout,,,,,,,,,,,,,,,,,,,,,,,,,,,,,,,,,,,,,,,,,,,,,,,,,,,,8.0,4.0,4.0,0.8125,1.0,0.5,0.5,0.5590169943749475,0.16666666666666663,1.0459155768700426,0.5087719298245613,0.3421052631578947,0.15935001863671006,0.5595011792437941
sci-9dd57081a4e1,rar_science,shipped,,,,,,,,,,,,,,,,,rollout,,,,,,,,,,,,,,,,,,,,,,,,,,,,,,,,,,,,,,,,,,,,,,,,,,,,8.0,2.0,6.0,0.5833333333333334,0.0,-0.25,0.25,0.1299139604923262,0.05084745762711865,0.3760507165451775,0.22033898305084745,0.1694915254237288,0.13521436176019092,0.2953236549393238
sci-9dd57081a4e1,rar_science,baseline,,,,,,,,,,,,,,,,,rollout,,,,,,,,,,,,,,,,,,,,,,,,,,,,,,,,,,,,,,,,,,,,,,,,,,,,8.0,2.0,6.0,0.5833333333333334,1.0,0.75,0.25,0.13801311186847084,0.04219409282700426,0.47140452079103223,0.2911392405063291,0.24894514767932485,0.08950718749196802,0.8960600479264
sci-9dd57081a4e1,rar_science,agentic,,,,,,,,,,,,,,,,,rollout,,,,,,,,,,,,,,,,,,,,,,,,,,,,,,,,,,,,,,,,,,,,,,,,,,,,8.0,2.0,6.0,0.4583333333333333,0.0,-0.25,0.25,-0.0675737378399486,-0.01080246913580249,-0.12796198265831932,0.1898148148148148,0.2006172839506173,0.08441936355930772,0.5488139418410836
sci-a8cd6180f491,rar_science,shipped,,,,,,,,,,,,,,,,,rollout,,,,,,,,,,,,,,,,,,,,,,,,,,,,,,,,,,,,,,,,,,,,,,,,,,,,8.0,7.0,1.0,1.0,1.0,0.125,0.875,0.5879447357921312,0.43142857142857133,1.8972896276650635,0.6314285714285713,0.2,0.22739204660045356,
sci-a8cd6180f491,rar_science,baseline,,,,,,,,,,,,,,,,,rollout,,,,,,,,,,,,,,,,,,,,,,,,,,,,,,,,,,,,,,,,,,,,,,,,,,,,8.0,7.0,1.0,0.07142857142857142,0.5,-0.375,0.875,-0.5714285714285713,-0.15437788018433185,-1.6775576038230877,0.8456221198156681,1.0,0.09202538251593313,
sci-a8cd6180f491,rar_science,agentic,,,,,,,,,,,,,,,,,rollout,,,,,,,,,,,,,,,,,,,,,,,,,,,,,,,,,,,,,,,,,,,,,,,,,,,,8.0,7.0,1.0,0.8571428571428571,1.0,0.125,0.875,0.5399492471560389,0.10973084886128359,1.7185298145082966,0.6749482401656313,0.5652173913043477,0.06385158286746374,
sci-acc5a4fc4c49,rar_science,shipped,,,,,,,,,,,,,,,,,rollout,,,,,,,,,,,,,,,,,,,,,,,,,,,,,,,,,,,,,,,,,,,,,,,,,,,,8.0,4.0,4.0,0.84375,1.0,0.5,0.5,0.6037034299432968,0.1628787878787879,1.110572577706015,0.6325757575757576,0.46969696969696967,0.14666199323526277,0.17049914079186615
sci-acc5a4fc4c49,rar_science,baseline,,,,,,,,,,,,,,,,,rollout,,,,,,,,,,,,,,,,,,,,,,,,,,,,,,,,,,,,,,,,,,,,,,,,,,,,8.0,4.0,4.0,1.0,1.0,0.5,0.5,0.9299811099505543,0.2120535714285714,1.505149067171974,0.3816964285714285,0.1696428571428571,0.14088542859545403,
sci-acc5a4fc4c49,rar_science,agentic,,,,,,,,,,,,,,,,,rollout,,,,,,,,,,,,,,,,,,,,,,,,,,,,,,,,,,,,,,,,,,,,,,,,,,,,8.0,4.0,4.0,0.75,1.0,0.5,0.5,0.4500351603704096,0.05720338983050846,0.7664836083082296,0.20550847457627117,0.1483050847457627,0.07463093693127616,0.44294849769480416
sci-b89c9561e59a,rar_science,shipped,,,,,,,,,,,,,,,,,rollout,,,,,,,,,,,,,,,,,,,,,,,,,,,,,,,,,,,,,,,,,,,,,,,,,,,,8.0,3.0,5.0,0.3,0.0,-0.375,0.375,-0.3626387311292997,-0.0482758620689655,-0.766127842894222,0.6206896551724137,0.6689655172413792,0.06301280199736961,0.8406078260959524
sci-b89c9561e59a,rar_science,baseline,,,,,,,,,,,,,,,,,rollout,,,,,,,,,,,,,,,,,,,,,,,,,,,,,,,,,,,,,,,,,,,,,,,,,,,,7.0,2.0,5.0,0.6,0.3333333333333333,0.047619047619047616,0.2857142857142857,0.25819888974716115,0.016470588235294126,0.529150262212918,0.8470588235294119,0.8305882352941177,0.031126486012524615,0.18514748242271373
sci-b89c9561e59a,rar_science,agentic,,,,,,,,,,,,,,,,,rollout,,,,,,,,,,,,,,,,,,,,,,,,,,,,,,,,,,,,,,,,,,,,,,,,,,,,8.0,3.0,5.0,0.43333333333333335,0.3333333333333333,-0.041666666666666685,0.375,-0.14907119849998599,-0.021818181818181848,-0.2880329199292387,0.27272727272727265,0.2945454545454545,0.07574891725411784,0.1763905069027205
sci-b9f57b678ecc,rar_science,shipped,,,,,,,,,,,,,,,,,rollout,,,,,,,,,,,,,,,,,,,,,,,,,,,,,,,,,,,,,,,,,,,,,,,,,,,,8.0,7.0,1.0,0.7142857142857143,1.0,0.125,0.875,0.24892194409350668,0.06705539358600598,0.5771457405408792,0.8017492711370263,0.7346938775510203,0.11618450744029438,
sci-b9f57b678ecc,rar_science,baseline,,,,,,,,,,,,,,,,,rollout,,,,,,,,,,,,,,,,,,,,,,,,,,,,,,,,,,,,,,,,,,,,,,,,,,,,8.0,7.0,1.0,1.0,1.0,0.125,0.875,0.5843487097907775,0.1333333333333332,1.6461097835062013,0.811111111111111,0.6777777777777778,0.08099905283919412,
sci-b9f57b678ecc,rar_science,agentic,,,,,,,,,,,,,,,,,rollout,,,,,,,,,,,,,,,,,,,,,,,,,,,,,,,,,,,,,,,,,,,,,,,,,,,,8.0,7.0,1.0,0.42857142857142855,1.0,0.125,0.875,-0.0839921051131616,0.024725274725274637,0.5135525910130945,0.8420329670329669,0.8173076923076923,0.04814555540747763,
sci-be1b014411ab,rar_science,shipped,,,,,,,,,,,,,,,,,rollout,,,,,,,,,,,,,,,,,,,,,,,,,,,,,,,,,,,,,,,,,,,,,,,,,,,,8.0,6.0,2.0,0.625,1.0,0.25,0.75,0.2013468165642073,0.1271186440677966,0.4403202782480609,0.423728813559322,0.2966101694915254,0.28869586604908176,
sci-be1b014411ab,rar_science,baseline,,,,,,,,,,,,,,,,,rollout,,,,,,,,,,,,,,,,,,,,,,,,,,,,,,,,,,,,,,,,,,,,,,,,,,,,8.0,6.0,2.0,0.7083333333333334,1.0,0.25,0.75,0.3247849012308155,0.17655367231638416,0.6995782534567336,0.33757062146892647,0.1610169491525423,0.2523715845139594,
sci-be1b014411ab,rar_science,agentic,,,,,,,,,,,,,,,,,rollout,,,,,,,,,,,,,,,,,,,,,,,,,,,,,,,,,,,,,,,,,,,,,,,,,,,,8.0,6.0,2.0,0.6666666666666666,1.0,0.25,0.75,0.2581988897471611,0.12310606060606061,0.47488559013906145,0.42992424242424243,0.3068181818181818,0.2592330935331419,
sci-c23a2106d46f,rar_science,shipped,,,,,,,,,,,,,,,,,rollout,,,,,,,,,,,,,,,,,,,,,,,,,,,,,,,,,,,,,,,,,,,,,,,,,,,,7.0,4.0,3.0,0.625,1.0,0.4285714285714286,0.5714285714285714,0.241522945769824,0.03231292517006806,0.29947663983700595,0.413265306122449,0.38095238095238093,0.10789798225215427,0.747039839300449
sci-c23a2106d46f,rar_science,baseline,,,,,,,,,,,,,,,,,rollout,,,,,,,,,,,,,,,,,,,,,,,,,,,,,,,,,,,,,,,,,,,,,,,,,,,,7.0,4.0,3.0,0.625,1.0,0.4285714285714286,0.5714285714285714,0.2225495492846311,0.0509950248756218,0.5783094255876432,0.294776119402985,0.24378109452736318,0.0881794807750258,0.9926513012970093
sci-c23a2106d46f,rar_science,agentic,,,,,,,,,,,,,,,,,rollout,,,,,,,,,,,,,,,,,,,,,,,,,,,,,,,,,,,,,,,,,,,,,,,,,,,,7.0,4.0,3.0,0.5,1.0,0.4285714285714286,0.5714285714285714,0.0,0.05438596491228076,0.29834499918942176,0.38421052631578945,0.3298245614035087,0.18229219547853273,0.5558708101237189
sci-c482b1d1dd52,rar_science,shipped,,,,,,,,,,,,,,,,,rollout,,,,,,,,,,,,,,,,,,,,,,,,,,,,,,,,,,,,,,,,,,,,,,,,,,,,8.0,2.0,6.0,0.5833333333333334,1.0,0.75,0.25,0.12909944487358055,0.179245283018868,0.8621743498280366,0.6132075471698113,0.4339622641509433,0.20789911350832813,-0.3040597778376207
sci-c482b1d1dd52,rar_science,baseline,,,,,,,,,,,,,,,,,rollout,,,,,,,,,,,,,,,,,,,,,,,,,,,,,,,,,,,,,,,,,,,,,,,,,,,,8.0,2.0,6.0,0.625,1.0,0.75,0.25,0.1901172751573434,0.07435897435897434,0.6293416496351987,0.28461538461538455,0.2102564102564102,0.11815358859862037,-0.07120774242361946
sci-c482b1d1dd52,rar_science,agentic,,,,,,,,,,,,,,,,,rollout,,,,,,,,,,,,,,,,,,,,,,,,,,,,,,,,,,,,,,,,,,,,,,,,,,,,8.0,2.0,6.0,0.875,1.0,0.75,0.25,0.6210590034081188,0.14705882352941174,1.4520446738787889,0.4926470588235293,0.3455882352941176,0.10127706548902479,0.11254707686783333
sci-cd724737b87b,rar_science,shipped,,,,,,,,,,,,,,,,,rollout,,,,,,,,,,,,,,,,,,,,,,,,,,,,,,,,,,,,,,,,,,,,,,,,,,,,8.0,6.0,2.0,1.0,1.0,0.25,0.75,0.8660254037844387,0.4196428571428573,2.0634970564278188,0.9553571428571429,0.5357142857142856,0.20336489254281445,
sci-cd724737b87b,rar_science,baseline,,,,,,,,,,,,,,,,,rollout,,,,,,,,,,,,,,,,,,,,,,,,,,,,,,,,,,,,,,,,,,,,,,,,,,,,8.0,6.0,2.0,1.0,1.0,0.25,0.75,0.8053872662568292,0.36078431372549014,1.9102813074426803,0.8196078431372548,0.45882352941176463,0.18886449462695995,
sci-cd724737b87b,rar_science,agentic,,,,,,,,,,,,,,,,,rollout,,,,,,,,,,,,,,,,,,,,,,,,,,,,,,,,,,,,,,,,,,,,,,,,,,,,8.0,6.0,2.0,1.0,1.0,0.25,0.75,0.7745966692414834,0.4962546816479402,1.9123340421322044,0.8838951310861424,0.3876404494382022,0.2595020904897079,
sci-ce709b73231a,rar_science,shipped,,,,,,,,,,,,,,,,,rollout,,,,,,,,,,,,,,,,,,,,,,,,,,,,,,,,,,,,,,,,,,,,,,,,,,,,8.0,7.0,1.0,0.7857142857142857,1.0,0.125,0.875,0.34236839400873026,0.19825072886297385,0.8269349155942133,0.5860058309037901,0.38775510204081626,0.2397416351932802,
sci-ce709b73231a,rar_science,baseline,,,,,,,,,,,,,,,,,rollout,,,,,,,,,,,,,,,,,,,,,,,,,,,,,,,,,,,,,,,,,,,,,,,,,,,,8.0,7.0,1.0,0.8571428571428571,1.0,0.125,0.875,0.4393747751637468,0.12550066755674216,1.0884340174353158,0.6675567423230974,0.5420560747663552,0.11530388204189006,
sci-ce709b73231a,rar_science,agentic,,,,,,,,,,,,,,,,,rollout,,,,,,,,,,,,,,,,,,,,,,,,,,,,,,,,,,,,,,,,,,,,,,,,,,,,8.0,7.0,1.0,1.0,1.0,0.125,0.875,0.5953405577875872,0.3719433719433721,2.428646462060659,0.8043758043758045,0.43243243243243235,0.15314842145768118,
sci-d0020349f91f,rar_science,shipped,,,,,,,,,,,,,,,,,rollout,,,,,,,,,,,,,,,,,,,,,,,,,,,,,,,,,,,,,,,,,,,,,,,,,,,,12.0,11.0,1.0,1.0,1.0,0.08333333333333337,0.9166666666666666,0.4855041562276123,0.5743801652892562,2.132476291512499,0.6198347107438016,0.04545454545454545,0.26934891026707086,
sci-d0020349f91f,rar_science,baseline,,,,,,,,,,,,,,,,,rollout,,,,,,,,,,,,,,,,,,,,,,,,,,,,,,,,,,,,,,,,,,,,,,,,,,,,12.0,11.0,1.0,1.0,1.0,0.08333333333333337,0.9166666666666666,0.5138093031466052,0.5332594235033261,2.4337641728684347,0.7893569844789358,0.2560975609756097,0.21910891344695346,
sci-d0020349f91f,rar_science,agentic,,,,,,,,,,,,,,,,,rollout,,,,,,,,,,,,,,,,,,,,,,,,,,,,,,,,,,,,,,,,,,,,,,,,,,,,12.0,11.0,1.0,0.5454545454545454,1.0,0.08333333333333337,0.9166666666666666,0.09090909090909091,0.013833992094861636,0.31491832864888614,0.4051383399209486,0.391304347826087,0.043928824829645455,
sci-d1dec685a824,rar_science,shipped,,,,,,,,,,,,,,,,,rollout,,,,,,,,,,,,,,,,,,,,,,,,,,,,,,,,,,,,,,,,,,,,,,,,,,,,8.0,7.0,1.0,1.0,1.0,0.125,0.875,0.7559289460184544,0.4464285714285714,2.7256963340035867,0.8035714285714285,0.3571428571428571,0.1637851457843227,
sci-d1dec685a824,rar_science,baseline,,,,,,,,,,,,,,,,,rollout,,,,,,,,,,,,,,,,,,,,,,,,,,,,,,,,,,,,,,,,,,,,,,,,,,,,8.0,7.0,1.0,1.0,1.0,0.125,0.875,0.7559289460184544,0.21254355400696878,2.7882527893167093,0.7247386759581882,0.5121951219512194,0.07622822249881253,
sci-d1dec685a824,rar_science,agentic,,,,,,,,,,,,,,,,,rollout,,,,,,,,,,,,,,,,,,,,,,,,,,,,,,,,,,,,,,,,,,,,,,,,,,,,8.0,7.0,1.0,0.6428571428571429,1.0,0.125,0.875,0.21597969886241553,0.0680272108843537,0.5760184328847829,0.5918367346938774,0.5238095238095237,0.11809901732426109,
sci-da510f1356cb,rar_science,shipped,,,,,,,,,,,,,,,,,rollout,,,,,,,,,,,,,,,,,,,,,,,,,,,,,,,,,,,,,,,,,,,,,,,,,,,,8.0,2.0,6.0,0.625,0.25,0.0,0.25,0.2013468165642073,0.09863945578231303,0.4900744637601334,0.9081632653061225,0.8095238095238094,0.2012744247588302,0.7321986389521395
sci-da510f1356cb,rar_science,baseline,,,,,,,,,,,,,,,,,rollout,,,,,,,,,,,,,,,,,,,,,,,,,,,,,,,,,,,,,,,,,,,,,,,,,,,,8.0,2.0,6.0,0.7083333333333334,1.0,0.75,0.25,0.31686212526223895,0.10989010989010994,0.673325980226271,0.7087912087912088,0.5989010989010989,0.16320491577227036,0.8537060098686218
sci-da510f1356cb,rar_science,agentic,,,,,,,,,,,,,,,,,rollout,,,,,,,,,,,,,,,,,,,,,,,,,,,,,,,,,,,,,,,,,,,,,,,,,,,,8.0,2.0,6.0,0.7083333333333334,0.5,0.25,0.25,0.3247849012308155,0.11224489795918374,0.7724564550776921,0.6071428571428572,0.49489795918367346,0.1453090296823196,0.8515704292020685
sci-da7d555f397b,rar_science,shipped,,,,,,,,,,,,,,,,,rollout,,,,,,,,,,,,,,,,,,,,,,,,,,,,,,,,,,,,,,,,,,,,,,,,,,,,7.0,2.0,5.0,0.55,0.0,-0.2857142857142857,0.2857142857142857,0.08050764858994132,0.014285714285714235,0.11666666666666621,0.6020408163265306,0.5877551020408164,0.12244897959183677,0.23578946719828964
sci-da7d555f397b,rar_science,baseline,,,,,,,,,,,,,,,,,rollout,,,,,,,,,,,,,,,,,,,,,,,,,,,,,,,,,,,,,,,,,,,,,,,,,,,,7.0,2.0,5.0,0.45,0.0,-0.2857142857142857,0.2857142857142857,-0.0828416869579514,-0.012500000000000067,-0.10246950765959655,0.5446428571428571,0.5571428571428572,0.12198750911856662,0.6342838178139177
sci-da7d555f397b,rar_science,agentic,,,,,,,,,,,,,,,,,rollout,,,,,,,,,,,,,,,,,,,,,,,,,,,,,,,,,,,,,,,,,,,,,,,,,,,,7.0,2.0,5.0,0.1,0.0,-0.2857142857142857,0.2857142857142857,-0.7302967433402214,-0.09999999999999996,-1.4966629547095762,0.12499999999999999,0.22499999999999995,0.06681531047810609,-0.7048199840983512
sci-debd831207ba,rar_science,shipped,,,,,,,,,,,,,,,,,rollout,,,,,,,,,,,,,,,,,,,,,,,,,,,,,,,,,,,,,,,,,,,,,,,,,,,,8.0,7.0,1.0,1.0,1.0,0.125,0.875,0.5953405577875872,0.5860058309037901,2.275275282861598,0.5860058309037901,0.0,0.25755381571533387,
sci-debd831207ba,rar_science,baseline,,,,,,,,,,,,,,,,,rollout,,,,,,,,,,,,,,,,,,,,,,,,,,,,,,,,,,,,,,,,,,,,,,,,,,,,8.0,7.0,1.0,1.0,1.0,0.125,0.875,0.5808178695515156,0.3469387755102041,2.2826047297155654,0.6231292517006802,0.27619047619047615,0.15199248954217143,
sci-debd831207ba,rar_science,agentic,,,,,,,,,,,,,,,,,rollout,,,,,,,,,,,,,,,,,,,,,,,,,,,,,,,,,,,,,,,,,,,,,,,,,,,,8.0,7.0,1.0,1.0,1.0,0.125,0.875,0.5773502691896257,0.48432055749128927,1.314299610774209,0.48432055749128927,0.0,0.36850087569149664,
sci-e12680ade60e,rar_science,shipped,,,,,,,,,,,,,,,,,rollout,,,,,,,,,,,,,,,,,,,,,,,,,,,,,,,,,,,,,,,,,,,,,,,,,,,,8.0,7.0,1.0,1.0,1.0,0.125,0.875,0.6193235372853324,0.30952380952380937,2.4647388907140684,0.6428571428571427,0.3333333333333333,0.1255807707217766,
sci-e12680ade60e,rar_science,baseline,,,,,,,,,,,,,,,,,rollout,,,,,,,,,,,,,,,,,,,,,,,,,,,,,,,,,,,,,,,,,,,,,,,,,,,,8.0,7.0,1.0,1.0,1.0,0.125,0.875,0.5916079783099615,0.48051948051948046,1.6071299189123422,0.48051948051948046,0.0,0.2989923060138671,
sci-e12680ade60e,rar_science,agentic,,,,,,,,,,,,,,,,,rollout,,,,,,,,,,,,,,,,,,,,,,,,,,,,,,,,,,,,,,,,,,,,,,,,,,,,8.0,7.0,1.0,0.8571428571428571,1.0,0.125,0.875,0.41739193556484105,0.18701298701298702,1.0946851807426583,0.35974025974025975,0.17272727272727273,0.17083723275226337,
sci-e74b83fd436a,rar_science,shipped,,,,,,,,,,,,,,,,,rollout,,,,,,,,,,,,,,,,,,,,,,,,,,,,,,,,,,,,,,,,,,,,,,,,,,,,7.0,3.0,4.0,0.7083333333333334,0.5,0.07142857142857145,0.42857142857142855,0.3818813079129867,0.08024691358024694,0.6202543406978075,0.43209876543209874,0.3518518518518518,0.12937743166773552,0.958200543466082
sci-e74b83fd436a,rar_science,baseline,,,,,,,,,,,,,,,,,rollout,,,,,,,,,,,,,,,,,,,,,,,,,,,,,,,,,,,,,,,,,,,,,,,,,,,,7.0,3.0,4.0,0.75,1.0,0.5714285714285714,0.42857142857142855,0.4537426064865151,0.09018264840182649,0.864789092955294,0.3607305936073059,0.2705479452054794,0.10428282356526963,0.9775948234173336
sci-e74b83fd436a,rar_science,agentic,,,,,,,,,,,,,,,,,rollout,,,,,,,,,,,,,,,,,,,,,,,,,,,,,,,,,,,,,,,,,,,,,,,,,,,,7.0,3.0,4.0,0.75,1.0,0.5714285714285714,0.42857142857142855,0.43301270189221935,0.04671717171717166,0.5454674820456298,0.31565656565656564,0.268939393939394,0.0856461168720295,0.58627432755012
sci-e86ea8cb138a,rar_science,shipped,,,,,,,,,,,,,,,,,rollout,,,,,,,,,,,,,,,,,,,,,,,,,,,,,,,,,,,,,,,,,,,,,,,,,,,,8.0,1.0,7.0,0.5,0.125,0.0,0.125,,0.0,,0.4489795918367347,0.4489795918367347,0.0,
sci-e86ea8cb138a,rar_science,baseline,,,,,,,,,,,,,,,,,rollout,,,,,,,,,,,,,,,,,,,,,,,,,,,,,,,,,,,,,,,,,,,,,,,,,,,,8.0,1.0,7.0,0.8571428571428571,0.0,-0.125,0.125,0.4252432555625623,0.2711038961038961,1.678063591310087,0.6136363636363636,0.3425324675324675,0.16155758191037423,0.7021576335032882
sci-e86ea8cb138a,rar_science,agentic,,,,,,,,,,,,,,,,,rollout,,,,,,,,,,,,,,,,,,,,,,,,,,,,,,,,,,,,,,,,,,,,,,,,,,,,8.0,1.0,7.0,0.5,0.125,0.0,0.125,,0.0,,0.2307692307692308,0.2307692307692308,0.0,
sci-ea25bcc0bf72,rar_science,shipped,,,,,,,,,,,,,,,,,rollout,,,,,,,,,,,,,,,,,,,,,,,,,,,,,,,,,,,,,,,,,,,,,,,,,,,,8.0,6.0,2.0,0.8333333333333334,1.0,0.25,0.75,0.5405899027195888,0.13095238095238082,1.1277285895869489,0.8273809523809522,0.6964285714285714,0.11612047629327595,
sci-ea25bcc0bf72,rar_science,baseline,,,,,,,,,,,,,,,,,rollout,,,,,,,,,,,,,,,,,,,,,,,,,,,,,,,,,,,,,,,,,,,,,,,,,,,,8.0,6.0,2.0,1.0,1.0,0.25,0.75,0.8164965809277261,0.19642857142857134,2.0921904745773374,0.6785714285714285,0.48214285714285715,0.0938865623447854,
sci-ea25bcc0bf72,rar_science,agentic,,,,,,,,,,,,,,,,,rollout,,,,,,,,,,,,,,,,,,,,,,,,,,,,,,,,,,,,,,,,,,,,,,,,,,,,8.0,6.0,2.0,1.0,1.0,0.25,0.75,0.989743318610787,0.42666666666666675,2.125922394572001,1.0,0.5733333333333333,0.20069719748757103,
sci-eca9a0437743,rar_science,shipped,,,,,,,,,,,,,,,,,rollout,,,,,,,,,,,,,,,,,,,,,,,,,,,,,,,,,,,,,,,,,,,,,,,,,,,,8.0,6.0,2.0,1.0,1.0,0.25,0.75,0.7650920556760059,0.5888888888888889,1.6293099784280827,0.7555555555555555,0.16666666666666663,0.36143453160277955,
sci-eca9a0437743,rar_science,baseline,,,,,,,,,,,,,,,,,rollout,,,,,,,,,,,,,,,,,,,,,,,,,,,,,,,,,,,,,,,,,,,,,,,,,,,,8.0,6.0,2.0,1.0,1.0,0.25,0.75,0.7794837629539572,0.2771317829457367,1.9359837135850593,0.672480620155039,0.39534883720930225,0.14314778631713973,
sci-eca9a0437743,rar_science,agentic,,,,,,,,,,,,,,,,,rollout,,,,,,,,,,,,,,,,,,,,,,,,,,,,,,,,,,,,,,,,,,,,,,,,,,,,8.0,6.0,2.0,1.0,1.0,0.25,0.75,0.7604691006293736,0.3377192982456141,1.9243557922737782,0.6754385964912281,0.337719298245614,0.17549732726221698,
sci-f6b7d71c6b3c,rar_science,shipped,,,,,,,,,,,,,,,,,rollout,,,,,,,,,,,,,,,,,,,,,,,,,,,,,,,,,,,,,,,,,,,,,,,,,,,,7.0,5.0,2.0,0.3,0.6,-0.11428571428571432,0.7142857142857143,-0.3999999999999999,-0.06779661016949157,-0.8197560612767684,0.9322033898305084,1.0,0.08270339601258755,
sci-f6b7d71c6b3c,rar_science,baseline,,,,,,,,,,,,,,,,,rollout,,,,,,,,,,,,,,,,,,,,,,,,,,,,,,,,,,,,,,,,,,,,,,,,,,,,7.0,5.0,2.0,0.35,0.6666666666666666,-0.04761904761904767,0.7142857142857143,-0.2485250608738542,-0.05813953488372092,-0.6851972201670429,0.8449612403100776,0.9031007751937985,0.08485080378689686,
sci-f6b7d71c6b3c,rar_science,agentic,,,,,,,,,,,,,,,,,rollout,,,,,,,,,,,,,,,,,,,,,,,,,,,,,,,,,,,,,,,,,,,,,,,,,,,,7.0,5.0,2.0,0.45,0.75,0.0357142857142857,0.7142857142857143,-0.0828416869579514,0.04531249999999998,0.5123665772433162,0.896875,0.8515625,0.08843765774847108,
sci-f6b96b82605e,rar_science,shipped,,,,,,,,,,,,,,,,,rollout,,,,,,,,,,,,,,,,,,,,,,,,,,,,,,,,,,,,,,,,,,,,,,,,,,,,8.0,6.0,2.0,0.5833333333333334,0.6666666666666666,-0.08333333333333337,0.75,0.13074409009212268,0.12925170068027214,0.7868513975913506,0.8843537414965986,0.7551020408163265,0.16426443554135836,
sci-f6b96b82605e,rar_science,baseline,,,,,,,,,,,,,,,,,rollout,,,,,,,,,,,,,,,,,,,,,,,,,,,,,,,,,,,,,,,,,,,,,,,,,,,,8.0,6.0,2.0,0.5833333333333334,0.6666666666666666,-0.08333333333333337,0.75,0.13245323570650439,0.10451977401129947,0.7417078944999255,0.4774011299435028,0.37288135593220334,0.14091770464674483,
sci-f6b96b82605e,rar_science,agentic,,,,,,,,,,,,,,,,,rollout,,,,,,,,,,,,,,,,,,,,,,,,,,,,,,,,,,,,,,,,,,,,,,,,,,,,8.0,6.0,2.0,0.8333333333333334,1.0,0.25,0.75,0.5819143739626463,0.21739130434782605,1.4653461242326604,0.9130434782608695,0.6956521739130435,0.14835491816765453,
sci-f83b10fdfa1f,rar_science,shipped,,,,,,,,,,,,,,,,,rollout,,,,,,,,,,,,,,,,,,,,,,,,,,,,,,,,,,,,,,,,,,,,,,,,,,,,8.0,2.0,6.0,0.8333333333333334,0.5,0.25,0.25,0.5369248441712194,0.20621468926553665,1.1388885178555452,0.6610169491525423,0.4548022598870056,0.1810666154171313,-0.023038164354349806
sci-f83b10fdfa1f,rar_science,baseline,,,,,,,,,,,,,,,,,rollout,,,,,,,,,,,,,,,,,,,,,,,,,,,,,,,,,,,,,,,,,,,,,,,,,,,,8.0,2.0,6.0,0.9166666666666666,0.6666666666666666,0.41666666666666663,0.25,0.649569802461631,0.2572463768115941,1.30805553610074,0.9021739130434783,0.6449275362318841,0.1966631918232119,-0.18391342281255418
sci-f83b10fdfa1f,rar_science,agentic,,,,,,,,,,,,,,,,,rollout,,,,,,,,,,,,,,,,,,,,,,,,,,,,,,,,,,,,,,,,,,,,,,,,,,,,8.0,2.0,6.0,0.9166666666666666,0.6666666666666666,0.41666666666666663,0.25,0.6537204504606134,0.15294117647058836,1.4118287148711752,0.6823529411764707,0.5294117647058824,0.10832842175514452,-0.2503100371895287
med-28da216cd16f,rar_medicine,agentic-tools,,,,,,,,,,,,,,,,,rollout,,,,,,,,,,,,,,,,,,,,,,,,,,,,,,,,,,,,,,,,,,,,,,,,,,,,8.0,1.0,7.0,1.0,1.0,0.875,0.125,0.5843487097907775,0.6562009419152277,2.475996589859933,1.0,0.3437990580847723,0.26502497806442815,0.8639837136022299
med-310a19614101,rar_medicine,agentic-tools,,,,,,,,,,,,,,,,,rollout,,,,,,,,,,,,,,,,,,,,,,,,,,,,,,,,,,,,,,,,,,,,,,,,,,,,8.0,6.0,2.0,0.4166666666666667,1.0,0.25,0.75,-0.13333333333333333,-0.04597701149425287,-0.6747477697966323,0.37931034482758613,0.425287356321839,0.06813955310754159,
med-22cfe7cfc240,rar_medicine,agentic-tools,,,,,,,,,,,,,,,,,rollout,,,,,,,,,,,,,,,,,,,,,,,,,,,,,,,,,,,,,,,,,,,,,,,,,,,,8.0,7.0,1.0,1.0,1.0,0.125,0.875,0.5916079783099615,0.7107583774250441,2.6016180544554355,0.8218694885361553,0.11111111111111112,0.273198587397495,
med-197191f4a201,rar_medicine,agentic-tools,,,,,,,,,,,,,,,,,rollout,,,,,,,,,,,,,,,,,,,,,,,,,,,,,,,,,,,,,,,,,,,,,,,,,,,,8.0,3.0,5.0,0.8666666666666667,1.0,0.625,0.375,0.6350852961085883,0.27301587301587305,1.1004730508615443,0.49206349206349204,0.21904761904761902,0.2480895582151084,0.06224201802922137
med-243ec32e8cc8,rar_medicine,agentic-tools,,,,,,,,,,,,,,,,,rollout,,,,,,,,,,,,,,,,,,,,,,,,,,,,,,,,,,,,,,,,,,,,,,,,,,,,8.0,3.0,5.0,0.8666666666666667,1.0,0.625,0.375,0.6235022213916492,0.2966666666666667,1.1506557504616413,0.6666666666666666,0.36999999999999994,0.25782399866132377,0.8988096597261971
med-02a8056b1d15,rar_medicine,agentic-tools,,,,,,,,,,,,,,,,,rollout,,,,,,,,,,,,,,,,,,,,,,,,,,,,,,,,,,,,,,,,,,,,,,,,,,,,8.0,5.0,3.0,1.0,1.0,0.375,0.625,0.8502303018977035,0.35341365461847407,1.6133506193254303,0.602409638554217,0.24899598393574296,0.21905570332023822,0.259528474331036
med-2b6e00e2fa33,rar_medicine,agentic-tools,,,,,,,,,,,,,,,,,rollout,,,,,,,,,,,,,,,,,,,,,,,,,,,,,,,,,,,,,,,,,,,,,,,,,,,,8.0,2.0,6.0,0.8333333333333334,0.0,-0.25,0.25,0.5196558419693048,0.13333333333333336,0.7005080525739842,0.5199999999999999,0.38666666666666655,0.1903380451422453,0.6856982712066361
med-44131a7ca41d,rar_medicine,agentic-tools,,,,,,,,,,,,,,,,,rollout,,,,,,,,,,,,,,,,,,,,,,,,,,,,,,,,,,,,,,,,,,,,,,,,,,,,8.0,6.0,2.0,0.6666666666666666,1.0,0.25,0.75,0.2550306852253353,0.016129032258064502,0.24152294576982372,0.310483870967742,0.2943548387096775,0.066780538000873,
med-3a854c06e788,rar_medicine,agentic-tools,,,,,,,,,,,,,,,,,rollout,,,,,,,,,,,,,,,,,,,,,,,,,,,,,,,,,,,,,,,,,,,,,,,,,,,,8.0,2.0,6.0,1.0,1.0,0.75,0.25,0.8728715609439694,0.6898148148148149,2.114090503693926,0.7222222222222223,0.032407407407407406,0.3262938902613248,0.3988456682018093
med-43e518d3d57e,rar_medicine,agentic-tools,,,,,,,,,,,,,,,,,rollout,,,,,,,,,,,,,,,,,,,,,,,,,,,,,,,,,,,,,,,,,,,,,,,,,,,,8.0,1.0,7.0,1.0,1.0,0.875,0.125,0.6614378277661476,0.37267080745341613,2.4525573579398636,0.4130434782608695,0.0403726708074534,0.1519519232636654,0.5466949761824479
med-339d1a40dbd7,rar_medicine,agentic-tools,,,,,,,,,,,,,,,,,rollout,,,,,,,,,,,,,,,,,,,,,,,,,,,,,,,,,,,,,,,,,,,,,,,,,,,,8.0,4.0,4.0,1.0,1.0,0.5,0.5,0.8888888888888888,0.6304347826086957,1.8554487485456266,0.9130434782608695,0.28260869565217384,0.33977482972938766,0.9637867953186291
med-44c1b0452475,rar_medicine,agentic-tools,,,,,,,,,,,,,,,,,rollout,,,,,,,,,,,,,,,,,,,,,,,,,,,,,,,,,,,,,,,,,,,,,,,,,,,,8.0,1.0,7.0,0.35714285714285715,0.0,-0.125,0.125,-0.2182178902359924,-0.06122448979591835,-0.6172133998483675,0.21428571428571427,0.2755102040816326,0.09919501068991622,-0.9127230923906521
med-533a7b79571a,rar_medicine,agentic-tools,,,,,,,,,,,,,,,,,rollout,,,,,,,,,,,,,,,,,,,,,,,,,,,,,,,,,,,,,,,,,,,,,,,,,,,,8.0,6.0,2.0,0.6666666666666666,1.0,0.25,0.75,0.25348970020979117,0.07236842105263142,0.42508038455488933,0.7105263157894736,0.6381578947368421,0.17024643733775183,
med-3e58d5c52834,rar_medicine,agentic-tools,,,,,,,,,,,,,,,,,rollout,,,,,,,,,,,,,,,,,,,,,,,,,,,,,,,,,,,,,,,,,,,,,,,,,,,,12.0,1.0,11.0,0.7272727272727273,0.0,-0.08333333333333333,0.08333333333333333,0.24563772551523777,0.005050505050505055,0.05461998719859377,0.05555555555555556,0.050505050505050504,0.09246624376058228,0.6806621331371987
med-5a729ac36da6,rar_medicine,agentic-tools,,,,,,,,,,,,,,,,,rollout,,,,,,,,,,,,,,,,,,,,,,,,,,,,,,,,,,,,,,,,,,,,,,,,,,,,8.0,1.0,7.0,1.0,1.0,0.875,0.125,0.9999999999999999,0.6500000000000001,2.8284271247461903,0.9500000000000001,0.3,0.22980970388562796,
med-346fbc60b4f9,rar_medicine,agentic-tools,,,,,,,,,,,,,,,,,rollout,,,,,,,,,,,,,,,,,,,,,,,,,,,,,,,,,,,,,,,,,,,,,,,,,,,,8.0,7.0,1.0,1.0,1.0,0.125,0.875,0.5843487097907775,0.3064182194616977,1.1819216452498889,0.567287784679089,0.2608695652173913,0.2592542582608452,
med-48491d33ec3d,rar_medicine,agentic-tools,,,,,,,,,,,,,,,,,rollout,,,,,,,,,,,,,,,,,,,,,,,,,,,,,,,,,,,,,,,,,,,,,,,,,,,,8.0,7.0,1.0,0.9285714285714286,1.0,0.125,0.875,0.5102919066750747,0.43406593406593413,1.581701243747572,0.6263736263736265,0.19230769230769235,0.27442978614437247,
med-51d19faca215,rar_medicine,agentic-tools,,,,,,,,,,,,,,,,,rollout,,,,,,,,,,,,,,,,,,,,,,,,,,,,,,,,,,,,,,,,,,,,,,,,,,,,8.0,4.0,4.0,0.625,1.0,0.5,0.5,0.3779644730092272,0.08536585365853663,0.7071067811865478,0.3292682926829269,0.24390243902439027,0.12072554800745935,
med-39fe6d9a022e,rar_medicine,agentic-tools,,,,,,,,,,,,,,,,,rollout,,,,,,,,,,,,,,,,,,,,,,,,,,,,,,,,,,,,,,,,,,,,,,,,,,,,8.0,5.0,3.0,1.0,1.0,0.375,0.625,0.8553989227683014,0.6416666666666666,1.7219645369426326,0.7666666666666666,0.125,0.37263640040227136,0.5147395040729466
med-45b65c37ae12,rar_medicine,agentic-tools,,,,,,,,,,,,,,,,,rollout,,,,,,,,,,,,,,,,,,,,,,,,,,,,,,,,,,,,,,,,,,,,,,,,,,,,12.0,1.0,11.0,0.9545454545454546,0.5,0.4166666666666667,0.08333333333333333,0.4708816093480111,0.22661396574440051,1.8513541435879588,0.40579710144927533,0.17918313570487482,0.12240443922048239,-0.19309411867952495
med-8087bfa21ada,rar_medicine,agentic-tools,,,,,,,,,,,,,,,,,rollout,,,,,,,,,,,,,,,,,,,,,,,,,,,,,,,,,,,,,,,,,,,,,,,,,,,,8.0,4.0,4.0,1.0,1.0,0.5,0.5,1.0,1.0,1.8708286933869707,1.0,0.0,0.5345224838248488,
med-75b39d0ce8c6,rar_medicine,agentic-tools,,,,,,,,,,,,,,,,,rollout,,,,,,,,,,,,,,,,,,,,,,,,,,,,,,,,,,,,,,,,,,,,,,,,,,,,7.0,5.0,2.0,0.9,1.0,0.2857142857142857,0.7142857142857143,0.6563301233138935,0.4226666666666667,1.2200044747148118,0.6026666666666667,0.18,0.34644681673439703,
med-70fca288ce5a,rar_medicine,agentic-tools,,,,,,,,,,,,,,,,,rollout,,,,,,,,,,,,,,,,,,,,,,,,,,,,,,,,,,,,,,,,,,,,,,,,,,,,8.0,7.0,1.0,0.7142857142857143,1.0,0.125,0.875,0.25197631533948484,0.0834879406307979,0.35343205550664075,0.5899814471243043,0.5064935064935064,0.23622062382292658,
med-64de5a90cbca,rar_medicine,agentic-tools,,,,,,,,,,,,,,,,,rollout,,,,,,,,,,,,,,,,,,,,,,,,,,,,,,,,,,,,,,,,,,,,,,,,,,,,8.0,7.0,1.0,0.5714285714285714,1.0,0.125,0.875,0.08297398136450224,5.551115123125783e-17,4.48614059425153e-16,0.3181818181818182,0.3181818181818181,0.12373921428675004,
med-ac6f5e1f72e2,rar_medicine,agentic-tools,,,,,,,,,,,,,,,,,rollout,,,,,,,,,,,,,,,,,,,,,,,,,,,,,,,,,,,,,,,,,,,,,,,,,,,,8.0,6.0,2.0,1.0,1.0,0.25,0.75,0.7745966692414834,0.606280193236715,1.73046725759732,0.8019323671497585,0.19565217391304346,0.350356350618566,
med-8227a3f56ff4,rar_medicine,agentic-tools,,,,,,,,,,,,,,,,,rollout,,,,,,,,,,,,,,,,,,,,,,,,,,,,,,,,,,,,,,,,,,,,,,,,,,,,12.0,11.0,1.0,0.9090909090909091,1.0,0.08333333333333337,0.9166666666666666,0.422934696875447,0.3847780126849894,1.2377134457620949,0.7568710359408034,0.372093023255814,0.3108781067237019,
med-a5b48b2e083f,rar_medicine,agentic-tools,,,,,,,,,,,,,,,,,rollout,,,,,,,,,,,,,,,,,,,,,,,,,,,,,,,,,,,,,,,,,,,,,,,,,,,,8.0,7.0,1.0,1.0,1.0,0.125,0.875,0.5953405577875872,0.813664596273292,2.5797475057205905,0.813664596273292,0.0,0.31540474192493284,
med-931e7fb4de55,rar_medicine,agentic-tools,,,,,,,,,,,,,,,,,rollout,,,,,,,,,,,,,,,,,,,,,,,,,,,,,,,,,,,,,,,,,,,,,,,,,,,,7.0,5.0,2.0,0.35,0.5,-0.2142857142857143,0.7142857142857143,-0.29999999999999993,-0.035593220338982934,-0.6148170459575738,0.49830508474576274,0.5338983050847457,0.057892377208811296,
med-b2be91e4d044,rar_medicine,agentic-tools,,,,,,,,,,,,,,,,,rollout,,,,,,,,,,,,,,,,,,,,,,,,,,,,,,,,,,,,,,,,,,,,,,,,,,,,8.0,7.0,1.0,0.35714285714285715,0.8333333333333334,-0.04166666666666663,0.875,-0.2182178902359924,-0.030612244897959176,-0.6172133998483675,0.07653061224489796,0.10714285714285714,0.04959750534495811,
med-bbb832a8fec2,rar_medicine,agentic-tools,,,,,,,,,,,,,,,,,rollout,,,,,,,,,,,,,,,,,,,,,,,,,,,,,,,,,,,,,,,,,,,,,,,,,,,,8.0,7.0,1.0,1.0,1.0,0.125,0.875,0.9999999999999999,0.34090909090909105,2.82842712474619,0.9659090909090908,0.6249999999999998,0.12052956497497976,
med-91ae4098e221,rar_medicine,agentic-tools,,,,,,,,,,,,,,,,,rollout,,,,,,,,,,,,,,,,,,,,,,,,,,,,,,,,,,,,,,,,,,,,,,,,,,,,8.0,4.0,4.0,0.8125,1.0,0.5,0.5,0.5852057359806528,0.14919354838709675,0.9861533743670517,0.45161290322580644,0.3024193548387097,0.15128838197491792,0.8543960590403257
med-769d6769c7d8,rar_medicine,agentic-tools,,,,,,,,,,,,,,,,,rollout,,,,,,,,,,,,,,,,,,,,,,,,,,,,,,,,,,,,,,,,,,,,,,,,,,,,8.0,5.0,3.0,1.0,1.0,0.375,0.625,0.8502303018977035,0.7282051282051281,1.911042821595554,0.8820512820512819,0.15384615384615383,0.38105118314258407,-0.5833239888613889
med-6c38d46aa8e9,rar_medicine,agentic-tools,,,,,,,,,,,,,,,,,rollout,,,,,,,,,,,,,,,,,,,,,,,,,,,,,,,,,,,,,,,,,,,,,,,,,,,,8.0,5.0,3.0,0.7333333333333333,1.0,0.375,0.625,0.4230785196508496,0.11261261261261263,0.99716920845778,0.5675675675675675,0.4549549549549549,0.11293230041346651,0.8997696884358681
med-82b936c85c28,rar_medicine,agentic-tools,,,,,,,,,,,,,,,,,rollout,,,,,,,,,,,,,,,,,,,,,,,,,,,,,,,,,,,,,,,,,,,,,,,,,,,,8.0,2.0,6.0,0.75,0.0,-0.25,0.25,0.3897418814769786,0.13377192982456143,0.7676275023141715,0.5526315789473684,0.41885964912280693,0.17426672366646367,0.3864607933810283
med-b21da7abe861,rar_medicine,agentic-tools,,,,,,,,,,,,,,,,,rollout,,,,,,,,,,,,,,,,,,,,,,,,,,,,,,,,,,,,,,,,,,,,,,,,,,,,8.0,7.0,1.0,1.0,1.0,0.125,0.875,0.5916079783099615,0.5530612244897959,2.0564484604526028,0.6816326530612244,0.12857142857142856,0.2689399881036031,
med-b89d3eed861e,rar_medicine,agentic-tools,,,,,,,,,,,,,,,,,rollout,,,,,,,,,,,,,,,,,,,,,,,,,,,,,,,,,,,,,,,,,,,,,,,,,,,,8.0,7.0,1.0,1.0,1.0,0.125,0.875,0.6666666666666665,0.12471655328798192,2.5420364406686993,0.854875283446712,0.7301587301587301,0.04906167012113108,
med-c284c536782e,rar_medicine,agentic-tools,,,,,,,,,,,,,,,,,rollout,,,,,,,,,,,,,,,,,,,,,,,,,,,,,,,,,,,,,,,,,,,,,,,,,,,,8.0,1.0,7.0,1.0,1.0,0.875,0.125,0.7559289460184544,0.7314285714285715,2.371997813315524,1.0,0.2685714285714285,0.30835971573101806,-0.25820693170050113
med-ba0b7452f8cd,rar_medicine,agentic-tools,,,,,,,,,,,,,,,,,rollout,,,,,,,,,,,,,,,,,,,,,,,,,,,,,,,,,,,,,,,,,,,,,,,,,,,,8.0,2.0,6.0,0.5416666666666666,1.0,0.75,0.25,0.06415002990995843,0.03614457831325302,0.5086520415608133,0.7530120481927711,0.7168674698795181,0.07105953650032024,-0.68355128763952
med-c18f142a5a38,rar_medicine,agentic-tools,,,,,,,,,,,,,,,,,rollout,,,,,,,,,,,,,,,,,,,,,,,,,,,,,,,,,,,,,,,,,,,,,,,,,,,,7.0,4.0,3.0,0.0,0.0,-0.5714285714285714,0.5714285714285714,-1.0000000000000002,-0.1875,-1.8708286933869709,0.0625,0.25,0.10022296571715913,
med-cbe76ed81c5b,rar_medicine,agentic-tools,,,,,,,,,,,,,,,,,rollout,,,,,,,,,,,,,,,,,,,,,,,,,,,,,,,,,,,,,,,,,,,,,,,,,,,,8.0,7.0,1.0,1.0,1.0,0.125,0.875,0.7559289460184544,0.33163265306122447,2.4960798758340594,0.9744897959183673,0.6428571428571428,0.13286139448979378,
med-a05b680eb6c1,rar_medicine,agentic-tools,,,,,,,,,,,,,,,,,rollout,,,,,,,,,,,,,,,,,,,,,,,,,,,,,,,,,,,,,,,,,,,,,,,,,,,,8.0,5.0,3.0,0.9333333333333333,1.0,0.375,0.625,0.7413457330658613,0.21864406779661022,1.5290746784046363,0.5237288135593221,0.3050847457627119,0.1429910983973216,0.9999234781720364
med-d078d9e5c01b,rar_medicine,agentic-tools,,,,,,,,,,,,,,,,,rollout,,,,,,,,,,,,,,,,,,,,,,,,,,,,,,,,,,,,,,,,,,,,,,,,,,,,8.0,3.0,5.0,0.5,0.375,0.0,0.375,,0.0,,0.0,0.0,0.0,
med-c8812f74fcb4,rar_medicine,agentic-tools,,,,,,,,,,,,,,,,,rollout,,,,,,,,,,,,,,,,,,,,,,,,,,,,,,,,,,,,,,,,,,,,,,,,,,,,7.0,3.0,4.0,1.0,1.0,0.5714285714285714,0.42857142857142855,0.9555330859059092,0.4696969696969698,1.8521697025768413,0.796969696969697,0.3272727272727272,0.25359283711611375,
med-bf99d4ee36f1,rar_medicine,agentic-tools,,,,,,,,,,,,,,,,,rollout,,,,,,,,,,,,,,,,,,,,,,,,,,,,,,,,,,,,,,,,,,,,,,,,,,,,8.0,3.0,5.0,0.5333333333333333,0.0,-0.375,0.375,0.0563436169819011,-0.0044444444444444176,-0.026432659888262683,0.36507936507936506,0.3695238095238095,0.1681421568329548,0.8117024267143235
med-c55945849375,rar_medicine,agentic-tools,,,,,,,,,,,,,,,,,rollout,,,,,,,,,,,,,,,,,,,,,,,,,,,,,,,,,,,,,,,,,,,,,,,,,,,,8.0,5.0,3.0,0.8666666666666667,1.0,0.375,0.625,0.6350852961085883,0.14482758620689656,1.1348687097043302,0.5758620689655173,0.4310344827586207,0.1276161594451122,0.001871135515466344
med-c98a2c1d81b2,rar_medicine,agentic-tools,,,,,,,,,,,,,,,,,rollout,,,,,,,,,,,,,,,,,,,,,,,,,,,,,,,,,,,,,,,,,,,,,,,,,,,,8.0,4.0,4.0,0.6875,1.0,0.5,0.5,0.329292779969071,0.07692307692307687,0.7055964054188281,0.32692307692307687,0.25,0.10901852154053543,0.9176510861967903
med-dc7957448669,rar_medicine,agentic-tools,,,,,,,,,,,,,,,,,rollout,,,,,,,,,,,,,,,,,,,,,,,,,,,,,,,,,,,,,,,,,,,,,,,,,,,,8.0,2.0,6.0,1.0,1.0,0.75,0.25,0.989743318610787,0.7207792207792207,2.016064515096741,0.7207792207792207,0.0,0.35751793426344497,
med-e6c4ba1af357,rar_medicine,agentic-tools,,,,,,,,,,,,,,,,,rollout,,,,,,,,,,,,,,,,,,,,,,,,,,,,,,,,,,,,,,,,,,,,,,,,,,,,8.0,5.0,3.0,0.7,0.75,0.125,0.625,0.3601801351125985,0.13953488372093037,0.7204529985862982,0.9069767441860466,0.7674418604651162,0.19367659513491,0.9970344155262899
med-d9d6d0e87ecb,rar_medicine,agentic-tools,,,,,,,,,,,,,,,,,rollout,,,,,,,,,,,,,,,,,,,,,,,,,,,,,,,,,,,,,,,,,,,,,,,,,,,,12.0,10.0,2.0,0.425,1.0,0.16666666666666663,0.8333333333333334,-0.10037244076773086,-0.08749999999999991,-0.40135826947270653,0.5722222222222222,0.6597222222222221,0.2180097101648236,
med-b78dbf37f022,rar_medicine,agentic-tools,,,,,,,,,,,,,,,,,rollout,,,,,,,,,,,,,,,,,,,,,,,,,,,,,,,,,,,,,,,,,,,,,,,,,,,,8.0,7.0,1.0,0.7857142857142857,1.0,0.125,0.875,0.3339135484518729,0.06258503401360546,0.7112787874307053,0.14829931972789118,0.08571428571428572,0.08798945662315659,
med-c5613cc475ed,rar_medicine,agentic-tools,,,,,,,,,,,,,,,,,rollout,,,,,,,,,,,,,,,,,,,,,,,,,,,,,,,,,,,,,,,,,,,,,,,,,,,,8.0,5.0,3.0,0.8,1.0,0.375,0.625,0.533113989983183,0.06956521739130439,0.9977753031397191,0.9608695652173914,0.891304347826087,0.06972032397715414,0.23511608970185896
med-cc0494519c68,rar_medicine,agentic-tools,,,,,,,,,,,,,,,,,rollout,,,,,,,,,,,,,,,,,,,,,,,,,,,,,,,,,,,,,,,,,,,,,,,,,,,,8.0,7.0,1.0,1.0,1.0,0.125,0.875,0.5843487097907775,0.3764478764478764,2.1050503943990035,0.6332046332046332,0.25675675675675674,0.17883081443062226,
med-cbdf1f80d3c5,rar_medicine,agentic-tools,,,,,,,,,,,,,,,,,rollout,,,,,,,,,,,,,,,,,,,,,,,,,,,,,,,,,,,,,,,,,,,,,,,,,,,,8.0,7.0,1.0,0.6428571428571429,1.0,0.125,0.875,0.17118419700436513,0.03917050691244239,0.3656019657547053,0.152073732718894,0.1129032258064516,0.10713976012569694,
med-deb27cd3a8f9,rar_medicine,agentic-tools,,,,,,,,,,,,,,,,,rollout,,,,,,,,,,,,,,,,,,,,,,,,,,,,,,,,,,,,,,,,,,,,,,,,,,,,8.0,6.0,2.0,1.0,1.0,0.25,0.75,0.7794837629539572,0.674074074074074,1.8982181969500564,0.8851851851851852,0.2111111111111111,0.35510884636820783,
med-e9a2fe585dc6,rar_medicine,agentic-tools,,,,,,,,,,,,,,,,,rollout,,,,,,,,,,,,,,,,,,,,,,,,,,,,,,,,,,,,,,,,,,,,,,,,,,,,12.0,10.0,2.0,0.95,1.0,0.16666666666666663,0.8333333333333334,0.5956043364075225,0.15694444444444444,1.3750064497885746,0.30277777777777776,0.14583333333333331,0.11414087873447919,
med-eab5c7860802,rar_medicine,agentic-tools,,,,,,,,,,,,,,,,,rollout,,,,,,,,,,,,,,,,,,,,,,,,,,,,,,,,,,,,,,,,,,,,,,,,,,,,8.0,4.0,4.0,0.75,1.0,0.5,0.5,0.5714285714285714,0.08482142857142856,1.0781342704226582,0.08482142857142856,0.0,0.07867427174741068,
med-f6f123aa5ea7,rar_medicine,agentic-tools,,,,,,,,,,,,,,,,,rollout,,,,,,,,,,,,,,,,,,,,,,,,,,,,,,,,,,,,,,,,,,,,,,,,,,,,8.0,2.0,6.0,0.375,0.0,-0.25,0.25,-0.1901172751573434,-0.08937198067632848,-0.49834192197909066,0.23188405797101444,0.3212560386473429,0.17933867638789244,-0.383260059974416
med-f1727cd9627c,rar_medicine,agentic-tools,,,,,,,,,,,,,,,,,rollout,,,,,,,,,,,,,,,,,,,,,,,,,,,,,,,,,,,,,,,,,,,,,,,,,,,,8.0,3.0,5.0,1.0,1.0,0.625,0.375,0.8714893406611901,0.4553672316384181,1.7732573151359186,0.5706214689265536,0.11525423728813558,0.2567970411014572,-0.400387926255179
sci-2894a3c6c89c,rar_science,agentic-tools,,,,,,,,,,,,,,,,,rollout,,,,,,,,,,,,,,,,,,,,,,,,,,,,,,,,,,,,,,,,,,,,,,,,,,,,8.0,7.0,1.0,1.0,1.0,0.125,0.875,0.6193235372853324,0.8707482993197279,2.390749075970243,0.8707482993197279,0.0,0.3642156795423418,
sci-045492df8b2b,rar_science,agentic-tools,,,,,,,,,,,,,,,,,rollout,,,,,,,,,,,,,,,,,,,,,,,,,,,,,,,,,,,,,,,,,,,,,,,,,,,,6.0,5.0,1.0,1.0,1.0,0.16666666666666663,0.8333333333333334,0.674199862463242,0.33076923076923076,2.284886404693446,0.33076923076923076,0.0,0.14476397167482324,
sci-31945f4df73d,rar_science,agentic-tools,,,,,,,,,,,,,,,,,rollout,,,,,,,,,,,,,,,,,,,,,,,,,,,,,,,,,,,,,,,,,,,,,,,,,,,,8.0,6.0,2.0,1.0,1.0,0.25,0.75,0.8728715609439694,0.09689922480620139,1.3480496276273377,0.8643410852713177,0.7674418604651163,0.07188105157281995,
sci-2907ae60d945,rar_science,agentic-tools,,,,,,,,,,,,,,,,,rollout,,,,,,,,,,,,,,,,,,,,,,,,,,,,,,,,,,,,,,,,,,,,,,,,,,,,12.0,11.0,1.0,1.0,1.0,0.08333333333333337,0.9166666666666666,0.4981167541368988,0.5878787878787878,2.092158538510329,0.5878787878787878,0.0,0.28099151047002996,
sci-3c61ccbecbf0,rar_science,agentic-tools,,,,,,,,,,,,,,,,,rollout,,,,,,,,,,,,,,,,,,,,,,,,,,,,,,,,,,,,,,,,,,,,,,,,,,,,7.0,6.0,1.0,1.0,1.0,0.1428571428571429,0.8571428571428571,0.7637626158259734,0.2988505747126438,1.7466925547222436,0.6091954022988507,0.3103448275862069,0.17109512140799535,
sci-2892b69a6237,rar_science,agentic-tools,,,,,,,,,,,,,,,,,rollout,,,,,,,,,,,,,,,,,,,,,,,,,,,,,,,,,,,,,,,,,,,,,,,,,,,,8.0,7.0,1.0,0.5714285714285714,1.0,0.125,0.875,0.0839921051131616,0.060317460317460436,0.23474462552063421,0.615873015873016,0.5555555555555556,0.2569492706539451,
sci-1cbb3e0b742d,rar_science,agentic-tools,,,,,,,,,,,,,,,,,rollout,,,,,,,,,,,,,,,,,,,,,,,,,,,,,,,,,,,,,,,,,,,,,,,,,,,,7.0,6.0,1.0,0.75,1.0,0.1428571428571429,0.8571428571428571,0.30895719032666236,0.15099715099715094,0.8147787499423228,0.4586894586894586,0.30769230769230765,0.1853228879715381,
sci-1074b372b376,rar_science,agentic-tools,,,,,,,,,,,,,,,,,rollout,,,,,,,,,,,,,,,,,,,,,,,,,,,,,,,,,,,,,,,,,,,,,,,,,,,,8.0,1.0,7.0,1.0,1.0,0.875,0.125,0.5808178695515156,0.16770186335403725,1.9824023651787512,0.34782608695652173,0.18012422360248448,0.08459527001165364,0.9357174553218012
sci-4043bf8ee284,rar_science,agentic-tools,,,,,,,,,,,,,,,,,rollout,,,,,,,,,,,,,,,,,,,,,,,,,,,,,,,,,,,,,,,,,,,,,,,,,,,,8.0,7.0,1.0,0.8571428571428571,1.0,0.125,0.875,0.4252432555625623,0.2407407407407408,1.1078526841171692,0.5370370370370371,0.2962962962962963,0.217303928755278,
sci-42ea0adaccfd,rar_science,agentic-tools,,,,,,,,,,,,,,,,,rollout,,,,,,,,,,,,,,,,,,,,,,,,,,,,,,,,,,,,,,,,,,,,,,,,,,,,8.0,4.0,4.0,1.0,1.0,0.5,0.5,0.9428090415820635,0.2777777777777777,1.6922282244532982,0.7777777777777777,0.5,0.16414912230146633,
sci-4ff615cd292d,rar_science,agentic-tools,,,,,,,,,,,,,,,,,rollout,,,,,,,,,,,,,,,,,,,,,,,,,,,,,,,,,,,,,,,,,,,,,,,,,,,,8.0,6.0,2.0,0.5,0.75,0.0,0.75,,0.0,,0.2941176470588236,0.2941176470588236,0.0,
sci-59e13b52684e,rar_science,agentic-tools,,,,,,,,,,,,,,,,,rollout,,,,,,,,,,,,,,,,,,,,,,,,,,,,,,,,,,,,,,,,,,,,,,,,,,,,8.0,5.0,3.0,0.5666666666666667,0.6666666666666666,0.04166666666666663,0.625,0.14907119849998599,0.027272727272727337,0.2880329199292389,0.5727272727272728,0.5454545454545454,0.09468614656764732,0.7058698520236734
sci-51a643fb0239,rar_science,agentic-tools,,,,,,,,,,,,,,,,,rollout,,,,,,,,,,,,,,,,,,,,,,,,,,,,,,,,,,,,,,,,,,,,,,,,,,,,8.0,1.0,7.0,0.0,0.0,-0.125,0.125,-0.7559289460184544,-0.18730158730158725,-1.8338153885717052,0.15555555555555556,0.3428571428571428,0.10213764617139019,-0.16536230941261088
sci-4705912940bd,rar_science,agentic-tools,,,,,,,,,,,,,,,,,rollout,,,,,,,,,,,,,,,,,,,,,,,,,,,,,,,,,,,,,,,,,,,,,,,,,,,,2.0,1.0,1.0,1.0,1.0,0.5,0.5,,0.08860759493670889,1.4142135623730951,0.8734177215189873,0.7848101265822784,0.06265503124437764,
sci-200bfdc23b84,rar_science,agentic-tools,,,,,,,,,,,,,,,,,rollout,,,,,,,,,,,,,,,,,,,,,,,,,,,,,,,,,,,,,,,,,,,,,,,,,,,,7.0,6.0,1.0,1.0,1.0,0.1428571428571429,0.8571428571428571,0.6354889093022426,0.15277777777777768,1.4348102855623643,0.7123015873015871,0.5595238095238094,0.10647942749998997,
sci-530fc857ec78,rar_science,agentic-tools,,,,,,,,,,,,,,,,,rollout,,,,,,,,,,,,,,,,,,,,,,,,,,,,,,,,,,,,,,,,,,,,,,,,,,,,12.0,11.0,1.0,0.5909090909090909,1.0,0.08333333333333337,0.9166666666666666,0.0936072754401818,0.05986696230598676,0.27755885096424754,0.401330376940133,0.34146341463414626,0.21569105830351723,
sci-6601b6700272,rar_science,agentic-tools,,,,,,,,,,,,,,,,,rollout,,,,,,,,,,,,,,,,,,,,,,,,,,,,,,,,,,,,,,,,,,,,,,,,,,,,8.0,3.0,5.0,0.43333333333333335,0.0,-0.375,0.375,-0.1301200097264711,-0.05263157894736839,-0.3906258514977094,0.05263157894736842,0.10526315789473681,0.1347365484019355,0.19521043480464273
sci-70db910e68ee,rar_science,agentic-tools,,,,,,,,,,,,,,,,,rollout,,,,,,,,,,,,,,,,,,,,,,,,,,,,,,,,,,,,,,,,,,,,,,,,,,,,8.0,7.0,1.0,0.5,0.875,0.0,0.875,,0.0,,1.0,1.0,0.0,
sci-71c07f577946,rar_science,agentic-tools,,,,,,,,,,,,,,,,,rollout,,,,,,,,,,,,,,,,,,,,,,,,,,,,,,,,,,,,,,,,,,,,,,,,,,,,8.0,6.0,2.0,0.4166666666666667,0.7142857142857143,-0.0357142857142857,0.75,-0.2182178902359924,-0.03546099290780136,-0.4714045207910312,0.75177304964539,0.7872340425531914,0.0752241256581433,
sci-2f3b45de3872,rar_science,agentic-tools,,,,,,,,,,,,,,,,,rollout,,,,,,,,,,,,,,,,,,,,,,,,,,,,,,,,,,,,,,,,,,,,,,,,,,,,12.0,1.0,11.0,0.5454545454545454,0.0,-0.08333333333333333,0.08333333333333333,0.044781107551989906,0.06083390293916602,0.4228704548460047,0.924812030075188,0.863978127136022,0.14385943080681693,0.6818435620504808
sci-7232a342c126,rar_science,agentic-tools,,,,,,,,,,,,,,,,,rollout,,,,,,,,,,,,,,,,,,,,,,,,,,,,,,,,,,,,,,,,,,,,,,,,,,,,8.0,2.0,6.0,0.4166666666666667,0.0,-0.25,0.25,-0.2182178902359924,-0.0875,-0.4714045207910317,0.225,0.3125,0.18561553006146872,0.21640816482049902
sci-801539f7bca0,rar_science,agentic-tools,,,,,,,,,,,,,,,,,rollout,,,,,,,,,,,,,,,,,,,,,,,,,,,,,,,,,,,,,,,,,,,,,,,,,,,,7.0,2.0,5.0,0.4,0.0,-0.2857142857142857,0.2857142857142857,-0.25819888974716115,-0.040000000000000036,-0.5291502622129186,0.2222222222222222,0.26222222222222225,0.07559289460184544,-0.6090120907087098
sci-674358162aab,rar_science,agentic-tools,,,,,,,,,,,,,,,,,rollout,,,,,,,,,,,,,,,,,,,,,,,,,,,,,,,,,,,,,,,,,,,,,,,,,,,,7.0,2.0,5.0,0.0,0.0,-0.2857142857142857,0.2857142857142857,-0.7977240352174656,-0.17592592592592604,-1.6416417263725702,0.6296296296296295,0.8055555555555556,0.10716462861519621,0.9512521395974438
sci-774dda56a4b0,rar_science,agentic-tools,,,,,,,,,,,,,,,,,rollout,,,,,,,,,,,,,,,,,,,,,,,,,,,,,,,,,,,,,,,,,,,,,,,,,,,,8.0,6.0,2.0,1.0,1.0,0.25,0.75,0.7559289460184545,0.4093567251461989,1.914756526345176,0.7207602339181287,0.3114035087719298,0.2137904843325253,
sci-870a3c2acf5f,rar_science,agentic-tools,,,,,,,,,,,,,,,,,rollout,,,,,,,,,,,,,,,,,,,,,,,,,,,,,,,,,,,,,,,,,,,,,,,,,,,,8.0,7.0,1.0,1.0,1.0,0.125,0.875,0.6151246852292455,0.40729483282674755,1.824607504803115,0.7689969604863219,0.3617021276595744,0.22322325856633857,
sci-8c97efc18a60,rar_science,agentic-tools,,,,,,,,,,,,,,,,,rollout,,,,,,,,,,,,,,,,,,,,,,,,,,,,,,,,,,,,,,,,,,,,,,,,,,,,12.0,11.0,1.0,0.4090909090909091,1.0,0.08333333333333337,0.9166666666666666,-0.08859044441175695,-0.07342657342657344,-0.5576586182536287,0.465034965034965,0.5384615384615384,0.1316693959765512,
sci-4430faf0f105,rar_science,agentic-tools,,,,,,,,,,,,,,,,,rollout,,,,,,,,,,,,,,,,,,,,,,,,,,,,,,,,,,,,,,,,,,,,,,,,,,,,12.0,11.0,1.0,0.8181818181818182,1.0,0.08333333333333337,0.9166666666666666,0.34238119163116293,0.09790209790209792,0.4252278899703199,0.8479020979020979,0.75,0.23023442302651242,
sci-96d4e5af66b6,rar_science,agentic-tools,,,,,,,,,,,,,,,,,rollout,,,,,,,,,,,,,,,,,,,,,,,,,,,,,,,,,,,,,,,,,,,,,,,,,,,,8.0,4.0,4.0,0.5625,1.0,0.5,0.5,0.11470786693528087,0.06896551724137934,0.30782243766543027,0.25,0.18103448275862066,0.22404317815304095,0.559501179243794
sci-88a263c8039c,rar_science,agentic-tools,,,,,,,,,,,,,,,,,rollout,,,,,,,,,,,,,,,,,,,,,,,,,,,,,,,,,,,,,,,,,,,,,,,,,,,,8.0,6.0,2.0,0.8333333333333334,1.0,0.25,0.75,0.5196558419693048,0.14814814814814814,1.2535023884839251,0.5481481481481482,0.4,0.11818736805705575,
sci-5c5822f383a5,rar_science,agentic-tools,,,,,,,,,,,,,,,,,rollout,,,,,,,,,,,,,,,,,,,,,,,,,,,,,,,,,,,,,,,,,,,,,,,,,,,,12.0,11.0,1.0,1.0,1.0,0.08333333333333337,0.9166666666666666,0.49259218307188896,0.3976124885215795,1.55987596796441,0.7309458218549127,0.33333333333333326,0.25490006685624594,
sci-9dd57081a4e1,rar_science,agentic-tools,,,,,,,,,,,,,,,,,rollout,,,,,,,,,,,,,,,,,,,,,,,,,,,,,,,,,,,,,,,,,,,,,,,,,,,,8.0,2.0,6.0,0.4166666666666667,0.2,-0.04999999999999999,0.25,-0.14907119849998599,-0.010802469135802448,-0.3220305943597648,0.12499999999999999,0.13580246913580243,0.033544853579142206,0.8960600479264
sci-a8cd6180f491,rar_science,agentic-tools,,,,,,,,,,,,,,,,,rollout,,,,,,,,,,,,,,,,,,,,,,,,,,,,,,,,,,,,,,,,,,,,,,,,,,,,8.0,7.0,1.0,0.8571428571428571,1.0,0.125,0.875,0.4335549847620599,0.11622276029055689,1.0141851056742193,0.6755447941888618,0.5593220338983049,0.11459718708183281,
sci-b89c9561e59a,rar_science,agentic-tools,,,,,,,,,,,,,,,,,rollout,,,,,,,,,,,,,,,,,,,,,,,,,,,,,,,,,,,,,,,,,,,,,,,,,,,,8.0,3.0,5.0,0.23333333333333334,0.0,-0.375,0.375,-0.49377071987869403,-0.12765957446808512,-0.9428090415820634,0.2553191489361702,0.3829787234042553,0.13540342618465806,-0.20175591299047324
sci-acc5a4fc4c49,rar_science,agentic-tools,,,,,,,,,,,,,,,,,rollout,,,,,,,,,,,,,,,,,,,,,,,,,,,,,,,,,,,,,,,,,,,,,,,,,,,,8.0,4.0,4.0,1.0,1.0,0.5,0.5,0.9000703207408192,0.24499999999999994,1.585247101623511,0.2824999999999999,0.03749999999999999,0.1545500381291259,-0.015037048903315333
sci-c482b1d1dd52,rar_science,agentic-tools,,,,,,,,,,,,,,,,,rollout,,,,,,,,,,,,,,,,,,,,,,,,,,,,,,,,,,,,,,,,,,,,,,,,,,,,8.0,2.0,6.0,0.9166666666666666,1.0,0.75,0.25,0.6900655593423543,0.2909090909090909,1.6092219783866188,0.509090909090909,0.21818181818181814,0.18077623523434092,-0.10350965653554087
sci-e86ea8cb138a,rar_science,agentic-tools,,,,,,,,,,,,,,,,,rollout,,,,,,,,,,,,,,,,,,,,,,,,,,,,,,,,,,,,,,,,,,,,,,,,,,,,8.0,1.0,7.0,0.7142857142857143,0.0,-0.125,0.125,0.25514595333753737,0.04860088365242998,0.8036538989484091,0.5876288659793814,0.5390279823269514,0.06047489313002131,0.6551805664072434
sci-d1dec685a824,rar_science,agentic-tools,,,,,,,,,,,,,,,,,rollout,,,,,,,,,,,,,,,,,,,,,,,,,,,,,,,,,,,,,,,,,,,,,,,,,,,,8.0,7.0,1.0,0.9285714285714286,1.0,0.125,0.875,0.6546536707079772,0.13186813186813184,1.8516401995451026,0.5626373626373625,0.4307692307692307,0.07121693075173473,
sci-d0020349f91f,rar_science,agentic-tools,,,,,,,,,,,,,,,,,rollout,,,,,,,,,,,,,,,,,,,,,,,,,,,,,,,,,,,,,,,,,,,,,,,,,,,,12.0,11.0,1.0,0.45454545454545453,0.9090909090909091,-0.007575757575757569,0.9166666666666666,-0.09090909090909091,-0.017199017199017064,-0.31491832864888436,0.9017199017199019,0.918918918918919,0.054614214653072694,
med-9eeced93c38b,rar_medicine,agentic-tools,,,,,,,,,,,,,,,,,rollout,,,,,,,,,,,,,,,,,,,,,,,,,,,,,,,,,,,,,,,,,,,,,,,,,,,,8.0,3.0,5.0,0.9333333333333333,1.0,0.625,0.375,0.7413457330658613,0.6156028368794326,1.4945379805408077,0.900709219858156,0.28510638297872337,0.411901768235206,0.7224335670226113
med-27bf6ad66800,rar_medicine,agentic-tools,,,,,,,,,,,,,,,,,rollout,,,,,,,,,,,,,,,,,,,,,,,,,,,,,,,,,,,,,,,,,,,,,,,,,,,,12.0,11.0,1.0,0.9090909090909091,1.0,0.08333333333333337,0.9166666666666666,0.44214790592742803,0.5390524967989756,1.708982207666817,0.764404609475032,0.22535211267605632,0.31542311814639395,
sci-c23a2106d46f,rar_science,agentic-tools,,,,,,,,,,,,,,,,,rollout,,,,,,,,,,,,,,,,,,,,,,,,,,,,,,,,,,,,,,,,,,,,,,,,,,,,7.0,4.0,3.0,0.8333333333333334,1.0,0.4285714285714286,0.5714285714285714,0.5991446895152781,0.2053140096618357,1.0464135800175458,0.3840579710144927,0.178743961352657,0.19620732527037069,0.9492356558199676
sci-256b4b58e6fc,rar_science,agentic-tools,,,,,,,,,,,,,,,,,rollout,,,,,,,,,,,,,,,,,,,,,,,,,,,,,,,,,,,,,,,,,,,,,,,,,,,,8.0,6.0,2.0,1.0,1.0,0.25,0.75,0.769800358919501,0.2555555555555555,1.1216176529165924,0.4555555555555555,0.2,0.22784551838233197,
sci-da510f1356cb,rar_science,agentic-tools,,,,,,,,,,,,,,,,,rollout,,,,,,,,,,,,,,,,,,,,,,,,,,,,,,,,,,,,,,,,,,,,,,,,,,,,8.0,2.0,6.0,0.625,0.5,0.25,0.25,0.21821789023599236,0.13257575757575757,0.6144607620080105,0.44318181818181823,0.31060606060606066,0.2157595175687219,0.6190992570995812
med-53e3b6247ade,rar_medicine,agentic-tools,,,,,,,,,,,,,,,,,rollout,,,,,,,,,,,,,,,,,,,,,,,,,,,,,,,,,,,,,,,,,,,,,,,,,,,,12.0,11.0,1.0,0.6363636363636364,1.0,0.08333333333333337,0.9166666666666666,0.13312531634634245,0.11079545454545436,0.526681160099118,0.7462121212121211,0.6354166666666667,0.21036532714518089,
sci-e12680ade60e,rar_science,agentic-tools,,,,,,,,,,,,,,,,,rollout,,,,,,,,,,,,,,,,,,,,,,,,,,,,,,,,,,,,,,,,,,,,,,,,,,,,8.0,7.0,1.0,1.0,1.0,0.125,0.875,0.5953405577875872,0.2574568288854002,1.9641070695377443,0.3673469387755101,0.10989010989010987,0.1310808524028138,
med-5c4c1ea586d0,rar_medicine,agentic-tools,,,,,,,,,,,,,,,,,rollout,,,,,,,,,,,,,,,,,,,,,,,,,,,,,,,,,,,,,,,,,,,,,,,,,,,,12.0,2.0,10.0,0.8,0.0,-0.16666666666666666,0.16666666666666666,0.39209266099261597,0.1756097560975609,0.7767039181446515,0.4573170731707316,0.2817073170731707,0.22609613778831972,0.5042823467378149
sci-debd831207ba,rar_science,agentic-tools,,,,,,,,,,,,,,,,,rollout,,,,,,,,,,,,,,,,,,,,,,,,,,,,,,,,,,,,,,,,,,,,,,,,,,,,8.0,7.0,1.0,1.0,1.0,0.125,0.875,0.599144689515278,0.326530612244898,1.9694638556693242,0.6938775510204083,0.3673469387755103,0.16579670213542774,
sci-180557220f0a,rar_science,agentic-tools,,,,,,,,,,,,,,,,,rollout,,,,,,,,,,,,,,,,,,,,,,,,,,,,,,,,,,,,,,,,,,,,,,,,,,,,8.0,4.0,4.0,0.875,1.0,0.5,0.5,0.6546536707079772,0.2947154471544715,1.2619674057085415,0.7621951219512195,0.467479674796748,0.23353649691847725,0.7418337724884589
sci-46a70d998b40,rar_science,agentic-tools,,,,,,,,,,,,,,,,,rollout,,,,,,,,,,,,,,,,,,,,,,,,,,,,,,,,,,,,,,,,,,,,,,,,,,,,12.0,11.0,1.0,0.6363636363636364,1.0,0.08333333333333337,0.9166666666666666,0.14937887931959076,0.0923753665689151,0.3817217995922827,0.8181818181818182,0.7258064516129031,0.24199657097808216,
sci-ea25bcc0bf72,rar_science,agentic-tools,,,,,,,,,,,,,,,,,rollout,,,,,,,,,,,,,,,,,,,,,,,,,,,,,,,,,,,,,,,,,,,,,,,,,,,,8.0,6.0,2.0,1.0,1.0,0.25,0.75,1.0000000000000002,0.27419354838709686,2.160246899469287,1.0,0.7258064516129031,0.12692694916236597,
sci-ce709b73231a,rar_science,agentic-tools,,,,,,,,,,,,,,,,,rollout,,,,,,,,,,,,,,,,,,,,,,,,,,,,,,,,,,,,,,,,,,,,,,,,,,,,8.0,7.0,1.0,1.0,1.0,0.125,0.875,0.6193235372853324,0.3762376237623763,2.481487964103689,0.8613861386138613,0.48514851485148497,0.15161775080310452,
sci-4374acc76fa7,rar_science,agentic-tools,,,,,,,,,,,,,,,,,rollout,,,,,,,,,,,,,,,,,,,,,,,,,,,,,,,,,,,,,,,,,,,,,,,,,,,,8.0,3.0,5.0,0.7333333333333333,0.5,0.125,0.375,0.3991861639585407,0.10886850152905214,0.8428713021760998,0.8042813455657493,0.6954128440366971,0.12916384891498703,0.5358087306346003
sci-da7d555f397b,rar_science,agentic-tools,,,,,,,,,,,,,,,,,rollout,,,,,,,,,,,,,,,,,,,,,,,,,,,,,,,,,,,,,,,,,,,,,,,,,,,,7.0,2.0,5.0,0.8,0.0,-0.2857142857142857,0.2857142857142857,0.4786344211304793,0.07226890756302518,0.5827201266091637,0.36974789915966383,0.29747899159663865,0.12401992699918646,0.5067150258744095
sci-87fc64569182,rar_science,agentic-tools,,,,,,,,,,,,,,,,,rollout,,,,,,,,,,,,,,,,,,,,,,,,,,,,,,,,,,,,,,,,,,,,,,,,,,,,8.0,6.0,2.0,1.0,1.0,0.25,0.75,0.989743318610787,0.23469387755102056,2.136154173246687,1.0,0.7653061224489794,0.10986748077003974,
med-960f0934dd5d,rar_medicine,agentic-tools,,,,,,,,,,,,,,,,,rollout,,,,,,,,,,,,,,,,,,,,,,,,,,,,,,,,,,,,,,,,,,,,,,,,,,,,8.0,7.0,1.0,1.0,1.0,0.125,0.875,0.5916079783099615,0.7408637873754151,2.612501534487701,0.8106312292358803,0.06976744186046512,0.28358405826570926,
sci-b9f57b678ecc,rar_science,agentic-tools,,,,,,,,,,,,,,,,,rollout,,,,,,,,,,,,,,,,,,,,,,,,,,,,,,,,,,,,,,,,,,,,,,,,,,,,8.0,7.0,1.0,1.0,1.0,0.125,0.875,0.5808178695515156,0.22207792207792199,2.2170197567006635,0.8220779220779219,0.5999999999999999,0.10016957287219447,
sci-f6b96b82605e,rar_science,agentic-tools,,,,,,,,,,,,,,,,,rollout,,,,,,,,,,,,,,,,,,,,,,,,,,,,,,,,,,,,,,,,,,,,,,,,,,,,8.0,6.0,2.0,0.7916666666666666,1.0,0.25,0.75,0.44905020936970896,0.05952380952380942,0.6267511942419616,0.7113095238095237,0.6517857142857143,0.09497199218870551,
sci-eca9a0437743,rar_science,agentic-tools,,,,,,,,,,,,,,,,,rollout,,,,,,,,,,,,,,,,,,,,,,,,,,,,,,,,,,,,,,,,,,,,,,,,,,,,8.0,6.0,2.0,1.0,1.0,0.25,0.75,0.769800358919501,0.27645502645502645,1.7489036753982168,0.5542328042328042,0.27777777777777773,0.15807332921984912,
sci-f6b7d71c6b3c,rar_science,agentic-tools,,,,,,,,,,,,,,,,,rollout,,,,,,,,,,,,,,,,,,,,,,,,,,,,,,,,,,,,,,,,,,,,,,,,,,,,7.0,5.0,2.0,0.5,0.0,-0.7142857142857143,0.7142857142857143,0.0,-0.003968253968254065,-0.08819171036882185,0.9285714285714285,0.9325396825396826,0.04499577059633657,
med-f5bc99c4e922,rar_medicine,agentic-tools,,,,,,,,,,,,,,,,,rollout,,,,,,,,,,,,,,,,,,,,,,,,,,,,,,,,,,,,,,,,,,,,,,,,,,,,8.0,2.0,6.0,0.8333333333333334,0.0,-0.25,0.25,0.5069794004195823,0.2904040404040404,1.1933058428223227,0.5454545454545454,0.255050505050505,0.24336094736383532,0.9324152009388346
sci-4260e6a475a5,rar_science,agentic-tools,,,,,,,,,,,,,,,,,rollout,,,,,,,,,,,,,,,,,,,,,,,,,,,,,,,,,,,,,,,,,,,,,,,,,,,,12.0,10.0,2.0,0.75,1.0,0.16666666666666663,0.8333333333333334,0.3327177587852354,0.23490566037735855,1.360570792169541,0.7160377358490566,0.48113207547169806,0.17265228809063463,
sci-e74b83fd436a,rar_science,agentic-tools,,,,,,,,,,,,,,,,,rollout,,,,,,,,,,,,,,,,,,,,,,,,,,,,,,,,,,,,,,,,,,,,,,,,,,,,7.0,3.0,4.0,0.625,0.0,-0.42857142857142855,0.42857142857142855,0.22047927592204922,-0.0012531328320801727,-0.025834655855519358,0.2656641604010025,0.26691729323308266,0.04850588446342517,-0.07421678370481231
sci-423a28946a42,rar_science,agentic-tools,,,,,,,,,,,,,,,,,rollout,,,,,,,,,,,,,,,,,,,,,,,,,,,,,,,,,,,,,,,,,,,,,,,,,,,,12.0,11.0,1.0,0.5909090909090909,1.0,0.08333333333333337,0.9166666666666666,0.09073740219889735,0.057851239669421406,0.23462954883157328,0.6942148760330579,0.6363636363636365,0.24656416873967313,
sci-8af1844cfb27,rar_science,agentic-tools,,,,,,,,,,,,,,,,,rollout,,,,,,,,,,,,,,,,,,,,,,,,,,,,,,,,,,,,,,,,,,,,,,,,,,,,8.0,7.0,1.0,0.7142857142857143,1.0,0.125,0.875,0.24892194409350668,0.0028011204481793728,0.010708132695992238,0.6988795518207284,0.696078431372549,0.2615881337768401,
sci-f83b10fdfa1f,rar_science,agentic-tools,,,,,,,,,,,,,,,,,rollout,,,,,,,,,,,,,,,,,,,,,,,,,,,,,,,,,,,,,,,,,,,,,,,,,,,,8.0,2.0,6.0,0.75,0.3333333333333333,0.08333333333333331,0.25,0.39735970711951313,0.09819121447028445,1.1271591202010447,0.8023255813953489,0.7041343669250645,0.08711388898913461,-0.326059929273794
sci-615e52d990f9,rar_science,agentic-tools,,,,,,,,,,,,,,,,,rollout,,,,,,,,,,,,,,,,,,,,,,,,,,,,,,,,,,,,,,,,,,,,,,,,,,,,12.0,11.0,1.0,1.0,1.0,0.08333333333333337,0.9166666666666666,0.4855041562276123,0.40955004591368227,2.299569970051001,0.7933884297520659,0.38383838383838365,0.17809853635573397,
sci-cd724737b87b,rar_science,agentic-tools,,,,,,,,,,,,,,,,,rollout,,,,,,,,,,,,,,,,,,,,,,,,,,,,,,,,,,,,,,,,,,,,,,,,,,,,8.0,6.0,2.0,0.9166666666666666,1.0,0.25,0.75,0.629940788348712,0.2467948717948718,1.321274894181559,0.7996794871794871,0.5528846153846153,0.1867854092147453,
med-fff27f593ee9,rar_medicine,agentic-tools,,,,,,,,,,,,,,,,,rollout,,,,,,,,,,,,,,,,,,,,,,,,,,,,,,,,,,,,,,,,,,,,,,,,,,,,12.0,11.0,1.0,0.7272727272727273,1.0,0.08333333333333337,0.9166666666666666,0.22029068176172356,0.08758314855875837,0.6644973717116687,0.5144124168514413,0.426829268292683,0.13180360417853013,
sci-78456e89e0b3,rar_science,agentic-tools,,,,,,,,,,,,,,,,,rollout,,,,,,,,,,,,,,,,,,,,,,,,,,,,,,,,,,,,,,,,,,,,,,,,,,,,8.0,4.0,4.0,0.46875,0.5,0.0,0.5,-0.07142857142857142,-0.04166666666666663,-0.26555952586407205,0.5812500000000002,0.6229166666666668,0.15690141986468947,-0.8919214331470846
sci-be1b014411ab,rar_science,agentic-tools,,,,,,,,,,,,,,,,,rollout,,,,,,,,,,,,,,,,,,,,,,,,,,,,,,,,,,,,,,,,,,,,,,,,,,,,8.0,6.0,2.0,0.7916666666666666,1.0,0.25,0.75,0.44630369914433676,0.21428571428571422,0.6907691858833956,0.4387755102040816,0.2244897959183674,0.3102131922860358,
